bib,fullname,sex,category,utmb_index,band,outcome,dnf,cause,last_point_id,cum_km,reached_cour,t_voza,t_cont,op_voza,op_cont
3,Courtney DAUWALTER,F,40-44W,859,Index 800+,DNF,TRUE,Abandoned,22,67.8,FALSE,1.3947222222222222,3.1997222222222224,-0.0033239638738307153,-0.15380388932977831
5,Riley BRADY,F,20-34W,826,Index 800+,Finisher,FALSE,Other,200,173.6,TRUE,1.4891666666666667,3.2830555555555554,-0.04320232604652291,-0.10987667572651658
6,Ben DHIMAN,H,35-39M,946,Index 800+,Finisher,FALSE,Other,200,173.6,TRUE,1.2691666666666668,2.756388888888889,-0.009320404050423439,-0.020585632550700478
7,Fuzhao XIANG,F,35-39W,823,Index 800+,DNF,TRUE,Abandoned,10,32.4,FALSE,1.6005555555555555,3.4725,-0.14942774680997278,-0.28733325387460185
8,Caleb OLSON,H,20-34M,945,Index 800+,Finisher,FALSE,Other,200,173.6,TRUE,1.281111111111111,2.7719444444444443,-0.019795844754059027,-0.032665561582207306
10,Hannes NAMBERGER,H,35-39M,941,Index 800+,Finisher,FALSE,Other,200,173.6,TRUE,1.2938888888888889,2.8130555555555556,-0.02669692435243924,-0.059872756746607296
12,Vincent BOUILLARD,H,20-34M,941,Index 800+,DNF,TRUE,Abandoned,22,67.8,FALSE,1.2691666666666668,2.756666666666667,-0.001974702130217153,-0.0034838678577184686
13,Abby HALL,F,35-39W,808,Index 800+,Finisher,FALSE,Other,200,173.6,TRUE,1.4308333333333334,3.176111111111111,0.04669750306987241,0.07020356103135672
14,Jonathan ALBON,H,35-39M,938,Index 800+,DNF,TRUE,Abandoned,48,114,TRUE,1.3455555555555556,2.9491666666666667,-0.07395439350503147,-0.1855524767633858
15,Blandine L HIRONDEL,F,35-39W,807,Index 800+,Finisher,FALSE,Other,200,173.6,TRUE,1.398611111111111,3.1041666666666665,0.08071636532972228,0.14629972591568435
16,Chris MYERS,H,20-34M,937,Index 800+,DNF,TRUE,Abandoned,48,114,TRUE,1.2763888888888888,2.7713888888888887,-0.0033174933085089787,-0.004296534730297193
17,Lucy BARTHOLOMEW,F,20-34W,799,Index 700–800,Finisher,FALSE,Other,200,173.6,TRUE,1.4230555555555555,3.0955555555555554,0.07081885137065383,0.1884832665706753
19,Eszter CSILLAG,F,40-44W,798,Index 700–800,DNF,TRUE,Abandoned,28,81.3,TRUE,1.4644444444444444,3.2119444444444443,0.031270567477581834,0.07633682201591847
23,Andreas REITERER,H,20-34M,930,Index 800+,DNF,TRUE,Abandoned,36,86.6,TRUE,1.293611111111111,2.8069444444444445,-0.010237559293282898,-0.015483228797491855
24,Antonina IUSHINA,F,20-34W,791,Index 700–800,Finisher,FALSE,Other,200,173.6,TRUE,1.5466666666666666,3.334722222222222,-0.03792394438589116,-0.016447776770378005
25,Baptiste CHASSAGNE,H,20-34M,926,Index 800+,Finisher,FALSE,Other,200,173.6,TRUE,1.2691666666666668,2.7558333333333334,0.020105104638762805,0.04957620855824095
26,Shea AQUILANO,F,20-34W,789,Index 700–800,Finisher,FALSE,Other,200,173.6,TRUE,1.5430555555555556,3.388888888888889,-0.030543488401927284,-0.061947684025066355
27,Josh WADE,H,20-34M,920,Index 800+,DNF,TRUE,Abandoned,22,67.8,FALSE,1.3194444444444444,2.9902777777777776,-0.02130416420747525,-0.1639020411467495
30,Rachel DRAKE,F,35-39W,786,Index 700–800,Finisher,FALSE,Other,200,173.6,TRUE,1.468888888888889,3.2841666666666667,0.04931750532589443,0.05585785850798591
31,Drew HOLMEN,H,20-34M,920,Index 800+,Finisher,FALSE,Other,200,173.6,TRUE,1.2816666666666667,2.7719444444444443,0.01647361357030244,0.05443129218658374
32,Lin CHEN,F,35-39W,782,Index 700–800,Finisher,FALSE,Other,200,173.6,TRUE,1.51,3.3466666666666667,0.015875509920370887,0.010960517835626703
33,Rod FARVARD,H,20-34M,915,Index 800+,DNF,TRUE,Abandoned,22,67.8,FALSE,1.2694444444444444,2.7569444444444446,0.03611037173818559,0.08695287711801593
34,Rachel ENTREKIN,F,35-39W,781,Index 700–800,Finisher,FALSE,Other,200,173.6,TRUE,1.4091666666666667,3.1283333333333334,0.11864004270882102,0.2337232417094219
35,Raul Octaviu BUTACI,H,40-44M,913,Index 800+,Finisher,FALSE,Other,200,173.6,TRUE,1.3258333333333334,2.89,-0.01730552900303772,-0.03907924103233866
36,Martina VALMASSOI,F,35-39W,781,Index 700–800,DNF,TRUE,Abandoned,40,99.4,TRUE,1.4652777777777777,3.201388888888889,0.06252893159771002,0.16066768615386648
37,Tobias GEISER,H,35-39M,913,Index 800+,DNF,TRUE,Abandoned,58,144,TRUE,1.2933333333333332,2.8108333333333335,0.01519447099696248,0.040087425634327954
39,Paul CORNUT CHAUVINC,H,20-34M,912,Index 800+,DNF,TRUE,Abandoned,28,81.3,TRUE,1.2694444444444444,2.7825,0.040571527839211426,0.07193593180454186
40,Eleanor DAVIS,F,35-39W,774,Index 700–800,DNF,TRUE,Abandoned,48,114,TRUE,1.5283333333333333,3.3233333333333333,0.013151508159979014,0.07005859859250635
41,Joaquin LOPEZ,H,20-34M,912,Index 800+,Finisher,FALSE,Other,200,173.6,TRUE,1.2769444444444444,2.792777777777778,0.033071527839211363,0.06165815402676424
43,Antoine CHARVOLIN,H,20-34M,910,Index 800+,Finisher,FALSE,Other,200,173.6,TRUE,1.268888888888889,2.7680555555555557,0.04410693786457387,0.09341798265398914
44,Jazmine LOWTHER,F,20-34W,772,Index 700–800,Finisher,FALSE,Other,200,173.6,TRUE,1.423888888888889,3.175,0.12155635886900466,0.2274529560934766
45,Canyon WOODWARD,H,20-34M,907,Index 800+,DNF,TRUE,Abandoned,10,32.4,FALSE,1.4088888888888889,3.180277777777778,-0.09141397161089615,-0.3082286207445816
46,Ekaterina MITYAEVA,F,35-39W,769,Index 700–800,DNF,TRUE,Abandoned,48,114,TRUE,1.4597222222222221,3.2558333333333334,0.09170830018726958,0.1603033280028418
47,Zach MILLER,H,35-39M,908,Index 800+,DNF,TRUE,Abandoned,62,155.3,TRUE,1.2683333333333333,2.756388888888889,0.04764726704609806,0.112132406650888
48,Careth ARNOLD,F,35-39W,766,Index 700–800,Finisher,FALSE,Other,200,173.6,TRUE,1.4402777777777778,3.1638888888888888,0.11719243744834443,0.26604377230034826
49,Ionel Cristian MANOLE MANOLE,H,35-39M,904,Index 800+,DNF,TRUE,Abandoned,52,127.5,TRUE,1.3597222222222223,2.95,-0.03775622397655719,-0.06735048126290336
50,Katarzyna DOMBROWSKA,F,35-39W,764,Index 700–800,Finisher,FALSE,Other,200,173.6,TRUE,1.5630555555555556,3.328611111111111,-0.0015281906603508797,0.11058220910863181
51,Yannick NOËL,H,40-44M,905,Index 800+,Finisher,FALSE,Other,200,173.6,TRUE,1.2855555555555556,2.8333333333333335,0.03491202649474738,0.04577986480598635
52,Anna LOUDEN,F,20-34W,763,Index 700–800,Finisher,FALSE,Other,200,173.6,TRUE,1.4747222222222223,3.2455555555555557,0.08884302632734228,0.19828730339558734
53,Jean-Philippe TSCHUMI,H,40-44M,905,Index 800+,Finisher,FALSE,Other,200,173.6,TRUE,1.2955555555555556,2.823611111111111,0.024912026494747375,0.05550208702820876
54,Katie ASMUTH,F,40-44W,761,Index 700–800,Finisher,FALSE,Other,200,173.6,TRUE,1.4736111111111112,3.293888888888889,0.09404869319084398,0.1592918184200339
55,Arnaud BONIN,H,40-44M,903,Index 800+,DNF,TRUE,Abandoned,56,139,TRUE,1.2955555555555556,2.855277777777778,0.027910293639351942,0.03091102224362187
56,Mari Klakegg FENRE,F,35-39W,760,Index 700–800,DNF,TRUE,Abandoned,44,104,TRUE,1.4527777777777777,3.254166666666667,0.11693876694382156,0.20370249125370793
57,Jiasheng SHEN,H,20-34M,903,Index 800+,DNF,TRUE,Abandoned,40,99.4,TRUE,1.2944444444444445,2.8194444444444446,0.029021404750463005,0.06674435557695506
58,Anna LI,F,20-34W,758,Index 700–800,Finisher,FALSE,Other,200,173.6,TRUE,1.5863888888888888,3.549166666666667,-0.012539767437070585,-0.08188120219558405
59,Théo DETIENNE,H,20-34M,903,Index 800+,Finisher,FALSE,Other,200,173.6,TRUE,1.2866666666666666,2.8313888888888887,0.03679918252824089,0.05479991113251095
60,Emilie MANN,F,20-34W,756,Index 700–800,Finisher,FALSE,Other,200,173.6,TRUE,1.565,3.444722222222222,0.013007387108655913,0.03203255918688438
62,Aroa SIO,F,45-49W,754,Index 700–800,DNF,TRUE,Abandoned,22,67.8,FALSE,1.5930555555555554,3.551388888888889,-0.010863940576989407,-0.06511121621415297
64,Claudia TREMPS,F,20-34W,752,Index 700–800,DNF,TRUE,Abandoned,44,104,TRUE,1.448888888888889,3.2441666666666666,0.13751318945911334,0.25168803554159574
65,Guomin DENG,H,35-39M,896,Index 800+,Finisher,FALSE,Other,200,173.6,TRUE,1.295,2.831111111111111,0.039007848456014495,0.07994147849617918
66,Anna CARLSSON,F,40-44W,751,Index 700–800,DNF,TRUE,Abandoned,30,NA,TRUE,1.4869444444444444,3.2333333333333334,0.10157278930261454,0.2673303617234939
67,Ramon MANETSCH,H,35-39M,893,Index 800+,DNF,TRUE,Abandoned,30,NA,FALSE,1.293611111111111,2.81,0.04493967441710709,0.11175995898133001
68,Leah YINGLING,F,35-39W,749,Index 700–800,Finisher,FALSE,Other,200,173.6,TRUE,1.5733333333333333,3.439722222222222,0.019434229444550102,0.07060076715802094
69,Bartosz GORCZYCA,H,35-39M,891,Index 800+,Finisher,FALSE,Other,200,173.6,TRUE,1.4025,3.06,-0.06091159407788836,-0.13108323173474426
70,Madison LIECHTY,F,20-34W,742,Index 700–800,Finisher,FALSE,Other,200,173.6,TRUE,1.6291666666666667,3.6458333333333335,-0.021309173952730548,-0.10126167152882154
71,Valentin MARCHON,H,20-34M,890,Index 800+,DNF,TRUE,Abandoned,10,32.4,FALSE,1.4119444444444444,3.1061111111111113,-0.06883442713923899,-0.1736101578159142
72,Anne Cécile THÉVENOT,F,40-44W,741,Index 700–800,Finisher,FALSE,Other,200,173.6,TRUE,1.5402777777777779,3.4472222222222224,0.06976302114452967,0.10229906504082055
73,Gautier BONNECARRERE,H,20-34M,888,Index 800+,Finisher,FALSE,Other,200,173.6,TRUE,1.2694444444444444,2.7691666666666666,0.07671456880327684,0.17051456992705136
74,Corinne SHALVOY,F,40-44W,739,Index 700–800,DNF,TRUE,Abandoned,30,NA,TRUE,1.5994444444444444,3.54,0.01498400995151785,0.01946396158247964
76,Geneviève ASSELIN-DEMERS,F,35-39W,733,Index 700–800,DNF,TRUE,Abandoned,48,114,TRUE,1.5916666666666666,3.507222222222222,0.036095558183630125,0.0824222250001871
77,Baptiste COATANTIEC,H,20-34M,887,Index 800+,Finisher,FALSE,Other,200,173.6,TRUE,1.325,2.8825,0.022686466128756543,0.06077747584737133
78,Emily SCHMITZ,F,45-49W,739,Index 700–800,Finisher,FALSE,Other,200,173.6,TRUE,1.4694444444444446,3.2447222222222223,0.14498400995151775,0.3147417393602575
79,Marek CAUSIDIS,H,35-39M,887,Index 800+,DNF,TRUE,Abandoned,40,99.4,TRUE,1.321388888888889,2.8930555555555557,0.026297577239867555,0.05022192029181545
80,Liping WANG,F,35-39W,730,Index 700–800,DNF,TRUE,Abandoned,22,67.8,FALSE,1.6383333333333334,3.651111111111111,-0.0038064550271684565,-0.04617467142977914
81,Marcos RAMOS GONZALEZ,H,35-39M,885,Index 800+,Finisher,FALSE,Other,200,173.6,TRUE,1.4313888888888888,3.1280555555555556,-0.08064143637447399,-0.17757305352941433
83,Abel CARRETERO,H,35-39M,883,Index 800+,DNF,TRUE,Abandoned,16,52.2,FALSE,1.3291666666666666,2.9030555555555555,0.024650107470235137,0.05464917282821934
84,Manuel ANGUITA,H,35-39M,884,Index 800+,DNF,TRUE,Abandoned,60,148,TRUE,1.3894444444444445,3.024722222222222,-0.03716339010379292,-0.0706307922858886
85,Andreas RIEDER,H,40-44M,881,Index 800+,Finisher,FALSE,Other,200,173.6,TRUE,1.4197222222222223,3.0366666666666666,-0.06282751793955194,-0.07172194780610341
101,Virgile MORISET,H,20-34M,879,Index 800+,Finisher,FALSE,Other,200,173.6,TRUE,1.3133333333333332,2.9141666666666666,0.046648182904841094,0.05803637073012807
102,Hanna AHO,F,20-34W,729,Index 700–800,Finisher,FALSE,Other,200,173.6,TRUE,1.7116666666666667,3.753888888888889,-0.07487019195447121,-0.14382475960227278
103,Corentin PLAY,H,20-34M,876,Index 800+,DNF,TRUE,Abandoned,28,81.3,TRUE,1.2969444444444445,2.8508333333333336,0.06768454093435627,0.13229278059865196
104,Mélanie DELASOIE,F,35-39W,729,Index 700–800,Finisher,FALSE,Other,200,173.6,TRUE,1.6594444444444445,3.6855555555555557,-0.022647969732249026,-0.07549142626893939
105,Arthur JOYEUX-BOUILLON,H,20-34M,876,Index 800+,Finisher,FALSE,Other,200,173.6,TRUE,1.303611111111111,2.9066666666666667,0.06101787426768966,0.07645944726531874
106,Anastasia DAVYDOVA,F,35-39W,728,Index 700–800,DNF,TRUE,Abandoned,10,32.4,FALSE,1.5233333333333334,3.4391666666666665,0.11574015067994074,0.17604044910561645
108,Jennifer LEMOINE,F,40-44W,728,Index 700–800,DNF,TRUE,Abandoned,44,104,TRUE,1.5308333333333333,3.4233333333333333,0.1082401506799409,0.1918737824389496
109,Ferdinand AIRAULT,H,20-34M,873,Index 800+,Finisher,FALSE,Other,200,173.6,TRUE,1.5133333333333334,3.2155555555555555,-0.14403535750570134,-0.22146195479049463
112,Stephanie AUSTON,F,35-39W,724,Index 700–800,Finisher,FALSE,Other,200,173.6,TRUE,1.6488888888888888,3.7047222222222222,-6.325555046833509e-4,-0.06878878185272425
113,Nicolas GOURDON,H,20-34M,870,Index 800+,DNF,TRUE,Abandoned,44,104,TRUE,1.301388888888889,2.8583333333333334,0.07260052103755928,0.14677406786116648
114,Enrica DEMATTEIS,F,40-44W,723,Index 700–800,DNF,TRUE,Abandoned,28,81.3,TRUE,1.5822222222222222,3.5230555555555556,0.06834869735040366,0.11809841308956562
115,Santos Gabriel RUEDA,H,35-39M,870,Index 800+,Finisher,FALSE,Other,200,173.6,TRUE,1.3555555555555556,2.998611111111111,0.018433854370892573,0.006496290083388961
117,Cody LIND,H,20-34M,869,Index 800+,Finisher,FALSE,Other,200,173.6,TRUE,1.398611111111111,3.053611111111111,-0.02305274292351864,-0.04482182223132541
119,Kamil LEŚNIAK,H,20-34M,868,Index 800+,Finisher,FALSE,Other,200,173.6,TRUE,1.4041666666666666,3.0283333333333333,-0.027036709835815898,-0.01585672884296473
121,Aubin FERRARI,H,20-34M,867,Index 800+,Finisher,FALSE,Other,200,173.6,TRUE,1.403888888888889,3.0225,-0.025184678871859555,-0.006330581481215586
122,Eevi BENGS,F,35-39W,719,Index 700–800,Finisher,FALSE,Other,200,173.6,TRUE,1.698888888888889,3.642777777777778,-0.03898310435563177,0.019416207251198567
123,Borja FERNANDEZ FERNANDEZ,H,40-44M,867,Index 800+,DNF,TRUE,Abandoned,48,114,TRUE,1.3325,2.9516666666666667,0.04620421001702933,0.06450275185211772
124,Victoria STANSFIELD,F,20-34W,715,Index 700–800,DNF,TRUE,Abandoned,56,139,TRUE,1.6880555555555556,3.8088888888888888,-0.018690834011827022,-0.1253988585841288
125,Gian Marchet SCHICKTANZ,H,20-34M,866,Index 800+,DNF,TRUE,Abandoned,58,144,TRUE,1.345,2.9094444444444445,0.03528116190693538,0.11042335701312561
126,Manon GRAS,F,20-34W,717,Index 700–800,Finisher,FALSE,Other,200,173.6,TRUE,1.5680555555555555,3.515,0.09656405183348073,0.15780972208523206
127,Andy SYMONDS,H,45-49M,865,Index 800+,Finisher,FALSE,Other,200,173.6,TRUE,1.3802777777777777,3.0230555555555556,0.0015830688835976354,5.162682437059154e-4
128,Amanda BASHAM,F,35-39W,715,Index 700–800,Finisher,FALSE,Other,200,173.6,TRUE,1.4894444444444443,3.3633333333333333,0.17992027709928424,0.32015669697142685
129,Ricardo CHERTA,H,20-34M,864,Index 800+,DNF,TRUE,Abandoned,22,67.8,FALSE,1.4266666666666667,3.167222222222222,-0.043223368225511226,-0.1399406661858267
130,Nicolette Kaylin GRIFFIOEN,F,20-34W,715,Index 700–800,Finisher,FALSE,Other,200,173.6,TRUE,1.5880555555555556,3.611111111111111,0.08130916598817306,0.07237891919364876
131,Pablo VILLA,H,35-39M,864,Index 800+,Finisher,FALSE,Other,200,173.6,TRUE,1.3897222222222223,2.9566666666666666,-0.006278923781066781,0.07061488936972889
132,Nicol GUIDOLIN,F,40-44W,712,Index 700–800,Finisher,FALSE,Other,200,173.6,TRUE,1.6533333333333333,3.7494444444444444,0.023208328442013777,-0.0498116472598712
133,Martin HALASZ,H,35-39M,863,Index 800+,DNF,TRUE,Abandoned,28,81.3,TRUE,1.4191666666666667,3.0613888888888887,-0.034138115259583185,-0.03039182022738096
135,Riccardo MONTANI,H,20-34M,861,Index 800+,DNF,TRUE,Abandoned,36,86.6,TRUE,1.4319444444444445,3.0972222222222223,-0.04373684690383659,-0.058776505176409116
136,Anne-Sofie POLLESTAD,F,40-44W,710,Index 700–800,Finisher,FALSE,Other,200,173.6,TRUE,1.6269444444444445,3.515277777777778,0.05442175536111237,0.19519922277327556
137,Theo LE BOUDEC,H,20-34M,860,Index 800+,Finisher,FALSE,Other,200,173.6,TRUE,1.3038888888888889,2.8319444444444444,0.0859125701409284,0.210234549345635
138,Julia DAVIS,F,40-44W,708,Index 700–800,DNF,TRUE,Abandoned,51,127.5,TRUE,1.5675,3.4830555555555556,0.11872298563726727,0.23833219331626804
139,Richard LOCKWOOD,H,35-39M,860,Index 800+,Finisher,FALSE,Other,200,173.6,TRUE,1.3941666666666668,3.0530555555555554,-0.00436520763684951,-0.010876561765476151
140,Michaela WOLF,F,35-39W,707,Index 700–800,DNF,TRUE,Abandoned,51,127.5,TRUE,1.8977777777777778,4.170277777777778,-0.2091142208970761,-0.44340952415636975
141,Tobias Dahl FENRE,H,40-44M,859,Index 800+,DNF,TRUE,Abandoned,10,32.4,FALSE,1.3844444444444444,3.091666666666667,0.0069538139039568535,-0.0457483337741979
142,Oana MARINA,F,20-34W,708,Index 700–800,Finisher,FALSE,Other,200,173.6,TRUE,1.5522222222222222,3.411111111111111,0.134000763415045,0.31027663776071257
143,Maël BURES,H,20-34M,859,Index 800+,DNF,TRUE,Abandoned,48,114,TRUE,1.4033333333333333,3.0455555555555556,-0.011935074984932102,3.6277733691331344e-4
144,Michaela LISHAKOVA,F,35-39W,702,Index 700–800,Finisher,FALSE,Other,200,173.6,TRUE,1.6822222222222223,3.671111111111111,0.0187673405837118,0.0834137918516658
146,Kimino MIYAZAKI,F,35-39W,695,Index 600–700,Finisher,FALSE,Other,200,173.6,TRUE,1.6,3.548888888888889,0.11859700755064291,0.24507970445506577
147,Valentin BENARD,H,20-34M,858,Index 800+,DNF,TRUE,Abandoned,22,67.8,FALSE,1.4322222222222223,3.0547222222222223,-0.039224192565056805,-0.005058417376703451
148,Anne-Lise LE QUÉRÉ,F,35-39W,700,Index 600–700,Finisher,FALSE,Other,200,173.6,TRUE,1.7977777777777777,4.08,-0.09179970506959788,-0.31429252949638903
149,Tommy SULLIVAN,H,20-34M,857,Index 800+,Finisher,FALSE,Other,200,173.6,TRUE,1.3286111111111112,2.9744444444444444,0.06598969600580579,0.07897103569732038
150,Natalie TAYLOR,F,40-44W,698,Index 600–700,Finisher,FALSE,Other,200,173.6,TRUE,1.613888888888889,3.6038888888888887,0.09711130795530393,0.1730705138112986
151,Baptiste PETITJEAN,H,20-34M,856,Index 800+,Finisher,FALSE,Other,200,173.6,TRUE,1.3688888888888888,3.028888888888889,0.02731773599957383,0.028284540384854763
152,Madeleine HAWKINS,F,35-39W,697,Index 600–700,DNF,TRUE,Abandoned,52,127.5,TRUE,1.6936111111111112,3.7444444444444445,0.019912838540767495,0.03816711233127555
154,Aurélie GRANGE-PAUL,F,40-44W,697,Index 600–700,Finisher,FALSE,Other,200,173.6,TRUE,1.631388888888889,3.578888888888889,0.08213506076298967,0.20372266788683124
155,Aleksei TOLSTENKO,H,40-44M,852,Index 800+,DNF,TRUE,Abandoned,10,32.4,FALSE,1.4552777777777777,3.249722222222222,-0.05261679546905904,-0.17745284821250687
156,Ingrid TERRIER,F,35-39W,697,Index 600–700,Finisher,FALSE,Other,200,173.6,TRUE,1.5808333333333333,3.5716666666666668,0.13269061631854537,0.21094489010905326
157,Aleksei BERESNEV,H,35-39M,848,Index 800+,DNF,TRUE,Abandoned,40,99.4,TRUE,1.2983333333333333,2.8608333333333333,0.11083338424887912,0.22663800618698365
158,Noor VAN DER VEEN,F,20-34W,693,Index 600–700,DNF,TRUE,Abandoned,58,144,TRUE,1.5263888888888888,3.367777777777778,0.19731547401041888,0.43761862664088136
159,Pierre DEFONTAINE,H,20-34M,846,Index 800+,DNF,TRUE,Abandoned,30,NA,TRUE,1.3977777777777778,3.093611111111111,0.014661757352279458,0.0015023788057197838
160,Genevieve HARRISON,F,35-39W,696,Index 600–700,DNF,TRUE,Abandoned,28,81.3,TRUE,1.573611111111111,3.7275,0.14244509738931538,0.06078126349279701
161,Emmanuel CAUTY,H,20-34M,846,Index 800+,Finisher,FALSE,Other,200,173.6,TRUE,1.4377777777777778,3.1302777777777777,-0.02533824264772063,-0.035164287860946844
162,Kaytlyn GERBIN,F,35-39W,696,Index 600–700,DNF,TRUE,Abandoned,52,127.5,TRUE,1.5297222222222222,3.439722222222222,0.18633398627820424,0.34855904127057497
163,Oriol BARBANY BOFILL,H,20-34M,846,Index 800+,DNF,TRUE,Abandoned,51,127.5,TRUE,1.3944444444444444,3.049166666666667,0.01799509068561287,0.045946823250164075
164,Elena ORMON,F,35-39W,694,Index 600–700,DNF,TRUE,Abandoned,16,52.2,FALSE,1.5730555555555557,3.5444444444444443,0.14809082540777874,0.2552291723772857
165,Tom JOLY,H,35-39M,844,Index 800+,Finisher,FALSE,Other,200,173.6,TRUE,1.3355555555555556,2.948611111111111,0.08017046144501569,0.1541727262167639
167,Alexis SEVENNEC,H,35-39M,843,Index 800+,DNF,TRUE,Abandoned,62,155.3,TRUE,1.3030555555555556,2.8377777777777777,0.11431891190329088,0.2688519833674076
168,Céline FINAS,F,40-44W,693,Index 600–700,Finisher,FALSE,Other,200,173.6,TRUE,1.5425,3.431388888888889,0.1812043628993077,0.3740075155297705
170,Marie DOHIN,F,40-44W,689,Index 600–700,DNF,TRUE,Abandoned,10,32.4,FALSE,1.61,3.5922222222222224,0.12402305909215361,0.23624438362641406
171,Arnau SEGUÍ MOLL,H,20-34M,842,Index 800+,Finisher,FALSE,Other,200,173.6,TRUE,1.4205555555555556,3.123611111111111,-0.0015291190753467987,-0.013128165417373078
172,Ronghua DENG,F,40-44W,692,Index 600–700,DNF,TRUE,Abandoned,48,114,TRUE,1.8927777777777777,3.988611111111111,-0.16650679025840795,-0.17747408448383312
173,Anthony COSTA,H,20-34M,840,Index 800+,DNF,TRUE,Abandoned,44,104,TRUE,1.4305555555555556,3.0941666666666667,-0.008214488700133077,0.024044712288045424
174,Zoe MURPHY,F,40-44W,691,Index 600–700,Finisher,FALSE,Other,200,173.6,TRUE,1.8533333333333333,4.144444444444445,-0.12448704434900651,-0.32754889050432195
175,Manuel HARTWEG,H,35-39M,842,Index 800+,DNF,TRUE,Abandoned,12,41.1,FALSE,1.425,3.1044444444444443,-0.005973563519791272,0.006038501249293476
176,Magdalena KRASZPULSKA,F,35-39W,691,Index 600–700,Finisher,FALSE,Other,200,173.6,TRUE,1.5094444444444444,3.339166666666667,0.2194018445398824,0.4777288872734561
177,Gediminas GRINIUS,H,45-49M,839,Index 800+,DNF,TRUE,Abandoned,36,86.6,TRUE,1.5302777777777778,3.2975,-0.10627398124689055,-0.1754132313477933
178,Luisa DEMATTEIS,F,40-44W,689,Index 600–700,DNF,TRUE,Abandoned,10,32.4,FALSE,1.6222222222222222,3.611666666666667,0.11180083686993147,0.2167999391819697
179,Nelson SANTOS,H,45-49M,839,Index 800+,Finisher,FALSE,Other,200,173.6,TRUE,1.4997222222222222,3.200833333333333,-0.07571842569133491,-0.07874656468112663
180,Ingrid M DUE-GUNDERSEN,F,45-49W,689,Index 600–700,Finisher,FALSE,Other,200,173.6,TRUE,1.6075,3.551111111111111,0.12652305909215375,0.27735549473752535
181,André JONSSON,H,40-44M,838,Index 800+,DNF,TRUE,Abandoned,10,32.4,FALSE,1.3375,3.0025,0.0881701814126661,0.12346970105108773
183,Ivan HRASTOVEC,H,40-44M,838,Index 800+,DNF,TRUE,Abandoned,52,127.5,TRUE,1.5722222222222222,3.5027777777777778,-0.14655204080955625,-0.37680807672669003
184,Mariya NIKOLOVA,F,40-44W,687,Index 600–700,DNF,TRUE,Abandoned,48,114,TRUE,1.5258333333333334,3.3675,0.21340161317590803,0.47261012408449105
185,Léon FAVIER,H,20-34M,836,Index 800+,Finisher,FALSE,Other,200,173.6,TRUE,1.5869444444444445,3.526666666666667,-0.15793039100605158,-0.39290819074351185
187,Sylvain COURT,H,40-44M,835,Index 800+,DNF,TRUE,Abandoned,22,67.8,FALSE,1.3147222222222221,2.836388888888889,0.11596938668173207,0.30127557049252424
188,Hannah MCRAE,F,20-34W,683,Index 600–700,Finisher,FALSE,Other,200,173.6,TRUE,1.8019444444444443,3.9230555555555555,-0.05217927802743092,-0.05943874025617106
190,Isla SMITH,F,20-34W,685,Index 600–700,Finisher,FALSE,Other,200,173.6,TRUE,1.613611111111111,3.5902777777777777,0.1308711134109325,0.26154889481019883
191,Simone CORSINI,H,20-34M,838,Index 800+,DNF,TRUE,Abandoned,22,67.8,FALSE,1.4327777777777777,3.1033333333333335,-0.007107596365111752,0.02263636771775418
192,Sandi NYPAVER,F,35-39W,683,Index 600–700,DNF,TRUE,Abandoned,40,99.4,TRUE,1.5505555555555555,3.4291666666666667,0.19920961086145797,0.43445014863271797
193,Harry JONES,H,35-39M,834,Index 800+,DNF,TRUE,Abandoned,40,99.4,TRUE,1.3594444444444445,3.020277777777778,0.0729285117746118,0.12130048973342664
194,Cecilia MATTAS,F,35-39W,682,Index 600–700,Finisher,FALSE,Other,200,173.6,TRUE,1.7641666666666667,3.9744444444444444,-0.011746569944338637,-0.10490478373004457
195,Daniel CLAASSEN,H,20-34M,833,Index 800+,Finisher,FALSE,Other,200,173.6,TRUE,1.3966666666666667,3.0477777777777777,0.037391462877839045,0.0977221930272859
196,Poppy COLLINGWOOD,F,20-34W,678,Index 600–700,DNF,TRUE,Abandoned,44,104,TRUE,1.7544444444444445,3.9077777777777776,0.008685899636828155,-0.0143599301820583
197,Guillaume DENEFFE,H,40-44M,832,Index 800+,Finisher,FALSE,Other,200,173.6,TRUE,1.445,3.1144444444444446,-0.009252836958890454,0.03498519531108305
198,Emily CAMBIER,F,40-44W,680,Index 600–700,DNF,TRUE,Abandoned,52,127.5,TRUE,1.6252777777777778,3.5925,0.13247926907487179,0.2889412521257354
199,Pau CAPELL,H,35-39M,830,Index 800+,Finisher,FALSE,Other,200,173.6,TRUE,1.3252777777777778,2.9316666666666666,0.11385916941322882,0.22564648992974673
200,Kristi KNECHT,F,40-44W,679,Index 600–700,Finisher,FALSE,Other,200,173.6,TRUE,1.521388888888889,3.558333333333333,0.23905024611038125,0.32908680577379507
201,Alex MOLIN PRADEL,H,20-34M,828,Index 800+,Finisher,FALSE,Other,200,173.6,TRUE,1.4380555555555556,3.129166666666667,0.004487026399644307,0.03606271530748727
202,Linda BOLDĀNE,F,20-34W,679,Index 600–700,DNF,TRUE,Abandoned,48,114,TRUE,1.6852777777777779,3.7152777777777777,0.07516135722149228,0.17214236132935062
204,Stacey MARION,F,35-39W,678,Index 600–700,Finisher,FALSE,Other,200,173.6,TRUE,1.6333333333333333,3.5869444444444443,0.1297970107479393,0.306473403151275
205,Bastien ENJALBERT,H,20-34M,828,Index 800+,Finisher,FALSE,Other,200,173.6,TRUE,1.4538888888888888,3.125,-0.011346306933688837,0.04022938197415414
206,Ivania RAMBO,F,40-44W,678,Index 600–700,Finisher,FALSE,Other,200,173.6,TRUE,1.8402777777777777,4.151666666666666,-0.07714743369650505,-0.2582488190709471
207,Nicolas THOMAS,H,20-34M,827,Index 800+,DNF,TRUE,Abandoned,48,114,TRUE,1.2866666666666666,2.8316666666666666,0.15758476205300795,0.3375332699290184
208,Leticia DA SILVA SALTORI,F,35-39W,675,Index 600–700,DNF,TRUE,Abandoned,40,99.4,TRUE,1.8138888888888889,4.1075,-0.04262985034125004,-0.19597539296995364
209,Ramon Nicolas SÁNCHEZ FERNÁNDEZ,H,45-49M,827,Index 800+,Finisher,FALSE,Other,200,173.6,TRUE,1.5083333333333333,3.33,-0.06408190461365865,-0.16080006340431527
210,Marisa ROMEO,F,20-34W,673,Index 600–700,Finisher,FALSE,Other,200,173.6,TRUE,1.82,4.063888888888889,-0.04327560084975172,-0.14019770900346648
212,Simone HAASTRUP,F,20-34W,671,Index 600–700,Finisher,FALSE,Other,200,173.6,TRUE,1.7083333333333333,3.733888888888889,0.07389373002041304,0.20204584170157538
213,Paul ZUNINO,H,20-34M,827,Index 800+,Finisher,FALSE,Other,200,173.6,TRUE,1.5094444444444444,3.319166666666667,-0.06519301572476971,-0.14996673007098202
214,Rachel SPAULDING,F,20-34W,671,Index 600–700,Finisher,FALSE,Other,200,173.6,TRUE,1.7780555555555555,3.8605555555555555,0.004171507798190769,0.07537917503490894
215,Simon WITHERS,H,20-34M,826,Index 800+,Finisher,FALSE,Other,200,173.6,TRUE,1.5491666666666666,3.3958333333333335,-0.10320232604652284,-0.2226544535042943
216,Iwona GÓROWSKA,F,35-39W,668,Index 600–700,Finisher,FALSE,Other,200,173.6,TRUE,1.7172222222222222,3.8136111111111113,0.07332937950255301,0.1408345126244237
219,Camille THOMINET,H,35-39M,830,Index 800+,Finisher,FALSE,Other,200,173.6,TRUE,1.3363888888888888,2.9580555555555557,0.10274805830211775,0.1992576010408577
220,Giovanna MARTINS,F,40-44W,668,Index 600–700,DNF,TRUE,Abandoned,36,86.6,TRUE,1.6197222222222223,3.7311111111111113,0.17082937950255295,0.22333451262442372
222,Charlotte FISHER,F,20-34W,667,Index 600–700,Finisher,FALSE,Other,200,173.6,TRUE,1.6122222222222222,3.5930555555555554,0.18112317348699786,0.36759946575515046
224,Marie Laure THIEUX,F,40-44W,666,Index 600–700,Finisher,FALSE,Other,200,173.6,TRUE,1.7569444444444444,3.905,0.03920427611428253,0.06188408630351174
225,Takuya IKEHATA,H,20-34M,825,Index 800+,Finisher,FALSE,Other,200,173.6,TRUE,1.4508333333333334,3.1625,-0.0031519815159198523,0.014666282166751131
226,Julie LESAGE,F,40-44W,668,Index 600–700,Finisher,FALSE,Other,200,173.6,TRUE,1.6227777777777779,3.576111111111111,0.16777382394699736,0.3783345126244239
227,Jordi GAMITO BAUS,H,45-49M,820,Index 800+,DNF,TRUE,Abandoned,10,32.4,FALSE,1.336111111111111,3.1325,0.12021798177289905,0.06473264765946922
228,Anne HAND,F,40-44W,665,Index 600–700,Finisher,FALSE,Other,200,173.6,TRUE,1.9502777777777778,4.547777777777778,-0.1513161673436752,-0.5746448885712903
229,Ales SEDLAK,H,35-39M,824,Index 800+,Finisher,FALSE,Other,200,173.6,TRUE,1.4516666666666667,3.198611111111111,-0.0022641701943758303,-0.017448897009751378
231,Xingzhi BAI,H,40-44M,824,Index 800+,Finisher,FALSE,Other,200,173.6,TRUE,1.458611111111111,3.153888888888889,-0.009208614638820252,0.027273325212470726
232,Naomi BRAND,F,35-39W,664,Index 600–700,DNF,TRUE,Abandoned,58,144,TRUE,1.6216666666666666,3.6319444444444446,0.18011743282948708,0.3474570560677258
233,Jean-François CAUCHON,H,20-34M,822,Index 800+,DNF,TRUE,Abandoned,28,81.3,TRUE,1.4075,3.093611111111111,0.04535732279809561,0.09556883762029508
234,Karolina WIERZCHOWIAK,F,20-34W,664,Index 600–700,Finisher,FALSE,Other,200,173.6,TRUE,1.6755555555555555,3.696388888888889,0.1262285439405982,0.28301261162328145
235,Alexandre BERAUD,H,35-39M,816,Index 800+,Finisher,FALSE,Other,200,173.6,TRUE,1.4675,3.1952777777777777,-0.004175442518016004,0.01816741639302966
236,Reika ITABASHI,F,20-34W,664,Index 600–700,Finisher,FALSE,Other,200,173.6,TRUE,1.9497222222222221,4.385555555555555,-0.1479381227260685,-0.4061540550433849
237,Manuel Alexis MARTÍN LORENZO,H,35-39M,821,Index 800+,DNF,TRUE,Abandoned,28,81.3,TRUE,1.5655555555555556,3.4955555555555557,-0.11096448276491991,-0.30235366314363865
238,Caroline BENOIT,F,40-44W,661,Index 600–700,DNF,TRUE,Abandoned,44,104,TRUE,1.6008333333333333,3.6244444444444444,0.20947617007709318,0.37388244532638015
239,Jhon BARRERA,H,40-44M,820,Index 800+,DNF,TRUE,Abandoned,48,114,TRUE,1.4419444444444445,3.1983333333333333,0.014384648439565613,-0.0011006856738641872
240,Emma BILHAM,F,40-44W,668,Index 600–700,DNF,TRUE,Abandoned,48,114,TRUE,1.6925,3.763333333333333,0.09805160172477533,0.1911122904022018
241,Dylan DAME,H,20-34M,819,Index 800+,DNF,TRUE,Abandoned,28,81.3,TRUE,1.436388888888889,3.1780555555555554,0.02168252835013655,0.023216729411042233
242,Jenny ABEGG,F,40-44W,660,Index 600–700,Finisher,FALSE,Other,200,173.6,TRUE,1.6769444444444443,3.9325,0.13622628638280174,0.07217543961269841
244,Lenka HIKLOVÁ,F,45-49W,659,Index 600–700,Finisher,FALSE,Other,200,173.6,TRUE,1.7861111111111112,3.937222222222222,0.029930617123663173,0.0738219280977392
245,Yoann LECAUCHOIS,H,40-44M,833,Index 800+,Finisher,FALSE,Other,200,173.6,TRUE,1.4658333333333333,3.1708333333333334,-0.03177520378882755,-0.025333362528269798
246,Sabrina VERJEE,F,45-49W,656,Index 600–700,Finisher,FALSE,Other,200,173.6,TRUE,1.761388888888889,3.883611111111111,0.0633247931207903,0.14666084144833264
247,Andrej VISTICA,H,40-44M,819,Index 800+,Finisher,FALSE,Other,200,173.6,TRUE,1.3902777777777777,3.096388888888889,0.06779363946124776,0.1048833960777088
248,Julia REZZI,F,35-39W,659,Index 600–700,Finisher,FALSE,Other,200,173.6,TRUE,1.5333333333333334,3.3544444444444443,0.28270839490144095,0.6565997058755172
249,Noam FRANCHI,H,20-34M,817,Index 800+,DNF,TRUE,Abandoned,30,NA,TRUE,1.381388888888889,3.0405555555555557,0.08018022648831702,0.16882293217417435
250,Anne CHAMPAGNE,F,20-34W,663,Index 600–700,DNF,TRUE,Abandoned,40,99.4,TRUE,1.646388888888889,3.707777777777778,0.15822733301679828,0.2779122129353192
251,Dimitri SOLTYSIAK,H,35-39M,818,Index 800+,Finisher,FALSE,Other,200,173.6,TRUE,1.4002777777777777,3.036388888888889,0.05954030223871088,0.1689319859369508
252,Arika ITO,F,35-39W,664,Index 600–700,DNF,TRUE,Abandoned,48,114,TRUE,1.7394444444444443,3.798611111111111,0.06233965505170935,0.18079038940105924
253,Ryan WHELAN,H,40-44M,814,Index 800+,Finisher,FALSE,Other,200,173.6,TRUE,1.5369444444444444,3.386111111111111,-0.07009564587749414,-0.1645049414764476
254,Jasmine VOLLMER,F,35-39W,655,Index 600–700,DNF,TRUE,Abandoned,48,114,TRUE,1.8191666666666666,4.001111111111111,0.008457434321442848,0.0356109005425128
255,Jérémy NION,H,35-39M,832,Index 800+,Finisher,FALSE,Other,200,173.6,TRUE,1.4158333333333333,3.062222222222222,0.019913829707776387,0.08720741753330545
256,Ellen CHEETHAM,F,20-34W,654,Index 600–700,Finisher,FALSE,Other,200,173.6,TRUE,1.6827777777777777,3.8027777777777776,0.14776668298350423,0.2404148062980966
257,Kevin ROUX,H,35-39M,815,Index 800+,Finisher,FALSE,Other,200,173.6,TRUE,1.4291666666666667,3.105277777777778,0.03591777382496355,0.11224328686382783
258,Elin ÖHMAN,F,20-34W,654,Index 600–700,Finisher,FALSE,Other,200,173.6,TRUE,1.9397222222222221,4.572777777777778,-0.10917776146094017,-0.5295851937019034
259,Jiqian WANG,H,35-39M,815,Index 800+,Finisher,FALSE,Other,200,173.6,TRUE,1.4427777777777777,3.1294444444444443,0.02230666271385248,0.08807662019716138
260,Laura ZICKE,F,45-49W,653,Index 600–700,DNF,TRUE,Abandoned,40,99.4,TRUE,1.7655555555555555,3.973333333333333,0.06791923993444765,0.07635040698539766
262,Julie MARINI,F,35-39W,653,Index 600–700,Finisher,FALSE,Other,200,173.6,TRUE,1.748888888888889,3.8480555555555553,0.08458590660111426,0.20162818476317546
265,Tristan BLANCHARD,H,45-49M,815,Index 800+,DNF,TRUE,Abandoned,48,114,TRUE,NA,3.1577777777777776,NA,0.05974328686382805
266,Sarah PAGE,F,45-49W,651,Index 600–700,Finisher,FALSE,Other,200,173.6,TRUE,1.6191666666666666,3.6461111111111113,0.22019885979065254,0.4166169751252982
267,Yoann STUCK,H,40-44M,812,Index 800+,DNF,TRUE,Abandoned,48,114,TRUE,1.48,3.2916666666666665,-0.009608923442159658,-0.06186230150896826
268,Xiaoqing SUN,F,35-39W,651,Index 600–700,Finisher,FALSE,Other,200,173.6,TRUE,1.8572222222222223,4.346111111111111,-0.01785669576490318,-0.2833830248747014
269,Alexandre BOUCHEIX,H,35-39M,813,Index 800+,Finisher,FALSE,Other,200,173.6,TRUE,1.4213888888888888,3.173888888888889,0.0472287769798626,0.05181169075362612
270,Huiping ZHANG,F,40-44W,651,Index 600–700,Finisher,FALSE,Other,200,173.6,TRUE,1.8711111111111112,4.136388888888889,-0.03174558465379202,-0.07366080265247925
271,Masatoshi OBARA,H,40-44M,813,Index 800+,DNF,TRUE,Abandoned,58,144,TRUE,1.4283333333333332,3.0947222222222224,0.04028433253541818,0.13097835742029273
273,Jack CHAMBERLAIN,H,35-39M,813,Index 800+,Finisher,FALSE,Other,200,173.6,TRUE,1.4125,3.0952777777777776,0.056117665868751325,0.13042280186473754
275,Victor TOURNIEROUX,H,20-34M,810,Index 800+,DNF,TRUE,Abandoned,28,81.3,TRUE,1.5055555555555555,3.3305555555555557,-0.03160389081444763,-0.09251521087535264
276,Julie PUTHOSTE,F,35-39W,649,Index 600–700,Finisher,FALSE,Other,200,173.6,TRUE,1.7447222222222223,3.9005555555555556,0.1005743449542882,0.17530005779139454
277,Aymeric DAMOUR,H,35-39M,816,Index 800+,Finisher,FALSE,Other,200,173.6,TRUE,1.4447222222222222,3.1327777777777777,0.018602335259761755,0.08066741639302966
278,Johanna BYGDELL,F,40-44W,651,Index 600–700,Finisher,FALSE,Other,200,173.6,TRUE,1.6316666666666666,3.5841666666666665,0.20769885979065258,0.4785614195697431
279,Nicolas JACOB,H,20-34M,812,Index 800+,Finisher,FALSE,Other,200,173.6,TRUE,1.55,3.3313888888888887,-0.07960892344215972,-0.10158452373119038
280,Sarah PARKINS,F,35-39W,645,Index 600–700,DNF,TRUE,Abandoned,6,22.9,FALSE,1.9194444444444445,NA,-0.0621637734281114,NA
282,Corine KAGERER,F,50-54W,646,Index 600–700,Finisher,FALSE,Other,200,173.6,TRUE,1.6775,3.746111111111111,0.17676930685418094,0.3495929912576517
283,Ugo FERRARI,H,20-34M,812,Index 800+,Finisher,FALSE,Other,200,173.6,TRUE,1.4322222222222223,3.1044444444444443,0.03816885433561801,0.12535992071325391
284,Katrin BIELER,F,35-39W,657,Index 600–700,DNF,TRUE,Abandoned,10,32.4,FALSE,1.6080555555555556,3.7105555555555556,0.2137576141096287,0.3132867807452418
285,Cleverson Luis DEL SECCHI,H,45-49M,809,Index 800+,DNF,TRUE,Abandoned,30,NA,TRUE,1.4216666666666666,3.2,0.054072243890233025,0.04217267967259667
286,Salome SCHMITT,F,40-44W,644,Index 600–700,DNF,TRUE,Abandoned,51,127.5,TRUE,1.9133333333333333,4.29,-0.05303101575203895,-0.1809580582599389
287,Matthew CREHAN,H,40-44M,811,Index 800+,Finisher,FALSE,Other,200,173.6,TRUE,1.5147222222222223,3.3272222222222223,-0.04255315742719864,-0.09330462554947377
289,Lewis RYAN,H,20-34M,805,Index 800+,DNF,TRUE,Abandoned,48,114,TRUE,1.4905555555555556,3.2855555555555553,-0.007620519822278166,-0.026756256213255145
290,Katie WRIGHT,F,35-39W,642,Index 600–700,Finisher,FALSE,Other,200,173.6,TRUE,1.8672222222222221,4.058333333333334,-8.45762599451862e-4,0.06412890375770469
291,Sébastien LEDAY,H,35-39M,809,Index 800+,DNF,TRUE,Abandoned,28,81.3,TRUE,1.398611111111111,3.0775,0.07712779944578863,0.16467267967259674
292,Emily VAUDAN,F,40-44W,645,Index 600–700,DNF,TRUE,Abandoned,48,114,TRUE,1.7383333333333333,3.841388888888889,0.11894733768299988,0.2609735780188902
293,Baptiste DEROUIN,H,20-34M,805,Index 800+,Finisher,FALSE,Other,200,173.6,TRUE,1.5547222222222221,3.4925,-0.07178718648894465,-0.23370070065770004
294,Nicola SORAGHAN,F,40-44W,641,Index 600–700,DNF,TRUE,Abandoned,40,99.4,TRUE,1.6858333333333333,3.7330555555555556,0.18359517299710157,0.39614634751723343
296,Sophia SCHNABL,F,35-39W,639,Index 600–700,DNF,TRUE,Abandoned,30,NA,TRUE,1.6427777777777777,3.8575,0.2327829006129983,0.28523738530645765
297,Martin GRAF,H,40-44M,804,Index 800+,Finisher,FALSE,Other,200,173.6,TRUE,1.5630555555555556,3.414722222222222,-0.07830953224584752,-0.1517415955747829
298,Adriana MOSER,F,20-34W,639,Index 600–700,DNF,TRUE,Abandoned,NA,NA,FALSE,NA,NA,NA,NA
299,Jules GERBER,H,20-34M,804,Index 800+,Finisher,FALSE,Other,200,173.6,TRUE,1.5033333333333334,3.263888888888889,-0.0185873100236253,-9.082622414495184e-4
300,Marcela RAMBOVÁ,F,50-54W,638,Index 600–700,Finisher,FALSE,Other,200,173.6,TRUE,1.9533333333333334,4.4880555555555555,-0.07469329034024201,-0.3385235085341236
301,Elliot PHILLIPPON,H,20-34M,804,Index 800+,DNF,TRUE,Abandoned,16,52.2,FALSE,1.4205555555555556,3.126388888888889,0.06419046775415249,0.13659173775855027
302,Anca CINDEA,F,45-49W,637,Index 600–700,DNF,TRUE,Abandoned,10,32.4,FALSE,1.6375,3.756666666666667,0.24422775280992895,0.3996772194438689
303,Weiqiang ZHANG,H,40-44M,810,Index 800+,DNF,TRUE,Abandoned,48,114,TRUE,1.5191666666666668,3.296111111111111,-0.04521500192555886,-0.058070766430908145
304,Laura HUET,F,20-34W,636,Index 600–700,Finisher,FALSE,Other,200,173.6,TRUE,1.7438888888888888,3.8577777777777778,0.14093453857721946,0.305394547527521
305,Christian MALMSTRÖM,H,45-49M,804,Index 800+,Finisher,FALSE,Other,200,173.6,TRUE,1.495,3.276111111111111,-0.010253976690292,-0.013130484463671875
306,Melissa OSTASZEWSKI,F,35-39W,633,Index 600–700,Finisher,FALSE,Other,200,173.6,TRUE,1.7477777777777779,4.038055555555555,0.14637665894111165,0.14569591528326586
307,Mathis Dahl FENRE,H,35-39M,803,Index 800+,DNF,TRUE,Abandoned,28,81.3,TRUE,1.6775,3.7286111111111113,-0.19093813827931377,-0.46143914721837453
308,Maria DALZOT,F,35-39W,635,Index 600–700,Finisher,FALSE,Other,200,173.6,TRUE,1.7594444444444444,3.9669444444444446,0.1284822421420041,0.20307234289280393
309,Clement CHRETIEN,H,35-39M,802,Index 800+,DNF,TRUE,Abandoned,51,127.5,TRUE,1.5158333333333334,3.2969444444444442,-0.0274507482063148,-0.025571062873716063
311,Morgan LAMURE,H,20-34M,802,Index 800+,DNF,TRUE,Abandoned,56,139,TRUE,1.3952777777777778,3.042777777777778,0.0931048073492408,0.22859560379295044
312,Natalie JOHNSTON,F,20-34W,631,Index 600–700,Finisher,FALSE,Other,200,173.6,TRUE,1.6791666666666667,3.8944444444444444,0.2212412935391406,0.3030988740230344
313,Morgan GLAZIER,H,20-34M,802,Index 800+,DNF,TRUE,Abandoned,28,81.3,TRUE,1.5372222222222223,3.432777777777778,-0.048839637095203704,-0.16140439620704986
315,Alexander KING,H,20-34M,802,Index 800+,DNF,TRUE,Abandoned,10,32.4,FALSE,1.5297222222222222,3.4277777777777776,-0.04133963709520364,-0.15640439620704952
316,Ann ANDRIES,F,50-54W,624,Index 600–700,Finisher,FALSE,Other,200,173.6,TRUE,1.7222222222222223,3.8794444444444443,0.20023210202093725,0.3667538337156334
317,Benoît CHAUVET,H,45-49M,789,Index 700–800,Finisher,FALSE,Other,200,173.6,TRUE,1.5233333333333334,3.3430555555555554,-0.010821266179705103,-0.016114350691732966
318,Sonia AHUJA,F,50-54W,628,Index 600–700,Finisher,FALSE,Other,200,173.6,TRUE,1.8802777777777777,4.2375,0.029552136132388607,-0.019171829549507077
319,Riccardo PIANESI,H,35-39M,801,Index 800+,Finisher,FALSE,Other,200,173.6,TRUE,1.4569444444444444,3.2016666666666667,0.033263783245067804,0.0739182835072831
321,Andrea MACCHI,H,40-44M,801,Index 800+,DNF,TRUE,Abandoned,28,81.3,TRUE,1.4355555555555555,3.1994444444444445,0.054652672133956706,0.07614050572950523
322,Karolina OBSTÓJ,F,35-39W,626,Index 600–700,Finisher,FALSE,Other,200,173.6,TRUE,1.978611111111111,4.948888888888889,-0.062476553459157536,-0.7166461648885403
323,Roberto MASTROTTO,H,35-39M,771,Index 700–800,Finisher,FALSE,Other,200,173.6,FALSE,1.5158333333333334,3.4702777777777776,0.0316010164469896,-0.06327594629477035
324,Ruth EAGLES,F,45-49W,625,Index 600–700,Finisher,FALSE,Other,200,173.6,TRUE,1.7819444444444446,4.010277777777778,0.13734829633452475,0.22893788686043712
325,Mario MENDOZA JR,H,40-44M,800,Index 700–800,Finisher,FALSE,Other,200,173.6,TRUE,1.4725,3.225277777777778,0.01953882356897348,0.05452896241716084
326,Laura BERRUER,F,20-34W,624,Index 600–700,Finisher,FALSE,Other,200,173.6,TRUE,1.7830555555555556,3.9358333333333335,0.1393987686876039,0.3103649448267441
328,Mariana FERNANDEZ,F,20-34W,624,Index 600–700,Finisher,FALSE,Other,200,173.6,TRUE,1.6972222222222222,3.7713888888888887,0.22523210202093738,0.47480938927118893
329,Pablo NADALEZ,H,40-44M,799,Index 700–800,Finisher,FALSE,Other,200,173.6,TRUE,1.6194444444444445,3.4633333333333334,-0.12557003751823512,-0.1792945112071028
330,Mariela VIGLIOCCO,F,45-49W,621,Index 600–700,Finisher,FALSE,Other,200,173.6,TRUE,1.6125,3.7266666666666666,0.31945567290696814,0.5405317166782604
331,Loan LE ROHELLEC,H,20-34M,806,Index 800+,Finisher,FALSE,Other,200,173.6,TRUE,1.4052777777777778,3.118333333333333,0.07585108705281013,0.13629457815144952
332,Kit Ying SO,F,35-39W,628,Index 600–700,Finisher,FALSE,Other,200,173.6,TRUE,1.8725,4.157222222222222,0.03732991391016626,0.061105948228270805
333,Marcel GEISSLER,H,40-44M,796,Index 700–800,DNF,TRUE,Abandoned,28,81.3,TRUE,1.4555555555555555,3.193611111111111,0.043855867917074416,0.10318641319617872
334,Madison HART,F,20-34W,622,Index 600–700,Finisher,FALSE,Other,200,173.6,TRUE,1.6419444444444444,3.8825,0.28684172623789506,0.37769021478190573
335,Jean-Adrien MICHEL,H,20-34M,797,Index 700–800,Finisher,FALSE,Other,200,173.6,TRUE,1.4652777777777777,3.256111111111111,0.03228289493945313,0.036423032578759125
336,Johanna SIMMER,F,50-54W,621,Index 600–700,DNF,TRUE,Abandoned,44,104,TRUE,1.7352777777777777,3.845833333333333,0.19667789512919048,0.42136505001159386
337,Kristian JOERGENSEN,H,40-44M,796,Index 700–800,Finisher,FALSE,Other,200,173.6,TRUE,1.5216666666666667,3.2830555555555554,-0.022255243194036805,0.01374196875173451
338,Junko YANO,F,50-54W,621,Index 600–700,Finisher,FALSE,Other,200,173.6,TRUE,1.8669444444444445,4.146388888888889,0.06501122846252363,0.12080949445603836
339,David RYAN,H,40-44M,792,Index 700–800,Finisher,FALSE,Other,200,173.6,TRUE,1.4683333333333333,3.2352777777777777,0.03853267597897074,0.07867971272904023
340,Milagros RIVAS,F,40-44W,628,Index 600–700,Finisher,FALSE,Other,200,173.6,TRUE,1.8491666666666666,4.1738888888888885,0.06066324724349969,0.04443928156160421
341,Clark MESSMAN,H,20-34M,795,Index 700–800,DNF,TRUE,Abandoned,10,32.4,FALSE,1.405,3.3319444444444444,0.09626729834902999,-0.03087296563928597
343,Adrien LE GRAET,H,20-34M,793,Index 700–800,DNF,TRUE,Abandoned,62,155.3,TRUE,1.4655555555555555,3.1952777777777777,0.039439001552505036,0.114373613634609
344,Shari WILKEN,F,35-39W,618,Index 600–700,DNF,TRUE,Abandoned,6,22.9,FALSE,1.9975,NA,-0.05602606890115903,NA
345,Pierre GAPIHAN,H,40-44M,794,Index 700–800,DNF,TRUE,Abandoned,56,139,TRUE,1.4461111111111111,3.201388888888889,0.057017220396126875,0.10396718878712263
346,Julia GLAUS,F,20-34W,618,Index 600–700,Finisher,FALSE,Other,200,173.6,TRUE,2.008888888888889,4.325277777777778,-0.06741495779004793,-0.03701301495701985
348,Nikita FREDONNET,F,20-34W,618,Index 600–700,Finisher,FALSE,Other,200,173.6,TRUE,1.9644444444444444,4.258055555555556,-0.02297051334560341,0.030209207265202223
349,Mathieu CLÉMENT,H,20-34M,792,Index 700–800,Finisher,FALSE,Other,200,173.6,TRUE,1.405,3.042222222222222,0.10186600931230405,0.27173526828459577
350,Catherine CASTRO VILLICAÑA,F,35-39W,615,Index 600–700,Finisher,FALSE,Other,200,173.6,TRUE,1.8005555555555555,4.165,0.15044327313334593,0.14438183033883176
351,Arnaud LEJEUNE,H,45-49M,787,Index 700–800,Finisher,FALSE,Other,200,173.6,TRUE,1.4136111111111112,3.1194444444444445,0.10269175390196147,0.21620778914416797
352,Qin TIAN,F,20-34W,615,Index 600–700,DNF,TRUE,Abandoned,40,99.4,TRUE,2.05,4.551111111111111,-0.09900117131109845,-0.2417292807722793
353,Bastien GUEGUEN,H,20-34M,793,Index 700–800,Finisher,FALSE,Other,200,173.6,TRUE,1.4847222222222223,3.258611111111111,0.02027233488583826,0.05104028030127553
355,Tomasz KIK,H,40-44M,792,Index 700–800,Finisher,FALSE,Other,200,173.6,TRUE,1.496388888888889,3.289722222222222,0.010477120423415021,0.024235268284595712
356,Pamela NIEVAS,F,40-44W,613,Index 600–700,Finisher,FALSE,Other,200,173.6,TRUE,1.951111111111111,4.5136111111111115,0.006236266189970492,-0.19013077264972053
357,Baptiste GALANT,H,20-34M,790,Index 700–800,DNF,TRUE,Abandoned,40,99.4,TRUE,1.478888888888889,3.3475,0.0317358412853924,-0.02489767326000017
358,Pollee BROOKINGS,F,35-39W,613,Index 600–700,Finisher,FALSE,Other,200,173.6,TRUE,1.7394444444444443,3.9730555555555553,0.21790293285663714,0.3504247829058356
359,Benoit RIBEIRO,H,35-39M,791,Index 700–800,Finisher,FALSE,Other,200,173.6,TRUE,1.593888888888889,3.4963888888888888,-0.08514616660811344,-0.17811444343704463
360,Aleksandra VOROBEVA,F,35-39W,612,Index 600–700,Finisher,FALSE,Other,200,173.6,TRUE,1.8883333333333334,4.061388888888889,0.07218676221393858,0.26914511076151937
361,Maxime BISSON,H,20-34M,790,Index 700–800,Finisher,FALSE,Other,200,173.6,TRUE,1.4627777777777777,3.1830555555555557,0.047846952396503585,0.13954677118444433
362,Camille SERE,F,35-39W,610,Index 600–700,DNF,TRUE,Abandoned,52,127.5,TRUE,1.79,4.029722222222222,0.17686051804394973,0.31492502771933567
363,Hajime MAMBA,H,20-34M,789,Index 700–800,DNF,TRUE,Abandoned,51,127.5,TRUE,1.5691666666666666,3.4475,-0.05665459951303825,-0.12055879513617733
364,Li WANG,F,50-54W,610,Index 600–700,Finisher,FALSE,Other,200,173.6,TRUE,1.9580555555555557,4.231111111111111,0.008804962488394125,0.11353613883044736
365,Francesco Claudio GALLO,H,20-34M,788,Index 700–800,Finisher,FALSE,Other,200,173.6,TRUE,1.5886111111111112,3.491388888888889,-0.07420634373148792,-0.16009773857304052
366,Tiphaine GERMAIN,F,40-44W,609,Index 600–700,DNF,TRUE,Abandoned,58,144,TRUE,1.8641666666666667,4.175833333333333,0.10586079487740922,0.17587235117341382
367,Jesus ALVAREZ MORALES,H,45-49M,788,Index 700–800,Finisher,FALSE,Other,200,173.6,TRUE,1.5694444444444444,3.401388888888889,-0.05503967706482116,-0.07009773857304069
369,Victor LAROCQUE,H,35-39M,804,Index 800+,DNF,TRUE,Abandoned,22,67.8,FALSE,1.3955555555555557,3.0413888888888887,0.0891904677541524,0.22159173775855068
370,Olivia PERROLLAZ,F,35-39W,608,Index 600–700,DNF,TRUE,Abandoned,30,NA,TRUE,1.8913888888888888,4.418611111111111,0.08180283048959748,-0.05984655545072766
371,Hyacinthe SALMON,H,20-34M,787,Index 700–800,Finisher,FALSE,Other,200,173.6,TRUE,1.4652777777777777,3.2552777777777777,0.05102508723529501,0.08037445581083474
372,Sunyeon LEE,F,55-59W,607,Index 600–700,Finisher,FALSE,Other,200,173.6,TRUE,1.8669444444444445,4.185555555555555,0.10940846672755539,0.18026773057843887
373,Arnaud DELÉPINE,H,45-49M,786,Index 700–800,Finisher,FALSE,Other,200,173.6,TRUE,1.4475,3.2041666666666666,0.07070639421478331,0.13585785850798598
374,Justine ROUVEYROL,F,35-39W,605,Index 600–700,Finisher,FALSE,Other,200,173.6,TRUE,1.871388888888889,4.0136111111111115,0.11127568624672611,0.36632690485614317
375,Nicolas FIRMIN,H,35-39M,786,Index 700–800,DNF,TRUE,Abandoned,58,144,TRUE,1.4322222222222223,3.136388888888889,0.08598417199256103,0.2036356362857637
376,Axelle NARDOUX,F,35-39W,605,Index 600–700,DNF,TRUE,Abandoned,10,32.4,FALSE,1.801388888888889,4.111111111111111,0.18127568624672616,0.2688269048561439
377,Corey KALLEMBACH,H,35-39M,785,Index 700–800,Finisher,FALSE,Other,200,173.6,TRUE,1.5241666666666667,3.2830555555555554,-0.004051277521104849,0.06135254001094873
378,Marie PINNELL,F,20-34W,603,Index 600–700,Finisher,FALSE,Other,200,173.6,TRUE,1.7413888888888889,4.095277777777778,0.2475705215445875,0.2987674780809758
379,Clement JAMBOU,H,35-39M,785,Index 700–800,DNF,TRUE,Abandoned,52,127.5,TRUE,1.4277777777777778,3.1838888888888888,0.09233761136778408,0.1605192066776154
380,Nisachon MORGAN,F,45-49W,603,Index 600–700,Finisher,FALSE,Other,200,173.6,TRUE,1.9413888888888888,4.302777777777778,0.047570521544587525,0.09126747808097543
381,Brieuc LAMY,H,20-34M,785,Index 700–800,Finisher,FALSE,Other,200,173.6,TRUE,1.4622222222222223,3.22,0.057893166923339526,0.12440809556650398
382,Justine HULL,F,20-34W,601,Index 600–700,Finisher,FALSE,Other,200,173.6,TRUE,1.9016666666666666,4.171111111111111,0.09356770739747199,0.23702927654960443
383,François GUYON,H,35-39M,785,Index 700–800,Finisher,FALSE,Other,200,173.6,TRUE,1.5483333333333333,3.345833333333333,-0.02821794418777152,-0.0014252377668290878
384,Linda LINDBERG,F,50-54W,601,Index 600–700,Finisher,FALSE,Other,200,173.6,TRUE,1.7169444444444444,3.9391666666666665,0.2782899296196943,0.46897372099404905
385,Raphaël DEVANTAY,H,40-44M,785,Index 700–800,Finisher,FALSE,Other,200,173.6,TRUE,1.4652777777777777,3.2,0.05483761136778416,0.144408095566504
386,Amédine MONTANVERT,F,35-39W,600,Index <600,Finisher,FALSE,Other,200,173.6,TRUE,1.871388888888889,4.2619444444444445,0.1269745641774296,0.15323752541249633
388,Daniele CALANDRI,H,40-44M,781,Index 700–800,DNF,TRUE,Abandoned,30,NA,TRUE,1.6069444444444445,3.5108333333333333,-0.07913773506895683,-0.14877675829057804
389,Renaud DOBY,H,40-44M,784,Index 700–800,Finisher,FALSE,Other,200,173.6,TRUE,1.5430555555555556,3.4730555555555553,-0.021025671589340673,-0.12425254029885091
390,Matthew DUNN,H,35-39M,784,Index 700–800,Finisher,FALSE,Other,200,173.6,TRUE,1.5116666666666667,3.2225,0.010363217299548217,0.12630301525670437
392,Kensuke YOSHIMURA,H,40-44M,783,Index 700–800,Finisher,FALSE,Other,200,173.6,TRUE,1.6202777777777777,3.6333333333333333,-0.09632786494022881,-0.28012397859554516
393,Akihiro MAEDA,H,35-39M,783,Index 700–800,Finisher,FALSE,Other,200,173.6,TRUE,1.5602777777777779,3.4402777777777778,-0.036327864940228986,-0.08706842303998955
394,Moises JIMENEZ,H,35-39M,783,Index 700–800,DNF,TRUE,Abandoned,52,127.5,TRUE,1.3891666666666667,3.076388888888889,0.13478324617088222,0.27682046584889936
395,Arnaud COLLOUD,H,35-39M,782,Index 700–800,Finisher,FALSE,Other,200,173.6,TRUE,1.4347222222222222,3.132222222222222,0.0911532876981487,0.22540496228007137
396,Alexander LUKIN,H,35-39M,782,Index 700–800,DNF,TRUE,Abandoned,10,32.4,FALSE,1.4875,3.3930555555555557,0.03837550992037085,-0.03542837105326236
397,Jose David LUTZARDO BARROSO,H,40-44M,782,Index 700–800,Finisher,FALSE,Other,200,173.6,TRUE,1.5955555555555556,3.495,-0.06968004563518475,-0.13737281549770675
398,Charly GUERIN,H,35-39M,780,Index 700–800,Finisher,FALSE,Other,200,173.6,TRUE,1.555,3.404166666666667,-0.025256454636294414,-0.03766906981495585
399,Sébastien CAPUS,H,35-39M,781,Index 700–800,Finisher,FALSE,Other,200,173.6,TRUE,1.5772222222222223,3.392777777777778,-0.04941551284673462,-0.03072120273502261
400,Thomas BARTOLUCCI,H,20-34M,781,Index 700–800,Finisher,FALSE,Other,200,173.6,TRUE,1.5366666666666666,3.3852777777777776,-0.008859957291178933,-0.023221202735022324
401,Benjamin MULLER,H,35-39M,779,Index 700–800,Finisher,FALSE,Other,200,173.6,TRUE,1.5116666666666667,3.3291666666666666,0.020019385379164697,0.04178365375502954
402,Dorian LOUVET,H,35-39M,784,Index 700–800,Finisher,FALSE,Other,200,173.6,TRUE,1.5333333333333334,3.4116666666666666,-0.011303449367118492,-0.0628636514099622
501,Salomon WETTSTEIN,H,40-44M,779,Index 700–800,DNF,TRUE,Abandoned,26,76.4,FALSE,1.535,3.3819444444444446,-0.0033139479541685105,-0.010994124022748438
502,Simon JONET,H,20-34M,779,Index 700–800,Finisher,FALSE,Other,200,173.6,TRUE,1.44,3.167777777777778,0.09168605204583147,0.20317254264391837
503,Ronan MCNALLY,H,40-44M,778,Index 700–800,Finisher,FALSE,Other,200,173.6,TRUE,1.6347222222222222,3.4891666666666667,-0.1010879586395506,-0.11375185042141933
505,Hieu NGUYEN SI,H,40-44M,777,Index 700–800,DNF,TRUE,Abandoned,52,127.5,TRUE,1.6805555555555556,3.6702777777777778,-0.1449673414205224,-0.29038662296287665
506,Nicolas PINSARD,H,20-34M,777,Index 700–800,Finisher,FALSE,Other,200,173.6,TRUE,1.5130555555555556,3.2908333333333335,0.022532658579477585,0.0890578214815676
507,David WÖHRER,H,35-39M,779,Index 700–800,DNF,TRUE,Abandoned,58,144,TRUE,1.5605555555555555,3.4141666666666666,-0.028869503509724063,-0.043216346244970366
508,Samuel DUBOIS,H,35-39M,775,Index 700–800,DNF,TRUE,Abandoned,16,52.2,FALSE,1.6505555555555556,3.5975,-0.11104208662600874,-0.2086203578373392
509,Vladimir SHATROV,H,45-49M,775,Index 700–800,Finisher,FALSE,Other,200,173.6,TRUE,1.4927777777777778,3.7175,0.04673569115176905,-0.32862035783733884
510,Yue CUI,H,20-34M,775,Index 700–800,DNF,TRUE,Abandoned,22,67.8,FALSE,1.4852777777777777,3.297222222222222,0.054235691151769114,0.09165741994043898
511,Andrea VISINONI,H,20-34M,772,Index 700–800,Finisher,FALSE,Other,200,173.6,TRUE,1.7991666666666666,3.7733333333333334,-0.2537214189087729,-0.3708803772398572
512,Sebastian ENEROS RILLING,H,35-39M,774,Index 700–800,Finisher,FALSE,Other,200,173.6,TRUE,1.5780555555555555,3.4725,-0.03657071406224321,-0.07910806807416056
513,Patrick STANGBYE,H,35-39M,774,Index 700–800,Finisher,FALSE,Other,200,173.6,TRUE,1.3836111111111111,3.1908333333333334,0.15787373038220126,0.20255859859250622
514,Fabien CARRON,H,40-44M,772,Index 700–800,DNF,TRUE,Abandoned,40,99.4,TRUE,1.6444444444444444,3.5425,-0.0989991966865508,-0.14004704390652367
515,Daved SIMPAT,H,40-44M,788,Index 700–800,Finisher,FALSE,Other,200,173.6,TRUE,1.585,3.4525,-0.07059523262037669,-0.1212088496841518
516,Liam THIERENS,H,35-39M,770,Index 700–800,Finisher,FALSE,Other,200,173.6,TRUE,1.6380555555555556,3.4269444444444446,-0.08862612561163544,-0.01538140137804983
517,Paul BAUDONNEL,H,20-34M,770,Index 700–800,DNF,TRUE,Abandoned,48,114,TRUE,1.7341666666666666,3.7463888888888888,-0.18473723672274645,-0.33482584582249414
518,Alessio ZAMBON,H,20-34M,770,Index 700–800,DNF,TRUE,Abandoned,18,62.9,FALSE,1.626111111111111,3.517777777777778,-0.0766816811671909,-0.10621473471138326
519,Markus MEINKE,H,50-54M,769,Index 700–800,DNF,TRUE,Abandoned,22,67.8,FALSE,1.4922222222222221,3.3338888888888887,0.05920830018726961,0.08224777244728645
520,Satoshi SUGIMOTO,H,40-44M,769,Index 700–800,Finisher,FALSE,Other,200,173.6,TRUE,1.5691666666666666,3.43,-0.017736144257174864,-0.013863338663825154
521,Rémi THIVOLLE,H,20-34M,768,Index 700–800,Finisher,FALSE,Other,200,173.6,TRUE,1.7247222222222223,3.737222222222222,-0.17128456088437707,-0.31649946543733753
522,Christophe GRIFGNEE,H,35-39M,768,Index 700–800,Finisher,FALSE,Other,200,173.6,TRUE,1.6519444444444444,3.5791666666666666,-0.09850678310659923,-0.15844390988178214
523,Akito NAGAO,H,35-39M,768,Index 700–800,DNF,TRUE,Abandoned,51,127.5,TRUE,1.861388888888889,4.0377777777777775,-0.30795122755104376,-0.6170550209928929
524,Tom PAYTON,H,20-34M,767,Index 700–800,Finisher,FALSE,Other,200,173.6,TRUE,1.6744444444444444,3.6997222222222224,-0.11899356355465798,-0.2744008223171625
525,Iban AGIRREZABALA ITURRALDE,H,40-44M,766,Index 700–800,DNF,TRUE,Abandoned,40,99.4,TRUE,1.5147222222222223,3.328611111111111,0.04274799300389984,0.10132155007812606
526,Sylvain LEJEUNE,H,35-39M,766,Index 700–800,Finisher,FALSE,Other,200,173.6,TRUE,1.5786111111111112,3.493333333333333,-0.021140895884989058,-0.06340067214409627
527,Christopher SOBIE,H,35-39M,763,Index 700–800,Finisher,FALSE,Other,200,173.6,TRUE,1.566111111111111,3.4763888888888888,-0.002545862561546465,-0.032546029937745656
528,Jisu KIM,H,45-49M,764,Index 700–800,Finisher,FALSE,Other,200,173.6,TRUE,1.8522222222222222,3.882222222222222,-0.2906948573270175,-0.44302890200247924
529,Erzen ZYBERAJ,H,35-39M,763,Index 700–800,DNF,TRUE,Abandoned,16,52.2,FALSE,1.6572222222222222,3.7616666666666667,-0.09365697367265759,-0.3178238077155237
530,Arnau CLARELLA PEIRO,H,35-39M,763,Index 700–800,DNF,TRUE,Abandoned,30,NA,TRUE,1.4233333333333333,3.1519444444444447,0.14023191521623116,0.29189841450669846
532,Chris MCAULIFFE,H,40-44M,761,Index 700–800,Finisher,FALSE,Other,200,173.6,TRUE,1.5316666666666667,3.3088888888888888,0.03599313763528846,0.14429181842003422
533,Song LI,H,35-39M,761,Index 700–800,Finisher,FALSE,Other,200,173.6,TRUE,1.6666666666666667,3.5997222222222223,-0.09900686236471155,-0.14654151491329936
534,Dardo Emmanuel OCAMPO,H,35-39M,762,Index 700–800,DNF,TRUE,Abandoned,52,127.5,TRUE,1.4658333333333333,3.2752777777777777,0.09977605029821247,0.17322752003891378
535,Tangi TATON,H,20-34M,758,Index 700–800,Finisher,FALSE,Other,200,173.6,TRUE,1.7038888888888888,3.6533333333333333,-0.13003976743707052,-0.18604786886225058
536,Sam WOOD,H,20-34M,758,Index 700–800,Finisher,FALSE,Other,200,173.6,TRUE,1.6305555555555555,3.6058333333333334,-0.05670643410373727,-0.1385478688622507
537,Tatsuya SAGUCHI,H,45-49M,757,Index 700–800,Finisher,FALSE,Other,200,173.6,TRUE,1.7633333333333334,3.910833333333333,-0.187408307249327,-0.43881987193792077
538,Jean SEGUELAS,H,20-34M,756,Index 700–800,Finisher,FALSE,Other,200,173.6,TRUE,1.5805555555555555,3.4633333333333334,-0.0025481684468996323,0.013421448075773031
539,Raphaël NIEDERHAUSER,H,20-34M,755,Index 700–800,Finisher,FALSE,Other,200,173.6,TRUE,1.6275,3.56,-0.0474037613134263,-0.07849050499529757
540,Jorge MARAVILLA,H,45-49M,756,Index 700–800,Finisher,FALSE,Other,200,173.6,TRUE,1.5133333333333334,3.421388888888889,0.06467405377532244,0.05536589252021736
541,Nhon DO TRONG,H,20-34M,751,Index 700–800,Finisher,FALSE,Other,200,173.6,TRUE,1.7597222222222222,3.8316666666666666,-0.17120498847516327,-0.3310029716098395
542,Daniel HALL,H,35-39M,754,Index 700–800,Finisher,FALSE,Other,200,173.6,TRUE,1.67,3.6433333333333335,-0.08780838502143389,-0.15705566065859758
543,Joe WARNE,H,35-39M,754,Index 700–800,DNF,TRUE,Abandoned,52,127.5,TRUE,1.6975,3.841111111111111,-0.11530838502143397,-0.35483343843637516
544,Clement TRUFFAULT,H,35-39M,754,Index 700–800,Finisher,FALSE,Other,200,173.6,TRUE,1.4636111111111112,3.2127777777777777,0.11858050386745485,0.2734998948969585
545,Shaun BURKE,H,35-39M,753,Index 700–800,Finisher,FALSE,Other,200,173.6,TRUE,2.0033333333333334,4.294722222222222,-0.41903978318789337,-0.8036628373104783
546,Arnaud REY,H,20-34M,748,Index 700–800,DNF,TRUE,Abandoned,48,114,TRUE,1.6447222222222222,3.5747222222222224,-0.049819417490957564,-0.05954879038205566
547,Luc GENTIAL,H,45-49M,751,Index 700–800,Finisher,FALSE,Other,200,173.6,TRUE,1.5138888888888888,3.286388888888889,0.0746283448581701,0.2142748061679386
548,Adrian DE LA NOUGEREDE,H,40-44M,751,Index 700–800,Finisher,FALSE,Other,200,173.6,TRUE,1.7980555555555555,3.7980555555555555,-0.20953832180849663,-0.29739186049872846
549,Yoann MORISSE,H,40-44M,751,Index 700–800,DNF,TRUE,Abandoned,44,104,TRUE,1.535,3.4116666666666666,0.05351723374705902,0.08899702839016062
550,Alexandre URBINA RUBIO,H,35-39M,749,Index 700–800,Finisher,FALSE,Other,200,173.6,TRUE,1.5186111111111111,3.3794444444444443,0.07415645166677223,0.1308785449357988
551,Ulysse HOFFMANN,H,40-44M,750,Index 700–800,Finisher,FALSE,Other,200,173.6,TRUE,1.5141666666666667,3.3044444444444445,0.0764723838367503,0.20104198950553054
552,Yohan BUGNION,H,35-39M,749,Index 700–800,Finisher,FALSE,Other,200,173.6,TRUE,1.5375,3.303888888888889,0.055267562777883264,0.2064341004913543
553,Florent WALBRECQ,H,35-39M,749,Index 700–800,DNF,TRUE,Abandoned,40,99.4,TRUE,1.5430555555555556,3.4280555555555554,0.04971200722232773,0.08226743382468765
554,Jeremy CHARPIGNY,H,20-34M,748,Index 700–800,Finisher,FALSE,Other,200,173.6,TRUE,1.7497222222222222,3.8961111111111113,-0.1548194174909576,-0.38093767927094463
555,Nicolas SCHRAPP,H,45-49M,747,Index 700–800,Finisher,FALSE,Other,200,173.6,TRUE,1.6466666666666667,3.681388888888889,-0.049621856142299574,-0.16135105706660707
556,Grant FLAGLER,H,20-34M,746,Index 700–800,DNF,TRUE,Abandoned,56,139,TRUE,1.5591666666666666,3.406388888888889,0.04002694765133159,0.11852737093023669
557,Guillaume LENON,H,20-34M,743,Index 700–800,Finisher,FALSE,Other,200,173.6,TRUE,1.5697222222222222,3.4047222222222224,0.03595893308790374,0.1349141946011689
558,Matija MEŠTRIĆ,H,20-34M,744,Index 700–800,Finisher,FALSE,Other,200,173.6,TRUE,1.5575,3.356388888888889,0.04601175255007052,0.1783265929382549
560,Emmanuel SALINAS,H,35-39M,744,Index 700–800,DNF,TRUE,Abandoned,51,127.5,TRUE,1.5772222222222223,3.571111111111111,0.026289530327848316,-0.03639562928396713
561,Simone TUCCI,H,45-49M,744,Index 700–800,Finisher,FALSE,Other,200,173.6,TRUE,1.9180555555555556,4.051666666666667,-0.3145438030054851,-0.5169511848395227
562,Antoine BIARD,H,20-34M,741,Index 700–800,Finisher,FALSE,Other,200,173.6,TRUE,1.6233333333333333,3.591666666666667,-0.01329253441102576,-0.042145379403623964
563,Édouard SIMON,H,20-34M,743,Index 700–800,Finisher,FALSE,Other,200,173.6,TRUE,1.583611111111111,3.5036111111111112,0.022070044199014895,0.03602530571228013
564,Yannick BERNARD,H,35-39M,742,Index 700–800,Finisher,FALSE,Other,200,173.6,TRUE,1.6547222222222222,3.5636111111111113,-0.0468647295082861,-0.019039449306599354
565,Jean-Baptiste DESBREST,H,20-34M,742,Index 700–800,Finisher,FALSE,Other,200,173.6,TRUE,1.8019444444444443,3.8986111111111112,-0.19408695173050833,-0.3540394493065994
566,Wesly VANDEWEGHE,H,40-44M,741,Index 700–800,DNF,TRUE,Abandoned,28,81.3,TRUE,1.5897222222222223,3.476111111111111,0.02031857670008528,0.07341017615193203
567,Luke NICHOLS,H,35-39M,741,Index 700–800,Finisher,FALSE,Other,200,173.6,TRUE,1.448888888888889,3.100277777777778,0.16115191003341858,0.449243509485265
568,Antoine MONNOT,H,20-34M,741,Index 700–800,Finisher,FALSE,Other,200,173.6,TRUE,1.4591666666666667,3.292777777777778,0.15087413225564075,0.25674350948526503
569,Louis DESPRES,H,20-34M,742,Index 700–800,Finisher,FALSE,Other,200,173.6,TRUE,1.6202777777777777,3.5594444444444444,-0.012420285063841604,-0.01487278263993248
570,Valentin BRICQUET,H,20-34M,769,Index 700–800,Finisher,FALSE,Other,200,173.6,TRUE,1.5197222222222222,3.341388888888889,0.031708300187269556,0.07474777244728617
571,Arthur MORONVAL,H,20-34M,738,Index 700–800,Finisher,FALSE,Other,200,173.6,TRUE,1.6483333333333334,3.6875,-0.03170046135047478,-0.12304284857154142
572,Grant BRISBIN,H,40-44M,739,Index 700–800,Finisher,FALSE,Other,200,173.6,FALSE,1.8341666666666667,3.8266666666666667,-0.21973821227070445,-0.267202705084187
573,Adrien PATRAS,H,35-39M,740,Index 700–800,Finisher,FALSE,Other,200,173.6,TRUE,1.6122222222222222,3.464722222222222,8.885873825370739e-6,0.08976314146929776
575,Koki SEITA,H,40-44M,736,Index 700–800,Finisher,FALSE,Other,200,173.6,TRUE,2.045,4.38,-0.4239369423391776,-0.8055124110443815
576,Antoine BOUCHET,H,45-49M,736,Index 700–800,DNF,TRUE,Abandoned,48,114,TRUE,1.4797222222222222,3.3233333333333333,0.14134083543860015,0.2511542556222852
577,Joseph ROLDAN,H,35-39M,732,Index 700–800,DNF,TRUE,Abandoned,28,81.3,TRUE,1.5466666666666666,3.3930555555555557,0.08334312086935568,0.2016711135862091
578,Stephen ASTIER,H,35-39M,735,Index 700–800,Finisher,FALSE,Other,200,173.6,TRUE,1.5675,3.421666666666667,0.05578889407350342,0.15785831095520558
579,Daniel AUGUSTO SANTOS,H,35-39M,734,Index 700–800,DNF,TRUE,Abandoned,40,99.4,TRUE,1.6372222222222221,3.6783333333333332,-0.011700283805829588,-0.09375609312004306
580,Luigi PECORA,H,40-44M,734,Index 700–800,Finisher,FALSE,Other,200,173.6,TRUE,1.5563888888888888,3.5308333333333333,0.06913304952750372,0.05374390687995692
581,Yu-Hsiang HUANG,H,20-34M,733,Index 700–800,Finisher,FALSE,Other,200,173.6,TRUE,1.5247222222222223,3.395,0.10304000262807438,0.19464444722240923
582,Luis Miguel SANTOS,H,40-44M,733,Index 700–800,Finisher,FALSE,Other,200,173.6,TRUE,2.1794444444444445,5.076388888888889,-0.5516822195941479,-1.4867444416664801
583,Mathieu SANGUINETTI,H,35-39M,732,Index 700–800,Finisher,FALSE,Other,200,173.6,TRUE,1.6980555555555557,3.6555555555555554,-0.06804576801953334,-0.06082888641379071
584,Peter HRISTOV,H,35-39M,730,Index 700–800,Finisher,FALSE,Other,200,173.6,TRUE,1.7083333333333333,3.707777777777778,-0.07380645502716829,-0.1028413380964458
585,Cédric GOLEA,H,45-49M,731,Index 700–800,Finisher,FALSE,Other,200,173.6,TRUE,1.4980555555555555,3.2719444444444443,0.13420910507882056,0.3278795320194496
586,Tuomas TERVO,H,40-44M,696,Index 600–700,Finisher,FALSE,Other,200,173.6,TRUE,1.6725,3.6238888888888887,0.04355620850042636,0.16439237460390832
587,Patrice FRISON-ROCHE,H,40-44M,745,Index 700–800,DNF,TRUE,Abandoned,10,32.4,FALSE,1.688611111111111,3.737222222222222,-0.08726186083814735,-0.20741343589898778
588,Jaime BLACK,H,20-34M,729,Index 700–800,Finisher,FALSE,Other,200,173.6,TRUE,1.6366666666666667,3.5616666666666665,1.298080455287548e-4,0.04839746261994974
589,Stefano CAMAGLIO,H,35-39M,726,Index 700–800,DNF,TRUE,Abandoned,62,155.3,TRUE,1.7255555555555555,3.7866666666666666,-0.08190567761175217,-0.1611274053117582
590,Rémi BOUTEILLE,H,20-34M,728,Index 700–800,DNF,TRUE,Abandoned,58,144,TRUE,1.5044444444444445,3.4,0.13462903956882968,0.21520711577228302
591,Yuya OKADA,H,50-54M,728,Index 700–800,Finisher,FALSE,Other,200,173.6,TRUE,1.7572222222222222,3.803611111111111,-0.11814873820894806,-0.18840399533882823
592,Mauro Martin QUIMARE,H,20-34M,727,Index 700–800,Finisher,FALSE,Other,200,173.6,TRUE,1.5825,3.7683333333333335,0.05885794037020789,-0.14796786370246587
593,Luciano PILATTI,H,35-39M,727,Index 700–800,Finisher,FALSE,Other,200,173.6,TRUE,1.8525,3.938888888888889,-0.21114205962979213,-0.3185234192580215
594,Damien LEMASSON,H,20-34M,726,Index 700–800,Finisher,FALSE,Other,200,173.6,TRUE,1.6533333333333333,3.5619444444444444,-0.00968345538952998,0.06359481691046408
595,Galen HECHT,H,20-34M,725,Index 700–800,DNF,TRUE,Abandoned,28,81.3,TRUE,1.4136111111111112,3.186111111111111,0.23233821978375563,0.44461745032582844
596,Thomas BRENNEVAL,H,20-34M,725,Index 700–800,Finisher,FALSE,Other,200,173.6,TRUE,1.7258333333333333,3.747777777777778,-0.07988400243846651,-0.11704921634083858
597,Michal LESNIAK,H,35-39M,725,Index 700–800,Finisher,FALSE,Other,200,173.6,TRUE,1.621388888888889,3.5147222222222223,0.024560442005977855,0.116006339214717
598,Clément FONTENAY,H,20-34M,723,Index 700–800,Finisher,FALSE,Other,200,173.6,TRUE,1.5083333333333333,3.3405555555555555,0.1422375862392925,0.30059841308956586
599,Robin THOMAS,H,20-34M,723,Index 700–800,Finisher,FALSE,Other,200,173.6,TRUE,1.7038888888888888,3.703333333333333,-0.05331796931626294,-0.062179364688211926
602,William WEIDMAN,H,40-44M,718,Index 700–800,Finisher,FALSE,Other,200,173.6,TRUE,1.6725,3.720833333333333,-0.010241198370814313,-0.05333951592536949
603,Alexandre BECKERS,H,20-34M,718,Index 700–800,Finisher,FALSE,Other,200,173.6,TRUE,1.6488888888888888,3.587222222222222,0.013369912740296936,0.08027159518574162
604,Jerome TREIGNIER,H,40-44M,719,Index 700–800,Finisher,FALSE,Other,200,173.6,TRUE,1.8305555555555555,3.9194444444444443,-0.17064977102229836,-0.25725045941546787
605,Rhys LAWLER,H,40-44M,720,Index 700–800,Finisher,FALSE,Other,200,173.6,TRUE,1.621388888888889,3.5508333333333333,0.036171633051554394,0.10607682112240223
606,Pierre JORDAAN,H,35-39M,720,Index 700–800,Finisher,FALSE,Other,200,173.6,TRUE,1.676388888888889,3.6694444444444443,-0.018828366948445547,-0.012534289988708779
607,Sven VAN OTTEN,H,45-49M,722,Index 700–800,Finisher,FALSE,Other,200,173.6,TRUE,1.6983333333333333,3.629166666666667,-0.04544020971239869,0.017223550089676777
608,Felix NICOLE,H,20-34M,719,Index 700–800,Finisher,FALSE,Other,200,173.6,TRUE,1.6502777777777777,3.6055555555555556,0.009628006755479378,0.05663842947342082
609,Clément MICHY,H,20-34M,720,Index 700–800,Finisher,FALSE,Other,200,173.6,TRUE,1.5825,3.4166666666666665,0.07506052194044335,0.2402434877890691
610,Quentin FECHTER,H,40-44M,719,Index 700–800,Finisher,FALSE,Other,200,173.6,TRUE,1.6080555555555556,3.571111111111111,0.05185022897770155,0.09108287391786533
611,Tamás BELUS,H,45-49M,719,Index 700–800,Finisher,FALSE,Other,200,173.6,TRUE,1.78,3.888611111111111,-0.12009421546674294,-0.22641712608213455
612,Pete VALE,H,50-54M,718,Index 700–800,Finisher,FALSE,Other,200,173.6,TRUE,1.6247222222222222,3.6155555555555554,0.03753657940696361,0.051938261852408296
614,Martial POTTIER,H,35-39M,715,Index 700–800,Finisher,FALSE,Other,200,173.6,TRUE,1.7427777777777778,3.7688888888888887,-0.07341305623404915,-0.08539885858412882
615,Matthieu BRUNET,H,35-39M,715,Index 700–800,DNF,TRUE,Abandoned,48,114,TRUE,1.533611111111111,3.3355555555555556,0.13575361043261755,0.3479344747492045
616,Alexandre PROTIN,H,35-39M,755,Index 700–800,Finisher,FALSE,Other,200,173.6,TRUE,1.4772222222222222,3.171666666666667,0.10287401646435144,0.30984282833803567
617,Kamil DĄBROWSKI,H,35-39M,713,Index 700–800,Finisher,FALSE,Other,200,173.6,TRUE,1.6683333333333332,3.525,0.005808066950454948,0.169235473627851
620,Rafael BERTOMEU CARRASCOSA,H,35-39M,711,Index 700–800,Finisher,FALSE,Other,200,173.6,TRUE,1.8980555555555556,4.2525,-0.21910563865988783,-0.5474533840052049
621,David MISUREC,H,45-49M,711,Index 700–800,Finisher,FALSE,Other,200,173.6,TRUE,1.8708333333333333,4.206944444444445,-0.19188341643766557,-0.5018978284496494
622,Raphaël SCHIESTEL,H,20-34M,710,Index 700–800,Finisher,FALSE,Other,200,173.6,TRUE,1.7338888888888888,3.8227777777777776,-0.052522689083331915,-0.11230077722672417
623,Norihito GOTO,H,45-49M,696,Index 600–700,Finisher,FALSE,Other,200,173.6,TRUE,1.878611111111111,4.093333333333334,-0.1625549026106846,-0.30505206984053657
624,Antoine PORTETELLE,H,35-39M,705,Index 700–800,Finisher,FALSE,Other,200,173.6,TRUE,1.9027777777777777,4.143888888888889,-0.2092085509510152,-0.406009012127232
625,Guillaume SCHAEFFER,H,45-49M,709,Index 700–800,Finisher,FALSE,Other,200,173.6,TRUE,1.9730555555555556,4.267222222222222,-0.28926501088973433,-0.551298200876338
626,Llyr Bryn WILLIAMS,H,20-34M,709,Index 700–800,Finisher,FALSE,Other,200,173.6,TRUE,1.7794444444444444,3.886111111111111,-0.09565389977862317,-0.17018708976522662
627,Wing Yam MAN,H,40-44M,709,Index 700–800,Finisher,FALSE,Other,200,173.6,TRUE,1.9213888888888888,4.203611111111111,-0.23759834422306764,-0.48768708976522646
628,Aurélien LECUISINIER,H,20-34M,709,Index 700–800,DNF,TRUE,Abandoned,48,114,TRUE,1.6005555555555555,3.5544444444444445,0.08323498911026574,0.16147957690143994
629,Jean BURNET,H,45-49M,720,Index 700–800,Finisher,FALSE,Other,200,173.6,TRUE,1.4119444444444444,3.176388888888889,0.2456160774959989,0.48052126556684654
630,Mike STAINTHORPE,H,45-49M,707,Index 700–800,Finisher,FALSE,Other,200,173.6,TRUE,1.6855555555555555,3.6858333333333335,0.003108001325146249,0.04103492028807441
631,Wouter WAGENAAR,H,40-44M,704,Index 700–800,Finisher,FALSE,Other,200,173.6,TRUE,1.5791666666666666,3.460277777777778,0.11686772718433573,0.28313335835961695
633,Thomas GAUDINAUD,H,35-39M,704,Index 700–800,Finisher,FALSE,Other,200,173.6,TRUE,1.58,3.479722222222222,0.11603439385100227,0.2636889139151726
634,Alessandro ROSTAGNO,H,45-49M,702,Index 700–800,Finisher,FALSE,Other,200,173.6,TRUE,1.6402777777777777,3.6519444444444447,0.06071178502815636,0.10258045851833235
635,Baptiste VANGREVELYNGHE,H,20-34M,703,Index 700–800,Finisher,FALSE,Other,200,173.6,TRUE,2.2505555555555556,4.585833333333333,-0.5520477277650983,-0.8368738786264115
636,Charles CAI,H,20-34M,702,Index 700–800,Finisher,FALSE,Other,200,173.6,TRUE,1.7366666666666666,3.749722222222222,-0.035677103860732494,0.004802680740554793
637,Florian ROIRON,H,20-34M,702,Index 700–800,Finisher,FALSE,Other,200,173.6,TRUE,1.7327777777777778,3.7455555555555557,-0.03178821497184366,0.008969347407221223
638,Boris JORDAN,H,40-44M,700,Index 600–700,Finisher,FALSE,Other,200,173.6,TRUE,1.4955555555555555,3.1866666666666665,0.2104225171526243,0.5790408038369445
639,Michael KOLLY,H,20-34M,712,Index 700–800,Finisher,FALSE,Other,200,173.6,TRUE,1.7280555555555555,3.71,-0.051513893780208375,-0.0103672028154268
640,Aubin LE ROUX,H,20-34M,702,Index 700–800,Finisher,FALSE,Other,200,173.6,TRUE,1.4872222222222222,3.3275,0.21376734058371186,0.4270249029627771
641,Kazushi SAKURADA,H,50-54M,701,Index 700–800,Finisher,FALSE,Other,200,173.6,TRUE,1.9247222222222222,4.164444444444444,-0.22124258916398273,-0.40433689304695036
642,Reyes Giltro SATEBO SARABEACHI,H,40-44M,701,Index 700–800,Finisher,FALSE,Other,200,173.6,TRUE,1.5975,3.8505555555555557,0.10597963305823965,-0.0904480041580617
643,Ruben RODRIGUES,H,20-34M,701,Index 700–800,Finisher,FALSE,Other,200,173.6,TRUE,1.7547222222222223,3.7755555555555556,-0.051242589163982714,-0.0154480041580615
644,Sébastien LESCUYER,H,20-34M,698,Index 600–700,Finisher,FALSE,Other,200,173.6,TRUE,1.4841666666666666,3.286111111111111,0.22683353017752622,0.49084829158907645
645,Yann MORIN,H,40-44M,700,Index 600–700,Finisher,FALSE,Other,200,173.6,TRUE,1.7797222222222222,3.8583333333333334,-0.07374414951404239,-0.09262586282972252
646,Kevin MONCELLI,H,20-34M,700,Index 600–700,Finisher,FALSE,Other,200,173.6,TRUE,1.7019444444444445,3.7680555555555557,0.0040336282637353504,-0.0023480850519448553
647,Arthur DESALEUX,H,20-34M,699,Index 600–700,Finisher,FALSE,Other,200,173.6,TRUE,1.5238888888888888,3.3769444444444443,0.18459602702767322,0.39438028632921845
648,Josep CASADO FERRUS,H,45-49M,696,Index 600–700,Finisher,FALSE,Other,200,173.6,TRUE,1.6266666666666667,3.5569444444444445,0.08938954183375976,0.23133681904835257
649,Freek HENDRIKS,H,40-44M,699,Index 600–700,Finisher,FALSE,Other,200,173.6,TRUE,1.7433333333333334,3.8738888888888887,-0.03484841741677129,-0.10256415811522603
650,Nicolas VRAUNAT,H,40-44M,699,Index 600–700,Finisher,FALSE,Other,200,173.6,TRUE,1.855,4.1177777777777775,-0.14651508408343794,-0.34645304700411483
651,Benjamin LEITNER,H,35-39M,694,Index 600–700,DNF,TRUE,Abandoned,48,114,TRUE,1.6780555555555556,3.5661111111111112,0.04309082540777876,0.23356250571061873
652,Yongkang ZHOU,H,35-39M,698,Index 600–700,Finisher,FALSE,Other,200,173.6,TRUE,1.8019444444444443,4.235277777777778,-0.09094424760025147,-0.4583183750775907
653,Carlo PISANO,H,40-44M,696,Index 600–700,Finisher,FALSE,Other,200,173.6,TRUE,1.6425,3.511111111111111,0.07355620850042639,0.2771701523816859
654,Damien MITAULT,H,20-34M,696,Index 600–700,Finisher,FALSE,Other,200,173.6,TRUE,1.5980555555555556,3.5075,0.1180006529448709,0.28078126349279714
655,Simon BERLAND,H,35-39M,695,Index 600–700,Finisher,FALSE,Other,200,173.6,TRUE,1.7072222222222222,3.7111111111111112,0.011374785328420811,0.08285748223284353
656,Benjamin DELATTRE,H,35-39M,695,Index 600–700,Finisher,FALSE,Other,200,173.6,TRUE,1.8480555555555556,3.968888888888889,-0.1294585480049126,-0.17492029554493416
657,Andrew CLARKSON,H,35-39M,695,Index 600–700,Finisher,FALSE,Other,200,173.6,TRUE,1.7130555555555556,3.8755555555555556,0.005541451995087455,-0.08158696221160086
658,Xiaoming YE,H,45-49M,694,Index 600–700,Finisher,FALSE,Other,200,173.6,TRUE,1.965,4.394166666666667,-0.24385361903666572,-0.594493049844937
659,Taofik HIDAYAT,H,35-39M,699,Index 600–700,Finisher,FALSE,Other,200,173.6,TRUE,1.8116666666666668,4.298333333333333,-0.10318175075010466,-0.5270086025596703
660,Henri VANSTRACEELE,H,20-34M,693,Index 600–700,Finisher,FALSE,Other,200,173.6,TRUE,2.2505555555555556,4.585555555555556,-0.5268511926562478,-0.7801591511368963
661,Tanguy EPALE,H,50-54M,689,Index 600–700,Finisher,FALSE,Other,200,173.6,TRUE,1.9233333333333333,4.235,-0.1893102742411797,-0.40653339415136386
662,Romain ADAM,H,35-39M,693,Index 600–700,Finisher,FALSE,Other,200,173.6,TRUE,1.6297222222222223,3.618888888888889,0.09398214067708542,0.18650751552977038
663,Edouard GODINEAU,H,45-49M,692,Index 600–700,Finisher,FALSE,Other,200,173.6,TRUE,1.4944444444444445,3.2930555555555556,0.23182654307492526,0.5180814710717224
664,Nathan SIGAUD,H,20-34M,691,Index 600–700,Finisher,FALSE,Other,200,173.6,TRUE,1.611388888888889,3.591388888888889,0.11745740009543781,0.22550666505123387
665,Miguel VILAR MIJÓN,H,40-44M,691,Index 600–700,DNF,TRUE,Abandoned,58,144,TRUE,1.576111111111111,3.4775,0.15273517787321575,0.3393955539401229
666,Mohammadalee BINLATEH,H,45-49M,692,Index 600–700,Finisher,FALSE,Other,200,173.6,TRUE,1.9930555555555556,4.409722222222222,-0.2667845680361859,-0.5985851955949444
667,Guillaume AUTHIER,H,40-44M,690,Index 600–700,Finisher,FALSE,Other,200,173.6,TRUE,1.7905555555555555,3.8652777777777776,-0.05912525410056928,-0.04260572092804745
668,Borja ARIAS,H,50-54M,689,Index 600–700,Finisher,FALSE,Other,200,173.6,TRUE,1.6794444444444445,3.660833333333333,0.05457861464770918,0.16763327251530333
669,Thorbjørn PATSCHEIDER,H,35-39M,689,Index 600–700,Finisher,FALSE,Other,200,173.6,TRUE,1.9941666666666666,4.256111111111111,-0.26014360757451294,-0.4276445052624747
670,Jacopo FIASCHI,H,45-49M,689,Index 600–700,Finisher,FALSE,Other,200,173.6,TRUE,1.6705555555555556,3.6530555555555555,0.06346750353659814,0.175411050293081
671,Matthieu HARDY,H,35-39M,688,Index 600–700,Finisher,FALSE,Other,200,173.6,TRUE,1.9669444444444444,4.196666666666666,-0.2303198483878077,-0.3623873952372887
672,Benoît THOMYRE,H,35-39M,688,Index 600–700,Finisher,FALSE,Other,200,173.6,TRUE,1.7297222222222222,3.7716666666666665,0.006902373834414568,0.0626126047627111
673,Lars GYSIN,H,20-34M,687,Index 600–700,Finisher,FALSE,Other,200,173.6,TRUE,1.5438888888888889,3.511111111111111,0.19534605762035254,0.32899901297338
674,Hunyoung CHOI,H,40-44M,686,Index 600–700,Finisher,FALSE,Other,200,173.6,TRUE,1.5052777777777777,3.359722222222222,0.23657636683299704,0.48623701208428993
675,Mark BEZZINA,H,40-44M,686,Index 600–700,Finisher,FALSE,Other,200,173.6,TRUE,1.7969444444444445,3.9630555555555556,-0.05509029983366966,-0.11709632124904372
676,Jeff MCKENNA,H,40-44M,686,Index 600–700,Finisher,FALSE,Other,200,173.6,TRUE,2.0097222222222224,4.450555555555556,-0.2678680776114476,-0.60459632124904406
677,Jose TORRES TORRES,H,20-34M,686,Index 600–700,DNF,TRUE,Abandoned,30,NA,TRUE,2.2805555555555554,5.285277777777778,-0.5387014109447806,-1.4393185434712663
678,Martin SAENZ,H,45-49M,685,Index 600–700,Finisher,FALSE,Other,200,173.6,TRUE,1.5075,3.381388888888889,0.2369822245220435,0.4704377836990877
679,Dongkuk JANG,H,50-54M,685,Index 600–700,Finisher,FALSE,Other,200,173.6,TRUE,1.613888888888889,3.808333333333333,0.13059333563315467,0.043493339254643396
680,David PARKER,H,45-49M,682,Index 600–700,Finisher,FALSE,Other,200,173.6,TRUE,1.7052777777777777,3.790277777777778,0.04714231894455038,0.07926188293662197
681,Pepe RIGAU,H,45-49M,684,Index 600–700,Finisher,FALSE,Other,200,173.6,TRUE,1.6397222222222223,3.611388888888889,0.10739699818163198,0.24632362053253323
682,Charles JACQUET,H,35-39M,684,Index 600–700,Finisher,FALSE,Other,200,173.6,TRUE,1.8072222222222223,4.129444444444444,-0.060103001818368064,-0.2717319350230219
683,Jonathan TRIFIN,H,40-44M,684,Index 600–700,Finisher,FALSE,Other,200,173.6,TRUE,1.9202777777777778,4.2027777777777775,-0.17315855737392352,-0.34506526835635526
684,Georges-Adrien NAUDIN,H,20-34M,707,Index 700–800,Finisher,FALSE,Other,200,173.6,TRUE,1.565,3.4066666666666667,0.12366355688070178,0.3202015869547415
685,Nozomu NIWA,H,45-49M,684,Index 600–700,DNF,TRUE,Abandoned,52,127.5,TRUE,1.801111111111111,3.9030555555555555,-0.053991890707256886,-0.045343046134133286
686,Jeff VAN DER SANDE LACOSTE,H,35-39M,681,Index 600–700,Finisher,FALSE,Other,200,173.6,TRUE,1.5475,3.3561111111111113,0.20758404548060444,0.5193700050478934
687,Manfred SUSTRATE,H,20-34M,682,Index 600–700,Finisher,FALSE,Other,200,173.6,TRUE,1.7847222222222223,3.9266666666666667,-0.03230212549989432,-0.05712700595226687
688,Martin HUDAK,H,50-54M,682,Index 600–700,Finisher,FALSE,Other,200,173.6,TRUE,1.7661111111111112,3.937777777777778,-0.013691014388783163,-0.06823811706337794
689,Maximilien VANICATTE,H,40-44M,682,Index 600–700,Finisher,FALSE,Other,200,173.6,TRUE,1.79,3.788611111111111,-0.037579903277672036,0.08092854960328891
690,Marcin GWIŻDŻ,H,50-54M,682,Index 600–700,Finisher,FALSE,Other,200,173.6,TRUE,1.7891666666666666,3.9008333333333334,-0.03674656994433857,-0.031293672618933524
691,Laurynas REMEIKA,H,40-44M,693,Index 600–700,Finisher,FALSE,Other,200,173.6,TRUE,1.7166666666666666,3.723888888888889,0.007037696232641151,0.08150751552977038
692,Benjamin FIGUERAS,H,40-44M,681,Index 600–700,Finisher,FALSE,Other,200,173.6,TRUE,1.7041666666666666,3.765277777777778,0.050917378813937916,0.11020333838122678
693,Julien CAZORLA,H,45-49M,681,Index 600–700,Finisher,FALSE,Other,200,173.6,TRUE,1.7258333333333333,3.8361111111111112,0.029250712147271197,0.03937000504789347
694,Loïc MASCRÉ,H,20-34M,681,Index 600–700,Finisher,FALSE,Other,200,173.6,TRUE,1.8408333333333333,4.065277777777778,-0.0857492878527288,-0.18979666161877337
695,Tom CARTWRIGHT,H,40-44M,681,Index 600–700,Finisher,FALSE,Other,200,173.6,TRUE,1.7113888888888888,3.6216666666666666,0.043695156591715675,0.25381444949233817
696,Nicolas DE SCHRYVER,H,40-44M,680,Index 600–700,Finisher,FALSE,Other,200,173.6,TRUE,1.8038888888888889,4.165,-0.04613184203623923,-0.2835587478742648
697,Donatien COTINET,H,20-34M,680,Index 600–700,Finisher,FALSE,Other,200,173.6,TRUE,1.8397222222222223,3.9902777777777776,-0.08196517536957261,-0.10883652565204237
698,Hadrien DEVALLOIS,H,35-39M,680,Index 600–700,Finisher,FALSE,Other,200,173.6,TRUE,1.6516666666666666,3.660833333333333,0.10609038018598305,0.22060791879240205
699,Guillaume GRIMA,H,20-34M,694,Index 600–700,Finisher,FALSE,Other,200,173.6,TRUE,1.6733333333333333,3.7205555555555554,0.047813047630001056,0.07911806126617459
700,Nicolas HUARD,H,35-39M,680,Index 600–700,Finisher,FALSE,Other,200,173.6,TRUE,1.8716666666666666,4.1738888888888885,-0.11390961981401694,-0.29244763676315333
701,Tom WOOLLEY,H,40-44M,680,Index 600–700,Finisher,FALSE,Other,200,173.6,TRUE,1.5769444444444445,3.4466666666666668,0.18081260240820513,0.43477458545906855
702,Jerome GOUAN,H,50-54M,679,Index 600–700,Finisher,FALSE,Other,200,173.6,TRUE,1.9047222222222222,4.170833333333333,-0.14428308722295208,-0.2834131942262052
703,Basile DARBELLAY,H,45-49M,679,Index 600–700,DNF,TRUE,Abandoned,10,32.4,FALSE,1.5369444444444444,3.7216666666666667,0.2234946905548257,0.16575347244046162
704,Matt THOMPSON,H,40-44M,678,Index 600–700,DNF,TRUE,Abandoned,26,76.4,FALSE,1.7136111111111112,3.8755555555555556,0.04951923297016144,0.017862292040163628
705,Nicolas ZALEJSKI,H,35-39M,679,Index 600–700,Finisher,FALSE,Other,200,173.6,TRUE,1.6116666666666666,3.575,0.14877246833260357,0.312420139107128
706,Nick LUDEN,H,40-44M,677,Index 600–700,Finisher,FALSE,Other,200,173.6,TRUE,1.8063888888888888,3.866111111111111,-0.04055818062942496,0.033323336972933985
707,Jared PENTECOST,H,20-34M,677,Index 600–700,Finisher,FALSE,Other,200,173.6,TRUE,1.7138888888888888,3.738888888888889,0.05194181937057507,0.1605455591951561
708,Oscar MONJE,H,40-44M,677,Index 600–700,Finisher,FALSE,Other,200,173.6,TRUE,1.6569444444444446,3.6930555555555555,0.10888626381501933,0.20637889252848948
709,Jeremy DOUGLAS,H,40-44M,677,Index 600–700,DNF,TRUE,Abandoned,10,32.4,FALSE,2.075277777777778,4.844444444444444,-0.3094470695183141,-0.945009996360399
710,Jim VILLIERS,H,55-59M,675,Index 600–700,DNF,TRUE,Abandoned,52,127.5,TRUE,1.4938888888888888,3.4633333333333334,0.27737014965875006,0.4481912736967129
711,Maxence CURDY,H,35-39M,676,Index 600–700,Finisher,FALSE,Other,200,173.6,TRUE,1.653888888888889,3.6458333333333335,0.11465137280576128,0.25963667773130916
712,Lucas CHABANOL,H,20-34M,676,Index 600–700,Finisher,FALSE,Other,200,173.6,TRUE,1.86,4.0525,-0.09145973830534986,-0.14702998893535757
713,Daniel ALMONACID VICTORIANO,H,45-49M,673,Index 600–700,Finisher,FALSE,Other,200,173.6,TRUE,1.7944444444444445,4.095833333333333,-0.01772004529419616,-0.1721421534479106
714,Julien TAPIERO,H,40-44M,674,Index 600–700,DNF,TRUE,Abandoned,48,114,TRUE,1.8372222222222223,4.3005555555555555,-0.06323514924298641,-0.38295724908276085
715,Alberto GARCIA GOMEZ,H,40-44M,674,Index 600–700,DNF,TRUE,Abandoned,48,114,TRUE,1.6833333333333333,3.7286111111111113,0.09065373964590262,0.18898719536168318
716,Theo PEROSINO-GRAVALLON,H,20-34M,674,Index 600–700,Finisher,FALSE,Other,200,173.6,TRUE,1.9027777777777777,4.006111111111111,-0.12879070479854177,-0.0885128046383166
717,Cyrille FANO,H,40-44M,686,Index 600–700,DNF,TRUE,Abandoned,58,144,TRUE,1.5852777777777778,3.4875,0.15657636683299697,0.35845923430651216
718,Sean CANNING,H,35-39M,673,Index 600–700,Finisher,FALSE,Other,200,173.6,TRUE,1.9130555555555555,4.113333333333333,-0.13633115640530716,-0.18964215344791066
719,Ryan MAIZE,H,20-34M,673,Index 600–700,Finisher,FALSE,Other,200,173.6,TRUE,1.968888888888889,4.278333333333333,-0.19216448973864056,-0.35464215344791084
720,Philippe CAMPOLINI,H,40-44M,673,Index 600–700,Finisher,FALSE,Other,200,173.6,TRUE,2.5241666666666664,5.474166666666667,-0.747442267516418,-1.5504754867812442
721,Matthieu LAFFORT,H,20-34M,673,Index 600–700,Finisher,FALSE,Other,200,173.6,TRUE,1.7880555555555555,4.126666666666667,-0.011331156405307163,-0.2029754867812443
722,Pierre BRUNET,H,20-34M,672,Index 600–700,Finisher,FALSE,Other,200,173.6,TRUE,1.8844444444444444,4.1433333333333335,-0.10497339322296137,-0.21353003557286654
723,Daniel SCHNEIDER,H,40-44M,672,Index 600–700,Finisher,FALSE,Other,200,173.6,TRUE,1.6944444444444444,3.772777777777778,0.08502660677703859,0.15702551998268918
724,Mark RABAIOTTI,H,40-44M,670,Index 600–700,Finisher,FALSE,Other,200,173.6,TRUE,1.7425,3.7491666666666665,0.0424924697078451,0.1929188822012839
725,Edouard PETITPIERRE,H,20-34M,671,Index 600–700,Finisher,FALSE,Other,200,173.6,TRUE,2.036388888888889,4.4911111111111115,-0.2541618255351426,-0.555176380520647
726,Robin SIPS,H,40-44M,670,Index 600–700,Finisher,FALSE,Other,200,173.6,TRUE,2.169722222222222,4.592777777777778,-0.3847297525143771,-0.6506922289098277
727,Arthur LOYE,H,20-34M,724,Index 700–800,Finisher,FALSE,Other,200,173.6,TRUE,1.885,4.2027777777777775,-0.23674366661579452,-0.5668443374082794
728,Charles STEMART,H,20-34M,668,Index 600–700,DNF,TRUE,Abandoned,48,114,TRUE,1.6741666666666666,3.692222222222222,0.11638493505810864,0.26222340151331286
729,Beat LUSSI,H,45-49M,676,Index 600–700,Finisher,FALSE,Other,200,173.6,TRUE,1.6230555555555555,3.7672222222222222,0.1454847061390947,0.1382477888424204
731,Antonio KARANFILOSKI,H,20-34M,669,Index 600–700,Finisher,FALSE,Other,200,173.6,TRUE,2.0625,4.571666666666666,-0.2747326955554141,-0.6234108435812047
732,Martin MARVIE,H,20-34M,661,Index 600–700,Finisher,FALSE,Other,200,173.6,TRUE,1.9669444444444444,4.2411111111111115,-0.1566349410340179,-0.24278422134028688
733,Daniel GUERRERO NISTAL,H,50-54M,665,Index 600–700,Finisher,FALSE,Other,200,173.6,TRUE,1.771111111111111,3.9408333333333334,0.027850499322991492,0.03229955587315442
735,Tobias BOGNER,H,35-39M,667,Index 600–700,Finisher,FALSE,Other,200,173.6,TRUE,1.635,3.6733333333333333,0.15834539570922007,0.28732168797737256
736,Daniel GARCIA PALAZON,H,50-54M,667,Index 600–700,Finisher,FALSE,Other,200,173.6,TRUE,1.9216666666666666,4.114444444444445,-0.12832127095744658,-0.15378942313373864
737,Gerald HEMETSBERGER,H,40-44M,666,Index 600–700,Finisher,FALSE,Other,200,173.6,TRUE,1.7416666666666667,3.8441666666666667,0.054482053892060255,0.1227174196368448
738,Teddy BRESSON,H,35-39M,666,Index 600–700,Finisher,FALSE,Other,200,173.6,TRUE,1.9105555555555556,4.243888888888889,-0.11440683499682863,-0.2770048025853772
739,Jaume GRIMAU,H,20-34M,666,Index 600–700,Finisher,FALSE,Other,200,173.6,TRUE,2.0919444444444446,4.611666666666666,-0.2957957238857176,-0.6447825803631548
740,Stanislas EBRARD,H,40-44M,665,Index 600–700,Finisher,FALSE,Other,200,173.6,TRUE,1.6894444444444445,3.6630555555555557,0.10951716598965804,0.3100773336509321
741,Stieven GALLE,H,40-44M,661,Index 600–700,Finisher,FALSE,Other,200,173.6,TRUE,2.0669444444444443,4.549444444444444,-0.2566349410340177,-0.5511175546736197
742,Adrien LEYRONAS,H,20-34M,665,Index 600–700,Finisher,FALSE,Other,200,173.6,TRUE,1.7344444444444445,3.7483333333333335,0.0645171659896581,0.22479955587315434
743,Théophile MEUNIER,H,20-34M,664,Index 600–700,Finisher,FALSE,Other,200,173.6,TRUE,1.511388888888889,3.3766666666666665,0.29039521060726475,0.602734833845504
744,Alberto OJEDA CASADO,H,45-49M,664,Index 600–700,Finisher,FALSE,Other,200,173.6,TRUE,1.7252777777777777,3.806111111111111,0.076506321718376,0.1732903894010594
745,Tyler BURKE,H,40-44M,663,Index 600–700,Finisher,FALSE,Other,200,173.6,TRUE,2.0019444444444443,4.293333333333333,-0.19732822253875712,-0.30764334262023585
746,Benjamin FUCHS,H,40-44M,664,Index 600–700,DNF,TRUE,Abandoned,10,32.4,FALSE,1.8247222222222221,4.495555555555556,-0.02293812272606847,-0.5161540550433853
747,Christian VANBLOMMESTEIN,H,45-49M,664,Index 600–700,Finisher,FALSE,Other,200,173.6,TRUE,1.7955555555555556,3.9033333333333333,0.0062285439405980894,0.07606816717883708
748,Simon MICHELLIER,H,40-44M,663,Index 600–700,Finisher,FALSE,Other,200,173.6,TRUE,1.7133333333333334,3.77,0.0912828885723538,0.21568999071309705
749,Fabien GOBY,H,45-49M,663,Index 600–700,Finisher,FALSE,Other,200,173.6,TRUE,1.7963888888888888,3.953888888888889,0.00822733301679835,0.031801101824208276
750,Emmanuel DENIS,H,50-54M,662,Index 600–700,Finisher,FALSE,Other,200,173.6,TRUE,1.7413888888888889,3.8894444444444445,0.06606912293462017,0.10255398585735817
751,Jonathan LATTION,H,20-34M,663,Index 600–700,Finisher,FALSE,Other,200,173.6,TRUE,1.7794444444444444,3.861111111111111,0.02517177746124278,0.12457887960198588
752,Paweł KUBERA,H,40-44M,663,Index 600–700,DNF,TRUE,Abandoned,10,32.4,FALSE,1.995,4.307777777777778,-0.19038377809431292,-0.3220877870646808
753,Baptiste LEFEVRE,H,20-34M,660,Index 600–700,Finisher,FALSE,Other,200,173.6,TRUE,1.6047222222222222,3.5477777777777777,0.20844850860502392,0.45689766183492075
754,Olivier CATONI,H,45-49M,663,Index 600–700,Finisher,FALSE,Other,200,173.6,TRUE,1.865,4.083055555555555,-0.060383778094312814,-0.09736556484245817
755,Kazuaki KAWAUCHI,H,20-34M,663,Index 600–700,Finisher,FALSE,Other,200,173.6,TRUE,2.0316666666666667,4.430555555555555,-0.22705044476097955,-0.4448655648424582
756,Abdulkadir TOPKARAOGLU,H,35-39M,659,Index 600–700,Finisher,FALSE,Other,200,173.6,TRUE,1.9580555555555557,4.104444444444445,-0.14201382732078127,-0.09340029412448332
757,Serafin MORENO MANZANO,H,50-54M,662,Index 600–700,Finisher,FALSE,Other,200,173.6,TRUE,1.7819444444444446,3.9980555555555557,0.025513567379064468,-0.006057125253753043
758,Antoine FALCONNIER,H,45-49M,661,Index 600–700,Finisher,FALSE,Other,200,173.6,TRUE,1.6536111111111111,3.6258333333333335,0.15669839229931537,0.37249355643749105
759,Guilhem JOUVE,H,40-44M,661,Index 600–700,Finisher,FALSE,Other,200,173.6,TRUE,1.7352777777777777,3.8669444444444445,0.07503172563264883,0.13138244532638005
760,Albert GRIMAU,H,35-39M,657,Index 600–700,Finisher,FALSE,Other,200,173.6,TRUE,1.8925,4.206944444444445,-0.07068683033481571,-0.1831021081436473
761,Michael GARNEAU,H,35-39M,661,Index 600–700,Finisher,FALSE,Other,200,173.6,TRUE,2.0391666666666666,4.516666666666667,-0.2288571632562401,-0.5183397768958421
762,Ján SAMELIAK,H,40-44M,658,Index 600–700,Finisher,FALSE,Other,200,173.6,TRUE,1.9305555555555556,4.205555555555556,-0.11163302576173732,-0.18812246317040676
763,Matthew COAKES,H,50-54M,661,Index 600–700,Finisher,FALSE,Other,200,173.6,TRUE,2.1294444444444443,4.7972222222222225,-0.3191349410340177,-0.7988953324513981
764,Justin LANGEVIN,H,20-34M,660,Index 600–700,Finisher,FALSE,Other,200,173.6,TRUE,2.0408333333333335,4.516944444444444,-0.2276626025060874,-0.512269004831746
765,Thomas BESNIER,H,20-34M,660,Index 600–700,Finisher,FALSE,Other,200,173.6,TRUE,1.515,3.431111111111111,0.2981707308272463,0.5735643285015875
766,Paulo Sergio ROSADO BATISTA,H,50-54M,659,Index 600–700,Finisher,FALSE,Other,200,173.6,TRUE,1.7252777777777777,3.806388888888889,0.0907639504569967,0.20465526143107254
768,Jonas SIBER,H,35-39M,658,Index 600–700,Finisher,FALSE,Other,200,173.6,TRUE,1.676111111111111,3.693611111111111,0.1428114186827072,0.32382198127403766
769,Clément BECQUET,H,35-39M,658,Index 600–700,Finisher,FALSE,Other,200,173.6,TRUE,1.7230555555555556,3.7288888888888887,0.09586697423826274,0.28854420349626014
770,Florian BONHOURE,H,20-34M,660,Index 600–700,Finisher,FALSE,Other,200,173.6,TRUE,1.6722222222222223,3.714166666666667,0.1409485086050238,0.2905087729460316
771,Valentin GROSSE,H,35-39M,658,Index 600–700,Finisher,FALSE,Other,200,173.6,TRUE,2.0980555555555553,4.536666666666667,-0.27913302576173704,-0.5192335742815183
773,Maxime BIBEAU-CÔTÉ,H,35-39M,657,Index 600–700,DNF,TRUE,Abandoned,40,99.4,TRUE,1.6322222222222222,3.69,0.18959094744296204,0.33384233630079746
774,Lorenzo SOLIGO,H,45-49M,657,Index 600–700,Finisher,FALSE,Other,200,173.6,TRUE,1.7655555555555555,3.9005555555555556,0.056257614109628776,0.1232867807452418
775,Alessandro ROLFINI,H,35-39M,663,Index 600–700,Finisher,FALSE,Other,200,173.6,TRUE,1.8944444444444444,4.1033333333333335,-0.08982822253875719,-0.11764334262023646
776,Laurent LABIT,H,50-54M,655,Index 600–700,Finisher,FALSE,Other,200,173.6,TRUE,1.7927777777777778,3.852777777777778,0.034846323210331646,0.18394423387584624
777,Klodian JAHO,H,45-49M,654,Index 600–700,Finisher,FALSE,Other,200,173.6,TRUE,1.7283333333333333,3.827777777777778,0.10221112742794868,0.21541480629809626
778,Sven LATRUWE,H,35-39M,683,Index 600–700,DNF,TRUE,Abandoned,52,127.5,TRUE,2.2405555555555554,4.7252777777777775,-0.49079038913854195,-0.8616609624783929
779,Omar EL SAWY,H,35-39M,654,Index 600–700,Finisher,FALSE,Other,200,173.6,TRUE,1.6766666666666667,3.6719444444444442,0.1538777940946152,0.37124813963143005
780,Alexis MATTHYS,H,40-44M,651,Index 600–700,Finisher,FALSE,Other,200,173.6,TRUE,1.9413888888888888,4.3133333333333335,-0.10202336243156966,-0.2506052470969238
781,Jordi JUSTICIA,H,45-49M,655,Index 600–700,DNF,TRUE,Abandoned,52,127.5,TRUE,1.755,4.021111111111111,0.07262410098810958,0.015610900542513234
782,Lucas MARTINS DA SILVA,H,45-49M,655,Index 600–700,Finisher,FALSE,Other,200,173.6,TRUE,1.6058333333333332,3.562222222222222,0.22179076765477623,0.4744997894314019
783,Alexandre BAUDOUARD,H,20-34M,654,Index 600–700,DNF,TRUE,Abandoned,48,114,TRUE,1.7094444444444445,3.8427777777777776,0.12110001631683741,0.20041480629809658
784,Geoffrey MATHON,H,45-49M,642,Index 600–700,Finisher,FALSE,Other,200,173.6,TRUE,1.6583333333333334,3.8444444444444446,0.20804312628943686,0.2780177926465936
785,Johann VAILLANT,H,40-44M,653,Index 600–700,Finisher,FALSE,Other,200,173.6,TRUE,1.9977777777777779,4.291666666666667,-0.16430298228777468,-0.24198292634793606
786,Kaito NIWA,H,20-34M,650,Index 600–700,Finisher,FALSE,Other,200,173.6,TRUE,1.7158333333333333,3.8925,0.1264926576841938,0.1767814168963037
787,Antoine OLIVIER,H,20-34M,652,Index 600–700,Finisher,FALSE,Other,200,173.6,TRUE,1.7830555555555556,3.8536111111111113,0.05335958377952446,0.20258443976361928
788,Alexandre ARNOUX,H,35-39M,652,Index 600–700,Finisher,FALSE,Other,200,173.6,TRUE,1.8347222222222221,3.9477777777777776,0.0016929171128579545,0.108417773096953
789,Frédéric ESMILAIRE,H,40-44M,651,Index 600–700,Finisher,FALSE,Other,200,173.6,TRUE,2.063888888888889,4.415277777777778,-0.22452336243156992,-0.3525496915413683
790,Ullas NARAYANA,H,45-49M,669,Index 600–700,DNF,TRUE,Abandoned,52,127.5,TRUE,1.8133333333333332,4.018611111111111,-0.02556602888874739,-0.0703552880256496
791,Andrew DORAIS,H,45-49M,652,Index 600–700,Finisher,FALSE,Other,200,173.6,TRUE,1.5602777777777779,3.4266666666666667,0.2761373615573023,0.629528884208064
794,Maxime BURGY,H,40-44M,650,Index 600–700,Finisher,FALSE,Other,200,173.6,TRUE,1.655,3.7158333333333333,0.1873259910175271,0.35344808356297047
795,Julien JAGER,H,20-34M,650,Index 600–700,Finisher,FALSE,Other,200,173.6,TRUE,2.3558333333333334,5.1194444444444445,-0.5135073423158063,-1.0501630275481408
796,Joaquín CASADO PULPEIRO,H,20-34M,667,Index 600–700,Finisher,FALSE,Other,200,173.6,TRUE,1.7538888888888888,3.886111111111111,0.03945650682033128,0.07454391019959486
797,Conran BOYTON,H,20-34M,649,Index 600–700,Finisher,FALSE,Other,200,173.6,TRUE,1.7641666666666667,3.863611111111111,0.08112990050984382,0.212244502235839
798,Damien RENEL,H,40-44M,648,Index 600–700,Finisher,FALSE,Other,200,173.6,TRUE,1.741111111111111,3.89,0.10716617798396498,0.19245074608088392
799,Alexandre VELUT,H,45-49M,648,Index 600–700,Finisher,FALSE,Other,200,173.6,TRUE,1.7127777777777777,3.738888888888889,0.13549951131729832,0.34356185719199517
800,Grégory FRENNET,H,40-44M,648,Index 600–700,Finisher,FALSE,Other,200,173.6,TRUE,NA,4.065277777777778,NA,0.017172968303105832
801,Adrien GOFFI,H,35-39M,648,Index 600–700,DNF,TRUE,Abandoned,40,99.4,TRUE,1.9719444444444445,4.526111111111111,-0.12366715534936847,-0.4436603650302266
802,Marc-Antoine FORAND,H,35-39M,648,Index 600–700,Finisher,FALSE,Other,200,173.6,TRUE,1.5441666666666667,3.4544444444444444,0.30411062242840936,0.6280063016364398
803,Benjamin WILSON,H,40-44M,669,Index 600–700,Finisher,FALSE,Other,200,173.6,TRUE,1.8122222222222222,4.006944444444445,-0.024454917777636326,-0.05868862135898289
804,Ondřej ZÁBOJNÍK,H,35-39M,647,Index 600–700,Finisher,FALSE,Other,200,173.6,TRUE,2.2197222222222224,4.835277777777778,-0.3684540312881917,-0.7462108921871345
805,Rémy GUICHARD,H,35-39M,647,Index 600–700,Finisher,FALSE,Other,200,173.6,TRUE,1.6247222222222222,3.692222222222222,0.22654596871180846,0.3968446633684211
806,Jose Carlos CORCHERO CABELLO,H,50-54M,646,Index 600–700,Finisher,FALSE,Other,200,173.6,TRUE,1.9180555555555556,4.052222222222222,-0.0637862487013747,0.04348188014654031
808,Franck BAYETTE,H,35-39M,646,Index 600–700,DNF,TRUE,Abandoned,51,127.5,TRUE,1.7330555555555556,3.879166666666667,0.12121375129862538,0.21653743570209574
809,Gentian LIKAJ,H,35-39M,646,Index 600–700,Finisher,FALSE,Other,200,173.6,TRUE,1.705,3.8155555555555556,0.14926930685418086,0.28014854681320706
810,Erik ENG,H,45-49M,646,Index 600–700,Finisher,FALSE,Other,200,173.6,TRUE,1.8966666666666667,4.246111111111111,-0.04239735981248582,-0.15040700874234864
811,Maxime SORBIER,H,40-44M,646,Index 600–700,Finisher,FALSE,Other,200,173.6,TRUE,1.7483333333333333,3.9075,0.10593597352084766,0.18820410236876242
812,Hilmi GÜVEN,H,45-49M,646,Index 600–700,Finisher,FALSE,Other,200,173.6,TRUE,2.0180555555555557,4.705277777777778,-0.16378624870137481,-0.6095736754090153
813,Raphael LANCHON DALMARD,H,35-39M,651,Index 600–700,Finisher,FALSE,Other,200,173.6,TRUE,2.013611111111111,4.035833333333334,-0.17424558465379184,0.026894752903076025
815,Fabien BORNES,H,45-49M,645,Index 600–700,Finisher,FALSE,Other,200,173.6,TRUE,1.761111111111111,3.8963888888888887,0.0961695599052221,0.20597357801889046
816,Axel POUDES,H,45-49M,645,Index 600–700,Finisher,FALSE,Other,200,173.6,TRUE,1.8302777777777777,4.0325,0.02700289323855543,0.06986246690777943
818,Jan BOGAERT,H,45-49M,644,Index 600–700,Finisher,FALSE,Other,200,173.6,TRUE,2.4383333333333335,5.4655555555555555,-0.5780310157520391,-1.3565136138154943
819,Benjamin ATKINS,H,50-54M,644,Index 600–700,Finisher,FALSE,Other,200,173.6,TRUE,1.6744444444444444,3.676111111111111,0.18585787313684993,0.43293083062894994
820,Hadrien GROS,H,20-34M,647,Index 600–700,DNF,TRUE,Abandoned,16,52.2,FALSE,2.3133333333333335,5.246111111111111,-0.46206514239930285,-1.157044225520468
821,Naoki TANAKA,H,45-49M,643,Index 600–700,Finisher,FALSE,Other,200,173.6,TRUE,1.8944444444444444,4.164444444444444,-0.031110164814094027,-0.04870238688713964
822,Vincent DUPUIS,H,35-39M,642,Index 600–700,Finisher,FALSE,Other,200,173.6,TRUE,1.8308333333333333,3.914722222222222,0.03554312628943695,0.20774001486881594
823,Marcus NORDGREN,H,40-44M,641,Index 600–700,Finisher,FALSE,Other,200,173.6,TRUE,2.1675,4.801944444444445,-0.29807149366956526,-0.6727425413716556
824,Sergey SHELKOVOY,H,40-44M,643,Index 600–700,Finisher,FALSE,Other,200,173.6,TRUE,1.7625,3.9558333333333335,0.10083427963035041,0.1599087242239712
825,Sébastien DEPASSE,H,20-34M,642,Index 600–700,Finisher,FALSE,Other,200,173.6,TRUE,1.7883333333333333,3.897222222222222,0.07804312628943696,0.225240014868816
826,Alfonso ALZUGARAY IZU,H,40-44M,642,Index 600–700,DNF,TRUE,Abandoned,48,114,TRUE,1.8408333333333333,3.8480555555555553,0.02554312628943694,0.2744066815354828
827,Jean-Baptiste BOUCHOUX,H,35-39M,642,Index 600–700,Finisher,FALSE,Other,200,173.6,TRUE,1.8419444444444444,4.0175,0.024432015178325876,0.10496223709103819
828,Markus HANGLER,H,40-44M,642,Index 600–700,Finisher,FALSE,Other,200,173.6,TRUE,1.7769444444444444,4.0969444444444445,0.08943201517832586,0.025517792646593755
829,David LONCKE,H,35-39M,642,Index 600–700,Finisher,FALSE,Other,200,173.6,TRUE,2.015,4.291944444444445,-0.14862354037722983,-0.16948220735340655
830,Azamat GAYSIN,H,35-39M,641,Index 600–700,Finisher,FALSE,Other,200,173.6,TRUE,2.013333333333333,5.185277777777777,-0.14390482700289836,-1.0560758747049885
831,Elliott PASHLEY,H,20-34M,642,Index 600–700,Finisher,FALSE,Other,200,173.6,TRUE,2.1858333333333335,4.768888888888889,-0.31945687371056314,-0.646426651797851
832,Thomas LAFFERS,H,20-34M,633,Index 600–700,Finisher,FALSE,Other,200,173.6,TRUE,2.0102777777777776,4.357222222222222,-0.11612334105888804,-0.17347075138340107
833,Toni FEMENÍAS RIUTORT,H,45-49M,641,Index 600–700,Finisher,FALSE,Other,200,173.6,TRUE,1.933888888888889,4.344444444444444,-0.06446038255845414,-0.21524254137165505
834,Guilhem VAGNY,H,35-39M,640,Index 600–700,Finisher,FALSE,Other,200,173.6,TRUE,1.7652777777777777,3.8722222222222222,0.10721226160038597,0.263738256011864
835,Andres MORNET,H,20-34M,641,Index 600–700,Finisher,FALSE,Other,200,173.6,TRUE,1.6666666666666667,3.7308333333333334,0.20276183966376812,0.39836856973945556
836,Pablo UREÑA VEGA,H,20-34M,641,Index 600–700,Finisher,FALSE,Other,200,173.6,TRUE,1.7172222222222222,3.718888888888889,0.15220628410821266,0.4103130141839001
837,William DELBERGHE,H,20-34M,640,Index 600–700,DNF,TRUE,Abandoned,28,81.3,TRUE,1.8833333333333333,4.266111111111111,-0.010843293955169682,-0.13015063287702464
838,Simon BIGOT,H,50-54M,640,Index 600–700,Finisher,FALSE,Other,200,173.6,TRUE,1.668611111111111,3.8366666666666664,0.20387892826705264,0.2992938115674198
839,Zsolt KERCSÓ ANDRÁSI,H,40-44M,640,Index 600–700,Finisher,FALSE,Other,200,173.6,TRUE,1.9997222222222222,4.303888888888889,-0.12723218284405854,-0.167928410654803
840,Romain PATRUX,H,35-39M,640,Index 600–700,DNF,TRUE,Abandoned,28,81.3,TRUE,1.6255555555555556,3.5855555555555556,0.24693448382260805,0.5504049226785306
841,Hiroyasu TANAKA,H,50-54M,639,Index 600–700,DNF,TRUE,Abandoned,52,127.5,TRUE,1.8611111111111112,4.0311111111111115,0.014449567279664817,0.11162627419534614
842,Thomas MAIRE,H,45-49M,639,Index 600–700,Finisher,FALSE,Other,200,173.6,TRUE,2.0188888888888887,4.318333333333333,-0.14332821049811276,-0.17559594802687575
843,Pablo SOLER GONZALEZ,H,35-39M,639,Index 600–700,Finisher,FALSE,Other,200,173.6,TRUE,1.9608333333333334,4.360833333333333,-0.08527265494255747,-0.2180959480268753
844,Brice JACQUOT,H,45-49M,639,Index 600–700,Finisher,FALSE,Other,200,173.6,TRUE,1.6861111111111111,3.796111111111111,0.1894495672796649,0.34662627419534636
845,Ahmad Youssef JANAHI,H,35-39M,637,Index 600–700,Finisher,FALSE,Other,200,173.6,TRUE,1.678611111111111,3.7394444444444446,0.20311664169881785,0.41689944166609116
846,Julien DAMESIN,H,50-54M,639,Index 600–700,Finisher,FALSE,Other,200,173.6,TRUE,1.8883333333333334,4.308888888888889,-0.012772654942557441,-0.1661515035824316
847,Lucas MAHE,H,20-34M,639,Index 600–700,DNF,TRUE,Abandoned,48,114,TRUE,1.8836111111111111,4.183333333333334,-0.008050432720335147,-0.04059594802687598
848,Robin MALOT,H,35-39M,643,Index 600–700,DNF,TRUE,Abandoned,16,52.2,FALSE,1.6044444444444443,3.618333333333333,0.258889835185906,0.4974087242239716
849,Khalid ALQAHTANI,H,45-49M,638,Index 600–700,DNF,TRUE,Abandoned,48,114,TRUE,1.7566666666666666,3.959722222222222,0.12197337632642476,0.18980982479920966
850,Shi SHA,H,40-44M,642,Index 600–700,DNF,TRUE,Abandoned,40,99.4,TRUE,1.8922222222222222,4.151666666666666,-0.025845762599451996,-0.02920442957562814
851,Guillaume FLEURY,H,35-39M,638,Index 600–700,Finisher,FALSE,Other,200,173.6,TRUE,1.9188888888888889,4.098888888888889,-0.040248845895797546,0.0506431581325426
852,Thibault VERDONCKT,H,40-44M,638,Index 600–700,Finisher,FALSE,Other,200,173.6,TRUE,2.0436111111111113,4.355,-0.16497106811801993,-0.2054679529785686
853,Gerhard KNAPP,H,35-39M,638,Index 600–700,Finisher,FALSE,Other,200,173.6,TRUE,1.8625,3.92,0.016140042993091255,0.22953204702143187
854,Stefan VINASI,H,35-39M,638,Index 600–700,DNF,TRUE,Abandoned,6,22.9,FALSE,2.3713888888888888,NA,-0.49274884589579737,NA
855,Eelco SCHULLER,H,40-44M,674,Index 600–700,Finisher,FALSE,Other,200,173.6,TRUE,1.81,3.971111111111111,-0.03601292702076415,-0.05351280463831652
856,Tim AITKEN,H,50-54M,637,Index 600–700,Finisher,FALSE,Other,200,173.6,TRUE,1.7277777777777779,3.7311111111111113,0.15394997503215105,0.42523277499942447
857,Jacques CHEN,H,20-34M,637,Index 600–700,Finisher,FALSE,Other,200,173.6,TRUE,1.7572222222222222,3.9375,0.12450553058770666,0.21884388611053573
858,Grzegorz GAJ,H,45-49M,667,Index 600–700,Finisher,FALSE,Other,200,173.6,TRUE,1.9330555555555555,4.315833333333333,-0.13971015984633547,-0.355178312022627
859,Simon GUNZBURGER,H,40-44M,637,Index 600–700,DNF,TRUE,Abandoned,48,114,TRUE,1.7438888888888888,3.868888888888889,0.13783886392104008,0.2874549972216469
861,Atsushi SANO,H,50-54M,636,Index 600–700,Finisher,FALSE,Other,200,173.6,TRUE,1.9047222222222222,4.189722222222223,-0.019898794756113895,-0.026549896916923794
862,Julien FAUVEAUX,H,45-49M,610,Index 600–700,DNF,TRUE,Abandoned,51,127.5,TRUE,1.801111111111111,3.9452777777777777,0.16574940693283866,0.39936947216378044
863,Stefan DELIBAS,H,20-34M,636,Index 600–700,Finisher,FALSE,Other,200,173.6,TRUE,1.7127777777777777,3.8030555555555554,0.17204564968833055,0.3601167697497433
864,Romain BRET,H,35-39M,636,Index 600–700,Finisher,FALSE,Other,200,173.6,TRUE,1.926388888888889,4.247777777777777,-0.04156546142278062,-0.08460545247247865
865,Nicolas PEDRETTI,H,35-39M,636,Index 600–700,Finisher,FALSE,Other,200,173.6,TRUE,1.9422222222222223,4.125555555555556,-0.05739879475611396,0.037616769749743116
866,Philippe CELLE,H,45-49M,635,Index 600–700,Finisher,FALSE,Other,200,173.6,TRUE,1.6841666666666666,3.7391666666666667,0.20376001991978188,0.43085012067058176
867,Ross MICHELL,H,35-39M,635,Index 600–700,Finisher,FALSE,Other,200,173.6,TRUE,1.6797222222222221,3.8113888888888887,0.20820446436422635,0.3586278984483598
868,Emmanuel GAUTIER,H,35-39M,654,Index 600–700,Finisher,FALSE,Other,200,173.6,TRUE,1.7355555555555555,3.6969444444444446,0.09498890520572643,0.3462481396314297
869,Cyrille MULSANT,H,35-39M,635,Index 600–700,Finisher,FALSE,Other,200,173.6,TRUE,1.9322222222222223,4.299166666666666,-0.04429553563577387,-0.12914987932941782
870,Hugo NÚÑEZ GONZÁLEZ,H,40-44M,634,Index 600–700,Finisher,FALSE,Other,200,173.6,TRUE,1.6991666666666667,3.7175,0.19187048312910235,0.45937669493791317
871,Yann BELLENGUEZ,H,35-39M,639,Index 600–700,Finisher,FALSE,Other,200,173.6,TRUE,1.9772222222222222,4.128611111111111,-0.10166154383144625,0.014126274195346808
873,Romain ESNAULT,H,20-34M,633,Index 600–700,DNF,TRUE,Abandoned,40,99.4,TRUE,1.7677777777777777,3.874722222222222,0.12637665894111186,0.3090292486165989
874,Pierre-Alexandre PUJOL,H,35-39M,633,Index 600–700,Finisher,FALSE,Other,200,173.6,TRUE,2.0858333333333334,4.558611111111111,-0.19167889661444387,-0.3748596402722903
875,Alexandru NIMARA,H,35-39M,633,Index 600–700,Finisher,FALSE,Other,200,173.6,TRUE,1.7261111111111112,4.011666666666667,0.16804332560777838,0.17208480417215444
876,Blaz SAJOVIC,H,35-39M,633,Index 600–700,DNF,TRUE,Abandoned,28,81.3,TRUE,2.4052777777777776,5.262777777777778,-0.511123341058888,-1.079026306938957
877,Matt PEHARDA,H,35-39M,632,Index 600–700,Finisher,FALSE,Other,200,173.6,TRUE,1.8480555555555556,4.030277777777778,0.04922261142507371,0.1603627599937224
878,Joël OPPLIGER,H,35-39M,628,Index 600–700,Finisher,FALSE,Other,200,173.6,TRUE,1.8580555555555556,4.0025,0.05177435835461074,0.21582817045049232
879,Edouard COLLEU,H,35-39M,631,Index 600–700,Finisher,FALSE,Other,200,173.6,TRUE,1.8988888888888888,4.376944444444445,0.0015190713169183922,-0.1794011259769658
880,Ivan SABUROV,H,35-39M,634,Index 600–700,DNF,TRUE,Abandoned,51,127.5,TRUE,1.7963888888888888,3.839722222222222,0.09464826090688022,0.33715447271569093
881,Rémy THUILLIER,H,20-34M,631,Index 600–700,DNF,TRUE,Abandoned,58,144,TRUE,2.0044444444444443,4.382777777777778,-0.10403648423863698,-0.18523445931029917
882,Julien GERMANN,H,40-44M,631,Index 600–700,Finisher,FALSE,Other,200,173.6,TRUE,2.0025,4.352777777777778,-0.10209203979419268,-0.15523445931029892
883,Nicolas BREILLOT,H,40-44M,631,Index 600–700,Finisher,FALSE,Other,200,173.6,TRUE,2.3513888888888888,5.228888888888889,-0.45098092868308154,-1.0313455704214105
885,Yevhenii BESPOIASKO,H,20-34M,630,Index 600–700,Finisher,FALSE,Other,200,173.6,TRUE,1.698611111111111,3.8525,0.20493232490813224,0.3519592356582847
886,Hugo MONNIN,H,20-34M,630,Index 600–700,Finisher,FALSE,Other,200,173.6,TRUE,1.7252777777777777,3.714722222222222,0.17826565824146562,0.4897370134360627
887,Benedict CELESTIN DEVENDRA,H,45-49M,630,Index 600–700,Finisher,FALSE,Other,200,173.6,TRUE,2.223888888888889,4.8925,-0.32034545286964555,-0.6880407643417155
888,Jacinto GONZALEZ SAENZ,H,55-59M,630,Index 600–700,Finisher,FALSE,Other,200,173.6,TRUE,1.9494444444444445,4.251666666666667,-0.04590100842520126,-0.0472074310083822
889,Sebastian STIER,H,40-44M,630,Index 600–700,Finisher,FALSE,Other,200,173.6,TRUE,1.6966666666666668,3.839166666666667,0.20687676935257654,0.3652925689916179
891,Loïc MASSÉ,H,40-44M,630,Index 600–700,Finisher,FALSE,Other,200,173.6,TRUE,2.229722222222222,4.625277777777778,-0.3261787862029789,-0.420818542119493
892,Luca CORNOLTI,H,45-49M,631,Index 600–700,Finisher,FALSE,Other,200,173.6,TRUE,1.9122222222222223,4.160555555555556,-0.011814262016415,0.036987762911923176
893,Hayden SAVAGE,H,20-34M,629,Index 600–700,Finisher,FALSE,Other,200,173.6,TRUE,1.9075,4.495,-8.157859542434932e-4,-0.2836122879245535
894,Håkon Amundsen NESHEIM,H,20-34M,629,Index 600–700,DNF,TRUE,Abandoned,58,144,TRUE,1.6836111111111112,3.705,0.22307310293464536,0.5063877120754464
895,Daniele MANTOVANI,H,35-39M,643,Index 600–700,Finisher,FALSE,Other,200,173.6,TRUE,2.2394444444444446,4.953611111111111,-0.37611016481409415,-0.8378690535538064
896,David GUILLIER,H,40-44M,628,Index 600–700,Finisher,FALSE,Other,200,173.6,TRUE,1.8933333333333333,4.044722222222222,0.016496580576833005,0.1736059482282706
897,Graham WOODIN,H,60-64M,628,Index 600–700,DNF,TRUE,Abandoned,22,67.8,FALSE,2.310277777777778,4.9775,-0.4004478638676115,-0.7591718295495073
898,Dorian BONIFACE,H,20-34M,628,Index 600–700,Finisher,FALSE,Other,200,173.6,TRUE,2.1330555555555555,4.648333333333333,-0.2232256416453892,-0.43000516288284063
899,Weiguang JI,H,40-44M,628,Index 600–700,Finisher,FALSE,Other,200,173.6,TRUE,2.153611111111111,4.6466666666666665,-0.24378119720094485,-0.4283384962161737
900,Matt NEAL,H,20-34M,627,Index 600–700,Finisher,FALSE,Other,200,173.6,TRUE,1.7552777777777777,3.8566666666666665,0.15770237745951446,0.368613366848284
901,Julien MATHEY,H,40-44M,628,Index 600–700,Finisher,FALSE,Other,200,173.6,TRUE,2.2375,4.840277777777778,-0.32767008608983345,-0.6219496073272851
902,Cédric CHOMONT,H,35-39M,628,Index 600–700,Finisher,FALSE,Other,200,173.6,TRUE,2.095,4.666388888888889,-0.1851700860898339,-0.44806071843839634
903,Matevz SLAPNICAR,H,55-59M,627,Index 600–700,Finisher,FALSE,Other,200,173.6,TRUE,2.015277777777778,4.349722222222222,-0.10229762254048583,-0.12444218870727122
904,Takio FUKUMOTO,H,50-54M,627,Index 600–700,Finisher,FALSE,Other,200,173.6,TRUE,1.9744444444444444,4.4127777777777775,-0.061464289207152314,-0.1874977442628269
907,Carlos Eduardo LOURENÇO,H,55-59M,627,Index 600–700,Finisher,FALSE,Other,200,173.6,TRUE,1.8508333333333333,4.163333333333333,0.0621468219039588,0.06194670018161747
908,Carlo CARRARO,H,35-39M,627,Index 600–700,Finisher,FALSE,Other,200,173.6,TRUE,2.073611111111111,4.425833333333333,-0.16063095587381893,-0.2005532998183827
909,Antoine PLANCHON,H,20-34M,626,Index 600–700,DNF,TRUE,Abandoned,40,99.4,TRUE,1.9402777777777778,4.273333333333333,-0.024143220125824195,-0.0410906093329847
910,Tim CHIU,H,50-54M,626,Index 600–700,Finisher,FALSE,Other,200,173.6,TRUE,1.7408333333333332,3.8494444444444444,0.17530122431862033,0.3827982795559042
911,Hugo FOURNIER,H,20-34M,626,Index 600–700,Finisher,FALSE,Other,200,173.6,TRUE,1.708611111111111,3.8358333333333334,0.2075234465408425,0.3964093906670152
912,Lambert FERRON,H,20-34M,625,Index 600–700,Finisher,FALSE,Other,200,173.6,TRUE,2.0413888888888887,4.319166666666667,-0.12209614810991937,-0.07995100202845215
913,Dolf DHAENENS,H,20-34M,626,Index 600–700,Finisher,FALSE,Other,200,173.6,TRUE,1.8102777777777779,3.8744444444444444,0.10585677987417567,0.3577982795559043
915,Michael GEORGET,H,45-49M,626,Index 600–700,Finisher,FALSE,Other,200,173.6,TRUE,1.7138888888888888,3.8394444444444447,0.2022456687630648,0.39279827955590396
916,Nicolas ZARADZKI,H,40-44M,625,Index 600–700,Finisher,FALSE,Other,200,173.6,TRUE,1.653888888888889,3.763611111111111,0.26540385189008037,0.47560455352710357
918,Andres SÁNCHEZ PEREZ,H,35-39M,625,Index 600–700,Finisher,FALSE,Other,200,173.6,TRUE,1.9575,4.391666666666667,-0.03820725922103067,-0.15245100202845194
919,Oliver PAGE,H,45-49M,625,Index 600–700,Finisher,FALSE,Other,200,173.6,TRUE,1.8658333333333332,4.007777777777778,0.0534594074456361,0.23143788686043662
921,Quentin ZANIER,H,20-34M,625,Index 600–700,DNF,TRUE,Abandoned,38,94.2,TRUE,2.571111111111111,5.3566666666666665,-0.6518183703321418,-1.1174510020284516
922,Julian CAILLET,H,20-34M,625,Index 600–700,Finisher,FALSE,Other,200,173.6,TRUE,1.705,3.765833333333333,0.21429274077896926,0.47338233130488144
923,Eric GEIDEL,H,45-49M,625,Index 600–700,DNF,TRUE,Abandoned,58,144,TRUE,1.8755555555555556,4.168888888888889,0.04373718522341369,0.070326775749326
924,Ben SMITH,H,45-49M,625,Index 600–700,Finisher,FALSE,Other,200,173.6,TRUE,1.8891666666666667,4.089166666666666,0.030126074112302666,0.15004899797154833
925,Jaru LIMSILA,H,40-44M,622,Index 600–700,Finisher,FALSE,Other,200,173.6,TRUE,2.218888888888889,4.761388888888889,-0.2901027182065495,-0.5011986741069833
926,Fabien ZUNINO,H,45-49M,624,Index 600–700,Finisher,FALSE,Other,200,173.6,TRUE,2.0702777777777777,4.433888888888889,-0.14782345353461812,-0.18769061072881152
927,Jeremy GAUME,H,40-44M,624,Index 600–700,Finisher,FALSE,Other,200,173.6,TRUE,1.8833333333333333,4.156666666666666,0.03912099090982626,0.08953161149341146
928,Jean-Baptiste RENAUDIE,H,40-44M,624,Index 600–700,Finisher,FALSE,Other,200,173.6,TRUE,1.895,4.260555555555555,0.027454324243159536,-0.014357277395477685
929,Marcus RODRE,H,40-44M,619,Index 600–700,Finisher,FALSE,Other,200,173.6,TRUE,1.7897222222222222,3.94,0.14857771126817715,0.341236234632825
930,Jonathan WONG,H,40-44M,624,Index 600–700,Finisher,FALSE,Other,200,173.6,TRUE,2.2575,4.876944444444445,-0.3350456757568403,-0.630746166284367
931,Louis ROUSSEL,H,20-34M,623,Index 600–700,Finisher,FALSE,Other,200,173.6,TRUE,1.8944444444444444,4.013055555555556,0.03117448322489863,0.2401344317419093
932,Julien DAUPLAIS,H,20-34M,614,Index 600–700,Finisher,FALSE,Other,200,173.6,TRUE,1.4375,3.3358333333333334,0.5166734948898981,0.980596089601375
933,Deliang LI,H,40-44M,622,Index 600–700,Finisher,FALSE,Other,200,173.6,TRUE,2.028888888888889,4.466111111111111,-0.10010271820654956,-0.20592089632920552
934,Olivier LAFARGE,H,45-49M,621,Index 600–700,Finisher,FALSE,Other,200,173.6,TRUE,1.6375,3.7491666666666665,0.2944556729069682,0.5180317166782604
935,Simon CHIFFOLEAU,H,20-34M,622,Index 600–700,Finisher,FALSE,Other,200,173.6,TRUE,1.913888888888889,4.146944444444444,0.014897281793450455,0.11324577033746132
936,Juan MARTÍNEZ ARAQUE,H,40-44M,621,Index 600–700,DNF,TRUE,Abandoned,52,127.5,TRUE,1.7730555555555556,3.998611111111111,0.15890011735141257,0.2685872722338161
937,Paul REGLINSKI,H,40-44M,610,Index 600–700,Finisher,FALSE,Other,200,173.6,TRUE,2.2569444444444446,4.992222222222222,-0.29008392640049485,-0.6475749722806639
938,Robert SPREAD,H,45-49M,621,Index 600–700,DNF,TRUE,Abandoned,38,94.2,TRUE,1.9505555555555556,4.385555555555555,-0.018599882648587425,-0.11835717221062837
939,Danushka SONNADARAGE,H,20-34M,622,Index 600–700,Finisher,FALSE,Other,200,173.6,TRUE,2.2894444444444444,4.944444444444445,-0.36065827376210496,-0.684254229662539
940,Martin BREMHOLM,H,45-49M,622,Index 600–700,Finisher,FALSE,Other,200,173.6,TRUE,1.9513888888888888,4.349444444444444,-0.022602718206549407,-0.08925422966253839
942,Sylvain LE CORRE,H,35-39M,621,Index 600–700,Finisher,FALSE,Other,200,173.6,TRUE,1.7430555555555556,3.868611111111111,0.1889001173514126,0.39858727223381607
943,Hakim SAHRAOUI,H,45-49M,619,Index 600–700,Finisher,FALSE,Other,200,173.6,TRUE,1.6797222222222221,3.7319444444444443,0.25857771126817736,0.5492917901883805
944,Hugo ESNAULT,H,20-34M,621,Index 600–700,Finisher,FALSE,Other,200,173.6,TRUE,1.8027777777777778,3.9719444444444445,0.1291778951291903,0.2952539389004825
945,Ion MENA GOITISOLO,H,35-39M,621,Index 600–700,Finisher,FALSE,Other,200,173.6,TRUE,2.145277777777778,5.085,-0.21332210487080966,-0.8178016166550731
946,Jean Baptiste FINEL,H,40-44M,620,Index 600–700,Finisher,FALSE,Other,200,173.6,TRUE,1.765,3.858611111111111,0.17012705396804848,0.41560280460694576
947,Sébastien FINEL,H,40-44M,623,Index 600–700,Finisher,FALSE,Other,200,173.6,TRUE,2.0019444444444443,4.3213888888888885,-0.07632551677510131,-0.06819890159142342
948,Tony KOZIAK,H,40-44M,620,Index 600–700,DNF,TRUE,Abandoned,40,99.4,TRUE,1.7161111111111111,3.9452777777777777,0.2190159428569372,0.32893613794027937
949,Paul RENAUDIE,H,35-39M,620,Index 600–700,Finisher,FALSE,Other,200,173.6,TRUE,1.896111111111111,4.277222222222222,0.03901594285693727,-0.0030083065041649525
950,Fabien BOUYER,H,50-54M,620,Index 600–700,Finisher,FALSE,Other,200,173.6,TRUE,1.7522222222222221,4.078888888888889,0.18290483174582622,0.19532502682916839
951,Jérôme NAIF,H,40-44M,620,Index 600–700,Finisher,FALSE,Other,200,173.6,TRUE,2.4966666666666666,5.475555555555555,-0.5615396126986181,-1.2013416398374983
952,Clement SERRES,H,20-34M,620,Index 600–700,Finisher,FALSE,Other,200,173.6,TRUE,1.5394444444444444,3.4277777777777776,0.39568260952360396,0.8464361379402796
953,Julien ROBERTON,H,35-39M,619,Index 600–700,Finisher,FALSE,Other,200,173.6,TRUE,1.77,3.9330555555555557,0.1682999334903994,0.3481806790772692
954,Alexandre FERNANDES,H,35-39M,619,Index 600–700,Finisher,FALSE,Other,200,173.6,TRUE,1.7672222222222222,3.850277777777778,0.17107771126817714,0.430958456855047
955,Martin BRUNEAU,H,40-44M,619,Index 600–700,Finisher,FALSE,Other,200,173.6,TRUE,1.7752777777777777,3.8894444444444445,0.16302215571262163,0.39179179018838045
956,Oray GUNGOR,H,45-49M,619,Index 600–700,Finisher,FALSE,Other,200,173.6,TRUE,2.0172222222222222,4.4175,-0.07892228873182282,-0.13626376536717535
957,Charles-Andre POETE,H,20-34M,619,Index 600–700,Finisher,FALSE,Other,200,173.6,TRUE,1.7858333333333334,3.8,0.15246660015706598,0.4812362346328251
958,Duško BANJAC,H,35-39M,619,Index 600–700,Finisher,FALSE,Other,200,173.6,TRUE,2.0436111111111113,4.509444444444444,-0.10531117762071185,-0.22820820981161907
960,Marc BEHRINGER,H,20-34M,618,Index 600–700,Finisher,FALSE,Other,200,173.6,TRUE,1.8605555555555555,4.0925,0.0809183755432855,0.19576476282075791
961,Jacob HACKER,H,20-34M,618,Index 600–700,Finisher,FALSE,Other,200,173.6,TRUE,2.1230555555555557,4.536388888888889,-0.18158162445671466,-0.2481241260681311
962,Sebastien HEDIGUER,H,20-34M,618,Index 600–700,Finisher,FALSE,Other,200,173.6,TRUE,2.028611111111111,4.576666666666667,-0.08713718001227011,-0.28840190384590897
963,Tamas HARSANYI,H,20-34M,618,Index 600–700,Finisher,FALSE,Other,200,173.6,TRUE,1.9547222222222222,4.463055555555556,-0.01324829112338123,-0.17479079273479786
964,Alexis CALLEWAERT,H,35-39M,618,Index 600–700,Finisher,FALSE,Other,200,173.6,TRUE,1.676388888888889,3.805,0.26508504220995216,0.4832647628207579
965,Wonkyo KO,H,40-44M,618,Index 600–700,Finisher,FALSE,Other,200,173.6,TRUE,2.03,4.623611111111111,-0.08852606890115877,-0.33534634829035276
966,Paul SZYNDRALEWICZ,H,20-34M,617,Index 600–700,Finisher,FALSE,Other,200,173.6,TRUE,1.7333333333333334,3.712222222222222,0.2113153330848588,0.5830767007911625
967,Eirik UTHEIM,H,40-44M,617,Index 600–700,Finisher,FALSE,Other,200,173.6,TRUE,2.1769444444444446,4.815277777777778,-0.2322957780262524,-0.5199788547643935
968,Alexandre VILLANUEVA,H,35-39M,615,Index 600–700,Finisher,FALSE,Other,200,173.6,TRUE,1.7169444444444444,3.807777777777778,0.23405438424445701,0.5016040525610539
969,Michael TAYLOR,H,50-54M,617,Index 600–700,Finisher,FALSE,Other,200,173.6,TRUE,2.171111111111111,4.951388888888889,-0.22646244469291904,-0.6560899658755046
970,Malo THOMAS,H,20-34M,616,Index 600–700,DNF,TRUE,Abandoned,48,114,TRUE,1.6047222222222222,3.6655555555555557,0.3431015368510505,0.6367825823866778
971,Matt SCHULMAN,H,20-34M,617,Index 600–700,Finisher,FALSE,Other,200,173.6,TRUE,1.7036111111111112,3.9355555555555557,0.24103755530708101,0.35974336745782903
972,Istvan SZILAGYI,H,35-39M,617,Index 600–700,Finisher,FALSE,Other,200,173.6,TRUE,1.9658333333333333,4.368055555555555,-0.021184666915141124,-0.07275663254217059
973,Albert COTS ROSIÑOL,H,50-54M,616,Index 600–700,Finisher,FALSE,Other,200,173.6,TRUE,1.8202777777777779,4.095277777777778,0.12754598129549471,0.20706036016445606
974,Brian MARTIN,H,20-34M,616,Index 600–700,Finisher,FALSE,Other,200,173.6,TRUE,1.8672222222222221,4.101944444444444,0.08060153685105051,0.20039369349778924
975,Basile PERRIN-REYMOND,H,35-39M,653,Index 600–700,Finisher,FALSE,Other,200,173.6,TRUE,1.6980555555555557,3.6841666666666666,0.13541923993444754,0.36551707365206426
976,Benoit LEROY,H,20-34M,616,Index 600–700,Finisher,FALSE,Other,200,173.6,TRUE,1.9344444444444444,4.3005555555555555,0.013379314628828213,0.001782582386678189
977,Adrien FRAYSSE,H,45-49M,616,Index 600–700,DNF,TRUE,Abandoned,48,114,TRUE,1.7722222222222221,3.902222222222222,0.17560153685105045,0.4001159157200116
978,Emanuel MONGE,H,35-39M,616,Index 600–700,DNF,TRUE,Abandoned,62,155.3,TRUE,2.01,4.404444444444445,-0.06217624092672714,-0.1021063065022109
979,Dave KANIA,H,45-49M,615,Index 600–700,Finisher,FALSE,Other,200,173.6,TRUE,1.7666666666666666,3.8769444444444443,0.1843321620222348,0.4324373858943874
980,Todd NOTT,H,60-64M,615,Index 600–700,DNF,TRUE,Abandoned,48,114,TRUE,1.9819444444444445,4.395,-0.03094561575554314,-0.08561816966116781
981,Arnaud ROSSION,H,20-34M,615,Index 600–700,Finisher,FALSE,Other,200,173.6,TRUE,1.9541666666666666,4.307777777777778,-0.0031678379777652253,0.0016040525610538396
982,Marc-Antoine JACQZ,H,40-44M,615,Index 600–700,Finisher,FALSE,Other,200,173.6,TRUE,1.6377777777777778,3.7913888888888887,0.31322105091112357,0.5179929414499431
983,Mason PARKER,H,20-34M,629,Index 600–700,Finisher,FALSE,Other,200,173.6,TRUE,1.9697222222222222,4.289444444444444,-0.06303800817646568,-0.07805673236899775
984,Mateusz BUŁKA,H,45-49M,615,Index 600–700,Finisher,FALSE,Other,200,173.6,TRUE,1.966388888888889,4.435833333333333,-0.015390060199987595,-0.1264515029945013
985,Raphael DRIVET,H,40-44M,615,Index 600–700,Finisher,FALSE,Other,200,173.6,TRUE,1.8025,3.9780555555555557,0.1484988286889014,0.33132627478327603
986,Oliver MORGADE,H,40-44M,615,Index 600–700,Finisher,FALSE,Other,200,173.6,TRUE,1.9088888888888889,4.1258333333333335,0.04210993980001252,0.18354849700549838
987,Brett ANDREWS,H,40-44M,615,Index 600–700,Finisher,FALSE,Other,200,173.6,TRUE,1.7952777777777778,3.9141666666666666,0.15572105091112365,0.39521516367216514
988,David FARJOT,H,45-49M,615,Index 600–700,Finisher,FALSE,Other,200,173.6,TRUE,2.138888888888889,4.5175,-0.18789006019998747,-0.20811816966116825
989,Éric LEPRIEUR,H,45-49M,615,Index 600–700,Finisher,FALSE,Other,200,173.6,TRUE,1.7183333333333333,3.8786111111111112,0.23266549535556813,0.4307707192277205
990,Jordan MILLAR,H,20-34M,615,Index 600–700,Finisher,FALSE,Other,200,173.6,TRUE,2.2416666666666667,4.992222222222222,-0.29066783797776535,-0.6828403918833901
991,Nicolas ROUSSEAU,H,40-44M,615,Index 600–700,Finisher,FALSE,Other,200,173.6,TRUE,1.9180555555555556,4.115555555555556,0.03294327313334575,0.193826274783276
992,Tim MARTIN,H,45-49M,615,Index 600–700,DNF,TRUE,Abandoned,62,155.3,TRUE,1.8677777777777778,4.114166666666667,0.0832210509111236,0.1952151636721651
993,Aurélien MUSY,H,20-34M,615,Index 600–700,Finisher,FALSE,Other,200,173.6,TRUE,1.9352777777777779,4.3005555555555555,0.01572105091112351,0.008826274783276302
994,Tomasz NOWAK,H,40-44M,615,Index 600–700,Finisher,FALSE,Other,200,173.6,TRUE,2.001388888888889,4.229166666666667,-0.05039006019998774,0.0802151636721648
995,Rocco ADDANTE,H,40-44M,614,Index 600–700,Finisher,FALSE,Other,200,173.6,TRUE,1.9313888888888888,4.316666666666666,0.022784606001009105,-2.3724373195793864e-4
996,Loic LE BRUN,H,20-34M,613,Index 600–700,Finisher,FALSE,Other,200,173.6,TRUE,2.2941666666666665,4.655,-0.3368192893655849,-0.33151966153860923
997,Sébastien KNECHT,H,50-54M,613,Index 600–700,DNF,TRUE,Abandoned,40,99.4,TRUE,1.8769444444444445,4.12,0.080402932856637,0.20348033846139085
998,Jacob CLOETE,H,20-34M,613,Index 600–700,DNF,TRUE,Abandoned,30,NA,FALSE,2.443888888888889,5.188888888888889,-0.48654151158780756,-0.8654085504274983
999,Xin ZHANG,H,20-34M,613,Index 600–700,Finisher,FALSE,Other,200,173.6,TRUE,2.295,4.947222222222222,-0.3376526226989184,-0.6237418837608311
1000,Roan VALLAT,H,40-44M,613,Index 600–700,Finisher,FALSE,Other,200,173.6,TRUE,2.1705555555555556,4.662222222222222,-0.21320817825447408,-0.3387418837608308
1001,Eric BRANDT,H,55-59M,613,Index 600–700,Finisher,FALSE,Other,200,173.6,TRUE,2.042777777777778,4.411666666666667,-0.08543040047669628,-0.0881863282052761
1002,Julien CONTE,H,45-49M,608,Index 600–700,Finisher,FALSE,Other,200,173.6,TRUE,1.6766666666666667,3.7975,0.2965250527118196,0.5612645556603831
1003,Eric SANS,H,40-44M,613,Index 600–700,Finisher,FALSE,Other,200,173.6,TRUE,1.9180555555555556,4.183055555555556,0.03929182174552589,0.14042478290583527
1004,Benjamin PERRIN,H,40-44M,612,Index 600–700,Finisher,FALSE,Other,200,173.6,TRUE,1.9536111111111112,4.429444444444444,0.006908984436160811,-0.098910444794036
1005,Damien BERTRAND,H,35-39M,612,Index 600–700,Finisher,FALSE,Other,200,173.6,TRUE,2.140833333333333,4.756944444444445,-0.18031323778606115,-0.42641044479403667
1006,Benjamin JOUANNAUD,H,50-54M,612,Index 600–700,DNF,TRUE,Abandoned,12,41.1,FALSE,2.3105555555555557,5.054444444444444,-0.35003546000828367,-0.723910444794036
1007,Jonathan DESHAIS,H,20-34M,612,Index 600–700,Finisher,FALSE,Other,200,173.6,TRUE,2.0416666666666665,4.319166666666667,-0.08114657111939452,0.011367332983741247
1008,Alban PASSILLY,H,45-49M,612,Index 600–700,DNF,TRUE,Abandoned,28,81.3,TRUE,2.0569444444444445,4.398611111111111,-0.09642434889717247,-0.06807711146070318
1009,James SULLIVAN,H,40-44M,612,Index 600–700,Finisher,FALSE,Other,200,173.6,TRUE,1.9397222222222221,4.829722222222222,0.02079787332504987,-0.4991882225718143
1010,Noé VIDONNE,H,20-34M,609,Index 600–700,Finisher,FALSE,Other,200,173.6,TRUE,2.0033333333333334,4.408888888888889,-0.033305871789257396,-0.05718320438214177
1012,Jarrod SOPNIEWSKI,H,20-34M,611,Index 600–700,DNF,TRUE,Abandoned,40,99.4,TRUE,2.116111111111111,4.555,-0.15241984185782284,-0.21741017076671185
1013,Chengwu SUN,H,45-49M,611,Index 600–700,DNF,TRUE,Timed out (cut-off),10,32.4,FALSE,2.3447222222222224,5.745277777777778,-0.38103095296893413,-1.4076879485444902
1014,Abel GONÇALVES DE SANTIAGO,H,20-34M,611,Index 600–700,Finisher,FALSE,Other,200,173.6,TRUE,1.761111111111111,3.9908333333333332,0.20258015814217717,0.3467564958999546
1015,Franck BAUDOUIN,H,20-34M,610,Index 600–700,Finisher,FALSE,Other,200,173.6,TRUE,1.9741666666666666,4.302777777777778,-0.00730614862271683,0.04186947216378011
1016,Harry MURDOCH,H,20-34M,610,Index 600–700,Finisher,FALSE,Other,200,173.6,TRUE,2.122777777777778,4.535833333333334,-0.15591725973382808,-0.19118608339177542
1017,David O'DWYER,H,40-44M,637,Index 600–700,Finisher,FALSE,Other,200,173.6,TRUE,1.8663888888888889,4.188611111111111,0.01533886392103998,-0.03226722500057553
1018,Michael COLLOT,H,35-39M,610,Index 600–700,Finisher,FALSE,Other,200,173.6,TRUE,1.7522222222222221,3.923888888888889,0.21463829582172764,0.4207583610526691
1019,Damien MATZ,H,20-34M,610,Index 600–700,DNF,TRUE,Abandoned,16,52.2,FALSE,1.9541666666666666,4.366666666666666,0.012693851377283178,-0.0220194167251081
1020,James CLEAL,H,40-44M,610,Index 600–700,Finisher,FALSE,Other,200,173.6,TRUE,1.8458333333333334,4.320833333333334,0.12102718471061635,0.023813916608224406
1021,Sébastien LEDIG,H,40-44M,610,Index 600–700,Finisher,FALSE,Other,200,173.6,TRUE,1.9008333333333334,4.344444444444444,0.06602718471061642,2.028054971140459e-4
1022,Michele AIELLO,H,20-34M,623,Index 600–700,Finisher,FALSE,Other,200,173.6,TRUE,2.1905555555555556,4.684166666666667,-0.26493662788621264,-0.4309766793692019
1023,Riccardo MALACRIDA,H,35-39M,610,Index 600–700,Finisher,FALSE,Other,200,173.6,TRUE,2.1225,4.589444444444444,-0.15563948195605026,-0.2447971945028861
1024,Ruben ESQUERDA ROLDAN,H,50-54M,610,Index 600–700,Finisher,FALSE,Other,200,173.6,TRUE,1.8527777777777779,4.048055555555556,0.11408274026617193,0.2965916943860021
1025,Alexandre SAILLARD,H,20-34M,610,Index 600–700,Finisher,FALSE,Other,200,173.6,TRUE,1.7825,3.8538888888888887,0.1843605180439498,0.4907583610526694
1026,Eric BUFFET,H,45-49M,609,Index 600–700,Finisher,FALSE,Other,200,173.6,TRUE,2.34,4.947777777777778,-0.36997253845592387,-0.5960720932710307
1028,Aidan D'ARCY,H,20-34M,608,Index 600–700,Finisher,FALSE,Other,200,173.6,TRUE,1.99,4.475833333333333,-0.01680828062151372,-0.11706877767294993
1029,Maxime JONVAL,H,20-34M,609,Index 600–700,Finisher,FALSE,Other,200,173.6,TRUE,1.9819444444444445,4.260833333333333,-0.011916982900368503,0.09087235117341386
1030,Geoffray ANDRE,H,50-54M,609,Index 600–700,Finisher,FALSE,Other,200,173.6,TRUE,1.9536111111111112,4.286111111111111,0.016416350432964816,0.06559457339563568
1031,Sebastien SELLIER,H,45-49M,606,Index 600–700,DNF,TRUE,Abandoned,58,144,TRUE,2.0808333333333335,4.5225,-0.10132267678389709,-0.14961870134089103
1032,Marius GROLLERON,H,20-34M,609,Index 600–700,DNF,TRUE,Timed out (cut-off),22,67.8,FALSE,2.3733333333333335,5.372222222222222,-0.40330587178925753,-1.020516537715475
1033,Tapio PAASO,H,45-49M,609,Index 600–700,Finisher,FALSE,Other,200,173.6,TRUE,2.0855555555555556,4.6594444444444445,-0.1155280940114796,-0.3077387599376974
1034,Florian PREHU,H,35-39M,597,Index <600,Finisher,FALSE,Other,200,173.6,TRUE,1.7375,3.8625,0.27021251431808624,0.5737758544049323
1035,Benoit COSSETTE-ROMPRÉ,H,20-34M,608,Index 600–700,DNF,TRUE,Abandoned,10,32.4,FALSE,1.5972222222222223,3.5791666666666666,0.37596949715626404,0.7795978889937164
1036,Jani RIPATTI,H,45-49M,608,Index 600–700,DNF,TRUE,Abandoned,40,99.4,TRUE,2.1044444444444443,4.506388888888889,-0.13125272506595811,-0.14762433322850582
1037,Yvan CHARITA,H,50-54M,608,Index 600–700,Finisher,FALSE,Other,200,173.6,TRUE,1.9430555555555555,4.233611111111111,0.030136163822930745,0.12515344454927196
1038,Jacek BARANOWSKI,H,45-49M,608,Index 600–700,Finisher,FALSE,Other,200,173.6,TRUE,2.098888888888889,4.487777777777778,-0.12569716951040258,-0.12901322211739447
1039,Léo GALLET,H,20-34M,608,Index 600–700,Finisher,FALSE,Other,200,173.6,TRUE,1.9266666666666667,4.3025,0.04652505271181954,0.056264555660382944
1040,Thibault BECQUET,H,20-34M,608,Index 600–700,DNF,TRUE,Abandoned,58,144,TRUE,1.6641666666666666,3.6058333333333334,0.3090250527118198,0.7529312223270496
1041,Lorenzo MORSIANI,H,20-34M,608,Index 600–700,Finisher,FALSE,Other,200,173.6,TRUE,1.8736111111111111,4.138888888888889,0.09958060826737515,0.2198756667714939
1042,Francesco CARBONE,H,20-34M,594,Index <600,Finisher,FALSE,Other,200,173.6,TRUE,2.1375,4.69,-0.1205036759410977,-0.23268867674601373
1043,Michel CHEFGROS,H,45-49M,608,Index 600–700,Finisher,FALSE,Other,200,173.6,TRUE,1.8577777777777778,4.429722222222222,0.11541394160070852,-0.07095766656183872
1044,Pavel SHMIDT,H,35-39M,607,Index 600–700,DNF,TRUE,Abandoned,51,127.5,TRUE,1.9194444444444445,4.288333333333333,0.05690846672755539,0.07748995280066101
1045,Daniel ZUMSTEG,H,40-44M,607,Index 600–700,DNF,TRUE,Abandoned,28,81.3,TRUE,2.0219444444444443,4.461944444444445,-0.045591533272444404,-0.09612115831045058
1046,Serge HILTPOLD,H,55-59M,607,Index 600–700,Finisher,FALSE,Other,200,173.6,TRUE,2.379722222222222,5.168333333333333,-0.40336931105022217,-0.8025100471993389
1047,Florent DUPONT,H,35-39M,607,Index 600–700,Finisher,FALSE,Other,200,173.6,TRUE,2.3680555555555554,5.305,-0.39170264438355545,-0.9391767138660057
1049,Juan Carlos CEBALLOS,H,40-44M,607,Index 600–700,Finisher,FALSE,Other,200,173.6,TRUE,2.0475,4.478611111111111,-0.07114708882799996,-0.11278782497711719
1050,Davut ALTUN,H,40-44M,600,Index <600,Finisher,FALSE,Other,200,173.6,TRUE,1.9272222222222222,4.397222222222222,0.07114123084409647,0.017959747634718703
1051,Blake ARNOLD,H,20-34M,606,Index 600–700,Finisher,FALSE,Other,200,173.6,TRUE,2.0169444444444444,4.479166666666667,-0.037433787895007994,-0.106285368007558
1052,Rodolphe CLAEYS,H,45-49M,604,Index 600–700,Finisher,FALSE,Other,200,173.6,TRUE,1.9483333333333333,4.266944444444444,0.03748095322202208,0.1200484163455156
1053,Régis CAMPION,H,40-44M,606,Index 600–700,Finisher,FALSE,Other,200,173.6,TRUE,2.4369444444444444,5.204444444444444,-0.4574337878950079,-0.8315631457853357
1054,Thibaut REVENAZ,H,45-49M,605,Index 600–700,DNF,TRUE,Abandoned,48,114,TRUE,1.7725,3.9158333333333335,0.21016457513561518,0.464104682633921
1055,Bernard JOSEPH,H,45-49M,599,Index <600,Finisher,FALSE,Other,200,173.6,TRUE,2.0230555555555556,4.3805555555555555,-0.021569132529398672,0.04166323766981144
1056,Suha AKMAN,H,45-49M,605,Index 600–700,Finisher,FALSE,Other,200,173.6,TRUE,2.013333333333333,4.4175,-0.030668758197718075,-0.03756198403274579
1057,Julien BALADOU,H,40-44M,605,Index 600–700,Finisher,FALSE,Other,200,173.6,TRUE,1.8736111111111111,4.323333333333333,0.10905346402450398,0.056604682633921356
1059,Laurent LARUELLE,H,35-39M,658,Index 600–700,Finisher,FALSE,Other,200,173.6,TRUE,1.9266666666666667,4.301944444444445,-0.10774413687284849,-0.2845113520592956
1060,Charles HELLO,H,20-34M,604,Index 600–700,Finisher,FALSE,Other,200,173.6,TRUE,1.9933333333333334,4.451944444444444,-0.007519046777978084,-0.06495158365448402
1061,Valeriu CRUDU,H,50-54M,604,Index 600–700,Finisher,FALSE,Other,200,173.6,TRUE,2.4466666666666668,5.433333333333334,-0.46085238011131147,-1.0463404725433738
1062,Eymeric BOURGIER,H,35-39M,604,Index 600–700,Finisher,FALSE,Other,200,173.6,TRUE,1.7577777777777779,3.913611111111111,0.22803650877757745,0.473381749678849
1063,Franck MARECAUX,H,35-39M,601,Index 600–700,Finisher,FALSE,Other,200,173.6,TRUE,1.9455555555555555,4.318888888888889,0.049678818508583134,0.08925149877182659
1064,Alexandre SECCAUD,H,50-54M,603,Index 600–700,Finisher,FALSE,Other,200,173.6,TRUE,2.3841666666666668,5.2652777777777775,-0.3952072562331904,-0.8712325219190241
1065,Manabu INOUE,H,45-49M,603,Index 600–700,Finisher,FALSE,Other,200,173.6,TRUE,1.8641666666666667,4.108611111111111,0.1247927437668096,0.28543414474764217
1066,William SIGGERS,H,35-39M,602,Index 600–700,Finisher,FALSE,Other,200,173.6,TRUE,2.0930555555555554,4.396111111111111,-0.10095598916075785,0.00498351279405157
1067,Guillaume CACHON,H,20-34M,603,Index 600–700,DNF,TRUE,Abandoned,40,99.4,TRUE,1.8005555555555555,3.9591666666666665,0.1884038548779209,0.4348785891920869
1068,Julien LE GARREC,H,45-49M,602,Index 600–700,Finisher,FALSE,Other,200,173.6,TRUE,2.1494444444444443,4.645277777777777,-0.1573448780496467,-0.244183153872615
1069,Emeric ROZIAU,H,40-44M,602,Index 600–700,Finisher,FALSE,Other,200,173.6,TRUE,1.9875,4.426111111111111,0.004599566394797555,-0.025016487205948675
1070,Vincent ROBERT,H,45-49M,602,Index 600–700,Finisher,FALSE,Other,200,173.6,TRUE,1.7547222222222223,3.8247222222222224,0.2373773441725753,0.5763724016829399
1071,Frédéric PIQUET,H,40-44M,601,Index 600–700,Finisher,FALSE,Other,200,173.6,TRUE,1.675,3.8666666666666667,0.3202343740641386,0.5414737209940488
1072,Olivier VALERY,H,55-59M,602,Index 600–700,Finisher,FALSE,Other,200,173.6,TRUE,2.2288888888888887,4.7683333333333335,-0.23678932249409115,-0.3672387094281711
1073,Alexandre LE VERGER,H,20-34M,603,Index 600–700,Finisher,FALSE,Other,200,173.6,TRUE,1.8730555555555555,3.956111111111111,0.11590385487792086,0.4379341447476425
1074,Weerasak NIYAMABHA,H,40-44M,602,Index 600–700,DNF,TRUE,Timed out (cut-off),52,127.5,TRUE,2.438888888888889,5.385555555555555,-0.4467893224940914,-0.9844609316503931
1075,Jose Alberto ESTRADA ARAGON,H,40-44M,601,Index 600–700,Finisher,FALSE,Other,200,173.6,TRUE,1.8652777777777778,4.121944444444445,0.12995659628636078,0.2861959432162707
1076,Samuel DERIEZ GRANGER,H,40-44M,602,Index 600–700,Finisher,FALSE,Other,200,173.6,TRUE,2.1038888888888887,4.599444444444444,-0.11178932249409111,-0.19834982053928157
1077,Marco REPPUCCI,H,35-39M,608,Index 600–700,Finisher,FALSE,Other,200,173.6,TRUE,2.063888888888889,4.37,-0.09069716951040281,-0.01123544433961695
1078,Maxence MALENFANT,H,20-34M,601,Index 600–700,DNF,TRUE,Abandoned,52,127.5,TRUE,1.6627777777777777,3.6347222222222224,0.332456596286361,0.773418165438493
1079,Lorenzo PICCININI,H,50-54M,601,Index 600–700,Finisher,FALSE,Other,200,173.6,TRUE,1.9780555555555555,4.6075,0.01717881850858316,-0.19935961233928431
1080,Jérome THOLLET,H,45-49M,601,Index 600–700,Finisher,FALSE,Other,200,173.6,TRUE,1.893888888888889,4.221666666666667,0.10134548517524965,0.18647372099404896
1081,Benoît MUSELET,H,20-34M,600,Index <600,Finisher,FALSE,Other,200,173.6,TRUE,2.5869444444444443,5.561388888888889,-0.5885809913781256,-1.1462069190319477
1082,Savinien LEGELEUX,H,20-34M,600,Index <600,Finisher,FALSE,Other,200,173.6,TRUE,NA,3.707777777777778,NA,0.7074041920791629
1083,Jules CAILLOT,H,35-39M,600,Index <600,Finisher,FALSE,Other,200,173.6,TRUE,1.9638888888888888,4.185,0.03447456417742985,0.23018196985694125
1084,Łukasz RÓŻANOWSKI,H,40-44M,600,Index <600,Finisher,FALSE,Other,200,173.6,TRUE,2.055833333333333,4.441111111111111,-0.05746988026701454,-0.025929141254169914
1085,Masato TANAKA,H,55-59M,598,Index <600,Finisher,FALSE,Other,200,173.6,TRUE,2.0425,4.554722222222222,-0.03789709643152682,-0.1254719417247007
1086,David LAURIERE,H,20-34M,598,Index <600,Finisher,FALSE,Other,200,173.6,TRUE,1.7591666666666668,3.8844444444444446,0.24543623690180644,0.5448058360530766
1087,Francesco MAZZIOTTI,H,50-54M,600,Index <600,Finisher,FALSE,Other,200,173.6,TRUE,1.985,4.385,0.013363453066318533,0.030181969856941056
1088,Arturo GARCIA-HUIDOBRO PRIETO,H,45-49M,600,Index <600,Finisher,FALSE,Other,200,173.6,TRUE,1.9747222222222223,4.390833333333333,0.023641230844096365,0.024348636523607702
1089,Antoine MARPEAU,H,40-44M,599,Index <600,Finisher,FALSE,Other,200,173.6,TRUE,2.4766666666666666,5.205,-0.4751802436405096,-0.7827812067746333
1090,David GARCÍA LINDO,H,35-39M,599,Index <600,DNF,TRUE,Abandoned,30,NA,TRUE,2.1525,4.740277777777778,-0.15101357697384296,-0.31805898455241105
1091,Anthony GALERNE,H,35-39M,599,Index <600,Finisher,FALSE,Other,200,173.6,TRUE,2.3691666666666666,5.2444444444444445,-0.36768024364050966,-0.8222256512190776
1092,Elias BERNARD,H,20-34M,599,Index <600,DNF,TRUE,Abandoned,28,81.3,TRUE,1.7991666666666666,3.9483333333333333,0.2023197563594903,0.47388545989203373
1093,Karolina SOPA,F,45-49W,598,Index <600,Finisher,FALSE,Other,200,173.6,TRUE,1.8141666666666667,4.159166666666667,0.19043623690180644,0.27008361383085444
1094,Yannick BONIS,H,40-44M,598,Index <600,Finisher,FALSE,Other,200,173.6,TRUE,1.9861111111111112,4.646388888888889,0.018491792457362016,-0.21713860839136748
1095,Philippe ERNST,H,45-49M,598,Index <600,Finisher,FALSE,Other,200,173.6,TRUE,1.9533333333333334,4.206111111111111,0.05126957023513979,0.22313916938640982
1096,Joze TRSELIC,H,45-49M,598,Index <600,Finisher,FALSE,Other,200,173.6,TRUE,2.1066666666666665,4.614166666666667,-0.1020637630981933,-0.18491638616914555
1097,Ming LI,H,40-44M,596,Index <600,Finisher,FALSE,Other,200,173.6,TRUE,2.1169444444444445,4.66,-0.10612956954462843,-0.2167050623208722
1098,Kazuki MATSUMURA,H,40-44M,598,Index <600,Finisher,FALSE,Other,200,173.6,TRUE,1.951111111111111,4.240277777777778,0.05349179245736214,0.18897250271974314
1099,Thomas D'HUMIERES,H,35-39M,596,Index <600,Finisher,FALSE,Other,200,173.6,TRUE,2.236388888888889,5.015,-0.22557401398907287,-0.5717050623208718
1100,Thierry PECHERAND,H,50-54M,598,Index <600,Finisher,FALSE,Other,200,173.6,TRUE,1.8288888888888888,4.072222222222222,0.17571401467958436,0.35702805827529915
1101,Steve ROWBURY,H,55-59M,599,Index <600,Finisher,FALSE,Other,200,173.6,TRUE,1.9530555555555555,4.207222222222223,0.04843086747060138,0.21499657100314434
1102,Jiyoung PARK,F,40-44W,596,Index <600,Finisher,FALSE,Other,200,173.6,TRUE,1.9180555555555556,4.365833333333334,0.09275931934426046,0.07746160434579434
1103,Matt CLARK,H,45-49M,594,Index <600,Finisher,FALSE,Other,200,173.6,TRUE,2.3230555555555554,5.026388888888889,-0.30605923149665293,-0.5690775656349021
1104,Peter CHAPMAN,H,40-44M,597,Index <600,Finisher,FALSE,Other,200,173.6,TRUE,2.2555555555555555,4.823888888888889,-0.24784304123746925,-0.3876130344839567
1105,Sébastien KOSLOFF,H,50-54M,597,Index <600,Finisher,FALSE,Other,200,173.6,TRUE,2.0677777777777777,4.818611111111111,-0.06006526345969141,-0.38233525670617896
1106,Iñaki SANCHO DE LA GARZA,H,40-44M,597,Index <600,Finisher,FALSE,Other,200,173.6,TRUE,2.071388888888889,4.356388888888889,-0.06367637457080265,0.07988696551604353
1107,Julien FREDONNET,H,50-54M,597,Index <600,Finisher,FALSE,Other,200,173.6,TRUE,1.928611111111111,4.222222222222222,0.07910140320697524,0.21405363218270987
1108,François HINAULT,H,35-39M,596,Index <600,Finisher,FALSE,Other,200,173.6,TRUE,1.6558333333333333,3.7091666666666665,0.3549815415664828,0.7341282710124614
1109,Juliane HOFMANN,F,35-39W,660,Index 600–700,Finisher,FALSE,Other,200,173.6,TRUE,1.7002777777777778,3.598611111111111,0.11289295304946834,0.40606432850158747
1110,Amber HOULE,F,35-39W,596,Index <600,Finisher,FALSE,Other,200,173.6,TRUE,1.8388888888888888,4.123055555555555,0.1719259860109273,0.32023938212357267
1111,Roser NICOLAU,F,45-49W,602,Index 600–700,Finisher,FALSE,Other,200,173.6,TRUE,2.0722222222222224,4.6125,-0.08012265582742481,-0.2114053760948374
1112,Alessandro MICHELINI,H,35-39M,596,Index <600,Finisher,FALSE,Other,200,173.6,TRUE,2.0933333333333333,4.564722222222223,-0.08251845843351718,-0.12142728454309458
1113,Jamie FUNNELL,H,35-39M,602,Index 600–700,Finisher,FALSE,Other,200,173.6,TRUE,2.0294444444444446,4.325833333333334,-0.03734487804964701,0.0752612905718288
1114,Matthew MCCLAIN,H,45-49M,596,Index <600,Finisher,FALSE,Other,200,173.6,TRUE,1.9652777777777777,4.555555555555555,0.0455370971220384,-0.11226061787642735
1116,Andrea SAPORITO,H,45-49M,596,Index <600,DNF,TRUE,Abandoned,48,114,TRUE,2.3291666666666666,5.051388888888889,-0.3183517917668505,-0.6080939512097611
1117,Jean Baptiste DUMONT,H,40-44M,596,Index <600,Finisher,FALSE,Other,200,173.6,TRUE,2.3644444444444446,5.18,-0.3536295695446285,-0.7367050623208719
1118,Jerome GUYOT,H,45-49M,595,Index <600,DNF,TRUE,Abandoned,10,32.4,FALSE,1.9044444444444444,4.3438888888888885,0.10946516049403719,0.10641806416274822
1119,Nicolas ROBLES,H,40-44M,595,Index <600,Finisher,FALSE,Other,200,173.6,TRUE,1.811388888888889,4.050833333333333,0.2025207160495926,0.39947361971830336
1120,Nikola BABIC,H,20-34M,595,Index <600,Finisher,FALSE,Other,200,173.6,TRUE,2.0930555555555554,4.493055555555555,-0.07914595061707387,-0.042748602503918716
1121,Dylan COLE-JONES,H,50-54M,595,Index <600,Finisher,FALSE,Other,200,173.6,TRUE,1.9516666666666667,4.462777777777778,0.0622429382718149,-0.012470824726141534
1122,Meng Yun TUNG,F,35-39W,595,Index <600,Finisher,FALSE,Other,200,173.6,TRUE,2.0630555555555556,4.663333333333333,-0.04914595061707408,-0.21302638028169643
1123,Jordan BOUTHERIN,H,35-39M,595,Index <600,Finisher,FALSE,Other,200,173.6,TRUE,2.003888888888889,4.32,0.010020716049592511,0.13030695305163642
1125,Tsen Tsz CHZHAN,H,20-34M,594,Index <600,Finisher,FALSE,Other,200,173.6,TRUE,1.5827777777777778,3.4788888888888887,0.4342185462811247,0.9784224343650979
1126,Thibaut RINGEISEN,H,20-34M,545,Index <600,Finisher,FALSE,Other,200,173.6,TRUE,2.16,4.509722222222222,-0.009227276803146183,0.269752317648397
1127,David LAULHEY,H,50-54M,593,Index <600,Finisher,FALSE,Other,200,173.6,TRUE,2.0036111111111112,4.444444444444445,0.016463540774786633,0.01986302657326147
1128,Steeve BERTAZZONI,H,50-54M,594,Index <600,Finisher,FALSE,Other,200,173.6,TRUE,2.2316666666666665,4.887222222222222,-0.214670342607764,-0.42991089896823576
1129,Antoine MARTIN,H,40-44M,594,Index <600,Finisher,FALSE,Other,200,173.6,TRUE,2.328333333333333,5.2316666666666665,-0.31133700927443064,-0.77435534341268
1130,Nicolas TOURNILLON,H,40-44M,594,Index <600,Finisher,FALSE,Other,200,173.6,TRUE,1.9205555555555556,4.465,0.0964407685033469,-0.0076886767460131915
1131,Maxime LEYZOUR,H,40-44M,594,Index <600,Finisher,FALSE,Other,200,173.6,TRUE,1.871388888888889,4.564444444444445,0.14560743517001348,-0.10713312119045808
1132,Marthe MAGIS,F,35-39W,594,Index <600,Finisher,FALSE,Other,200,173.6,TRUE,2.273888888888889,4.576666666666667,-0.25689256482998657,-0.11935534341268043
1133,Arthur LE PAIGE,H,20-34M,593,Index <600,Finisher,FALSE,Other,200,173.6,TRUE,2.198611111111111,4.833888888888889,-0.17853645922521325,-0.36958141787118265
1134,João VEIGA,H,50-54M,593,Index <600,Finisher,FALSE,Other,200,173.6,TRUE,2.0547222222222223,4.695555555555556,-0.03464757033632448,-0.23124808453784979
1135,Ilya DYUKOV,H,45-49M,593,Index <600,Finisher,FALSE,Other,200,173.6,TRUE,2.3291666666666666,5.103055555555556,-0.30909201478076864,-0.6387480845378497
1136,Jordan FARISSIER,H,35-39M,589,Index <600,Finisher,FALSE,Other,200,173.6,TRUE,2.354722222222222,5.269166666666667,-0.3224257794662089,-0.7769683743498285
1137,Kazuhito TAJIMA,H,60-64M,592,Index <600,Finisher,FALSE,Other,200,173.6,TRUE,2.116111111111111,4.644444444444445,-0.09296690306682373,-0.17314962537012207
1138,Fei GAO,F,35-39W,592,Index <600,DNF,TRUE,Abandoned,26,76.4,FALSE,2.0516666666666667,4.4366666666666665,-0.028522458622379405,0.03462815240765621
1139,Wen Shan LIM,H,40-44M,592,Index <600,Finisher,FALSE,Other,200,173.6,TRUE,1.811388888888889,3.908888888888889,0.21175531915539839,0.5624059301854337
1140,Jules ISERENTANT,H,40-44M,592,Index <600,Finisher,FALSE,Other,200,173.6,TRUE,2.105277777777778,4.523611111111111,-0.08213356973349048,-0.0523162920367885
1141,Kevin PEURON,H,35-39M,592,Index <600,Finisher,FALSE,Other,200,173.6,TRUE,2.26,5.103055555555556,-0.23685579195571244,-0.6317607364812331
1142,Killian GUENICHOT,H,20-34M,600,Index <600,DNF,TRUE,Abandoned,10,32.4,FALSE,2.0305555555555554,5.102777777777778,-0.03219210248923682,-0.6875958079208371
1144,Igor KARPINSKI,H,35-39M,592,Index <600,Finisher,FALSE,Other,200,173.6,TRUE,2.243333333333333,4.626944444444445,-0.22018912528904583,-0.155649625370122
1145,David FAUSTINO,H,60-64M,591,Index <600,Finisher,FALSE,Other,200,173.6,TRUE,2.06,4.789444444444444,-0.03379538784110994,-0.3111716542890793
1146,Janis UKASS,H,40-44M,591,Index <600,Finisher,FALSE,Other,200,173.6,TRUE,2.0980555555555553,4.384166666666666,-0.07185094339666526,0.09410612348869872
1147,Olivier GAVALAND,H,55-59M,591,Index <600,Finisher,FALSE,Other,200,173.6,TRUE,1.8616666666666666,4.14,0.16453794549222356,0.3382727901553655
1148,Silviu Adrian MOISE,H,35-39M,591,Index <600,Finisher,FALSE,Other,200,173.6,TRUE,1.8797222222222223,4.128333333333333,0.14648238993666785,0.3499394568220322
1149,Luca MARCONI,H,45-49M,590,Index <600,Finisher,FALSE,Other,200,173.6,TRUE,1.86,4.134166666666666,0.16925548385452543,0.3510741403256947
1150,Thibaud SIMONNET,H,35-39M,591,Index <600,Finisher,FALSE,Other,200,173.6,TRUE,1.9997222222222222,4.551388888888889,0.02648238993666792,-0.07311609873352388
1151,Po Wah YEUNG,H,40-44M,591,Index <600,Finisher,FALSE,Other,200,173.6,TRUE,2.3444444444444446,5.273611111111111,-0.31823983228555447,-0.7953383209557463
1152,Jarkko PALONIEMI,H,45-49M,590,Index <600,Finisher,FALSE,Other,200,173.6,TRUE,2.104722222222222,4.506944444444445,-0.07546673836769657,-0.02170363745208362
1153,Rebecka FORSBERG,F,20-34W,590,Index <600,Finisher,FALSE,Other,200,173.6,TRUE,1.9113888888888888,4.307222222222222,0.11786659496563678,0.17801858477013877
1154,Ben CAMERON,H,45-49M,590,Index <600,Finisher,FALSE,Other,200,173.6,TRUE,2.023888888888889,4.535,0.0053665949656364915,-0.04975919300763912
1155,Cosmo RICHARDS,H,50-54M,590,Index <600,DNF,TRUE,Abandoned,10,32.4,FALSE,2.5172222222222222,5.525,-0.4879667383676967,-1.039759193007639
1156,Damien CARFANTAN,H,35-39M,590,Index <600,Finisher,FALSE,Other,200,173.6,TRUE,2.0530555555555554,4.565833333333333,-0.023800071701029848,-0.08059252634097193
1157,Luke LLOYD,H,20-34M,590,Index <600,DNF,TRUE,Abandoned,16,52.2,FALSE,2.2455555555555557,4.992222222222222,-0.21630007170103022,-0.506981415229861
1158,Hugo FRANCO,H,45-49M,590,Index <600,Finisher,FALSE,Other,200,173.6,TRUE,2.2419444444444445,4.856111111111111,-0.21268896058991899,-0.3708703041187498
1159,Leonie HASENAUER,F,20-34W,597,Index <600,Finisher,FALSE,Other,200,173.6,TRUE,1.9052777777777778,4.185,0.10243473654030845,0.25127585440493255
1160,Marc-Antoine MILLONES,H,20-34M,603,Index 600–700,Finisher,FALSE,Other,200,173.6,TRUE,1.8,4.003055555555555,0.18895941043347633,0.39098970030319824
1163,Angelo PAPA,H,45-49M,589,Index <600,Finisher,FALSE,Other,200,173.6,TRUE,2.0194444444444444,4.6402777777777775,0.01285199831156879,-0.14807948546093863
1164,Clément ESTEVE,H,20-34M,589,Index <600,Finisher,FALSE,Other,200,173.6,TRUE,2.0413888888888887,4.301111111111111,-0.009092446132875517,0.1910871812057278
1166,Sam VAN GERVEN,H,40-44M,589,Index <600,Finisher,FALSE,Other,200,173.6,TRUE,1.9741666666666666,4.415555555555556,0.058129776089346545,0.07664273676128316
1167,Kmysti REGUIG,H,45-49M,589,Index <600,DNF,TRUE,Timed out (cut-off),40,99.4,TRUE,2.2316666666666665,4.9783333333333335,-0.19937022391065332,-0.4861350410164947
1168,William SÉNÉ,H,35-39M,589,Index <600,Finisher,FALSE,Other,200,173.6,TRUE,2.1166666666666667,4.571666666666666,-0.08437022391065352,-0.07946837434982748
1169,Benjamin DEYZERALD,H,35-39M,589,Index <600,Finisher,FALSE,Other,200,173.6,TRUE,1.806111111111111,4.086666666666667,0.22618533164490215,0.40553162565017187
1170,Hélder CUNHA,H,45-49M,589,Index <600,Finisher,FALSE,Other,200,173.6,TRUE,2.406111111111111,5.191111111111111,-0.37381466835509786,-0.6989128187942723
1171,Pablo Sebastian BONILLA,H,45-49M,589,Index <600,Finisher,FALSE,Other,200,173.6,TRUE,2.2183333333333333,4.881666666666667,-0.18603689057732012,-0.389468374349828
1172,Charles MAISONNIER,H,20-34M,589,Index <600,Finisher,FALSE,Other,200,173.6,TRUE,2.5808333333333335,5.558333333333334,-0.5485368905773205,-1.0661350410164947
1173,Henry Stephen GROSS,H,45-49M,588,Index <600,Finisher,FALSE,Other,200,173.6,TRUE,1.9669444444444444,4.409166666666667,0.0683826640437279,0.08997800219366024
1174,Mariana HAMMOND,F,40-44W,588,Index <600,DNF,TRUE,Abandoned,48,114,TRUE,1.748888888888889,3.938888888888889,0.2864382195992833,0.5602557799714376
1175,Vitor DINIZ,H,55-59M,588,Index <600,Finisher,FALSE,Other,200,173.6,TRUE,1.9480555555555557,4.231944444444444,0.08727155293261664,0.26720022441588265
1176,Carmen Maria MONTAÑO LEZAMA,F,45-49W,588,Index <600,Finisher,FALSE,Other,200,173.6,TRUE,2.0130555555555554,4.66,0.022271552932616897,-0.16085533113967318
1177,Sean John AYING,H,20-34M,588,Index <600,Finisher,FALSE,Other,200,173.6,TRUE,1.7930555555555556,4.323055555555555,0.24227155293261662,0.17608911330477153
1178,Vittorio SILVA,H,40-44M,588,Index <600,Finisher,FALSE,Other,200,173.6,TRUE,1.9011111111111112,4.4,0.13421599737706108,0.09914466886032657
1180,Harold ZOUARI,H,35-39M,587,Index <600,Finisher,FALSE,Other,200,173.6,TRUE,2.272222222222222,4.923333333333333,-0.2338751215464,-0.4172539739789797
1181,Jessica SCHLUTER,F,45-49W,602,Index 600–700,Finisher,FALSE,Other,200,173.6,TRUE,1.9525,4.409722222222222,0.03959956639479769,-0.008627598317059896
1182,Lionel PERRON,H,45-49M,587,Index <600,Finisher,FALSE,Other,200,173.6,TRUE,2.1055555555555556,4.708055555555555,-0.06720845487973347,-0.20197619620120202
1183,Pere MONGAY MONTESO,H,55-59M,586,Index <600,Finisher,FALSE,Other,200,173.6,TRUE,1.8502777777777777,4.0744444444444445,0.19107826116600451,0.43855734208600133
1184,Fernando ALMEIDA,H,50-54M,586,Index <600,Finisher,FALSE,Other,200,173.6,TRUE,1.928611111111111,4.302777777777778,0.11274492783267119,0.21022400875266778
1185,Gustavo REYES,H,45-49M,587,Index <600,Finisher,FALSE,Other,200,173.6,TRUE,1.6894444444444445,3.6394444444444445,0.34890265623137773,0.8666349149099085
1186,Vincenzo SPACCAPELI,H,50-54M,587,Index <600,DNF,TRUE,Abandoned,28,81.3,TRUE,2.131666666666667,4.665555555555556,-0.09331956599084465,-0.1594761962012025
1187,Nicola CLOS,H,40-44M,586,Index <600,Finisher,FALSE,Other,200,173.6,TRUE,2.1244444444444444,4.4655555555555555,-0.08308840550066211,0.0474462309748903
1188,Giorgio LOCCI,H,20-34M,586,Index <600,DNF,TRUE,Abandoned,16,52.2,FALSE,2.2266666666666666,5.200555555555556,-0.18531062772288434,-0.68755376902511
1189,Philippe BETEND,H,35-39M,586,Index <600,Finisher,FALSE,Other,200,173.6,TRUE,1.8452777777777778,3.9411111111111112,0.1960782611660044,0.5718906754193346
1190,Ziguang YAN,H,35-39M,586,Index <600,Finisher,FALSE,Other,200,173.6,TRUE,2.2405555555555554,5.295555555555556,-0.19919951661177318,-0.7825537690251098
1191,Keisuke ICHIDO,H,40-44M,586,Index <600,Finisher,FALSE,Other,200,173.6,TRUE,2.1005555555555557,4.684444444444445,-0.05919951661177348,-0.17144265791399904
1192,Laura LAGIER,F,20-34W,586,Index <600,Finisher,FALSE,Other,200,173.6,TRUE,1.8122222222222222,3.951111111111111,0.22913381672156002,0.5618906754193348
1193,Max HELLIN,H,45-49M,586,Index <600,Finisher,FALSE,Other,200,173.6,TRUE,2.0283333333333333,4.349444444444444,0.013022705610448925,0.16355734208600178
1194,Ioannis OIKONOMAKIS,H,40-44M,585,Index <600,Finisher,FALSE,Other,200,173.6,TRUE,2.0144444444444445,4.463888888888889,0.029909098472427408,0.05602248423124448
1195,Chi Ho TAM,H,35-39M,586,Index <600,Finisher,FALSE,Other,200,173.6,TRUE,2.1397222222222223,4.876666666666667,-0.09836618327844006,-0.36366488013622106
1196,Nicolas BECK,H,20-34M,585,Index <600,Finisher,FALSE,Other,200,173.6,TRUE,1.8591666666666666,4.1375,0.1851868762502052,0.3824113731201328
1197,Patrick SCHRYBURT,H,55-59M,585,Index <600,Finisher,FALSE,Other,200,173.6,TRUE,2.0155555555555558,4.318888888888889,0.028797987361316123,0.20102248423124403
1198,Eve LE FLOCH,F,35-39W,585,Index <600,Finisher,FALSE,Other,200,173.6,TRUE,1.886111111111111,4.158333333333333,0.15824243180576078,0.36157803978679975
1199,Florian CASTEL,H,20-34M,585,Index <600,Finisher,FALSE,Other,200,173.6,TRUE,1.6075,3.5727777777777776,0.43685354291687195,0.9471335953423552
1200,Hampus YMAN,H,40-44M,585,Index <600,Finisher,FALSE,Other,200,173.6,TRUE,1.8916666666666666,4.198888888888889,0.15268687625020524,0.3210224842312441
1201,Daniele DEL PRETE,H,40-44M,585,Index <600,Finisher,FALSE,Other,200,173.6,TRUE,2.1544444444444446,4.7444444444444445,-0.11009090152757274,-0.2245330713243114
1202,Aljaz HOLCMAN,H,20-34M,618,Index 600–700,Finisher,FALSE,Other,200,173.6,TRUE,2.0025,4.392777777777778,-0.06102606890115892,-0.10451301495701976
1203,Ole Jørgen VIK,H,45-49M,585,Index <600,Finisher,FALSE,Other,200,173.6,TRUE,2.0255555555555556,4.6097222222222225,0.018797987361316337,-0.08981084910208946
1204,Salim MOHAMED,H,55-59M,584,Index <600,Finisher,FALSE,Other,200,173.6,TRUE,2.0308333333333333,4.385,0.016505898886577247,0.14180754185494282
1205,Nicolas VAUDRON,H,45-49M,582,Index <600,Finisher,FALSE,Other,200,173.6,TRUE,2.306388888888889,5.1725,-0.25311524357377685,-0.6319426833139573
1206,Stephane BARRAILLER,H,45-49M,584,Index <600,Finisher,FALSE,Other,200,173.6,TRUE,2.3422222222222224,4.948055555555555,-0.29488299000231183,-0.421248013700613
1207,Arthur DEPIENNE,H,35-39M,584,Index <600,Finisher,FALSE,Other,200,173.6,TRUE,2.147777777777778,4.6177777777777775,-0.10043854555786728,-0.09097023592283496
1208,Mirco CARAFFA,H,45-49M,584,Index <600,Finisher,FALSE,Other,200,173.6,TRUE,2.341666666666667,5.309166666666667,-0.2943274344467562,-0.7823591248117244
1209,Brandon LAI,H,20-34M,584,Index <600,Finisher,FALSE,Other,200,173.6,TRUE,2.161388888888889,4.594444444444444,-0.11404965666897832,-0.06763690258950153
1210,Aaron PEREZ DE LA PEÑA,H,40-44M,584,Index <600,Finisher,FALSE,Other,200,173.6,TRUE,2.1108333333333333,4.631111111111111,-0.06349410111342284,-0.10430356925616859
1211,Miklos VICZENA,H,45-49M,583,Index <600,Finisher,FALSE,Other,200,173.6,TRUE,2.028611111111111,4.690277777777778,0.02170161536660621,-0.1565880623113749
1212,Wout DEMIN,H,20-34M,583,Index <600,Finisher,FALSE,Other,200,173.6,TRUE,2.0141666666666667,4.404722222222222,0.036146059811050686,0.12896749324418091
1214,Ronen LIND,H,50-54M,582,Index <600,Finisher,FALSE,Other,200,173.6,TRUE,1.7475,3.9322222222222223,0.3057736453151119,0.6083350944638207
1215,Jean Michel GROGNUX,H,50-54M,641,Index 600–700,Finisher,FALSE,Other,200,173.6,TRUE,1.6683333333333332,3.5880555555555556,0.20109517299710164,0.5411463475172333
1216,Gaspard SCHMITT,H,45-49M,581,Index <600,Finisher,FALSE,Other,200,173.6,TRUE,1.9005555555555556,4.312222222222222,0.15566605280135817,0.23518754602316744
1218,Claire STONE,F,50-54W,582,Index <600,Finisher,FALSE,Other,200,173.6,TRUE,2.0380555555555557,4.5777777777777775,0.015218089759556267,-0.03722046109173438
1219,Loid SAILLARD,H,50-54M,582,Index <600,Finisher,FALSE,Other,200,173.6,TRUE,1.9633333333333334,4.357222222222222,0.08994031198177864,0.18333509446382104
1220,Matthieu SEROUART,H,40-44M,581,Index <600,Finisher,FALSE,Other,200,173.6,TRUE,1.8902777777777777,4.054444444444444,0.165943830579136,0.4929653238009456
1221,Matthew RYAN,H,45-49M,582,Index <600,Finisher,FALSE,Other,200,173.6,TRUE,1.8008333333333333,3.9811111111111113,0.25244031198177863,0.5594462055749317
1222,Tsugumi KAWANA,F,35-39W,581,Index <600,Finisher,FALSE,Other,200,173.6,TRUE,2.0097222222222224,4.616388888888889,0.04649938613469133,-0.06897912064349965
1223,Ruud CENTS,H,40-44M,581,Index <600,Finisher,FALSE,Other,200,173.6,TRUE,2.0722222222222224,4.718055555555556,-0.01600061386530867,-0.17064578731016627
1224,Baptiste LIGUORI,H,20-34M,581,Index <600,Finisher,FALSE,Other,200,173.6,TRUE,2.136111111111111,4.543055555555555,-0.07988950275419733,0.004354212689834488
1225,Thomas SPORER,H,45-49M,514,Index <600,Finisher,FALSE,Other,200,173.6,TRUE,2.361666666666667,5.192777777777778,-0.1472215288486626,-0.23985105642233784
1226,Randy STOFBERG,H,45-49M,580,Index <600,DNF,TRUE,Timed out (cut-off),48,114,TRUE,2.331111111111111,5.222777777777778,-0.271954875883169,-0.668531284901806
1227,Clément DIAZ,H,20-34M,580,Index <600,Finisher,FALSE,Other,200,173.6,TRUE,2.0144444444444445,4.356388888888889,0.04471179078349737,0.1978576039870834
1228,Maria Belen PACCHIOTTI,F,45-49W,580,Index <600,Finisher,FALSE,Other,200,173.6,TRUE,1.7941666666666667,4.08,0.2649895685612752,0.474246492875972
1229,Alexa JOHNSTON,F,35-39W,580,Index <600,DNF,TRUE,Abandoned,51,127.5,TRUE,1.9583333333333333,4.336944444444445,0.10082290189460859,0.2173020484315273
1230,Lindsay HAMILTON,F,45-49W,580,Index <600,Finisher,FALSE,Other,200,173.6,TRUE,1.9972222222222222,4.534166666666667,0.061934013005719615,0.02007982620930535
1231,Katarzyna JUDONG,F,40-44W,580,Index <600,Finisher,FALSE,Other,200,173.6,TRUE,1.9108333333333334,4.252222222222223,0.14832290189460848,0.3020242706537495
1232,Lammert VRIELING,H,55-59M,580,Index <600,Finisher,FALSE,Other,200,173.6,TRUE,1.7694444444444444,4.019166666666667,0.2897117907834975,0.535079826209305
1233,Kyle BURNS,H,20-34M,580,Index <600,Finisher,FALSE,Other,200,173.6,TRUE,1.9866666666666666,4.446111111111111,0.07248956856127527,0.1081353817648614
1234,Philip PEDERSEN,H,45-49M,580,Index <600,DNF,TRUE,Abandoned,40,99.4,TRUE,2.2377777777777776,4.981388888888889,-0.17862154254983578,-0.4271423960129166
1235,Nicolas CASAS MENDEZ,H,40-44M,580,Index <600,DNF,TRUE,Abandoned,10,32.4,FALSE,1.9219444444444445,4.647222222222222,0.1372117907834974,-0.09297572934625009
1236,Stan FERGUSON,H,60-64M,580,Index <600,Finisher,FALSE,Other,200,173.6,TRUE,2.4427777777777777,5.280555555555556,-0.3836215425498358,-0.726309062679584
1237,Wojciech DLUBACZ,H,55-59M,580,Index <600,Finisher,FALSE,Other,200,173.6,TRUE,2.0747222222222224,4.589722222222222,-0.015565986994280502,-0.03547572934624999
1238,Benjamin DUBOIS,H,35-39M,580,Index <600,Finisher,FALSE,Other,200,173.6,TRUE,1.9502777777777778,4.1802777777777775,0.10887845745016407,0.3739687150981945
1239,Robin DUBREUCQ,H,35-39M,578,Index <600,Finisher,FALSE,Other,200,173.6,TRUE,1.8955555555555557,4.210555555555556,0.1694284034013992,0.3573148967213993
1240,Kristina PATTISON,F,45-49W,579,Index <600,Finisher,FALSE,Other,200,173.6,TRUE,2.031111111111111,4.474444444444444,0.03096603444190462,0.08662246886487351
1241,Maciej ZAMBRZYCKI,H,45-49M,616,Index 600–700,Finisher,FALSE,Other,200,173.6,TRUE,1.8575,4.1561111111111115,0.0903237590732727,0.1462270268311221
1242,Florent LEGEAY,H,35-39M,579,Index <600,Finisher,FALSE,Other,200,173.6,TRUE,2.0369444444444444,4.403333333333333,0.025132701108571256,0.15773357997598422
1243,Yannick ABOULIKAM,H,45-49M,579,Index <600,Finisher,FALSE,Other,200,173.6,TRUE,2.381111111111111,5.1097222222222225,-0.3190339655580954,-0.5486553089129051
1244,Nicolas GOSSET,H,40-44M,579,Index <600,Finisher,FALSE,Other,200,173.6,TRUE,2.0105555555555554,4.350833333333333,0.051521589997460274,0.21023357997598444
1245,Laurent PARDON,H,40-44M,579,Index <600,Finisher,FALSE,Other,200,173.6,TRUE,2.0641666666666665,4.390833333333333,-0.002089521113650776,0.1702335799759844
1246,Davide DONINA,H,50-54M,581,Index <600,Finisher,FALSE,Other,200,173.6,TRUE,1.8797222222222223,4.161111111111111,0.17649938613469143,0.38629865713427824
1247,Julien COINDET,H,45-49M,578,Index <600,DNF,TRUE,Abandoned,48,114,TRUE,1.725,4.023888888888889,0.3399839589569548,0.5439815633880658
1248,Franck MORIN,H,35-39M,578,Index <600,Finisher,FALSE,Other,200,173.6,TRUE,1.808888888888889,4.128888888888889,0.25609507006806587,0.4389815633880663
1249,Olivier MAVIEL,H,40-44M,577,Index <600,Finisher,FALSE,Other,200,173.6,TRUE,2.002222222222222,4.460833333333333,0.06565407284235626,0.1138231991770782
1250,Loïc ANGENARD,H,40-44M,578,Index <600,Finisher,FALSE,Other,200,173.6,TRUE,2.2752777777777777,4.623888888888889,-0.21029381882082285,-0.05601843661193384
1251,Jérémie BALLET-BAZ,H,40-44M,575,Index <600,Finisher,FALSE,Other,200,173.6,TRUE,2.141111111111111,4.7588888888888885,-0.06749509722095419,-0.17071488118799133
1252,Felipe TORIBIO,H,35-39M,578,Index <600,Finisher,FALSE,Other,200,173.6,TRUE,2.1661111111111113,4.528611111111111,-0.10112715215415644,0.039259341165843724
1253,Alexandre DEMANET,H,45-49M,576,Index <600,Finisher,FALSE,Other,200,173.6,TRUE,2.359722222222222,5.045555555555556,-0.28896844872151606,-0.4641309788143393
1254,Jeremy COURTIN,H,40-44M,607,Index 600–700,Finisher,FALSE,Other,200,173.6,TRUE,1.8347222222222221,4.118888888888889,0.1416306889497777,0.24693439724510524
1255,Jeremy DESPREAUX,H,45-49M,577,Index <600,Finisher,FALSE,Other,200,173.6,TRUE,1.8716666666666666,4.368333333333333,0.19620962839791176,0.2063231991770784
1256,Yanis DEBAUD,H,20-34M,577,Index <600,DNF,TRUE,Abandoned,40,99.4,TRUE,1.9705555555555556,4.374722222222222,0.09732073950902279,0.1999343102881894
1257,Freddy PAILLARD,H,40-44M,579,Index <600,Finisher,FALSE,Other,200,173.6,TRUE,1.741111111111111,3.9475,0.32096603444190475,0.6135669133093176
1258,Arnaud TERRIER,H,50-54M,577,Index <600,Finisher,FALSE,Other,200,173.6,TRUE,2.2819444444444446,4.917222222222223,-0.21406814937986618,-0.342565689711811
1260,Stéphane GEHIN,H,60-64M,576,Index <600,DNF,TRUE,Timed out (cut-off),22,67.8,FALSE,2.3425,5.131944444444445,-0.27174622649929375,-0.5505198677032284
1261,Ward VONDELING,H,20-34M,576,Index <600,Finisher,FALSE,Other,200,173.6,TRUE,2.1680555555555556,4.780555555555556,-0.09730178205484963,-0.19913097881433955
1262,Isabel Martine SCHÜSSLER,F,40-44W,576,Index <600,DNF,TRUE,Abandoned,10,32.4,FALSE,1.8263888888888888,4.224166666666667,0.2443648846118171,0.35725791007454927
1263,Michael SULLIVAN,H,65-69M,576,Index <600,Finisher,FALSE,Other,200,173.6,TRUE,2.073888888888889,4.663333333333333,-0.0031351153881828894,-0.08190875659211676
1264,Guillaume COSTES,H,35-39M,576,Index <600,Finisher,FALSE,Other,200,173.6,TRUE,2.0569444444444445,4.586111111111111,0.01380932905626153,-0.004686534369894902
1266,Guillaume SOURISSEAU,H,45-49M,576,Index <600,Finisher,FALSE,Other,200,173.6,TRUE,2.12,4.641111111111111,-0.0492462264992941,-0.059686534369894614
1267,Francois GOLEC,H,45-49M,576,Index <600,Finisher,FALSE,Other,200,173.6,TRUE,1.956388888888889,4.589444444444444,0.11436488461181704,-0.008019867703227868
1268,Logann LÉPINE,H,20-34M,576,Index <600,Finisher,FALSE,Other,200,173.6,TRUE,1.73,3.8430555555555554,0.340753773500706,0.738369021185661
1269,Florian DELORME,H,40-44M,576,Index <600,Finisher,FALSE,Other,200,173.6,TRUE,2.209722222222222,4.6975,-0.13896844872151617,-0.11607542325878344
1270,Fabrice RENAULT,H,50-54M,576,Index <600,Finisher,FALSE,Other,200,173.6,TRUE,2.358611111111111,5.050833333333333,-0.2878573376104052,-0.469408756592117
1271,Maxime MIROUX,H,20-34M,575,Index <600,Finisher,FALSE,Other,200,173.6,TRUE,1.8922222222222222,4.2122222222222225,0.18139379166793448,0.37595178547867464
1272,Nicolas MONJOU,H,45-49M,575,Index <600,Finisher,FALSE,Other,200,173.6,TRUE,1.8027777777777778,4.1258333333333335,0.27083823611237895,0.4623406743675637
1273,Eric WINTENBERGER,H,50-54M,575,Index <600,Finisher,FALSE,Other,200,173.6,TRUE,1.843888888888889,4.0525,0.22972712500126782,0.535674007700897
1275,Guillaume CHAMBON,H,45-49M,575,Index <600,Finisher,FALSE,Other,200,173.6,TRUE,2.215,4.851388888888889,-0.1413839861098431,-0.2632148811879916
1276,Jean Baptiste HANTON,H,50-54M,575,Index <600,Finisher,FALSE,Other,200,173.6,TRUE,1.9580555555555557,4.389166666666667,0.11556045833460109,0.19900734103423004
1277,Pierrick STABLO,H,20-34M,575,Index <600,Finisher,FALSE,Other,200,173.6,TRUE,2.0236111111111112,4.514444444444444,0.050004902779045526,0.07372956325645312
1278,Jarosław WINIARSKI,H,50-54M,575,Index <600,Finisher,FALSE,Other,200,173.6,TRUE,2.3544444444444443,5.110555555555556,-0.2808284305542875,-0.5223815478546588
1279,Yang YANG,H,40-44M,574,Index <600,Finisher,FALSE,Other,200,173.6,TRUE,2.006666666666667,4.381388888888889,0.06979596919108355,0.21351535923209325
1280,Emmanuel VAN ACKER,H,55-59M,573,Index <600,DNF,TRUE,Abandoned,28,81.3,TRUE,2.312222222222222,5.042777777777777,-0.23292896319391643,-0.4411630570447774
1281,Sarah LAHAYE,F,40-44W,597,Index <600,Finisher,FALSE,Other,200,173.6,TRUE,2.008611111111111,4.458888888888889,-8.985967930248163e-4,-0.022613034483956487
1282,Florian ALONZI,H,45-49M,573,Index <600,Finisher,FALSE,Other,200,173.6,TRUE,1.9080555555555556,4.2844444444444445,0.1712377034727501,0.31717027628855554
1284,Pierre HERTAULT,H,20-34M,573,Index <600,Finisher,FALSE,Other,200,173.6,TRUE,2.2716666666666665,4.9875,-0.19237340763836078,-0.3858852792669998
1285,Julien RODALLEC,H,45-49M,573,Index <600,Finisher,FALSE,Other,200,173.6,TRUE,2.4366666666666665,5.204722222222222,-0.35737340763836073,-0.6031075014892224
1286,Oskars PUNANS,H,35-39M,570,Index <600,Finisher,FALSE,Other,200,173.6,TRUE,2.261111111111111,4.853055555555556,-0.17342577910517296,-0.23143379651962756
1287,Juan Pedro RUBIO GARCIA,H,45-49M,572,Index <600,DNF,TRUE,Abandoned,16,52.2,FALSE,2.165277777777778,4.6386111111111115,-0.08317027475113521,-0.030306262842633616
1288,Sonthaya DUNPHERI,H,45-49M,572,Index <600,Finisher,FALSE,Other,200,173.6,TRUE,2.2983333333333333,5.288333333333333,-0.21622583030669065,-0.6800284850648554
1289,Fabrice DELPECH,H,40-44M,571,Index <600,Finisher,FALSE,Other,200,173.6,TRUE,2.2425,4.8,-0.15759501252241992,-0.18502594654105503
1290,Guillaume LÖRCHNER,H,40-44M,571,Index <600,Finisher,FALSE,Other,200,173.6,TRUE,2.262777777777778,5.029444444444445,-0.17787279030019776,-0.4144703909854999
1291,Thomas WATSON,H,35-39M,571,Index <600,Finisher,FALSE,Other,200,173.6,TRUE,1.7461111111111112,4.002222222222223,0.3387938763664691,0.6127518312367222
1292,Gustavo GONCALVES BOTELHO,H,50-54M,568,Index <600,Finisher,FALSE,Other,200,173.6,TRUE,2.0569444444444445,4.7780555555555555,0.0362486353497472,-0.14320519327999703
1293,Quentin HOVINE,H,20-34M,571,Index <600,DNF,TRUE,Abandoned,58,144,TRUE,2.223888888888889,4.746388888888889,-0.1389839014113086,-0.13141483542994442
1294,Guillermo CHUECO FERNÁNDEZ,H,35-39M,570,Index <600,DNF,TRUE,Abandoned,58,144,TRUE,1.9819444444444445,4.560277777777777,0.10574088756149366,0.06134398125815065
1295,Sonia POUTREL,F,35-39W,570,Index <600,Finisher,FALSE,Other,200,173.6,TRUE,2.551388888888889,5.5775,-0.4637035568829508,-0.9558782409640715
1296,James LEE,H,35-39M,570,Index <600,Finisher,FALSE,Other,200,173.6,TRUE,1.9697222222222222,4.408333333333333,0.11796310978371602,0.21328842570259487
1297,Finn AMUNDSEN,H,20-34M,570,Index <600,Finisher,FALSE,Other,200,173.6,TRUE,2.1663888888888887,4.943611111111111,-0.07870355688295054,-0.32198935207518314
1298,Thomas CARREZ,H,45-49M,570,Index <600,Finisher,FALSE,Other,200,173.6,TRUE,1.888611111111111,4.213611111111111,0.1990742208948271,0.40801064792481734
1299,Christophe QUERRY,H,55-59M,569,Index <600,Finisher,FALSE,Other,200,173.6,TRUE,2.3002777777777776,4.994722222222222,-0.20982962154124218,-0.36647483449126556
1300,Liang DENG,H,45-49M,570,Index <600,Finisher,FALSE,Other,200,173.6,TRUE,2.1425,4.616666666666666,-0.05481466799406189,0.004955092369261855
1302,Katarina PERSSON,F,50-54W,570,Index <600,Finisher,FALSE,Other,200,173.6,TRUE,1.9241666666666666,4.329166666666667,0.16351866533927154,0.2924550923692614
1303,Denis DEPAOLI,H,45-49M,570,Index <600,Finisher,FALSE,Other,200,173.6,TRUE,1.9961111111111112,4.87,0.091574220894827,-0.248378240964072
1304,Jiayun HAN,H,20-34M,570,Index <600,DNF,TRUE,Abandoned,48,114,TRUE,2.200277777777778,4.743055555555555,-0.11259244577183983,-0.12143379651962725
1305,Aaron RICHARDS,H,35-39M,570,Index <600,Finisher,FALSE,Other,200,173.6,TRUE,2.319722222222222,5.051944444444445,-0.23203689021628388,-0.4303226854085166
1306,So Young PARK,F,45-49W,569,Index <600,DNF,TRUE,Abandoned,22,67.8,FALSE,2.1844444444444444,5.0247222222222225,-0.09399628820790895,-0.39647483449126586
1307,Loic LEGRAS,H,40-44M,569,Index <600,Finisher,FALSE,Other,200,173.6,TRUE,2.1558333333333333,4.629444444444444,-0.06538517709679781,-0.0011970567134874795
1308,Mickael DI COSTANZO,H,40-44M,569,Index <600,Finisher,FALSE,Other,200,173.6,TRUE,2.0219444444444443,4.591111111111111,0.06850371179209117,0.03713627661984563
1309,Emmanuel VERRIERE,H,60-64M,563,Index <600,Finisher,FALSE,Other,200,173.6,TRUE,1.9366666666666668,4.245555555555556,0.16996920769036705,0.421949662790094
1310,Meepoom MONGKOLSUKSRI,H,40-44M,569,Index <600,DNF,TRUE,Abandoned,40,99.4,TRUE,2.4469444444444446,5.546944444444445,-0.3564962882079091,-0.9186970567134879
1311,David DECAESTEKER,H,45-49M,569,Index <600,Finisher,FALSE,Other,200,173.6,TRUE,1.7955555555555556,4.288055555555555,0.2948926006809799,0.34019183217540144
1312,Alexandre DANJOU,H,50-54M,568,Index <600,DNF,TRUE,Abandoned,48,114,TRUE,2.111666666666667,4.6241666666666665,-0.01847358687247514,0.010683695608891935
1313,Martin LERAY,H,40-44M,568,Index <600,Finisher,FALSE,Other,200,173.6,TRUE,2.495277777777778,5.414444444444444,-0.4020846979835863,-0.779594082168886
1314,Alexandre BRIOT,H,45-49M,568,Index <600,Finisher,FALSE,Other,200,173.6,TRUE,1.968611111111111,4.259444444444444,0.12458196868308061,0.3754059178311143
1315,Fabrice MILOU,H,50-54M,567,Index <600,Finisher,FALSE,Other,200,173.6,TRUE,2.227222222222222,4.786666666666667,-0.13130249991849618,-0.1452365612654055
1316,Tiago MACHADO,H,50-54M,568,Index <600,Finisher,FALSE,Other,200,173.6,TRUE,1.9322222222222223,4.216666666666667,0.16097085757196938,0.4181836956088917
1317,Henry HERKES,H,20-34M,568,Index <600,Finisher,FALSE,Other,200,173.6,TRUE,1.7952777777777778,4.025,0.29791530201641386,0.6098503622755581
1318,Alexandre ESNAULT,H,20-34M,568,Index <600,Finisher,FALSE,Other,200,173.6,TRUE,2.4855555555555555,5.138055555555556,-0.3923624757613639,-0.5032051932799974
1319,Sébastien FRANTZ,H,20-34M,567,Index <600,DNF,TRUE,Abandoned,48,114,TRUE,2.1475,4.733333333333333,-0.051580277696273914,-0.09190322793207183
1320,Sébastien VARDELLE,H,50-54M,567,Index <600,Finisher,FALSE,Other,200,173.6,TRUE,2.213611111111111,4.852222222222222,-0.11769138880738515,-0.21079211682096063
1321,Julien MENDES,H,40-44M,567,Index <600,Finisher,FALSE,Other,200,173.6,TRUE,2.1152777777777776,4.730277777777777,-0.01935805547405154,-0.0888476723765158
1322,Miguel SAINCIR,H,20-34M,567,Index <600,Finisher,FALSE,Other,200,173.6,TRUE,2.0430555555555556,4.456111111111111,0.05286416674817042,0.18531899429015025
1323,Roger BRUNET ROIG,H,45-49M,567,Index <600,Finisher,FALSE,Other,200,173.6,TRUE,1.9397222222222221,4.148611111111111,0.15619750008150393,0.4928189942901503
1324,Thibault MENESTRET,H,40-44M,566,Index <600,DNF,TRUE,Abandoned,38,94.2,TRUE,2.313888888888889,5.295277777777778,-0.21526118549893095,-0.6472917379381835
1325,David MIAO,H,60-64M,566,Index <600,Finisher,FALSE,Other,200,173.6,TRUE,1.9216666666666666,4.288333333333333,0.17696103672329153,0.3596527065062611
1326,Brittney JACOBSON,F,35-39W,564,Index <600,Finisher,FALSE,Other,200,173.6,TRUE,2.28,5.062777777777778,-0.17601384020820712,-0.40175360419751804
1327,Jordan BOUVIER,H,20-34M,566,Index <600,Finisher,FALSE,Other,200,173.6,TRUE,1.9266666666666667,4.3308333333333335,0.1719610367232914,0.31715270650626065
1328,Lukáš KOZUBÍK,H,45-49M,542,Index <600,Finisher,FALSE,Other,200,173.6,TRUE,2.3066666666666666,5.150833333333333,-0.14914663645558773,-0.35354673269382897
1329,Ludovic GUILBON,H,45-49M,566,Index <600,DNF,TRUE,Abandoned,38,94.2,TRUE,2.453611111111111,5.263055555555556,-0.35498340772115283,-0.6150695157159616
1330,Xiaofei YANG,H,45-49M,566,Index <600,DNF,TRUE,Timed out (cut-off),22,67.8,FALSE,2.2483333333333335,5.556111111111111,-0.1497056299433754,-0.9081250712715166
1331,Jesús ALONSO FERREIRA,H,55-59M,566,Index <600,DNF,TRUE,Abandoned,56,139,TRUE,1.9180555555555556,4.261666666666667,0.18057214783440254,0.38631937317292747
1332,Bryan LENNON,H,40-44M,566,Index <600,Finisher,FALSE,Other,200,173.6,TRUE,1.8588888888888888,4.164444444444444,0.23973881450106932,0.48354159539514985
1333,Jean Pascal BERNARD HERVE,H,50-54M,564,Index <600,Finisher,FALSE,Other,200,173.6,TRUE,NA,4.332777777777777,NA,0.32824639580248244
1335,Benoit CHARACHE,H,50-54M,565,Index <600,Finisher,FALSE,Other,200,173.6,TRUE,2.0866666666666664,4.503888888888889,0.014649976011040792,0.15062869943319557
1336,Sławomir BUK,H,45-49M,565,Index <600,Finisher,FALSE,Other,200,173.6,TRUE,2.419722222222222,5.400277777777778,-0.31840557954451487,-0.7457601894556942
1337,Olivier VINCENT,H,45-49M,565,Index <600,Finisher,FALSE,Other,200,173.6,TRUE,1.8086111111111112,4.026111111111111,0.292705531566596,0.6284064772109732
1338,Gaëtan VERHELST,H,40-44M,565,Index <600,Finisher,FALSE,Other,200,173.6,TRUE,2.109722222222222,4.721666666666667,-0.008405579544514813,-0.06714907834458252
1339,Kahei TAMURA,H,45-49M,565,Index <600,Finisher,FALSE,Other,200,173.6,TRUE,2.426111111111111,5.133055555555556,-0.32479446843340387,-0.47853796723347175
1340,Alfonso MARQUEZ,H,55-59M,564,Index <600,DNF,TRUE,Abandoned,16,52.2,FALSE,1.8955555555555557,4.2813888888888885,0.208430604236237,0.37963528469137137
1341,Alfred SANDVIG,H,20-34M,564,Index <600,Finisher,FALSE,Other,200,173.6,TRUE,1.933888888888889,4.3075,0.1700972709029037,0.3535241735802597
1342,Miguel SABUGUEIRO,H,55-59M,563,Index <600,Finisher,FALSE,Other,200,173.6,TRUE,1.961111111111111,4.3694444444444445,0.14552476324592278,0.2980607739012052
1343,Victor VARIN,H,20-34M,564,Index <600,Finisher,FALSE,Other,200,173.6,TRUE,2.273888888888889,4.923611111111111,-0.16990272909709642,-0.2625869375308509
1344,Cecilia RAGAZZI,F,40-44W,561,Index <600,Finisher,FALSE,Other,200,173.6,TRUE,2.448611111111111,5.375277777777778,-0.3367367367708503,-0.6948894004535942
1345,Sanduo HE,H,40-44M,564,Index <600,Finisher,FALSE,Other,200,173.6,TRUE,2.0388888888888888,4.5841666666666665,0.06509727090290394,0.07685750691359336
1347,Pablo DELGADO,H,35-39M,564,Index <600,Finisher,FALSE,Other,200,173.6,TRUE,2.211388888888889,5.046944444444445,-0.10740272909709637,-0.3859202708641849
1348,Carolina PALICIO VARELA,F,40-44W,566,Index <600,Finisher,FALSE,Other,200,173.6,TRUE,2.4419444444444443,5.027777777777778,-0.3433167410544861,-0.37979173793818355
1349,Pierre Jean RUEDA,H,40-44M,562,Index <600,Finisher,FALSE,Other,200,173.6,TRUE,1.913888888888889,4.172777777777778,0.19537651710936108,0.5011823675720034
1350,Toni GRACIA,F,45-49W,563,Index <600,DNF,TRUE,Abandoned,28,81.3,TRUE,2.006111111111111,4.562222222222222,0.10052476324592263,0.10528299612342756
1351,Pablo SANCHEZ FERNANDEZ,H,20-34M,563,Index <600,Finisher,FALSE,Other,200,173.6,TRUE,1.7102777777777778,3.673611111111111,0.39635809657925597,0.9938941072345384
1352,Nicolas KUS,H,35-39M,563,Index <600,Finisher,FALSE,Other,200,173.6,TRUE,1.8288888888888888,4.199166666666667,0.27774698546814497,0.46833855167898303
1353,Nathalie MILOU,F,50-54W,563,Index <600,Finisher,FALSE,Other,200,173.6,TRUE,2.2269444444444444,4.786666666666667,-0.1203085700874106,-0.11916144832101731
1354,Nicolas CURY,H,40-44M,596,Index <600,Finisher,FALSE,Other,200,173.6,TRUE,1.7419444444444445,3.930833333333333,0.26887043045537157,0.5124616043457947
1355,Antoine FOURCADE,H,40-44M,562,Index <600,Finisher,FALSE,Other,200,173.6,TRUE,2.1130555555555555,4.729722222222223,-0.003790149557305408,-0.05576207687244093
1356,Julien FARGEAT,H,35-39M,562,Index <600,Finisher,FALSE,Other,200,173.6,TRUE,2.0797222222222222,4.521388888888889,0.02954318377602779,0.15257125646089298
1358,Marcel ILIE,H,40-44M,562,Index <600,Finisher,FALSE,Other,200,173.6,TRUE,2.0225,4.423333333333333,0.08676540599825011,0.25062681201644876
1360,Claude FAGOUET,H,45-49M,562,Index <600,Finisher,FALSE,Other,200,173.6,TRUE,1.9080555555555556,4.216944444444445,0.20120985044269443,0.45701570090533716
1361,David VAVASSEUR,H,45-49M,562,Index <600,Finisher,FALSE,Other,200,173.6,TRUE,2.0541666666666667,4.390555555555555,0.05509873933158335,0.28340458979422634
1362,Jose MEDINA,H,50-54M,562,Index <600,Finisher,FALSE,Other,200,173.6,TRUE,2.263611111111111,4.9175,-0.154345705112861,-0.24353985465021874
1363,Luca BASSI,H,35-39M,607,Index 600–700,Finisher,FALSE,Other,200,173.6,TRUE,1.7855555555555556,3.9180555555555556,0.1907973556164443,0.44776773057843855
1364,Jorge BORAD,H,40-44M,562,Index <600,Finisher,FALSE,Other,200,173.6,TRUE,1.9552777777777777,4.414722222222222,0.15398762822047238,0.25923792312755944
1365,David BENDER,H,40-44M,562,Index <600,DNF,TRUE,Abandoned,16,52.2,FALSE,2.1036111111111113,4.635555555555555,0.005654294887138736,0.03840458979422625
1366,Mathieu CASAS,H,50-54M,562,Index <600,Finisher,FALSE,Other,200,173.6,TRUE,1.5263888888888888,3.437222222222222,0.5828765171093613,1.2367379231275597
1367,Pansak BOONKONG,H,40-44M,562,Index <600,Finisher,FALSE,Other,200,173.6,TRUE,2.230277777777778,4.7975,-0.12101237177952777,-0.12353985465021863
1368,Marialuisa TAGLIAPIETRA,F,55-59W,561,Index <600,Finisher,FALSE,Other,200,173.6,TRUE,2.082222222222222,4.680555555555555,0.029652152118038566,-1.6717823137146726e-4
1369,Naoki KOBAYASHI,H,45-49M,562,Index <600,Finisher,FALSE,Other,200,173.6,TRUE,1.9622222222222223,4.605277777777777,0.14704318377602774,0.06868236757200434
1370,Wei LIU,H,40-44M,562,Index <600,Finisher,FALSE,Other,200,173.6,TRUE,1.9844444444444445,4.5488888888888885,0.12482096155380562,0.12507125646089315
1371,Thomas PASSAGUET,H,50-54M,561,Index <600,Finisher,FALSE,Other,200,173.6,TRUE,2.279166666666667,4.989722222222222,-0.16729229232640602,-0.3093338448980385
1372,Loïc ALVES,H,20-34M,561,Index <600,Finisher,FALSE,Other,200,173.6,TRUE,2.332777777777778,4.916944444444445,-0.22090340343751705,-0.2365560671202609
1373,Kun WANG,H,20-34M,561,Index <600,Finisher,FALSE,Other,200,173.6,TRUE,1.9369444444444444,4.333611111111111,0.17492992989581643,0.34677726621307303
1374,Peter VERHEYDEN,H,55-59M,561,Index <600,Finisher,FALSE,Other,200,173.6,TRUE,2.367777777777778,5.372777777777777,-0.2559034034375172,-0.6923894004535938
1375,Gonzalo GIULI,H,40-44M,561,Index <600,Finisher,FALSE,Other,200,173.6,TRUE,2.1166666666666667,4.711111111111111,-0.004792292326405931,-0.03072273378692736
1376,Selahatti̇n ILDIRAR,H,45-49M,561,Index <600,Finisher,FALSE,Other,200,173.6,TRUE,2.0530555555555554,4.61,0.05881881878470536,0.0703883773241836
1378,Grégory COURNEIL,H,45-49M,560,Index <600,Finisher,FALSE,Other,200,173.6,TRUE,2.335,5.135833333333333,-0.22053760099211453,-0.44904399633294906
1379,Guillaume DESJARDINS,H,45-49M,560,Index <600,DNF,TRUE,Abandoned,48,114,TRUE,2.3427777777777776,5.082777777777777,-0.2283153787698922,-0.3959884407773932
1380,Roberto GAMBA,H,55-59M,560,Index <600,Finisher,FALSE,Other,200,173.6,TRUE,2.2405555555555554,5.036111111111111,-0.12609315654767,-0.34932177411072723
1381,Raffaele SCACCIA,H,40-44M,560,Index <600,Finisher,FALSE,Other,200,173.6,TRUE,2.127222222222222,4.719444444444444,-0.012759823214336665,-0.03265510744405982
1382,Vincent MISCOPAIN,H,40-44M,560,Index <600,Finisher,FALSE,Other,200,173.6,TRUE,1.7408333333333332,3.9091666666666667,0.37362906567455234,0.7776226703337176
1383,Anthony ETAVARD,H,45-49M,560,Index <600,Finisher,FALSE,Other,200,173.6,TRUE,2.0375,4.686944444444444,0.07696239900788537,-1.5510744406007032e-4
1384,Alexander JEFFS,H,20-34M,560,Index <600,Finisher,FALSE,Other,200,173.6,TRUE,1.9841666666666666,4.4061111111111115,0.1302957323412188,0.2806782258892727
1385,Thomas BOUCHARD,H,40-44M,560,Index <600,Finisher,FALSE,Other,200,173.6,TRUE,1.9669444444444444,4.396388888888889,0.14751795456344105,0.29040044811149557
1386,Ante ERCEGOVIC,H,45-49M,560,Index <600,Finisher,FALSE,Other,200,173.6,TRUE,2.0925,4.744722222222222,0.021962399007885658,-0.057932885221838
1387,Hemrick VERWAERDE,H,35-39M,560,Index <600,Finisher,FALSE,Other,200,173.6,TRUE,2.3330555555555557,4.910555555555556,-0.21859315654767023,-0.22376621855517148
1388,Nikolai QUIGLEY,H,20-34M,559,Index <600,Finisher,FALSE,Other,200,173.6,TRUE,2.0297222222222224,4.272222222222222,0.08730687740372074,0.42094022488768895
1389,Sarah MANGLER,F,40-44W,559,Index <600,Finisher,FALSE,Other,200,173.6,TRUE,2.124722222222222,4.601666666666667,-0.007693122596279005,0.09149578044324462
1390,Gabriel PELMUS,H,35-39M,555,Index <600,DNF,TRUE,Abandoned,52,127.5,TRUE,2.2430555555555554,4.939722222222223,-0.11597728345209057,-0.2213495383675812
1391,Thibault COMPAIN,H,20-34M,559,Index <600,Finisher,FALSE,Other,200,173.6,TRUE,1.9827777777777778,4.435555555555555,0.1342513218481654,0.25760689155435584
1392,Ana Maria CARRERES TORTOSA,F,50-54W,559,Index <600,Finisher,FALSE,Other,200,173.6,TRUE,1.893888888888889,4.283611111111111,0.22314021073705423,0.40955133599880006
1393,Lara MEYER,F,35-39W,559,Index <600,Finisher,FALSE,Other,200,173.6,TRUE,2.020277777777778,4.530833333333334,0.09675132184816533,0.16232911377657744
1394,Dawn NUNES,F,45-49W,560,Index <600,Finisher,FALSE,Other,200,173.6,TRUE,2.0569444444444445,4.586666666666667,0.057517954563441005,0.1001226703337174
1396,Kwang Wook CHOI,H,35-39M,559,Index <600,Finisher,FALSE,Other,200,173.6,TRUE,2.1655555555555557,4.8805555555555555,-0.048526455929612515,-0.18739310844564439
1397,Wenliang TANG,H,45-49M,557,Index <600,Finisher,FALSE,Other,200,173.6,TRUE,2.2069444444444444,4.905833333333334,-0.08484731804645383,-0.20000954411042687
1398,Joanna KOWAL,F,20-34W,558,Index <600,Finisher,FALSE,Other,200,173.6,TRUE,2.1275,4.6825,-0.007925904180746249,0.01700725284277402
1399,Rakchanok SUTAMMAJARN,F,50-54W,558,Index <600,Finisher,FALSE,Other,200,173.6,TRUE,2.3536111111111113,5.288611111111111,-0.2340370152918576,-0.5891038582683369
1400,Daouda DIARRA,H,40-44M,557,Index <600,Finisher,FALSE,Other,200,173.6,TRUE,2.0894444444444447,4.683333333333334,0.032652681953545905,0.022490455889573237
1401,Kamil KROL,H,35-39M,558,Index <600,Finisher,FALSE,Other,200,173.6,TRUE,1.8311111111111111,4.064722222222223,0.2884629847081425,0.6347850306205515
1402,Alejandro FERIA,H,40-44M,558,Index <600,Finisher,FALSE,Other,200,173.6,TRUE,2.0444444444444443,4.497777777777777,0.0751296513748094,0.20172947506499672
1403,Pierre VENTURINI,H,20-34M,558,Index <600,Finisher,FALSE,Other,200,173.6,TRUE,1.9866666666666666,4.398055555555556,0.1329074291525871,0.30145169728721866
1404,Guillem PELISSIER,H,45-49M,560,Index <600,Finisher,FALSE,Other,200,173.6,TRUE,2.0147222222222223,4.405555555555556,0.09974017678566315,0.28123378144482836
1405,Gianluca GIACOMINI,H,40-44M,558,Index <600,DNF,TRUE,Abandoned,48,114,TRUE,2.285833333333333,5.1325,-0.16625923751407948,-0.4329927471572261
1406,Joe AMO,H,60-64M,557,Index <600,Finisher,FALSE,Other,200,173.6,TRUE,1.775,4.193888888888889,0.3470971263979907,0.5119349003340178
1407,Melissa ROBERTSON,F,45-49W,557,Index <600,Finisher,FALSE,Other,200,173.6,TRUE,1.861388888888889,4.465277777777778,0.2607082375091016,0.24054601144512916
1408,Lingyi HE,F,35-39W,569,Index <600,Finisher,FALSE,Other,200,173.6,TRUE,2.0277777777777777,4.4030555555555555,0.06267037845875782,0.22519183217540129
1409,François MULLER,H,60-64M,562,Index <600,Finisher,FALSE,Other,200,173.6,TRUE,2.2463888888888888,4.825555555555556,-0.13712348289063875,-0.15159541020577413
1410,Kim DE BAENE,F,45-49W,583,Index <600,Finisher,FALSE,Other,200,173.6,TRUE,2.1555555555555554,4.767222222222222,-0.10524282907783811,-0.2335325067558189
1411,Lucas DE GRACIA,H,35-39M,557,Index <600,Finisher,FALSE,Other,200,173.6,TRUE,1.9372222222222222,4.276666666666666,0.18487490417576835,0.4291571225562404
1412,Vincent LANCHEC,H,40-44M,557,Index <600,Finisher,FALSE,Other,200,173.6,TRUE,2.085277777777778,4.584444444444444,0.03681934862021278,0.12137934477846252
1413,Zdenek KRIVANEK,H,45-49M,555,Index <600,Finisher,FALSE,Other,200,173.6,TRUE,2.1725,4.935277777777777,-0.04542172789653509,-0.21690509392313606
1414,Arthur LANOS,H,20-34M,557,Index <600,Finisher,FALSE,Other,200,173.6,TRUE,2.062222222222222,4.324166666666667,0.059874904175768386,0.38165712255624
1415,Yulan WU,F,35-39W,556,Index <600,Finisher,FALSE,Other,200,173.6,TRUE,1.8888888888888888,4.2427777777777775,0.23570951802485662,0.4693344359549466
1416,Julien VEYSSEYRE,H,35-39M,556,Index <600,Finisher,FALSE,Other,200,173.6,TRUE,2.1083333333333334,4.7588888888888885,0.016265073580412084,-0.0467766751561644
1417,Miquel VIDAL ROSO,H,40-44M,556,Index <600,DNF,TRUE,Abandoned,40,99.4,TRUE,1.8475,4.21,0.27709840691374554,0.5021122137327241
1418,Laurent ZAZA,H,40-44M,556,Index <600,Finisher,FALSE,Other,200,173.6,TRUE,2.2316666666666665,4.9783333333333335,-0.10706825975292102,-0.26622111960060935
1420,Jean Rémy PAYA,H,40-44M,556,Index <600,Finisher,FALSE,Other,200,173.6,TRUE,2.026388888888889,4.476111111111111,0.09820951802485645,0.2360011026216132
1421,Yan MORVAN,H,45-49M,556,Index <600,Finisher,FALSE,Other,200,173.6,TRUE,2.3919444444444444,5.293888888888889,-0.2673460375306989,-0.5817766751561646
1422,Julie MCNAMEE,F,50-54W,556,Index <600,Finisher,FALSE,Other,200,173.6,TRUE,2.1575,4.920555555555556,-0.03290159308625474,-0.20844334182283145
1423,Jumpei KAWAUCHI,H,50-54M,556,Index <600,Finisher,FALSE,Other,200,173.6,TRUE,2.2933333333333334,5.235833333333333,-0.16873492641958796,-0.5237211196006089
1424,Paul SELLEM,H,20-34M,556,Index <600,Finisher,FALSE,Other,200,173.6,TRUE,1.835,4.101944444444444,0.2895984069137455,0.6101677692882796
1425,Ralf ELSAESSER,H,50-54M,555,Index <600,Finisher,FALSE,Other,200,173.6,TRUE,2.19,4.898333333333333,-0.06292172789653515,-0.17996064947869206
1426,Baptiste GRILLET-AUBERT,H,20-34M,555,Index <600,Finisher,FALSE,Other,200,173.6,TRUE,2.082777777777778,4.556388888888889,0.04430049432568695,0.16198379496575258
1427,Masashi HIGO,H,50-54M,555,Index <600,Finisher,FALSE,Other,200,173.6,TRUE,2.1283333333333334,4.686388888888889,-0.0012550612298686098,0.031983794965752654
1428,Andre STUDER,H,45-49M,562,Index <600,Finisher,FALSE,Other,200,173.6,TRUE,1.8694444444444445,4.106944444444444,0.23982096155380558,0.5670157009053373
1429,Jouni VISKARI,H,50-54M,555,Index <600,DNF,TRUE,Abandoned,16,52.2,FALSE,2.1744444444444446,5.048333333333333,-0.04736617234097984,-0.32996064947869164
1430,Maurice DE JONGE,H,45-49M,558,Index <600,Finisher,FALSE,Other,200,173.6,TRUE,2.381666666666667,5.130277777777778,-0.2620925708474131,-0.4307705249350035
1431,Mark WILSON,H,40-44M,555,Index <600,DNF,TRUE,Abandoned,30,NA,TRUE,1.816111111111111,3.9630555555555556,0.31096716099235383,0.7553171282990858
1432,Pollaphat AKAPAN,H,40-44M,610,Index 600–700,DNF,TRUE,Abandoned,16,52.2,FALSE,2.246111111111111,5.043611111111111,-0.27925059306716116,-0.6989638611695528
1433,Daniel LARSSON,H,50-54M,555,Index <600,DNF,TRUE,Abandoned,40,99.4,TRUE,2.381388888888889,5.176388888888889,-0.2543106167854242,-0.45801620503424767
1434,Benjamin GIBBARD,H,50-54M,555,Index <600,DNF,TRUE,Abandoned,28,81.3,TRUE,2.1444444444444444,4.9225,-0.01736617234097957,-0.20412731614535895
1435,Antoine YVON CLEAUD,H,45-49M,554,Index <600,DNF,TRUE,Abandoned,44,104,TRUE,2.174722222222222,4.758611111111111,-0.04518516551812749,-0.03400575404003715
1436,Philippe HAUSSAIRE,H,20-34M,554,Index <600,Finisher,FALSE,Other,200,173.6,TRUE,2.0694444444444446,4.5088888888888885,0.06009261225964988,0.21571646818218504
1437,Kunnika TONSAKUL,F,50-54W,566,Index <600,DNF,TRUE,Timed out (cut-off),6,22.9,FALSE,2.998611111111111,NA,-0.8999834077211527,NA
1438,Christophe BOUZY,H,20-34M,553,Index <600,Finisher,FALSE,Other,200,173.6,TRUE,1.7569444444444444,3.8694444444444445,0.3750306510081367,0.8613659464199911
1439,Eduardo AMBROSIO,H,40-44M,554,Index <600,Finisher,FALSE,Other,200,173.6,TRUE,1.9572222222222222,4.3475,0.1723148344818723,0.3771053570710734
1440,Sara DEL GIUSTO,F,50-54W,554,Index <600,DNF,TRUE,Abandoned,40,99.4,TRUE,2.4055555555555554,5.261666666666667,-0.2760184988514609,-0.5370613095955933
1441,Rafał JOŃCZYK,H,45-49M,554,Index <600,Finisher,FALSE,Other,200,173.6,TRUE,2.2905555555555557,5.141111111111111,-0.16101849885146116,-0.4165057540400375
1442,Teo COUTURIER,H,20-34M,551,Index <600,Finisher,FALSE,Other,200,173.6,TRUE,2.1702777777777778,4.822777777777778,-0.033487503436869126,-0.07963960766616743
1443,Martin PLONER,H,60-64M,554,Index <600,Finisher,FALSE,Other,200,173.6,TRUE,2.0658333333333334,4.534166666666667,0.06370372337076112,0.19043869040440686
1444,Yuen Wing LI,H,45-49M,554,Index <600,Finisher,FALSE,Other,200,173.6,TRUE,2.6258333333333335,5.651111111111111,-0.4962962766292389,-0.9265057540400372
1445,Luca MARCON,H,50-54M,554,Index <600,Finisher,FALSE,Other,200,173.6,TRUE,2.381111111111111,5.197222222222222,-0.25157405440701663,-0.4726168651511485
1446,Maxime CUSSAC,H,35-39M,554,Index <600,Finisher,FALSE,Other,200,173.6,TRUE,2.1669444444444443,4.780833333333334,-0.03740738774034983,-0.056227976262260185
1447,Ronan LE MORTELLEC,H,45-49M,554,Index <600,Finisher,FALSE,Other,200,173.6,TRUE,1.9447222222222222,4.296111111111111,0.18481483448187225,0.42849424595996233
1448,Jérémy GARANDEL,H,35-39M,553,Index <600,DNF,TRUE,Abandoned,38,94.2,TRUE,2.2608333333333333,5.0725,-0.1288582378807522,-0.34168960913556407
1449,Tomi PEKKARINEN,H,50-54M,553,Index <600,Finisher,FALSE,Other,200,173.6,TRUE,1.9347222222222222,4.700555555555556,0.1972528732303588,0.030254835308879853
1450,Rafał TABIŚ-HUBKA,H,45-49M,553,Index <600,Finisher,FALSE,Other,200,173.6,TRUE,2.3108333333333335,5.258333333333334,-0.17885823788075247,-0.5275229424688982
1451,Ouisam JEMILI,H,35-39M,553,Index <600,Finisher,FALSE,Other,200,173.6,TRUE,1.9291666666666667,4.351944444444444,0.20280842878591435,0.37886594641999144
1452,Ka Chun LI,H,20-34M,553,Index <600,Finisher,FALSE,Other,200,173.6,TRUE,2.1680555555555556,4.768611111111111,-0.0360804601029746,-0.037800720246675676
1453,Wai Kei LAM,H,50-54M,553,Index <600,Finisher,FALSE,Other,200,173.6,TRUE,2.071388888888889,4.569444444444445,0.0605862065636921,0.16136594641999108
1454,Morgan QUÉTIN,H,20-34M,553,Index <600,Finisher,FALSE,Other,200,173.6,TRUE,2.2552777777777777,4.8838888888888885,-0.12330268232519669,-0.1530784980244528
1455,Anne MAXWELL,F,40-44W,551,Index <600,Finisher,FALSE,Other,200,173.6,TRUE,2.089166666666667,4.663611111111111,0.04762360767424181,0.07952705900049925
1456,Danielle FAZIO,F,45-49W,552,Index <600,Finisher,FALSE,Other,200,173.6,TRUE,2.2416666666666667,4.953333333333333,-0.10727394358079642,-0.21634539061619015
1457,David CHAMBEFORT,H,50-54M,552,Index <600,Finisher,FALSE,Other,200,173.6,TRUE,2.1055555555555556,4.783888888888889,0.028837167530314664,-0.04690094617174591
1458,Bertrand FUMEX,H,40-44M,551,Index <600,Finisher,FALSE,Other,200,173.6,TRUE,2.1241666666666665,4.775,0.012623607674242098,-0.031861829888390175
1459,Romain ECHIVARD,H,20-34M,552,Index <600,Finisher,FALSE,Other,200,173.6,TRUE,1.9283333333333332,4.154722222222222,0.20605938975253707,0.5822657204949203
1461,Alexandre DELORD,H,40-44M,552,Index <600,Finisher,FALSE,Other,200,173.6,TRUE,2.3516666666666666,5.082222222222223,-0.2172739435807963,-0.34523427950507973
1462,Olivier PÉLIKS,H,50-54M,552,Index <600,DNF,TRUE,Abandoned,28,81.3,TRUE,2.1886111111111113,5.079722222222222,-0.054218388025240996,-0.34273427950507934
1463,Stuart HOULISTON,H,50-54M,552,Index <600,Finisher,FALSE,Other,200,173.6,TRUE,2.1958333333333333,5.078333333333333,-0.061440610247463015,-0.34134539061619024
1464,Rabin SRISUTTINUN,H,40-44M,551,Index <600,Finisher,FALSE,Other,200,173.6,TRUE,2.343611111111111,5.108055555555556,-0.2068208367702024,-0.3649173854439455
1465,Olivier BONEF,H,40-44M,552,Index <600,Finisher,FALSE,Other,200,173.6,TRUE,2.251388888888889,4.921944444444445,-0.11699616580301885,-0.1849565017273017
1466,Domenico GRECO,H,55-59M,552,Index <600,Finisher,FALSE,Other,200,173.6,TRUE,2.203888888888889,4.947222222222222,-0.06949616580301853,-0.21023427950507897
1467,Robin VUILLAUME,H,40-44M,552,Index <600,DNF,TRUE,Abandoned,28,81.3,TRUE,1.9419444444444445,4.2675,0.19244827864142577,0.46948794271714295
1468,Chun Wa WONG,H,45-49M,552,Index <600,DNF,TRUE,Abandoned,52,127.5,TRUE,2.4080555555555554,5.367222222222222,-0.2736628324696851,-0.6302342795050792
1469,Raphaël KIENER,H,35-39M,574,Index <600,Finisher,FALSE,Other,200,173.6,TRUE,1.906111111111111,4.177222222222222,0.17035152474663928,0.4176820258987599
1470,Laurent VUILLERMOZ,H,45-49M,552,Index <600,DNF,TRUE,Abandoned,16,52.2,FALSE,2.323611111111111,5.210833333333333,-0.1892183880252408,-0.4738453906161904
1471,Antonio Ramon NAVARRO PEREZ,H,35-39M,552,Index <600,DNF,TRUE,Abandoned,40,99.4,TRUE,2.058611111111111,4.573611111111111,0.07578161197475933,0.16337683160603195
1473,Attila HODOR,H,35-39M,551,Index <600,Finisher,FALSE,Other,200,173.6,TRUE,2.1791666666666667,4.753611111111111,-0.04237639232575807,-0.010472940999500607
1474,Grzegorz RZADCA,H,45-49M,550,Index <600,Finisher,FALSE,Other,200,173.6,TRUE,2.2952777777777778,5.0377777777777775,-0.15610969382313558,-0.2885165472475248
1475,Jérôme OLRY,H,50-54M,549,Index <600,DNF,TRUE,Abandoned,48,114,TRUE,2.4675,5.331944444444445,-0.32597351333598273,-0.5765871629889595
1476,Sophie MAZIERES,F,35-39W,551,Index <600,Finisher,FALSE,Other,200,173.6,TRUE,2.09,4.668333333333333,0.04679027434090879,0.07480483677827718
1478,Zongheng ZHENG,H,20-34M,551,Index <600,Finisher,FALSE,Other,200,173.6,TRUE,2.0230555555555556,4.6691666666666665,0.11373471878535303,0.07397150344494371
1479,Alastair BURGESS,H,40-44M,551,Index <600,Finisher,FALSE,Other,200,173.6,TRUE,2.165277777777778,4.706111111111111,-0.028487503436869236,0.037027059000498824
1480,Nicolas BIDAULT,H,20-34M,546,Index <600,Finisher,FALSE,Other,200,173.6,TRUE,1.8669444444444445,4.064166666666667,0.2815441562910074,0.709318285428208
1481,Pierrick VENIER,H,40-44M,550,Index <600,Finisher,FALSE,Other,200,173.6,TRUE,2.3958333333333335,5.2972222222222225,-0.2566652493786913,-0.5479609916919698
1482,Lana PECHERSKAYA,F,40-44W,550,Index <600,DNF,TRUE,Abandoned,10,32.4,FALSE,2.1155555555555554,4.956666666666667,0.023612528399086754,-0.20740543613641427
1483,Marco DI FELICE,H,50-54M,548,Index <600,Finisher,FALSE,Other,200,173.6,TRUE,1.8705555555555555,4.4655555555555555,0.27331026165042405,0.2958709248141678
1484,David CASTILLO,H,50-54M,550,Index <600,DNF,TRUE,Abandoned,28,81.3,TRUE,2.0641666666666665,4.684444444444445,0.07500141728797569,0.06481678608580785
1485,Alan GAVARIN,H,35-39M,582,Index <600,Finisher,FALSE,Other,200,173.6,TRUE,2.1480555555555556,4.578333333333333,-0.09478191024044358,-0.03777601664729002
1486,Julien MAREC,H,40-44M,550,Index <600,Finisher,FALSE,Other,200,173.6,TRUE,1.8316666666666668,4.028888888888889,0.30750141728797536,0.7203723416413638
1488,Sigríður Rúna ÞÓRODDSDÓTTIR,F,55-59W,549,Index <600,Finisher,FALSE,Other,200,173.6,TRUE,2.3155555555555556,4.939166666666667,-0.1740290688915386,-0.18380938521118148
1489,Jake GALLIGANI,H,20-34M,547,Index <600,Finisher,FALSE,Other,200,173.6,TRUE,2.218888888888889,4.721388888888889,-0.07270247857141322,0.046080095866492664
1490,Wilse GRAVELAND,H,45-49M,552,Index <600,Finisher,FALSE,Other,200,173.6,TRUE,1.9897222222222222,4.630277777777778,0.1446705008636481,0.10671016493936522
1491,Jay HADDLEY,H,40-44M,549,Index <600,Finisher,FALSE,Other,200,173.6,TRUE,2.0905555555555555,4.688611111111111,0.050970931108461535,0.06674617034437418
1492,Daniel BOECKER,H,45-49M,549,Index <600,Finisher,FALSE,Other,200,173.6,TRUE,2.140277777777778,4.878888888888889,0.0012487088862390952,-0.12353160743340316
1493,Jerzy DZIADOSZ,H,55-59M,549,Index <600,Finisher,FALSE,Other,200,173.6,TRUE,2.3769444444444443,5.240277777777778,-0.23541795778042732,-0.48492049632229267
1494,David MARGAIN,H,55-59M,548,Index <600,Finisher,FALSE,Other,200,173.6,TRUE,1.9458333333333333,4.4302777777777775,0.1980324838726462,0.3311487025919458
1495,Adrien ROTHÉ,H,40-44M,548,Index <600,Finisher,FALSE,Other,200,173.6,TRUE,2.06,4.711388888888889,0.08386581720597945,0.05003759148083417
1496,Francois LAROCHETTE DE ROECK,H,50-54M,547,Index <600,Finisher,FALSE,Other,200,173.6,TRUE,1.9905555555555556,4.8838888888888885,0.15563085476192007,-0.11641990413350697
1497,Yoshinori SAITO,H,55-59M,548,Index <600,Finisher,FALSE,Other,200,173.6,TRUE,2.1625,4.72,-0.0186341827940206,0.04142648036972349
1498,Yannick NICOULEAU,H,50-54M,548,Index <600,DNF,TRUE,Abandoned,51,127.5,TRUE,2.051111111111111,4.5488888888888885,0.0927547060948684,0.21253759148083468
1499,Rafael CAMPOS,H,50-54M,548,Index <600,Finisher,FALSE,Other,200,173.6,TRUE,1.9847222222222223,4.541666666666667,0.15914359498375724,0.21975981370305625
1500,Tony FUSS,H,40-44M,548,Index <600,Finisher,FALSE,Other,200,173.6,TRUE,2.5044444444444443,5.299722222222222,-0.3605786272384647,-0.538295741852499
1501,Alessandro PAOLUCCI,H,20-34M,546,Index <600,Finisher,FALSE,Other,200,173.6,TRUE,1.8972222222222221,4.153888888888889,0.25126637851322975,0.6195960632059859
1502,Honglong GUO,H,35-39M,548,Index <600,Finisher,FALSE,Other,200,173.6,TRUE,1.8675,4.193333333333333,0.27636581720597964,0.5680931470363897
1503,Anthony GRÉGOIRE,H,50-54M,548,Index <600,Finisher,FALSE,Other,200,173.6,TRUE,2.315,4.933333333333334,-0.17113418279402043,-0.17190685296361038
1504,Benjamin BAJAC,H,35-39M,548,Index <600,Finisher,FALSE,Other,200,173.6,TRUE,2.0594444444444444,4.605277777777777,0.0844213727615351,0.15614870259194585
1505,Josiane Otilia De Souza KALFELTZ,F,45-49W,548,Index <600,Finisher,FALSE,Other,200,173.6,TRUE,1.948888888888889,4.339722222222222,0.1949769283170906,0.42170425814750123
1506,Roberta WONG,F,40-44W,548,Index <600,Finisher,FALSE,Other,200,173.6,TRUE,2.1691666666666665,4.719444444444444,-0.025300849460686968,0.04198203592527913
1507,Mathieu GOMBAULT,H,20-34M,544,Index <600,Finisher,FALSE,Other,200,173.6,TRUE,2.128888888888889,4.704166666666667,0.024150223549739423,0.08127123889836195
1509,Joana Maria CLERE,F,35-39W,547,Index <600,Finisher,FALSE,Other,200,173.6,TRUE,1.9847222222222223,4.539722222222222,0.16146418809525342,0.22774676253315937
1510,Edoardo ORLANDI,H,20-34M,547,Index <600,Finisher,FALSE,Other,200,173.6,TRUE,2.0077777777777777,4.639166666666667,0.13840863253969804,0.12830231808871442
1511,Andrew BOGUS,H,35-39M,547,Index <600,Finisher,FALSE,Other,200,173.6,TRUE,2.0641666666666665,4.713055555555556,0.08201974365080922,0.05441342919982552
1512,François JAUBERT-SOURY,H,35-39M,546,Index <600,Finisher,FALSE,Other,200,173.6,TRUE,2.2383333333333333,5.011388888888889,-0.08984473259788141,-0.23790393679401395
1513,Sophye SIFFERT,F,40-44W,547,Index <600,DNF,TRUE,Abandoned,28,81.3,TRUE,2.2783333333333333,5.076666666666667,-0.13214692301585762,-0.3091976819112857
1514,Christophe LEFOYER,H,50-54M,547,Index <600,Finisher,FALSE,Other,200,173.6,TRUE,2.047222222222222,4.695,0.09896418809525365,0.07246898475538124
1515,Mariko KIRIHATA,F,50-54W,548,Index <600,Finisher,FALSE,Other,200,173.6,TRUE,2.109722222222222,4.691666666666666,0.03414359498375745,0.06975981370305681
1516,Vivien MALAVIELLE,H,40-44M,547,Index <600,Finisher,FALSE,Other,200,173.6,TRUE,2.202777777777778,4.741944444444444,-0.05659136746030225,0.025524540310937444
1517,Julien CARPELS,H,35-39M,546,Index <600,DNF,TRUE,Abandoned,22,67.8,FALSE,2.006388888888889,4.371944444444445,0.14209971184656287,0.4015405076504302
1518,Meixiong YANG,F,50-54W,546,Index <600,Finisher,FALSE,Other,200,173.6,TRUE,2.0613888888888887,4.610833333333333,0.08709971184656318,0.1626516187615421
1519,Kiyoshi KOBAYASHI,H,55-59M,546,Index <600,Finisher,FALSE,Other,200,173.6,TRUE,2.4283333333333332,5.209722222222222,-0.2798447325978813,-0.43623727012734714
1520,Meisha STRYKOWSKI,F,45-49W,546,Index <600,Finisher,FALSE,Other,200,173.6,TRUE,1.9919444444444445,4.424166666666666,0.15654415629100735,0.3493182854282087
1521,Shohei OKU,H,35-39M,618,Index 600–700,Finisher,FALSE,Other,200,173.6,TRUE,1.8541666666666667,4.108611111111111,0.08730726443217428,0.17965365170964695
1522,Valentin GRUBER,H,20-34M,543,Index <600,DNF,TRUE,Abandoned,28,81.3,TRUE,1.9952777777777777,4.6113888888888885,0.16001032541994367,0.17998631777162988
1523,Le SHI,H,40-44M,546,Index <600,DNF,TRUE,Abandoned,52,127.5,TRUE,2.141388888888889,4.634444444444444,0.007099711846563109,0.13904050765043086
1526,Dino Franco NOLLY,H,55-59M,546,Index <600,DNF,TRUE,Abandoned,48,114,TRUE,2.2144444444444447,5.069166666666667,-0.06595584370899278,-0.2956817145717918
1527,Kevin TUYBENS,H,35-39M,546,Index <600,Finisher,FALSE,Other,200,173.6,TRUE,1.8911111111111112,4.280833333333334,0.2573774896243407,0.49265161876154134
1528,Stéphane GIRARD,H,50-54M,546,Index <600,DNF,TRUE,Abandoned,28,81.3,TRUE,2.0388888888888888,4.732777777777778,0.10959971184656314,0.040707174317097285
1529,Samira ADJAOUD,F,45-49W,546,Index <600,Finisher,FALSE,Other,200,173.6,TRUE,2.301388888888889,5.099166666666667,-0.15290028815343706,-0.32568171457179207
1530,Andrew GLAZE,H,45-49M,543,Index <600,Finisher,FALSE,Other,200,173.6,TRUE,1.9413888888888888,4.514444444444444,0.21389921430883255,0.27693076221607443
1531,Maurane DE VROEY,F,20-34W,545,Index <600,Finisher,FALSE,Other,200,173.6,TRUE,2.0619444444444444,4.572222222222222,0.08882827875240963,0.207252317648397
1532,Julio Cesar GOMEZ AGUILAR,H,35-39M,545,Index <600,Finisher,FALSE,Other,200,173.6,TRUE,1.9747222222222223,4.575555555555556,0.1760505009746317,0.20391898431506314
1533,Jérémy SOTO,H,40-44M,545,Index <600,Finisher,FALSE,Other,200,173.6,TRUE,2.4833333333333334,5.381666666666667,-0.3325606101364794,-0.6021921267960478
1534,Laurent JANSSEN,H,45-49M,545,Index <600,DNF,TRUE,Abandoned,48,114,TRUE,2.2666666666666666,5.245833333333334,-0.11589394346981266,-0.4663587934627146
1535,Alexander O'ROURKE,H,40-44M,544,Index <600,Finisher,FALSE,Other,200,173.6,TRUE,2.1519444444444447,4.735277777777778,0.0010946679941837962,0.05016012778725042
1536,Theo BRIANE,H,20-34M,544,Index <600,Finisher,FALSE,Other,200,173.6,TRUE,2.3291666666666666,5.02,-0.1761275542280381,-0.2345620944349711
1537,Olivier ZYZAK,H,35-39M,542,Index <600,Finisher,FALSE,Other,200,173.6,TRUE,2.3016666666666667,5.100555555555555,-0.14414663645558784,-0.3032689549160513
1538,Matthew OGG,H,35-39M,515,Index <600,Finisher,FALSE,Other,200,173.6,TRUE,2.1213888888888888,4.676111111111111,0.09116620359620062,0.27156567766695383
1539,Meghan CANFIELD,F,65-69W,543,Index <600,Finisher,FALSE,Other,200,173.6,TRUE,2.49,5.365,-0.33471189680227886,-0.5736247933394818
1540,Vincent BAUDOT,H,20-34M,544,Index <600,Finisher,FALSE,Other,200,173.6,TRUE,1.5783333333333334,3.4980555555555557,0.5747057791052953,1.2873823500094732
1541,Lennert CALLENS,H,20-34M,541,Index <600,Finisher,FALSE,Other,200,173.6,TRUE,2.0702777777777777,4.505,0.08945745043786958,0.2981722449844006
1542,Gilbert VILLIEN,H,65-69M,544,Index <600,DNF,TRUE,Abandoned,48,114,TRUE,2.1547222222222224,4.972222222222222,-0.0016831097835939713,-0.1867843166571938
1543,John WILSON,H,40-44M,543,Index <600,Finisher,FALSE,Other,200,173.6,TRUE,2.4166666666666665,5.293611111111111,-0.2613785634689451,-0.5022359044505924
1544,Grégoire VON RAKOWSKI,H,20-34M,545,Index <600,DNF,TRUE,Abandoned,40,99.4,TRUE,2.077777777777778,4.456388888888889,0.07299494541907603,0.3230856509817298
1545,Rima VILIUNIENE,F,55-59W,543,Index <600,Finisher,FALSE,Other,200,173.6,TRUE,2.2069444444444444,4.863333333333333,-0.05165634124672302,-0.07195812667281491
1546,Fabien LEBAS,H,45-49M,543,Index <600,Finisher,FALSE,Other,200,173.6,TRUE,2.381111111111111,5.013333333333334,-0.22582300791338977,-0.22195812667281536
1547,Yoshinori SAKAMOTO,H,50-54M,543,Index <600,DNF,TRUE,Abandoned,16,52.2,FALSE,2.257222222222222,5.293888888888889,-0.10193411902450066,-0.5025136822283702
1548,Ricardo Sebastian HEREDIA,H,45-49M,544,Index <600,Finisher,FALSE,Other,200,173.6,TRUE,2.203888888888889,4.989166666666667,-0.05084977645026032,-0.20372876110163823
1549,Michel PERCEVAUX,H,45-49M,543,Index <600,Finisher,FALSE,Other,200,173.6,TRUE,1.8525,4.271388888888889,0.3027881031977213,0.5199863177716297
1550,Anthony LE ROUSIC,H,45-49M,542,Index <600,DNF,TRUE,Abandoned,40,99.4,TRUE,1.8530555555555555,4.251111111111111,0.3044644746555235,0.5461754895283926
1551,Bruno VERBEKE,H,45-49M,542,Index <600,Finisher,FALSE,Other,200,173.6,TRUE,2.1302777777777777,4.804166666666666,0.027242252433301233,-0.006880066027162274
1552,Barbara GASSMANN,F,40-44W,542,Index <600,Finisher,FALSE,Other,200,173.6,TRUE,2.0191666666666666,4.473333333333334,0.13835336354441236,0.3239532673061704
1553,Sébastien CUSTOT,H,40-44M,542,Index <600,Finisher,FALSE,Other,200,173.6,TRUE,2.3075,4.96,-0.1499799697889212,-0.16271339936049597
1554,Andrea MORNET,H,20-34M,542,Index <600,Finisher,FALSE,Other,200,173.6,TRUE,2.229722222222222,4.9430555555555555,-0.07220219201114324,-0.14576895491605155
1555,Jérôme MILCENDEAU,H,45-49M,540,Index <600,Finisher,FALSE,Other,200,173.6,TRUE,2.486388888888889,5.3213888888888885,-0.32445485694051646,-0.5123565917112664
1556,Libor MILOŠEVSKÝ,H,45-49M,542,Index <600,Finisher,FALSE,Other,200,173.6,TRUE,2.3066666666666666,5.150833333333333,-0.14914663645558773,-0.35354673269382897
1557,The Anh NGUYEN,H,35-39M,542,Index <600,Finisher,FALSE,Other,200,173.6,TRUE,2.1683333333333334,5.074722222222222,-0.010813303122254515,-0.2774356215827184
1559,David BRADLEY-JONES,H,50-54M,541,Index <600,Finisher,FALSE,Other,200,173.6,TRUE,1.9833333333333334,4.650277777777778,0.17640189488231384,0.15289446720662236
1560,Yannick JANSEN,H,40-44M,541,Index <600,Finisher,FALSE,Other,200,173.6,TRUE,2.153888888888889,4.450277777777778,0.0058463393267582575,0.3528944672066225
1561,Zuffova JANA,F,50-54W,545,Index <600,Finisher,FALSE,Other,200,173.6,TRUE,2.028888888888889,4.489166666666667,0.12188383430796502,0.29030787320395224
1562,Cynthia GAY,F,20-34W,545,Index <600,Finisher,FALSE,Other,200,173.6,TRUE,2.4475,5.056666666666667,-0.2967272768031458,-0.2771921267960477
1563,Emmanuel COULOMBEL,H,45-49M,541,Index <600,Finisher,FALSE,Other,200,173.6,TRUE,2.5011111111111113,5.1675,-0.34137588289546406,-0.36432775501559994
1564,Isabella VIDILI,F,45-49W,541,Index <600,DNF,TRUE,Abandoned,51,127.5,TRUE,2.07,4.746388888888889,0.0897352282156474,0.05678335609551135
1565,Soon Saam LEE,H,40-44M,541,Index <600,Finisher,FALSE,Other,200,173.6,TRUE,2.0130555555555554,4.613611111111111,0.14667967266009185,0.18956113387328943
1566,Joonas PIKKARAINEN,H,40-44M,539,Index <600,Finisher,FALSE,Other,200,173.6,TRUE,2.3047222222222223,4.974722222222222,-0.1406054460760214,-0.15985530752063695
1567,Lisa-Maria SCHREIER,F,35-39W,538,Index <600,Finisher,FALSE,Other,200,173.6,TRUE,2.0741666666666667,4.6775,0.09211712887941191,0.1431762550387032
1568,Pierre-Henry COPPERE,H,40-44M,541,Index <600,Finisher,FALSE,Other,200,173.6,TRUE,1.903888888888889,4.146944444444444,0.2558463393267582,0.6562278005399562
1569,Anthony GROSSEAU,H,35-39M,541,Index <600,Finisher,FALSE,Other,200,173.6,TRUE,2.44,5.18,-0.2802647717843528,-0.37682775501559923
1570,Romain BLUSSEAU,H,20-34M,541,Index <600,Finisher,FALSE,Other,200,173.6,TRUE,2.334722222222222,5.173611111111111,-0.1749869940065749,-0.37043886612671023
1571,Olivier MATHIAS,H,40-44M,550,Index <600,Finisher,FALSE,Other,200,173.6,TRUE,2.285277777777778,4.8838888888888885,-0.1461096938231358,-0.1346276583586358
1572,Julien AUPET,H,40-44M,541,Index <600,Finisher,FALSE,Other,200,173.6,TRUE,2.361666666666667,5.032222222222222,-0.20193143845101955,-0.22904997723782144
1574,Tara HANUSA,F,20-34W,540,Index <600,Finisher,FALSE,Other,200,173.6,TRUE,1.871388888888889,4.386388888888889,0.29054514305948353,0.42264340828873337
1575,Holly RYERSON,F,40-44W,540,Index <600,Finisher,FALSE,Other,200,173.6,TRUE,2.242777777777778,5.121111111111111,-0.08084374582940547,-0.31207881393348924
1576,Roland BARBIER,H,45-49M,540,Index <600,Finisher,FALSE,Other,200,173.6,TRUE,2.2116666666666664,5.0072222222222225,-0.049732634718293936,-0.19818992504460026
1577,Pierre DE LA TULLAYE,H,45-49M,540,Index <600,Finisher,FALSE,Other,200,173.6,TRUE,1.95,4.461666666666667,0.21193403194837257,0.34736563051095526
1578,Sheila SANEI,F,50-54W,539,Index <600,Finisher,FALSE,Other,200,173.6,TRUE,2.1433333333333335,5.0697222222222225,0.020783442812867352,-0.25485530752063756
1579,Adrien VIAUD,H,40-44M,540,Index <600,Finisher,FALSE,Other,200,173.6,TRUE,2.3330555555555557,5.0475,-0.1711215236071831,-0.23846770282237809
1580,Clement COILOT,H,35-39M,540,Index <600,Finisher,FALSE,Other,200,173.6,TRUE,2.027222222222222,4.529444444444445,0.1347118097261505,0.27958785273317754
1581,Tsuyoshi SEKIJIMA,H,40-44M,540,Index <600,Finisher,FALSE,Other,200,173.6,TRUE,2.187777777777778,4.871111111111111,-0.0258437458294053,-0.062078813933489144
1582,Pierre CARRIÉ,H,45-49M,537,Index <600,Finisher,FALSE,Other,200,173.6,TRUE,1.9847222222222223,4.413611111111111,0.18371320266272984,0.4128493645602819
1583,Rubén CÓNSUL MANRIQUE,H,40-44M,540,Index <600,DNF,TRUE,Timed out (cut-off),22,67.8,FALSE,2.5241666666666664,5.723055555555556,-0.3622326347182939,-0.9140232583779334
1584,Carlos NOGUERA SOLIS,H,40-44M,540,Index <600,Finisher,FALSE,Other,200,173.6,TRUE,2.117777777777778,4.619722222222222,0.04415625417059455,0.1893100749554
1585,Stéphanie LARTILLEUX,F,55-59W,540,Index <600,DNF,TRUE,Abandoned,48,114,TRUE,2.006666666666667,4.4783333333333335,0.1552673652817057,0.33069896384428865
1586,Aurelien FORGUES,H,45-49M,537,Index <600,Finisher,FALSE,Other,200,173.6,TRUE,2.0308333333333333,4.403333333333333,0.13760209155161882,0.4231271423380595
1587,Quentin HAUET,H,45-49M,539,Index <600,Finisher,FALSE,Other,200,173.6,TRUE,2.0530555555555554,4.647777777777778,0.11106122059064548,0.16708913692380706
1588,Valentin BOURGEOIS,H,45-49M,538,Index <600,Finisher,FALSE,Other,200,173.6,TRUE,1.938611111111111,4.220833333333333,0.2276726844349675,0.5998429217053701
1589,Giles NEWMARCH,H,45-49M,539,Index <600,Finisher,FALSE,Other,200,173.6,TRUE,2.3630555555555555,5.017222222222222,-0.19893877940935453,-0.20235530752063743
1590,Patrick BEAUDRON,H,55-59M,559,Index <600,Finisher,FALSE,Other,200,173.6,TRUE,1.9075,4.3036111111111115,0.2095290996259432,0.3895513359987996
1591,John KABERNA,H,50-54M,538,Index <600,Finisher,FALSE,Other,200,173.6,TRUE,2.0641666666666665,4.470555555555555,0.10211712887941214,0.35012069948314795
1592,Daniel WERCHOLA,H,45-49M,539,Index <600,Finisher,FALSE,Other,200,173.6,TRUE,2.0205555555555557,4.423333333333333,0.14356122059064524,0.3915335813682521
1593,José Pascual ROCHERA ALBA,H,20-34M,538,Index <600,Finisher,FALSE,Other,200,173.6,TRUE,2.501388888888889,5.320555555555556,-0.33510509334281047,-0.4998793005168526
1594,Lei HAN,H,20-34M,539,Index <600,Finisher,FALSE,Other,200,173.6,TRUE,2.089166666666667,4.701944444444444,0.07495010947953404,0.11292247025714089
1595,Christine FORSELL,F,40-44W,539,Index <600,Finisher,FALSE,Other,200,173.6,TRUE,2.278611111111111,5.161666666666667,-0.11449433496491024,-0.34679975196508217
1596,Zhipeng LIU,H,35-39M,539,Index <600,Finisher,FALSE,Other,200,173.6,TRUE,2.1375,4.642222222222222,0.02661677614620071,0.1726446924793626
1597,Leonard BENNING,H,35-39M,536,Index <600,Finisher,FALSE,Other,200,173.6,TRUE,2.141388888888889,4.678055555555556,0.029183110010878144,0.15416417852651257
1598,Rocio ARIAS GARCIA,F,35-39W,538,Index <600,Finisher,FALSE,Other,200,173.6,TRUE,1.8766666666666667,4.5936111111111115,0.28961712887941193,0.2270651439275919
1600,Richard PHELAN,H,40-44M,538,Index <600,Finisher,FALSE,Other,200,173.6,TRUE,2.2716666666666665,5.0247222222222225,-0.10538287112058792,-0.2040459671835192
1601,Davy FATRAS,H,35-39M,538,Index <600,Finisher,FALSE,Other,200,173.6,TRUE,2.285277777777778,5.050833333333333,-0.11899398223169935,-0.23015707829462995
1602,Mohamed CHAIR,H,45-49M,538,Index <600,Finisher,FALSE,Other,200,173.6,TRUE,1.9527777777777777,4.208611111111111,0.21350601776830083,0.6120651439275925
1603,Shirhaan HAMEED,H,45-49M,538,Index <600,Finisher,FALSE,Other,200,173.6,TRUE,1.895,4.475,0.2712837955460786,0.3456762550387037
1604,Alexis Matias ALI,H,40-44M,538,Index <600,Finisher,FALSE,Other,200,173.6,TRUE,2.3669444444444445,5.2025,-0.20066064889836593,-0.38182374496129634
1606,Matevž PERME,H,20-34M,538,Index <600,Finisher,FALSE,Other,200,173.6,TRUE,2.4052777777777776,5.263055555555556,-0.23899398223169904,-0.4423793005168525
1607,Gregory LARSON,H,55-59M,603,Index 600–700,Finisher,FALSE,Other,200,173.6,TRUE,2.3072222222222223,5.003333333333333,-0.31826281178874594,-0.6092880774745796
1608,Arnaud CAILLE,H,35-39M,537,Index <600,Finisher,FALSE,Other,200,173.6,TRUE,2.2741666666666664,5.129722222222222,-0.10573124178171438,-0.3032617465508293
1609,Samuel VICAT,H,45-49M,537,Index <600,Finisher,FALSE,Other,200,173.6,TRUE,2.3433333333333333,5.130277777777778,-0.17489790844838118,-0.30381730210638497
1610,Stefanus VAN DER VEEN,H,45-49M,537,Index <600,Finisher,FALSE,Other,200,173.6,TRUE,2.5097222222222224,5.4686111111111115,-0.34128679733727035,-0.6421506354397187
1611,Thomas NOWAK,H,45-49M,537,Index <600,Finisher,FALSE,Other,200,173.6,TRUE,2.390833333333333,5.239722222222222,-0.22239790844838106,-0.41326174655082976
1612,Sylvain JOUANNAUD,H,45-49M,537,Index <600,Finisher,FALSE,Other,200,173.6,TRUE,2.3130555555555556,5.057222222222222,-0.14462013067060356,-0.2307617465508295
1613,Fátima GONÇALVES,F,55-59W,536,Index <600,Finisher,FALSE,Other,200,173.6,TRUE,2.125277777777778,4.9325,0.0452942211219891,-0.1002802659179317
1614,Richard BRAY,H,45-49M,536,Index <600,Finisher,FALSE,Other,200,173.6,TRUE,2.0077777777777777,4.705277777777778,0.16279422112198924,0.1269419563042905
1615,Chris TRUMBAUER,H,50-54M,536,Index <600,Finisher,FALSE,Other,200,173.6,TRUE,1.978888888888889,4.596111111111111,0.19168311001087798,0.2361086229709574
1616,Justas DAINAUSKAS,H,35-39M,536,Index <600,DNF,TRUE,Abandoned,40,99.4,TRUE,2.2225,4.971666666666667,-0.05192800110023324,-0.13944693258459828
1617,Konrad DLUGOLECKI,H,45-49M,536,Index <600,Finisher,FALSE,Other,200,173.6,TRUE,2.2794444444444446,5.303888888888889,-0.10887244554467766,-0.47166915480682087
1618,Laurent FRIEDL,H,45-49M,536,Index <600,Finisher,FALSE,Other,200,173.6,TRUE,2.0813888888888887,4.674722222222222,0.08918311001087818,0.15749751185984642
1619,Michel MORICE,H,40-44M,536,Index <600,Finisher,FALSE,Other,200,173.6,TRUE,2.1566666666666667,4.761111111111111,0.013905332233100167,0.07110862297095734
1620,Olivier BONIFACE,H,35-39M,536,Index <600,Finisher,FALSE,Other,200,173.6,TRUE,2.132222222222222,4.645,0.038349776677544904,0.18721973408206885
1621,Mariola DOMENECH PASTOR,F,35-39W,534,Index <600,Finisher,FALSE,Other,200,173.6,TRUE,2.4027777777777777,5.088055555555556,-0.2279764578727711,-0.2443915613885191
1622,Vincent NELSON,H,40-44M,535,Index <600,Finisher,FALSE,Other,200,173.6,TRUE,1.896388888888889,4.276666666666666,0.27630496343858085,0.5612875210864783
1623,Eric SANCHEZ,H,55-59M,535,Index <600,Finisher,FALSE,Other,200,173.6,TRUE,1.9827777777777778,4.461666666666667,0.18991607454969198,0.3762875210864778
1624,Maxime HANAU,H,40-44M,535,Index <600,Finisher,FALSE,Other,200,173.6,TRUE,2.241111111111111,4.660277777777778,-0.06841725878364133,0.1776764099753667
1625,Flavio ILARIUCCI,H,55-59M,535,Index <600,DNF,TRUE,Abandoned,28,81.3,TRUE,2.3794444444444443,5.271388888888889,-0.2067505921169745,-0.43343470113574406
1626,Antoine VERSTRAETEN,H,50-54M,536,Index <600,Finisher,FALSE,Other,200,173.6,TRUE,2.4255555555555555,5.231388888888889,-0.25498355665578853,-0.3991691548068202
1627,George HOLT,H,20-34M,535,Index <600,Finisher,FALSE,Other,200,173.6,TRUE,1.6497222222222223,3.6491666666666664,0.5229716301052475,1.1887875210864782
1628,Stephane LIDOREAU,H,50-54M,534,Index <600,DNF,TRUE,Timed out (cut-off),10,32.4,FALSE,2.3169444444444443,5.350555555555555,-0.14214312453943762,-0.5068915613885184
1629,Marcin BODZIACHOWSKI,H,45-49M,535,Index <600,Finisher,FALSE,Other,200,173.6,TRUE,2.2919444444444443,5.142222222222222,-0.11925059211697459,-0.30426803446907763
1630,Eric MARECAUX,H,40-44M,534,Index <600,Finisher,FALSE,Other,200,173.6,TRUE,1.9927777777777778,4.416666666666667,0.18202354212722882,0.4269973275003699
1631,Tom VAN ASSCHE,H,40-44M,534,Index <600,Finisher,FALSE,Other,200,173.6,TRUE,2.1502777777777777,4.777777777777778,0.024523542127228865,0.06588621638925925
1632,Alex RYAZANOV,H,45-49M,534,Index <600,Finisher,FALSE,Other,200,173.6,TRUE,2.272222222222222,4.796111111111111,-0.09742090231721552,0.04755288305592571
1633,Eiji TAGAMI,H,50-54M,534,Index <600,Finisher,FALSE,Other,200,173.6,TRUE,2.448611111111111,5.344166666666666,-0.27380979120610444,-0.5005026724996294
1634,Bernadette EGGERSCHWILER,F,60-64W,534,Index <600,DNF,TRUE,Abandoned,16,52.2,FALSE,2.1005555555555557,4.701388888888889,0.07424576434945089,0.14227510527814766
1635,Thomas MALDONADO,H,45-49M,534,Index <600,Finisher,FALSE,Other,200,173.6,TRUE,2.210277777777778,5.105,-0.03547645787277119,-0.26133600583296357
1636,René KIPPER,H,40-44M,534,Index <600,Finisher,FALSE,Other,200,173.6,TRUE,2.191666666666667,4.730555555555555,-0.01686534676166028,0.11310843861148175
1637,Remus Mihail PRUNESCU,H,40-44M,534,Index <600,DNF,TRUE,Abandoned,10,32.4,FALSE,2.2133333333333334,5.094166666666666,-0.03853201342832677,-0.25050267249962943
1638,Fanny BARBARA,F,35-39W,534,Index <600,Finisher,FALSE,Other,200,173.6,TRUE,1.9497222222222221,4.299444444444444,0.22507909768278445,0.5442195497225927
1639,Sébastien LE CORRE,H,40-44M,534,Index <600,Finisher,FALSE,Other,200,173.6,TRUE,2.0091666666666668,4.749444444444444,0.1656346532383398,0.09421954972259257
1640,Manuel SANCHO,H,50-54M,533,Index <600,Finisher,FALSE,Other,200,173.6,TRUE,2.1683333333333334,4.885833333333333,0.008561403035990178,-0.03648402252717293
1642,Satoshi IMAI,H,60-64M,533,Index <600,DNF,TRUE,Abandoned,22,67.8,FALSE,2.428888888888889,5.4063888888888885,-0.25199415251956514,-0.5570395780827281
1643,Giorgio TRUCCONE,H,55-59M,533,Index <600,Finisher,FALSE,Other,200,173.6,TRUE,2.168888888888889,4.828888888888889,0.008005847480434536,0.020460421917271557
1644,Cedric BUSSEUIL,H,45-49M,533,Index <600,Finisher,FALSE,Other,200,173.6,TRUE,2.3472222222222223,5.009722222222222,-0.1703274858528987,-0.1603729114160617
1645,Ludovic LARCHER,H,55-59M,533,Index <600,DNF,TRUE,Abandoned,48,114,TRUE,2.0102777777777776,4.603055555555556,0.166616958591546,0.24629375525060465
1646,Axel VAGANAY,H,45-49M,533,Index <600,Finisher,FALSE,Other,200,173.6,TRUE,2.075833333333333,4.852777777777778,0.10106140303599044,-0.0034284669716175254
1647,Jordi PANTIN,H,40-44M,532,Index <600,Finisher,FALSE,Other,200,173.6,TRUE,2.1405555555555558,4.801388888888889,0.038418880901811316,0.05362140626404121
1648,Brian LOPEZ,H,20-34M,532,Index <600,DNF,TRUE,Abandoned,22,67.8,FALSE,1.9497222222222221,4.480833333333333,0.22925221423514497,0.3741769618195971
1649,Thomas CORNARDEAU,H,40-44M,532,Index <600,Finisher,FALSE,Other,200,173.6,TRUE,1.8072222222222223,4.132777777777778,0.3717522142351448,0.722232517375152
1650,Kin Wah CHAN,H,40-44M,535,Index <600,Finisher,FALSE,Other,200,173.6,TRUE,2.361388888888889,5.291944444444445,-0.18869503656141923,-0.45399025669130016
1651,Benoit DESACHY,H,55-59M,532,Index <600,Finisher,FALSE,Other,200,173.6,TRUE,1.8158333333333334,3.9947222222222223,0.3631411031240337,0.8602880729307077
1652,Yann DELSAUT,H,20-34M,532,Index <600,Finisher,FALSE,Other,200,173.6,TRUE,2.269722222222222,5.192222222222222,-0.09074778576485514,-0.3372119270692921
1653,Sylvain LUCHINI,H,20-34M,532,Index <600,Finisher,FALSE,Other,200,173.6,TRUE,2.313888888888889,4.993611111111111,-0.13491445243152206,-0.1386008159581808
1654,Sheree ROWLING,F,40-44W,531,Index <600,DNF,TRUE,Abandoned,28,81.3,TRUE,2.4330555555555557,5.3533333333333335,-0.2520148006494727,-0.49268622864357275
1655,Mohammad ZARGHAMI,H,45-49M,529,Index <600,Finisher,FALSE,Other,200,173.6,TRUE,2.212222222222222,4.848611111111111,-0.027087636388904497,0.023237718152154935
1656,Karin Louise JOUBERT,F,50-54W,531,Index <600,DNF,TRUE,Timed out (cut-off),10,32.4,FALSE,2.3069444444444445,5.332777777777777,-0.12590368953836137,-0.47213067308801665
1658,Yuki NITTA,H,20-34M,531,Index <600,Finisher,FALSE,Other,200,173.6,TRUE,1.8125,4.131666666666667,0.368540754906083,0.7289804380230939
1659,Masaya OSAWA,H,40-44M,531,Index <600,Finisher,FALSE,Other,200,173.6,TRUE,2.321111111111111,5.081666666666667,-0.14007035620502803,-0.22101956197690628
1660,Samuel GRELIER,H,20-34M,531,Index <600,Finisher,FALSE,Other,200,173.6,TRUE,2.2594444444444446,4.7275,-0.0784036895383615,0.1331471046897607
1661,Kazuto KIMURA,H,55-59M,532,Index <600,Finisher,FALSE,Other,200,173.6,TRUE,2.321111111111111,5.3133333333333335,-0.14213667465374408,-0.4583230381804035
1662,Farley RIMON,H,20-34M,527,Index <600,Finisher,FALSE,Other,200,173.6,TRUE,1.8511111111111112,4.004444444444444,0.33806779593548536,0.8785112999415531
1663,Alain ROSSIAUD,H,55-59M,530,Index <600,DNF,TRUE,Abandoned,48,114,TRUE,2.1494444444444443,4.920833333333333,0.033649582007973626,-0.05457343643426548
1664,Guillaume BLANQUET,H,35-39M,530,Index <600,DNF,TRUE,Abandoned,40,99.4,TRUE,2.3961111111111113,5.168055555555555,-0.2130170846586934,-0.3017956586564874
1665,Aurelia RONDOLE,F,55-59W,468,Index <600,Finisher,FALSE,Other,200,173.6,TRUE,2.306111111111111,5.210833333333333,-0.008218560663882593,-0.03712127168016642
1666,Samuel TOUTAIN,H,45-49M,529,Index <600,Finisher,FALSE,Other,200,173.6,TRUE,1.8933333333333333,4.145833333333333,0.2918012524999843,0.7260154959299331
1667,Fabrizio GRIMALDI,H,55-59M,530,Index <600,Finisher,FALSE,Other,200,173.6,TRUE,2.1169444444444445,4.869166666666667,0.0661495820079734,-0.002906769767598726
1668,Boštjan KAMENŠEK,H,45-49M,530,Index <600,Finisher,FALSE,Other,200,173.6,TRUE,NA,4.938611111111111,NA,-0.07235121421204338
1669,Frederic MALRAISON,H,35-39M,529,Index <600,DNF,TRUE,Abandoned,30,NA,TRUE,1.9344444444444444,4.491388888888889,0.25069014138887313,0.38045994037437714
1670,Mathias SANVOISIN,H,40-44M,529,Index <600,Finisher,FALSE,Other,200,173.6,TRUE,2.2511111111111113,4.8630555555555555,-0.06597652527779369,0.008793273707710901
1671,Mats DUIJN,H,20-34M,529,Index <600,Finisher,FALSE,Other,200,173.6,TRUE,2.0252777777777777,4.4383333333333335,0.15985680805553987,0.43351549592993294
1672,Matthieu ZARAGOSA,H,35-39M,550,Index <600,Finisher,FALSE,Other,200,173.6,TRUE,1.9772222222222222,4.4944444444444445,0.16194586173241998,0.2548167860858082
1673,Sean CHAN,H,45-49M,529,Index <600,Finisher,FALSE,Other,200,173.6,TRUE,2.2875,5.123333333333333,-0.10236541416668245,-0.25148450407006673
1674,Martin ROBER,H,20-34M,529,Index <600,Finisher,FALSE,Other,200,173.6,TRUE,2.3075,5.015833333333333,-0.12236541416668248,-0.14398450407006683
1675,Mederic LANGLET,H,20-34M,529,Index <600,Finisher,FALSE,Other,200,173.6,TRUE,2.1005555555555557,4.469444444444444,0.08457903027776188,0.4024043848188224
1676,Vincent COURGEY,H,50-54M,529,Index <600,Finisher,FALSE,Other,200,173.6,TRUE,1.951111111111111,4.6075,0.23402347472220655,0.2643488292632665
1677,Loris GROS-BALTHAZARD,H,35-39M,528,Index <600,DNF,TRUE,Abandoned,22,67.8,FALSE,2.245,5.016666666666667,-0.057837232214271686,-0.13925260740189552
1678,Alice GUILLEMOT,F,20-34W,528,Index <600,Finisher,FALSE,Other,200,173.6,TRUE,2.1466666666666665,4.7508333333333335,0.040496101119061934,0.1265807259314377
1679,Andrew LEACH,H,20-34M,528,Index <600,Finisher,FALSE,Other,200,173.6,TRUE,2.2155555555555555,5.011666666666667,-0.02839278776982708,-0.13425260740189562
1680,Caroline ZAHNOW,F,20-34W,528,Index <600,Finisher,FALSE,Other,200,173.6,TRUE,2.2183333333333333,5.006388888888889,-0.031170565547604848,-0.1289748296241179
1681,Marcel TOOROP,H,35-39M,527,Index <600,Finisher,FALSE,Other,200,173.6,TRUE,2.0980555555555553,4.654166666666667,0.09112335149104107,0.22878907771933066
1682,Marine Elodie CHABROL,F,35-39W,528,Index <600,Finisher,FALSE,Other,200,173.6,TRUE,2.1997222222222224,4.891388888888889,-0.012559454436493938,-0.013974829624117655
1683,Mario AMORE,H,40-44M,522,Index <600,DNF,TRUE,Abandoned,48,114,TRUE,2.1466666666666665,4.854444444444445,0.052424012104245625,0.05587206422803224
1684,Sophie VILLIEN,F,60-64W,529,Index <600,DNF,TRUE,Abandoned,48,114,TRUE,2.1530555555555555,4.970833333333333,0.032079030277762086,-0.09898450407006684
1685,Mary TAYLOR,F,20-34W,527,Index <600,Finisher,FALSE,Other,200,173.6,TRUE,2.1797222222222223,4.691944444444444,0.00945668482437406,0.19101129994155325
1686,David JEANJEAN,H,55-59M,527,Index <600,Finisher,FALSE,Other,200,173.6,TRUE,2.111666666666667,4.7780555555555555,0.07751224037992961,0.10490018883044198
1687,Victor DECAIX,H,35-39M,536,Index <600,Finisher,FALSE,Other,200,173.6,TRUE,2.230277777777778,4.9302777777777775,-0.0597057788780109,-0.09805804369570913
1688,Caitlin KNOX,F,20-34W,525,Index <600,DNF,TRUE,Abandoned,16,52.2,FALSE,2.328611111111111,5.293055555555555,-0.1354347146696218,-0.3990864456382808
1689,Antonio RENNA,H,50-54M,527,Index <600,Finisher,FALSE,Other,200,173.6,TRUE,2.3119444444444444,5.167222222222223,-0.12276553739784793,-0.2842664778362252
1690,Larry CHAN,H,60-64M,527,Index <600,DNF,TRUE,Abandoned,48,114,TRUE,2.4419444444444443,5.192777777777778,-0.2527655373978478,-0.3098220333917803
1691,Olivier PERRIER,H,50-54M,527,Index <600,Finisher,FALSE,Other,200,173.6,TRUE,2.1305555555555555,4.758333333333334,0.05862335149104087,0.12462241105266372
1692,Zhongyin PENG,F,40-44W,527,Index <600,DNF,TRUE,Abandoned,58,144,TRUE,2.1683333333333334,4.9575,0.020845573713262955,-0.07454425561400208
1693,Micah SHERMAN,H,40-44M,527,Index <600,Finisher,FALSE,Other,200,173.6,TRUE,1.9008333333333334,4.277222222222222,0.28834557371326314,0.6057335221637753
1694,Joan DELGADO ALCALA,H,45-49M,526,Index <600,Finisher,FALSE,Other,200,173.6,TRUE,2.3569444444444443,5.331944444444445,-0.16576110609157632,-0.4434704023350849
1695,Arnaud MOULIN,H,35-39M,629,Index 600–700,Finisher,FALSE,Other,200,173.6,TRUE,2.2980555555555555,4.991944444444444,-0.39137134150979896,-0.7805567323689976
1696,Tatsumi KAGAWA,H,55-59M,526,Index <600,Finisher,FALSE,Other,200,173.6,TRUE,2.056111111111111,4.798055555555556,0.13507222724175694,0.09041848655380405
1697,Luca PASCAL,H,50-54M,533,Index <600,Finisher,FALSE,Other,200,173.6,TRUE,2.2305555555555556,4.823333333333333,-0.053660819186232014,0.026015977472827065
1698,Jeroen VERHEYEN,H,40-44M,533,Index <600,Finisher,FALSE,Other,200,173.6,TRUE,1.9733333333333334,4.475833333333333,0.2035614030359902,0.3735159774728273
1699,Lina JUSEVICIUTE,F,20-34W,533,Index <600,Finisher,FALSE,Other,200,173.6,TRUE,NA,4.477777777777778,NA,0.37157153302838253
1700,Olivier MENG,H,45-49M,526,Index <600,Finisher,FALSE,Other,200,173.6,TRUE,2.323611111111111,5.168888888888889,-0.1324277727582431,-0.2804148467795287
1701,Riccardo TORRIGIANI,H,55-59M,452,Index <600,DNF,TRUE,Timed out (cut-off),28,81.3,TRUE,2.306111111111111,5.3036111111111115,0.02035293456883674,-0.0614056237943409
1702,Théo PETON-LANGLOIS,H,20-34M,526,Index <600,Finisher,FALSE,Other,200,173.6,TRUE,2.312222222222222,4.993333333333333,-0.12103888386935424,-0.10485929122397315
1703,Alexandre DERRIEN,H,40-44M,525,Index <600,Finisher,FALSE,Other,200,173.6,TRUE,2.1058333333333334,4.698333333333333,0.08734306310815572,0.1956357765839412
1704,Olivier BOULANGÉ,H,40-44M,523,Index <600,DNF,TRUE,Abandoned,58,144,TRUE,2.301388888888889,5.101111111111111,-0.1042591569753239,-0.19622092539469316
1705,Tadasu AMASAKI,H,50-54M,525,Index <600,Finisher,FALSE,Other,200,173.6,TRUE,2.568888888888889,5.6994444444444445,-0.37571249244739974,-0.80547533452717
1706,Michael TIEFENBÖCK,H,45-49M,527,Index <600,DNF,TRUE,Abandoned,40,99.4,TRUE,1.9416666666666667,4.4686111111111115,0.24751224037992975,0.4143446332748858
1707,Kin Kan LEE,H,45-49M,524,Index <600,Finisher,FALSE,Other,200,173.6,TRUE,2.2447222222222223,4.9375,-0.049563806172816124,-0.03805889470784453
1708,Frédéric ROIGNANT,H,50-54M,525,Index <600,Finisher,FALSE,Other,200,173.6,TRUE,2.268611111111111,4.9719444444444445,-0.07543471466962173,-0.07797533452717004
1709,Sylvain MAJTAN,H,40-44M,525,Index <600,DNF,TRUE,Abandoned,51,127.5,TRUE,2.538611111111111,5.5744444444444445,-0.34543471466962167,-0.68047533452717
1711,Joseph Mau Shun NGUI,H,45-49M,525,Index <600,Finisher,FALSE,Other,200,173.6,TRUE,2.235,4.945555555555556,-0.0418236035585107,-0.051586445638281464
1712,Michelle CLAYDON,F,40-44W,525,Index <600,DNF,TRUE,Abandoned,28,81.3,TRUE,2.386388888888889,5.2675,-0.19321249244739971,-0.37353089008272566
1713,Greg PLIER,H,45-49M,525,Index <600,Finisher,FALSE,Other,200,173.6,TRUE,1.8777777777777778,4.243888888888889,0.31539861866371144,0.6500802210283857
1715,Jorge Luis RODRIGUEZ ZAMORA,H,55-59M,524,Index <600,Finisher,FALSE,Other,200,173.6,TRUE,1.9908333333333332,4.660833333333334,0.20432508271607294,0.23860777195882185
1716,Laurent LATERRA,H,40-44M,524,Index <600,Finisher,FALSE,Other,200,173.6,TRUE,1.9608333333333334,4.619722222222222,0.23432508271607272,0.27971888306993326
1717,Alexander EHRENSTRASSER,H,40-44M,524,Index <600,DNF,TRUE,Abandoned,51,127.5,TRUE,2.473888888888889,5.373888888888889,-0.2787304728394826,-0.4744477835967333
1718,Wojciech FEODORÓW,H,55-59M,523,Index <600,Finisher,FALSE,Other,200,173.6,TRUE,2.3136111111111113,5.261111111111111,-0.11648137919754625,-0.3562209253946933
1719,Adrien GAUTIER,H,20-34M,523,Index <600,Finisher,FALSE,Other,200,173.6,TRUE,2.401666666666667,5.269722222222223,-0.20453693475310186,-0.36483203650580487
1720,Yann BENZ,H,50-54M,524,Index <600,Finisher,FALSE,Other,200,173.6,TRUE,2.238888888888889,4.888055555555556,-0.04373047283948277,0.01138554973659966
1721,Freddy COINE,H,35-39M,524,Index <600,Finisher,FALSE,Other,200,173.6,TRUE,1.8516666666666666,4.513333333333334,0.3434917493827396,0.3861077719588219
1722,Joël DE MOROQUE SLUCKI,H,35-39M,524,Index <600,Finisher,FALSE,Other,200,173.6,TRUE,2.3697222222222223,5.661388888888889,-0.17456380617281608,-0.7619477835967338
1723,Volker LÖCHTE,H,45-49M,524,Index <600,Finisher,FALSE,Other,200,173.6,TRUE,2.071111111111111,4.648888888888889,0.12404730493829505,0.25055221640326647
1724,Tyler JOHANSSON,H,35-39M,524,Index <600,DNF,TRUE,Abandoned,58,144,TRUE,2.096111111111111,4.755277777777778,0.09904730493829514,0.14416332751437774
1725,Juergen KLOPFER,H,45-49M,524,Index <600,Finisher,FALSE,Other,200,173.6,TRUE,2.0169444444444444,4.556111111111111,0.17821397160496175,0.34332999418104454
1726,Takahiro MOCHINO,H,45-49M,524,Index <600,Finisher,FALSE,Other,200,173.6,TRUE,2.0902777777777777,4.615555555555556,0.1048806382716285,0.2838855497365997
1727,Kehui WANG,F,35-39W,524,Index <600,Finisher,FALSE,Other,200,173.6,TRUE,1.943888888888889,4.541944444444445,0.2512695271605171,0.35749666084771076
1728,Cyril BOSSAVIE,H,35-39M,523,Index <600,Finisher,FALSE,Other,200,173.6,TRUE,2.09,4.7275,0.10712973191356515,0.1773901857164178
1729,Ting Piu CHONG,H,40-44M,523,Index <600,Finisher,FALSE,Other,200,173.6,TRUE,2.5269444444444447,5.604722222222223,-0.32981471253087963,-0.6998320365058047
1730,Federico FAGA,H,35-39M,562,Index <600,Finisher,FALSE,Other,200,173.6,TRUE,1.7844444444444445,4.0697222222222225,0.3248209615538056,0.6042379231275591
1731,Gonzague SAILLARD,H,35-39M,523,Index <600,DNF,TRUE,Timed out (cut-off),28,81.3,TRUE,2.4161111111111113,5.282222222222222,-0.21898137919754634,-0.37733203650580416
1732,Jeremie VINDRET,H,20-34M,523,Index <600,Finisher,FALSE,Other,200,173.6,TRUE,2.520277777777778,5.446666666666666,-0.3231480458642128,-0.5417764809502486
1733,Erik JOHANSSON,H,45-49M,523,Index <600,Finisher,FALSE,Other,200,173.6,TRUE,1.9469444444444444,4.321944444444444,0.2501852874691206,0.5829457412719737
1734,Florian HERVE,H,20-34M,522,Index <600,DNF,TRUE,Abandoned,38,94.2,TRUE,1.9830555555555556,4.5808333333333335,0.2160351232153566,0.3294831753391435
1736,Nicolai Gravers NIELSEN,H,55-59M,522,Index <600,Finisher,FALSE,Other,200,173.6,TRUE,2.365,5.085277777777778,-0.16590932122908805,-0.17496126910530085
1737,Arnold LIM,H,55-59M,520,Index <600,DNF,TRUE,Timed out (cut-off),38,94.2,TRUE,2.5230555555555556,5.405833333333334,-0.3200727511426,-0.4847318212236878
1738,Julien SOL,H,35-39M,522,Index <600,Finisher,FALSE,Other,200,173.6,TRUE,2.229722222222222,4.829444444444444,-0.03063154345131005,0.08087206422803261
1739,Andrei TARASENKO,H,45-49M,522,Index <600,Finisher,FALSE,Other,200,173.6,TRUE,2.3297222222222222,5.099444444444444,-0.1306315434513101,-0.18912793577196713
1740,Hideyuki SAKAMOTO,H,45-49M,521,Index <600,DNF,TRUE,Timed out (cut-off),28,81.3,TRUE,2.292777777777778,5.18,-0.09173618641938425,-0.2642797683572516
1741,Stefano LIONETTI,H,45-49M,522,Index <600,DNF,TRUE,Abandoned,44,104,TRUE,2.085,4.674444444444444,0.11409067877091215,0.2358720642280328
1742,Jekmet THINLESS,H,50-54M,522,Index <600,Finisher,FALSE,Other,200,173.6,TRUE,2.2580555555555555,5.014722222222222,-0.05896487678464338,-0.10440571354974489
1743,Kazuha MATSUI,F,65-69W,521,Index <600,Finisher,FALSE,Other,200,173.6,TRUE,2.2194444444444446,4.953611111111111,-0.018402853086051028,-0.037890879468362865
1745,Kobai LI,F,40-44W,521,Index <600,Finisher,FALSE,Other,200,173.6,TRUE,2.1491666666666664,4.747222222222222,0.05187492469172709,0.16849800942052634
1746,Emil ALBRECHTSEN,H,20-34M,529,Index <600,DNF,TRUE,Abandoned,52,127.5,TRUE,1.8872222222222221,4.321111111111111,0.29791236361109547,0.5507377181521554
1747,Etienne SERIVE,H,35-39M,521,Index <600,Finisher,FALSE,Other,200,173.6,TRUE,2.0744444444444445,4.696111111111111,0.12659714691394902,0.21960912053163745
1748,Thomas SCHERTZINGER,H,40-44M,521,Index <600,Finisher,FALSE,Other,200,173.6,TRUE,1.9941666666666666,4.633333333333334,0.2068749246917269,0.28238689830941444
1749,Quentin GUILHOT,H,40-44M,521,Index <600,Finisher,FALSE,Other,200,173.6,TRUE,2.408333333333333,5.270555555555555,-0.20729174197493969,-0.35483532391280703
1751,Frédéric MOGET,H,55-59M,521,Index <600,Finisher,FALSE,Other,200,173.6,TRUE,2.1838888888888888,5.027777777777778,0.017152702469504764,-0.1120575461350296
1752,Yves MOREAU,H,50-54M,520,Index <600,Finisher,FALSE,Other,200,173.6,TRUE,1.878611111111111,4.239166666666667,0.3243716933018446,0.6819348454429791
1753,Vladimir GUSIATNIKOV,H,50-54M,520,Index <600,DNF,TRUE,Abandoned,28,81.3,TRUE,2.558611111111111,5.6722222222222225,-0.3556283066981553,-0.7511207101125766
1754,Nicky BROUWER,H,20-34M,520,Index <600,Finisher,FALSE,Other,200,173.6,TRUE,2.1927777777777777,4.942777777777778,0.010205026635177857,-0.02167626566813174
1755,Corinne HOFSTETTER,F,60-64W,520,Index <600,Finisher,FALSE,Other,200,173.6,TRUE,2.4680555555555554,5.3875,-0.2650727511425998,-0.46639848789035426
1756,Jing SHI,H,40-44M,520,Index <600,Finisher,FALSE,Other,200,173.6,TRUE,2.254722222222222,4.891111111111111,-0.051739417809266504,0.029990400998535012
1757,Sarah MALONE,F,45-49W,520,Index <600,Finisher,FALSE,Other,200,173.6,TRUE,2.128888888888889,4.725833333333333,0.07409391552406652,0.19526817877631283
1758,Teddy MULLIEZ,H,35-39M,519,Index <600,Finisher,FALSE,Other,200,173.6,TRUE,2.236388888888889,5.011111111111111,-0.03147423621734475,-0.08465060355552528
1759,Ben BATE,H,40-44M,520,Index <600,Finisher,FALSE,Other,200,173.6,TRUE,2.1875,4.752222222222223,0.015482804412955572,0.16887928988742337
1760,Richard NUNAN,H,55-59M,517,Index <600,Finisher,FALSE,Other,200,173.6,TRUE,1.9927777777777778,4.582222222222223,0.21597381597080867,0.3548900510920287
1761,Hélène LERNOULD,F,60-64W,519,Index <600,Finisher,FALSE,Other,200,173.6,TRUE,2.2111111111111112,4.985833333333333,-0.006196458439567016,-0.059372825777747065
1762,Philippe ROUALLE,H,40-44M,519,Index <600,DNF,TRUE,Abandoned,48,114,TRUE,2.4858333333333333,5.306666666666667,-0.28091868066178904,-0.38020615911108097
1763,Motoki MURATA,H,55-59M,519,Index <600,Finisher,FALSE,Other,200,173.6,TRUE,2.351111111111111,5.251666666666667,-0.1461964584395667,-0.3252061591110812
1764,Romain CANDAU,H,35-39M,519,Index <600,Finisher,FALSE,Other,200,173.6,TRUE,2.1519444444444447,4.749722222222222,0.05297020822709956,0.1767382853333637
1765,Simon JAKOB,H,20-34M,519,Index <600,DNF,TRUE,Abandoned,40,99.4,TRUE,1.871388888888889,4.148611111111111,0.3335257637826553,0.7778493964444746
1766,Emmanuel JULIEN,H,45-49M,519,Index <600,Finisher,FALSE,Other,200,173.6,TRUE,2.174722222222222,4.687222222222222,0.03019243044932222,0.23923828533336364
1767,Harriet GAYWOOD,F,50-54W,518,Index <600,Finisher,FALSE,Other,200,173.6,TRUE,1.8616666666666666,4.186111111111111,0.3451708042044392,0.7456862643518717
1768,Mickael MASNADA,H,50-54M,518,Index <600,Finisher,FALSE,Other,200,173.6,TRUE,2.2025,5.357222222222222,0.0043374708711056194,-0.42542484675923947
1769,Sheryn DEANE,F,50-54W,518,Index <600,Finisher,FALSE,Other,200,173.6,TRUE,2.1997222222222224,5.084722222222222,0.007115248648883387,-0.15292484675923954
1771,Paolo PROMPICAI,H,55-59M,518,Index <600,Finisher,FALSE,Other,200,173.6,TRUE,2.0516666666666667,4.7,0.155170804204439,0.23179737546298243
1772,Leo CAM,H,40-44M,518,Index <600,Finisher,FALSE,Other,200,173.6,TRUE,1.9813888888888889,4.6947222222222225,0.22544858198221687,0.23707515324076014
1773,Benoit GUITAUT,H,50-54M,516,Index <600,Finisher,FALSE,Other,200,173.6,TRUE,2.1508333333333334,4.900277777777778,0.05982402270759878,0.04212758081402875
1774,Scott KUNZ,H,40-44M,518,Index <600,Finisher,FALSE,Other,200,173.6,TRUE,2.188888888888889,4.894166666666667,0.01794858198221664,0.03763070879631561
1775,Romain PARENT,H,40-44M,518,Index <600,Finisher,FALSE,Other,200,173.6,TRUE,2.1133333333333333,4.652222222222222,0.0935041375377725,0.2795751532407606
1776,Margot FLEMING,F,40-44W,518,Index <600,Finisher,FALSE,Other,200,173.6,TRUE,1.9769444444444444,4.663888888888889,0.22989302642666135,0.2679084865740939
1777,Romain GISSELBRECHT,H,20-34M,518,Index <600,Finisher,FALSE,Other,200,173.6,TRUE,1.9969444444444444,4.5713888888888885,0.20989302642666133,0.36040848657409413
1778,Stefan NORLIN,H,55-59M,518,Index <600,DNF,TRUE,Abandoned,40,99.4,TRUE,2.1594444444444445,4.778333333333333,0.04739302642666125,0.1534640421296493
1779,Ken HJELTNES,H,45-49M,544,Index <600,Finisher,FALSE,Other,200,173.6,TRUE,2.138333333333333,4.7625,0.014705779105295282,0.02293790556502838
1780,Nicolas TARDY,H,40-44M,517,Index <600,Finisher,FALSE,Other,200,173.6,TRUE,2.477777777777778,5.308611111111111,-0.26902618402919143,-0.3714988377968601
1781,Jinko RICHARDS,F,55-59W,518,Index <600,Finisher,FALSE,Other,200,173.6,TRUE,2.4080555555555554,5.4094444444444445,-0.20121808468444966,-0.47764706898146186
1782,Stine HEISELBERG,F,50-54W,517,Index <600,Finisher,FALSE,Other,200,173.6,TRUE,2.101111111111111,4.992222222222222,0.1076404826374755,-0.055109948907970545
1783,Luc JOLLER,H,45-49M,517,Index <600,Finisher,FALSE,Other,200,173.6,TRUE,2.38,5.168333333333333,-0.17124840625141347,-0.23122106001908171
1784,Jan Andreas WALDMANN,H,40-44M,517,Index <600,DNF,TRUE,Timed out (cut-off),82,166.6,TRUE,2.3269444444444445,5.045277777777778,-0.11819285069585808,-0.10816550446352645
1785,Florian VIGNOT,H,40-44M,516,Index <600,Finisher,FALSE,Other,200,173.6,TRUE,2.3333333333333335,5.050833333333333,-0.12267597729240134,-0.10842797474152642
1786,Jean-Baptiste JULIEN,H,50-54M,517,Index <600,Finisher,FALSE,Other,200,173.6,TRUE,2.3175,4.923611111111111,-0.10874840625141349,0.013501162203140646
1787,Hui TANG,H,35-39M,517,Index <600,Finisher,FALSE,Other,200,173.6,TRUE,2.0855555555555556,4.786944444444444,0.12319603819303082,0.15016782886980734
1788,Leanne BRETT,F,50-54W,517,Index <600,Finisher,FALSE,Other,200,173.6,TRUE,2.1725,4.9511111111111115,0.03625159374858651,-0.013998837796860114
1789,Marco NONNI,H,40-44M,523,Index <600,Finisher,FALSE,Other,200,173.6,TRUE,2.049166666666667,4.590833333333333,0.14796306524689817,0.3140568523830845
1790,Huihui YUAN,F,40-44W,539,Index <600,Finisher,FALSE,Other,200,173.6,TRUE,2.043888888888889,4.570555555555556,0.1202278872573118,0.24431135914602892
1791,Manabu YAMANAKA,H,50-54M,516,Index <600,Finisher,FALSE,Other,200,173.6,TRUE,2.23,4.958611111111111,-0.019342643959067835,-0.01620575251930394
1792,Arnaud CARCASSONNE,H,50-54M,516,Index <600,Finisher,FALSE,Other,200,173.6,TRUE,2.1705555555555556,4.8025,0.040101800485376586,0.13990535859180672
1793,Marcos Antonio CORVINO,H,50-54M,515,Index <600,Finisher,FALSE,Other,200,173.6,TRUE,2.144722222222222,4.941666666666666,0.06783287026286719,0.006010122111398598
1794,Petra RAICEVIC,F,35-39W,516,Index <600,Finisher,FALSE,Other,200,173.6,TRUE,2.084722222222222,4.865,0.12593513381871,0.0774053585918067
1795,Baptiste OCTAU,H,35-39M,516,Index <600,DNF,TRUE,Abandoned,10,32.4,FALSE,2.1680555555555556,4.985555555555556,0.04260180048537653,-0.04315019696374904
1796,Jiří KOBELKA,H,40-44M,516,Index <600,DNF,TRUE,Abandoned,64,NA,TRUE,2.2841666666666667,5.0377777777777775,-0.07350931062573451,-0.0953724191859706
1797,David MOHRING,H,45-49M,516,Index <600,DNF,TRUE,Abandoned,6,22.9,FALSE,2.339166666666667,NA,-0.1285093106257347,NA
1798,Ella PEYRARD,F,20-34W,513,Index <600,Finisher,FALSE,Other,200,173.6,TRUE,2.216111111111111,4.891666666666667,2.1671566551151677e-4,0.06648864713968067
1799,Frederic MAGNIEN,H,55-59M,515,Index <600,Finisher,FALSE,Other,200,173.6,TRUE,2.078888888888889,4.714444444444444,0.1336662035962006,0.23323234433362083
1800,Sergiusz PRAZANOWSKI,H,35-39M,515,Index <600,Finisher,FALSE,Other,200,173.6,TRUE,2.152222222222222,4.843333333333334,0.06033287026286734,0.10434345544473134
1801,Daniel BROSTELLA,H,50-54M,515,Index <600,Finisher,FALSE,Other,200,173.6,TRUE,2.3633333333333333,5.1241666666666665,-0.1507782408482439,-0.1764898778886015
1802,Bruno MEIER,H,35-39M,514,Index <600,Finisher,FALSE,Other,200,173.6,TRUE,2.2280555555555557,4.896944444444444,-0.013610417737551533,0.055982276910995596
1803,Dimitri DUFOUR,H,45-49M,514,Index <600,Finisher,FALSE,Other,200,173.6,TRUE,1.9777777777777779,4.750277777777778,0.23666736004022632,0.2026489435776621
1804,Baptiste SAINT-MACARY,H,35-39M,482,Index <600,DNF,TRUE,Abandoned,48,114,TRUE,2.129722222222222,4.640555555555555,0.14305114014772058,0.46993871697820255
1805,Marcel KIRCHHOFF,H,35-39M,511,Index <600,DNF,TRUE,Abandoned,16,52.2,FALSE,2.2916666666666665,5.128333333333333,-0.07159419214791068,-0.1597842250749146
1806,Leandro Gabriel CAMPO,H,50-54M,515,Index <600,Finisher,FALSE,Other,200,173.6,TRUE,1.8847222222222222,4.356388888888889,0.32783287026286717,0.5912878998891764
1807,Gabriele GEAT,H,60-64M,515,Index <600,DNF,TRUE,Abandoned,48,114,TRUE,1.993611111111111,4.873333333333333,0.21894398137397839,0.07434345544473198
1808,Luis KRYZOZUN,H,55-59M,515,Index <600,Finisher,FALSE,Other,200,173.6,FALSE,2.0869444444444443,4.720277777777778,0.1256106480406451,0.22739901100028748
1809,Xing LÜ,H,45-49M,515,Index <600,Finisher,FALSE,Other,200,173.6,TRUE,2.2311111111111113,4.9725,-0.01855601862602188,-0.024823211221935114
1810,Morihiro MIZUTANI,H,40-44M,515,Index <600,Finisher,FALSE,Other,200,173.6,TRUE,2.111388888888889,5.014166666666667,0.10116620359620039,-0.06648987788860213
1811,Robert JOHANSSON,H,45-49M,515,Index <600,Finisher,FALSE,Other,200,173.6,TRUE,2.32,5.13,-0.10744490751491045,-0.18232321122193482
1812,Konstantinos NTOLKAS,H,45-49M,515,Index <600,Finisher,FALSE,Other,200,173.6,TRUE,2.3975,5.230555555555555,-0.18494490751491058,-0.2828787667774902
1814,Jonas GRETRY,H,35-39M,514,Index <600,Finisher,FALSE,Other,200,173.6,TRUE,2.2525,5.016111111111111,-0.0380548621819958,-0.06318438975567109
1815,David CZUPRYNA,H,45-49M,514,Index <600,Finisher,FALSE,Other,200,173.6,TRUE,1.9291666666666667,4.1930555555555555,0.2852784711513375,0.7598711657998843
1816,Dimitri VAN DEN BOSSCHE,H,45-49M,514,Index <600,DNF,TRUE,Timed out (cut-off),30,NA,TRUE,2.3966666666666665,5.311388888888889,-0.1822215288486623,-0.3584621675334488
1817,Jonathan LECONTE,H,35-39M,514,Index <600,Finisher,FALSE,Other,200,173.6,TRUE,2.141388888888889,4.674166666666666,0.07305624892911537,0.27876005468877363
1818,Teng HUANG,H,35-39M,514,Index <600,DNF,TRUE,Timed out (cut-off),40,99.4,TRUE,2.4922222222222223,5.420833333333333,-0.2777770844042181,-0.46790661197789346
1819,Erwann DONARD,H,20-34M,513,Index <600,Finisher,FALSE,Other,200,173.6,TRUE,2.0019444444444443,4.421666666666667,0.2143833823321784,0.5364886471396803
1820,Brian HANLEY,H,45-49M,514,Index <600,DNF,TRUE,Abandoned,40,99.4,TRUE,2.3691666666666666,5.311388888888889,-0.15472152884866244,-0.3584621675334488
1821,Emma Anitta BERGMANN HANSEN,F,50-54W,514,Index <600,DNF,TRUE,Abandoned,40,99.4,TRUE,2.0747222222222224,4.623055555555555,0.13972291559578182,0.32987116579988474
1822,Frederic BADIE,H,50-54M,512,Index <600,Finisher,FALSE,Other,200,173.6,TRUE,2.1147222222222224,4.894722222222223,0.10348127187566884,0.06864050139097905
1824,Emanuele TAPELLA,H,55-59M,517,Index <600,DNF,TRUE,Abandoned,40,99.4,TRUE,2.35,5.275277777777778,-0.1412484062514137,-0.3381655044635269
1825,Spyridon LEIVADIOTIS,H,45-49M,513,Index <600,Finisher,FALSE,Other,200,173.6,TRUE,2.3975,5.231111111111111,-0.18117217322337725,-0.2729557973047636
1826,Yikun YU,H,45-49M,513,Index <600,Finisher,FALSE,Other,200,173.6,TRUE,2.3055555555555554,5.174166666666666,-0.08922772877893266,-0.21601135286031917
1827,Guillermo SALTO GIRAUD,H,45-49M,513,Index <600,Finisher,FALSE,Other,200,173.6,TRUE,2.181388888888889,4.695277777777778,0.03493893788773384,0.26287753602856917
1828,Sam CHOROSZEWSKI,H,20-34M,521,Index <600,Finisher,FALSE,Other,200,173.6,TRUE,2.0972222222222223,4.875555555555556,0.10381936913617125,0.04016467608719247
1829,Thomas HEBRARD,H,40-44M,513,Index <600,Finisher,FALSE,Other,200,173.6,TRUE,1.9752777777777777,4.580555555555556,0.24105004899884505,0.37759975825079156
1830,Sebastien THOMAS,H,50-54M,513,Index <600,DNF,TRUE,Abandoned,40,99.4,TRUE,2.1825,4.8925,0.033827826776622556,0.0656553138063472
1831,Kentaro HIROSE,H,45-49M,513,Index <600,Finisher,FALSE,Other,200,173.6,TRUE,2.265,5.004444444444444,-0.04867217322337746,-0.04628913063809699
1832,Candy Ka Ling MAN,F,45-49W,513,Index <600,Finisher,FALSE,Other,200,173.6,TRUE,2.506388888888889,5.660277777777778,-0.29006106211226634,-0.7021224639714307
1833,Jose Manuel MARTINEZ ACOSTA,H,45-49M,513,Index <600,Finisher,FALSE,Other,200,173.6,TRUE,2.31,5.060555555555555,-0.09367217322337736,-0.10240024174920803
1834,Sadık TAŞKIN,H,35-39M,512,Index <600,Finisher,FALSE,Other,200,173.6,TRUE,2.218611111111111,5.088333333333333,-4.076170132198872e-4,-0.12497060972013128
1835,Bernard LEJEUNE,H,55-59M,513,Index <600,DNF,TRUE,Abandoned,40,99.4,TRUE,1.833611111111111,4.240277777777778,0.3827167156655116,0.7178775360285691
1836,Su Weng LAI,H,40-44M,513,Index <600,Finisher,FALSE,Other,200,173.6,TRUE,2.0972222222222223,5.010833333333333,0.11910560455440035,-0.052678019526986045
1837,Guillaume GUICHARD,H,50-54M,512,Index <600,Finisher,FALSE,Other,200,173.6,TRUE,2.0705555555555555,4.995277777777778,0.14764793854233574,-0.03191505416457624
1838,Lawrence HESTER,H,40-44M,509,Index <600,DNF,TRUE,Abandoned,16,52.2,FALSE,1.7786111111111111,4.065,0.44518060249594693,0.9138594319935989
1840,Jonas ANDERSSON,H,40-44M,512,Index <600,DNF,TRUE,Abandoned,48,114,TRUE,2.3744444444444444,5.075,-0.1562409503465531,-0.11163727638679855
1841,Michal JANÁČEK,H,50-54M,512,Index <600,Finisher,FALSE,Other,200,173.6,TRUE,2.3336111111111113,5.130833333333333,-0.11540761701322007,-0.1674706097201317
1842,Adrien BIZIEUX,H,35-39M,519,Index <600,Finisher,FALSE,Other,200,173.6,TRUE,2.1705555555555556,4.851944444444444,0.03435909711598865,0.07451606311114148
1843,Pascal BELE,H,45-49M,512,Index <600,Finisher,FALSE,Other,200,173.6,TRUE,1.9036111111111111,4.228055555555556,0.3145923829867801,0.735307168057646
1844,Jacek NERING,H,55-59M,512,Index <600,DNF,TRUE,Abandoned,30,NA,TRUE,2.475277777777778,5.628611111111111,-0.2570742836798866,-0.665248387497909
1845,David DESVAUX,H,50-54M,512,Index <600,DNF,TRUE,Abandoned,40,99.4,TRUE,2.1775,4.9927777777777775,0.04070349409789098,-0.029415054164575852
1846,Alejandra CANO SUAREZ,F,40-44W,511,Index <600,Finisher,FALSE,Other,200,173.6,TRUE,2.257222222222222,5.101666666666667,-0.03714974770346621,-0.1331175584082482
1847,Mónica ROBLES RAMÍREZ,F,35-39W,511,Index <600,DNF,TRUE,Abandoned,30,NA,TRUE,2.1502777777777777,4.741944444444444,0.06979469674097809,0.22660466381397437
1848,Valéry BEMELMANS,H,45-49M,511,Index <600,Finisher,FALSE,Other,200,173.6,TRUE,2.128888888888889,4.759444444444444,0.09118358562986678,0.2091046638139743
1849,Youngil CHOI,H,60-64M,511,Index <600,DNF,TRUE,Abandoned,NA,NA,FALSE,NA,NA,NA,NA
1850,Stéphane GAUDRY,H,45-49M,511,Index <600,Finisher,FALSE,Other,200,173.6,TRUE,2.2133333333333334,4.761111111111111,0.00673914118542243,0.20743799714730737
1851,Muhammad SYAHRUDIN,H,20-34M,549,Index <600,Finisher,FALSE,Other,200,173.6,TRUE,2.1463888888888887,4.933888888888889,-0.00486240222487164,-0.17853160743340377
1852,Marcela Evelyn ARIAS GAETA,F,35-39W,507,Index <600,Finisher,FALSE,Other,200,173.6,TRUE,2.4747222222222223,5.314722222222223,-0.24723400028512343,-0.3256346773510119
1853,Marko TUTT,H,35-39M,510,Index <600,Finisher,FALSE,Other,200,173.6,TRUE,2.266111111111111,5.068888888888889,-0.044176008334948225,-0.09517426366447625
1854,Jimmy WICKMAYER,H,45-49M,488,Index <600,DNF,TRUE,Abandoned,28,81.3,TRUE,2.430277777777778,5.156944444444444,-0.16830636627080955,-0.07455264793671293
1855,James WILKINSON,H,40-44M,510,Index <600,DNF,TRUE,Abandoned,12,41.1,FALSE,2.308611111111111,5.13,-0.08667600833494818,-0.15628537477558715
1856,Justin GAERLAN,H,45-49M,510,Index <600,Finisher,FALSE,Other,200,173.6,TRUE,2.4233333333333333,5.610555555555556,-0.2013982305571706,-0.6368409303311432
1857,Akihiro SUZUKI,H,55-59M,510,Index <600,Finisher,FALSE,Other,200,173.6,TRUE,2.3741666666666665,5.448333333333333,-0.1522315638905038,-0.47461870810892054
1858,Pierre-Olivier VEYSSET,H,35-39M,510,Index <600,Finisher,FALSE,Other,200,173.6,TRUE,2.2641666666666667,4.933333333333334,-0.04223156389050392,0.04038129189107917
1859,Stoyan KOVACHEV,H,50-54M,510,Index <600,Finisher,FALSE,Other,200,173.6,TRUE,2.0855555555555556,4.5183333333333335,0.1363795472206071,0.4553812918910792
1862,Christopher SMITH,H,60-64M,509,Index <600,Finisher,FALSE,Other,200,173.6,TRUE,2.3205555555555555,5.199722222222222,-0.09676384194849734,-0.22086279022862298
1863,Joe SHREEVES,H,20-34M,510,Index <600,DNF,TRUE,Abandoned,52,127.5,TRUE,2.4166666666666665,5.208611111111111,-0.19473156389050378,-0.23489648588669815
1864,Parn TAENGON,H,55-59M,510,Index <600,DNF,TRUE,Timed out (cut-off),28,81.3,TRUE,2.368333333333333,5.189722222222223,-0.14639823055717044,-0.21600759699780986
1865,Agnieszka MARCINISZYN,F,45-49W,509,Index <600,Finisher,FALSE,Other,200,173.6,TRUE,2.4105555555555553,5.288055555555555,-0.18676384194849727,-0.30919612356195597
1866,Pierre Louis VILLETTE,H,50-54M,505,Index <600,DNF,TRUE,Abandoned,40,99.4,TRUE,2.1333333333333333,4.664722222222222,0.09783134407111437,0.3345124845283499
1867,Jaroslav BELSKIJ,H,45-49M,509,Index <600,DNF,TRUE,Abandoned,40,99.4,TRUE,2.234722222222222,4.901944444444444,-0.010930508615163967,0.07691498754915518
1868,Castellet Farelo QUIM,H,45-49M,509,Index <600,Finisher,FALSE,Other,200,173.6,TRUE,2.2444444444444445,5.128611111111111,-0.02065273083738638,-0.14975167911751144
1869,Gilles GUY,H,50-54M,510,Index <600,Finisher,FALSE,Other,200,173.6,TRUE,1.9088888888888889,4.398611111111111,0.31304621388727405,0.5751035141133015
1870,Renaud FERMENTEL,H,45-49M,509,Index <600,DNF,TRUE,Timed out (cut-off),40,99.4,TRUE,2.0458333333333334,4.675277777777778,0.17795838027372468,0.30358165421582173
1871,Stanislav CHIKNAVARYAN,H,55-59M,509,Index <600,Finisher,FALSE,Other,200,173.6,TRUE,2.4105555555555553,5.191944444444444,-0.18676384194849727,-0.21308501245084488
1872,Ridho Rizqi FIRMANSYAH,H,20-34M,509,Index <600,Finisher,FALSE,Other,200,173.6,TRUE,2.196388888888889,5.163611111111111,0.027402824718169135,-0.18475167911751156
1873,Dominique SUAU,H,55-59M,508,Index <600,Finisher,FALSE,Other,200,173.6,TRUE,2.141111111111111,4.847777777777778,0.0845315306372771,0.13620590827061557
1874,Nicolas DUBUGET,H,40-44M,506,Index <600,DNF,TRUE,Abandoned,28,81.3,TRUE,1.4733333333333334,3.2894444444444444,0.7559954555768033,1.7047267215000206
1875,Monique MESSIÉ,F,45-49W,508,Index <600,Finisher,FALSE,Other,200,173.6,TRUE,2.202777777777778,4.888055555555556,0.022864863970610133,0.09592813049283773
1876,Gwangsoon CHOI,H,55-59M,508,Index <600,Finisher,FALSE,Other,200,173.6,TRUE,2.4475,5.105277777777777,-0.22185735825161168,-0.12129409172938387
1877,Boris DURAND,H,50-54M,508,Index <600,Finisher,FALSE,Other,200,173.6,TRUE,2.263888888888889,4.995555555555556,-0.03824624714050075,-0.011571869507162203
1878,Jerome GUDEFIN,H,45-49M,508,Index <600,Finisher,FALSE,Other,200,173.6,TRUE,2.4558333333333335,5.469722222222222,-0.23019069158494543,-0.48573853617382845
1879,Nicolas RENOUS,H,35-39M,508,Index <600,Finisher,FALSE,Other,200,173.6,TRUE,2.3672222222222223,5.156666666666666,-0.14157958047383423,-0.17268298061827278
1880,Ben TURNBULL,H,40-44M,507,Index <600,Finisher,FALSE,Other,200,173.6,TRUE,1.8933333333333333,4.366388888888889,0.3341548886037655,0.6226986559823213
1881,Josselin MARCHAND,H,20-34M,508,Index <600,Finisher,FALSE,Other,200,173.6,TRUE,1.9413888888888888,4.476388888888889,0.2842537528594992,0.5075947971595048
1882,Victoria PERCIC,F,40-44W,507,Index <600,Finisher,FALSE,Other,200,173.6,TRUE,2.305833333333333,5.331388888888889,-0.07834511139623432,-0.34230134401767853
1883,Spencer MILLBERY,H,45-49M,508,Index <600,DNF,TRUE,Abandoned,36,86.6,TRUE,2.5155555555555558,5.562777777777778,-0.2899129138071677,-0.5787940917293842
1884,Clovis CROUZET,H,40-44M,506,Index <600,Finisher,FALSE,Other,200,173.6,TRUE,2.4855555555555555,5.313055555555556,-0.2562267666454188,-0.3188843896110908
1885,Guillaume HASSAINI,H,20-34M,507,Index <600,Finisher,FALSE,Other,200,173.6,TRUE,2.1302777777777777,4.715277777777778,0.09721044415932115,0.273809767093433
1886,Tara WARREN,F,50-54W,507,Index <600,Finisher,FALSE,Other,200,173.6,TRUE,1.968611111111111,4.34,0.25887711082598774,0.6490875448712108
1887,Andras DANYI,H,20-34M,507,Index <600,DNF,TRUE,Abandoned,10,32.4,FALSE,2.287777777777778,5.424166666666666,-0.06028955584067903,-0.4350791217954557
1888,Danyang LI,F,35-39W,507,Index <600,Finisher,FALSE,Other,200,173.6,TRUE,2.270277777777778,5.032222222222222,-0.042789555840678985,-0.043134677351011286
1889,Alexander DEJONGHE,H,40-44M,507,Index <600,Finisher,FALSE,Other,200,173.6,TRUE,2.297222222222222,4.925,-0.0697340002851232,0.06408754487121088
1890,Miguel GONZALEZ,H,20-34M,507,Index <600,DNF,TRUE,Abandoned,28,81.3,TRUE,2.093888888888889,4.626666666666667,0.13359933304820992,0.3624208782045438
1891,Maxence DUFOREAU,H,45-49M,507,Index <600,Finisher,FALSE,Other,200,173.6,TRUE,2.327777777777778,5.102222222222222,-0.10028955584067908,-0.11313467735101157
1892,Mercè SUBILS TORRAS,F,45-49W,506,Index <600,Finisher,FALSE,Other,200,173.6,TRUE,2.3569444444444443,5.3308333333333335,-0.1276156555343076,-0.33666216738886867
1893,Florian VIRAT,H,40-44M,505,Index <600,Finisher,FALSE,Other,200,173.6,TRUE,2.479722222222222,5.274444444444445,-0.2485575448177745,-0.2752097376938726
1894,Loïc ANDRE,H,45-49M,506,Index <600,Finisher,FALSE,Other,200,173.6,TRUE,2.265833333333333,5.127777777777778,-0.03650454442319651,-0.13360661183331332
1896,Matthieu MEUNIER,H,45-49M,506,Index <600,Finisher,FALSE,Other,200,173.6,TRUE,2.200833333333333,4.9625,0.02849545557680344,0.03167116594446455
1897,Emmanuel FIRBAL,H,40-44M,506,Index <600,DNF,TRUE,Timed out (cut-off),48,114,TRUE,2.567222222222222,5.583055555555555,-0.33789343331208543,-0.5888843896110902
1898,Nicolas JULLION,H,40-44M,506,Index <600,Finisher,FALSE,Other,200,173.6,TRUE,2.0225,4.652222222222222,0.2068287889101367,0.3419489437222428
1899,Carlos ROBLES,H,40-44M,506,Index <600,Finisher,FALSE,Other,200,173.6,TRUE,2.160833333333333,4.892777777777778,0.06849545557680348,0.10139338816668701
1900,Jean-Paul HUETTE,H,60-64M,506,Index <600,Finisher,FALSE,Other,200,173.6,TRUE,2.379722222222222,5.198055555555555,-0.15039343331208538,-0.20388438961109054
1901,Ikuko SHIGA,F,45-49W,505,Index <600,DNF,TRUE,Timed out (cut-off),30,NA,TRUE,2.2202777777777776,4.966111111111111,0.010886899626670079,0.033123595639461004
1902,Fabien GALI,H,45-49M,505,Index <600,Finisher,FALSE,Other,200,173.6,TRUE,2.0719444444444446,4.488888888888889,0.15922023296000307,0.5103458178616831
1903,Tsukasa ENDO,H,35-39M,505,Index <600,Finisher,FALSE,Other,200,173.6,TRUE,2.2894444444444444,5.177777777777778,-0.058279767039996745,-0.17854307102720596
1904,Jaime DAWES,F,45-49W,505,Index <600,Finisher,FALSE,Other,200,173.6,TRUE,2.317222222222222,5.154722222222222,-0.08605754481777442,-0.15548751547165035
1905,Ján ŠEVČÍK,H,40-44M,505,Index <600,Finisher,FALSE,Other,200,173.6,TRUE,2.19,4.810277777777777,0.0411646774044477,0.1889569289727947
1906,Sean OCHOA,H,35-39M,505,Index <600,DNF,TRUE,Abandoned,28,81.3,TRUE,2.4008333333333334,5.454166666666667,-0.16966865592888572,-0.45493195991609453
1907,King Wa SIN,H,35-39M,505,Index <600,Finisher,FALSE,Other,200,173.6,TRUE,2.5119444444444445,5.582777777777777,-0.2807797670399969,-0.5835430710272054
1908,Lior OREN,H,50-54M,505,Index <600,Finisher,FALSE,Other,200,173.6,TRUE,2.122777777777778,4.682222222222222,0.1083868996266698,0.31701248452834985
1909,Ido GAZIT,H,40-44M,505,Index <600,Finisher,FALSE,Other,200,173.6,TRUE,2.1230555555555557,4.682222222222222,0.10810912184889197,0.31701248452834985
1910,Vinod MENON,H,55-59M,505,Index <600,Finisher,FALSE,Other,200,173.6,TRUE,2.4575,5.415277777777778,-0.22633532259555236,-0.4160430710272058
1911,Nicolas DANDURAND,H,45-49M,505,Index <600,Finisher,FALSE,Other,200,173.6,TRUE,2.026666666666667,4.673055555555556,0.20449801073778082,0.32617915119501617
1912,Mickael LE BARON,H,50-54M,505,Index <600,Finisher,FALSE,Other,200,173.6,TRUE,2.321111111111111,5.121111111111111,-0.08994643370666347,-0.1218764043605393
1913,Cheryll JANUSZEWSKI,F,45-49W,505,Index <600,Finisher,FALSE,Other,200,173.6,TRUE,2.285277777777778,5.197222222222222,-0.05411310037333029,-0.1979875154716499
1914,Cristina MORENO RUBIO,F,45-49W,507,Index <600,DNF,TRUE,Abandoned,51,127.5,TRUE,2.1819444444444445,4.8475,0.04554377749265439,0.14158754487121056
1915,Sébastien GUINEL,H,50-54M,504,Index <600,Finisher,FALSE,Other,200,173.6,TRUE,2.0833333333333335,4.598888888888889,0.14966288882364456,0.4053894358830577
1916,Anton VICH ENRICH,H,55-59M,504,Index <600,Finisher,FALSE,Other,200,173.6,TRUE,2.2480555555555557,5.129166666666666,-0.015059333398577662,-0.12488834189471962
1918,Matthijn TEN DOESCHOT,H,45-49M,504,Index <600,Finisher,FALSE,Other,200,173.6,TRUE,1.9136111111111112,4.239722222222222,0.3193851110458669,0.7645561025497245
1919,Grzegorz GARBIEN,H,50-54M,504,Index <600,Finisher,FALSE,Other,200,173.6,TRUE,2.0405555555555557,4.58,0.19244066660142237,0.4242783247719469
1920,Francois BOUJU,H,45-49M,504,Index <600,Finisher,FALSE,Other,200,173.6,TRUE,2.088611111111111,4.677777777777778,0.14438511104586685,0.3265005469941689
1921,Peter OXLEY,H,55-59M,504,Index <600,Finisher,FALSE,Other,200,173.6,TRUE,2.473611111111111,5.352777777777778,-0.24061488895413294,-0.348499453005831
1922,Thibaud HENNEQUIN,H,35-39M,504,Index <600,Finisher,FALSE,Other,200,173.6,TRUE,2.3475,5.305,-0.1145037778430221,-0.3007216752280529
1923,Christopher SIMONS,H,40-44M,503,Index <600,Finisher,FALSE,Other,200,173.6,TRUE,2.4680555555555554,5.429444444444444,-0.2332317976508816,-0.4201422669534397
1924,Ryo MIYAZAKI,H,50-54M,503,Index <600,Finisher,FALSE,Other,200,173.6,TRUE,2.1730555555555555,4.829722222222222,0.06176820234911832,0.17957995526878215
1925,Antoine AUGE,H,50-54M,503,Index <600,Finisher,FALSE,Other,200,173.6,TRUE,2.2044444444444444,4.972777777777778,0.030379313460229405,0.03652439971322645
1926,Arthur TRAMCOURT,H,20-34M,510,Index <600,Finisher,FALSE,Other,200,173.6,TRUE,2.1305555555555555,4.621388888888889,0.09137954722060722,0.35232573633552355
1927,José Carlos CORREIA,H,40-44M,503,Index <600,Finisher,FALSE,Other,200,173.6,TRUE,1.9355555555555555,4.637222222222222,0.2992682023491184,0.37207995526878207
1928,Nasser HAKAMI,H,40-44M,503,Index <600,Finisher,FALSE,Other,200,173.6,TRUE,1.8755555555555556,4.2588888888888885,0.3592682023491182,0.7504132886021159
1929,Laura LEAES LOPES,F,40-44W,506,Index <600,Finisher,FALSE,Other,200,173.6,TRUE,2.3133333333333335,4.976666666666667,-0.08400454442319677,0.01750449927779833
1930,Mats ROSENBERG,H,60-64M,503,Index <600,DNF,TRUE,Abandoned,48,114,TRUE,2.311111111111111,5.344722222222222,-0.076287353206437,-0.33542004473121756
1931,Daniele STRAZZER,H,40-44M,503,Index <600,Finisher,FALSE,Other,200,173.6,TRUE,2.499722222222222,5.514444444444444,-0.26489846431754827,-0.5051422669534397
1932,Raphael FEHLMANN,H,35-39M,503,Index <600,DNF,TRUE,Timed out (cut-off),6,22.9,FALSE,2.642777777777778,NA,-0.407954019873104,NA
1933,Wai Ling WONG,F,50-54W,503,Index <600,DNF,TRUE,Timed out (cut-off),52,127.5,TRUE,2.112222222222222,5.1177777777777775,0.12260153568245187,-0.10847560028677317
1934,Maxime LECONTE,H,40-44M,503,Index <600,Finisher,FALSE,Other,200,173.6,TRUE,2.1416666666666666,5.018611111111111,0.09315709123800726,-0.009308933620106995
1935,Janneke SCHERPENHUYZEN,F,35-39W,500,Index <600,Finisher,FALSE,Other,200,173.6,TRUE,1.956388888888889,4.451666666666667,0.2838967695993275,0.5725900519917574
1936,Rostislav HAVLIK,H,50-54M,502,Index <600,Finisher,FALSE,Other,200,173.6,TRUE,2.4116666666666666,5.192222222222222,-0.17501904728218512,-0.1779157998320622
1937,Guillaume LONJON,H,40-44M,502,Index <600,Finisher,FALSE,Other,200,173.6,TRUE,2.493888888888889,5.309444444444445,-0.25724126950440734,-0.2951380220542851
1938,Franck FIOLLET,H,55-59M,502,Index <600,Finisher,FALSE,Other,200,173.6,TRUE,2.4586111111111113,5.306666666666667,-0.2219634917266298,-0.29236024427650686
1939,Vivien LEONARD,H,40-44M,579,Index <600,DNF,TRUE,Abandoned,10,32.4,FALSE,2.2694444444444444,5.490833333333334,-0.2073672988914287,-0.9297664200240163
1940,Paul VOOREND,H,45-49M,500,Index <600,DNF,TRUE,Abandoned,40,99.4,TRUE,2.3825,5.301388888888889,-0.14221434151178336,-0.2771321702304645
1941,Lucile FAYON,F,35-39W,501,Index <600,Finisher,FALSE,Other,200,173.6,TRUE,2.379722222222222,5.21,-0.14125408088887512,-0.19070878304817163
1942,Yoshihiko FUKUSHIMA,H,50-54M,502,Index <600,DNF,TRUE,Timed out (cut-off),48,114,TRUE,2.0594444444444444,4.871666666666667,0.17720317494003707,0.14263975572349283
1943,Marisa MAURI,F,40-44W,502,Index <600,Finisher,FALSE,Other,200,173.6,TRUE,2.0475,4.632777777777778,0.1891476193844816,0.3815286446123817
1944,Pedro DIAZ,H,50-54M,502,Index <600,Finisher,FALSE,Other,200,173.6,TRUE,2.2466666666666666,4.910555555555556,-0.010019047282185141,0.10375086683460406
1945,Suda TANTIVEERASUT,F,40-44W,504,Index <600,Finisher,FALSE,Other,200,173.6,TRUE,2.4283333333333332,5.341111111111111,-0.1953371111763552,-0.3368327863391643
1946,Bertrand LECLERC,H,40-44M,502,Index <600,Finisher,FALSE,Other,200,173.6,TRUE,2.002222222222222,4.408055555555555,0.23442539716225935,0.6062508668346044
1948,Sandrine GIPPA,F,55-59W,501,Index <600,Finisher,FALSE,Other,200,173.6,TRUE,2.140277777777778,4.848611111111111,0.09819036355556901,0.1706801058407169
1949,Mariko OMURA,F,50-54W,498,Index <600,DNF,TRUE,Abandoned,51,127.5,TRUE,2.2080555555555557,5.163055555555555,0.03585746180819685,-0.1289250821194942
1950,Mei Ping KWONG,F,55-59W,501,Index <600,DNF,TRUE,Timed out (cut-off),52,127.5,TRUE,2.2625,5.262222222222222,-0.024031858666653225,-0.24293100527039402
1951,Jamie STARR,H,50-54M,501,Index <600,Finisher,FALSE,Other,200,173.6,TRUE,2.3986111111111112,5.215277777777778,-0.1601429697777643,-0.19598656082594934
1952,Ninon BROQUET,F,35-39W,499,Index <600,Finisher,FALSE,Other,200,173.6,TRUE,2.3644444444444446,5.233333333333333,-0.12234393885840832,-0.20413024834096954
1953,Cristiano SIRIANNI,H,35-39M,501,Index <600,DNF,TRUE,Timed out (cut-off),40,99.4,TRUE,2.1425,4.916944444444445,0.09596814133334688,0.10234677250738351
1954,Mathias KRAUT,H,35-39M,501,Index <600,Finisher,FALSE,Other,200,173.6,TRUE,2.3408333333333333,5.251388888888889,-0.10236519199998634,-0.23209767193706077
1955,Bjarne Skov SOERENSEN,H,55-59M,501,Index <600,Finisher,FALSE,Other,200,173.6,TRUE,2.529166666666667,5.493611111111111,-0.29069852533331986,-0.47431989415928266
1956,Benjamin AUTRICQUE,H,35-39M,501,Index <600,Finisher,FALSE,Other,200,173.6,TRUE,2.4766666666666666,5.522777777777778,-0.23819852533331962,-0.5034865608259494
1957,Gregory AMADIO,H,50-54M,502,Index <600,DNF,TRUE,Abandoned,10,32.4,FALSE,2.1305555555555555,4.888333333333334,0.10609206382892591,0.1259730890568262
1958,Ludvig DICKMAN,H,40-44M,498,Index <600,Finisher,FALSE,Other,200,173.6,TRUE,2.201388888888889,5.006944444444445,0.04252412847486367,0.02718602899161637
1959,Takashi KUROKAWA,H,50-54M,501,Index <600,DNF,TRUE,Timed out (cut-off),40,99.4,TRUE,2.2794444444444446,5.276666666666666,-0.04097630311109763,-0.25737544971483806
1960,Julien TOURIGNY,H,40-44M,501,Index <600,Finisher,FALSE,Other,200,173.6,TRUE,2.048888888888889,4.612777777777778,0.18957925244445795,0.40651343917405075
1961,Kenichi YAMASHITA,H,55-59M,501,Index <600,Finisher,FALSE,Other,200,173.6,TRUE,2.3880555555555554,5.251111111111111,-0.14958741422220842,-0.23181989415928295
1962,Alexandre PRUNELET,H,45-49M,498,Index <600,DNF,TRUE,Timed out (cut-off),30,NA,TRUE,2.3125,5.279166666666667,-0.06858698263624743,-0.24503619323060571
1963,Mihael LONČAR,H,20-34M,501,Index <600,DNF,TRUE,Abandoned,16,52.2,FALSE,2.273888888888889,5.181388888888889,-0.03542074755554212,-0.16209767193706048
1964,Nicolas BAZIN DELESTREZ,H,20-34M,501,Index <600,Finisher,FALSE,Other,200,173.6,TRUE,2.0791666666666666,4.703611111111111,0.15930147466668032,0.31568010584071743
1965,Rossano ANTONINI,H,40-44M,501,Index <600,Finisher,FALSE,Other,200,173.6,TRUE,2.415277777777778,5.2941666666666665,-0.1768096364444309,-0.2748754497148381
1966,Paolo PISCHIUTTA,H,65-69M,501,Index <600,DNF,TRUE,Abandoned,40,99.4,TRUE,2.1911111111111112,4.972222222222222,0.04735703022223572,0.04706899472960598
1967,Jerome TAURINES,H,50-54M,500,Index <600,DNF,TRUE,Abandoned,52,127.5,TRUE,2.1358333333333333,4.788055555555555,0.10445232515488323,0.23620116310286926
1968,Justine KINCH,F,50-54W,500,Index <600,DNF,TRUE,Abandoned,64,NA,TRUE,2.111111111111111,4.775,0.12917454737710532,0.2492567186584242
1969,Nicolas COILLARD,H,40-44M,500,Index <600,DNF,TRUE,Timed out (cut-off),30,NA,TRUE,2.4819444444444443,5.637222222222222,-0.2416587859562278,-0.6129655035637979
1970,Pierre FRACHETTE,H,20-34M,500,Index <600,Finisher,FALSE,Other,200,173.6,TRUE,2.2047222222222222,4.804722222222222,0.03556343626599423,0.21953449643620265
1971,Joseph HAYWARD,H,20-34M,498,Index <600,Finisher,FALSE,Other,200,173.6,TRUE,2.381388888888889,5.4527777777777775,-0.13747587152513646,-0.41864730434171643
1972,Wai CHONG,H,40-44M,500,Index <600,DNF,TRUE,Abandoned,38,94.2,TRUE,2.6769444444444446,5.737222222222222,-0.4366587859562281,-0.7129655035637975
1973,Michal MROWIEC,H,50-54M,500,Index <600,Finisher,FALSE,Other,200,173.6,TRUE,2.1933333333333334,4.825833333333334,0.04695232515488312,0.1984233853250909
1974,Aleksandr ELISEEV,H,20-34M,500,Index <600,Finisher,FALSE,Other,200,173.6,TRUE,2.1591666666666667,4.7444444444444445,0.0811189918215498,0.27981227421398003
1975,Bruno CHEMAMA,H,45-49M,500,Index <600,Finisher,FALSE,Other,200,173.6,TRUE,2.1083333333333334,5.092777777777778,0.1319523251548831,-0.06852105911935363
1976,Sébastien PHILIPPE,H,35-39M,500,Index <600,Finisher,FALSE,Other,200,173.6,TRUE,2.055,4.685833333333333,0.18528565848821632,0.3384233853250914
1977,Olivier BROUILLET,H,50-54M,500,Index <600,DNF,TRUE,Abandoned,28,81.3,TRUE,2.089166666666667,4.820555555555556,0.15111899182154964,0.20370116310286862
1978,Laurent ROUSSET,H,50-54M,500,Index <600,Finisher,FALSE,Other,200,173.6,TRUE,2.185277777777778,4.832222222222223,0.055007880710438606,0.1920344964362019
1979,Antony BROWN,H,55-59M,500,Index <600,DNF,TRUE,Abandoned,10,32.4,FALSE,2.3566666666666665,5.365277777777778,-0.11638100817844999,-0.3410210591193536
1980,Carles DUZ PALAU,H,40-44M,500,Index <600,DNF,TRUE,Abandoned,40,99.4,TRUE,2.3916666666666666,5.2444444444444445,-0.15138100817845013,-0.22018772578602003
1981,Andres MANRIQUEZ,H,50-54M,500,Index <600,DNF,TRUE,Abandoned,40,99.4,TRUE,2.1694444444444443,4.8675,0.0708412140437722,0.15675671865842483
1983,Wei ZHANG,F,60-64W,489,Index <600,Finisher,FALSE,Other,200,173.6,TRUE,2.3955555555555557,5.366666666666666,-0.13538668997567263,-0.28901987362741344
1984,Roberto SAN MIGUEL MAYO,H,60-64M,499,Index <600,Finisher,FALSE,Other,200,173.6,TRUE,2.1352777777777776,4.886666666666667,0.10682272780825865,0.14253641832569713
1985,Fernando PINHEIRO MENDES,H,55-59M,499,Index <600,Finisher,FALSE,Other,200,173.6,TRUE,2.2711111111111113,5.197777777777778,-0.02901060552507508,-0.16857469278541376
1986,Miki SAWADA,F,35-39W,499,Index <600,Finisher,FALSE,Other,200,173.6,TRUE,2.326111111111111,5.093333333333334,-0.08401060552507475,-0.06413024834096989
1988,Claudia BOTELHO,F,50-54W,498,Index <600,Finisher,FALSE,Other,200,173.6,TRUE,2.056111111111111,4.7775,0.1878019062526415,0.2566304734360612
1989,Louane PERRET,F,20-34W,498,Index <600,Finisher,FALSE,Other,200,173.6,TRUE,2.4452777777777777,5.2225,-0.20136476041402512,-0.18836952656393907
1990,Karl PACHOT,H,40-44M,498,Index <600,Finisher,FALSE,Other,200,173.6,TRUE,2.0683333333333334,4.686388888888889,0.17557968403041915,0.34774158454717236
1991,Benoît PERNOT,H,40-44M,498,Index <600,Finisher,FALSE,Other,200,173.6,TRUE,2.4408333333333334,5.400555555555556,-0.19692031596958087,-0.3664250821194949
1992,Milan MICHNA,H,55-59M,498,Index <600,DNF,TRUE,Abandoned,10,32.4,FALSE,2.0680555555555555,4.997777777777777,0.17585746180819697,0.03635269565828364
1993,Dan MARSON,H,45-49M,498,Index <600,Finisher,FALSE,Other,200,173.6,TRUE,1.9275,4.303333333333334,0.31641301736375255,0.7307971401027273
1994,Adam Nathan SCHULTZ,H,40-44M,498,Index <600,DNF,TRUE,Abandoned,40,99.4,TRUE,2.1702777777777778,5.2444444444444445,0.07363523958597476,-0.2103139710083834
1995,Teruyuki YANO,H,55-59M,470,Index <600,DNF,TRUE,Timed out (cut-off),38,94.2,TRUE,2.056388888888889,5.1802777777777775,0.23792226828024565,-0.015402028168076475
1996,Billy FUNG,H,65-69M,498,Index <600,DNF,TRUE,Abandoned,48,114,TRUE,2.401388888888889,5.511388888888889,-0.15747587152513648,-0.4772584154528278
1997,Luis Pedro CALVO PRUSEN,H,50-54M,498,Index <600,Finisher,FALSE,Other,200,173.6,TRUE,2.379722222222222,5.247222222222222,-0.13580920485846953,-0.21309174878616072
1998,Mohammed ALAOUI,H,35-39M,497,Index <600,Finisher,FALSE,Other,200,173.6,TRUE,2.2825,5.0216666666666665,-0.036776471441688996,0.017372374805264892
2000,Youdi DING,H,65-69M,498,Index <600,DNF,TRUE,Timed out (cut-off),48,114,TRUE,1.9380555555555556,4.422777777777778,0.3058574618081969,0.6113526956582829
2001,Kazuhiro TAMAKI,H,50-54M,500,Index <600,Finisher,FALSE,Other,200,173.6,TRUE,2.4347222222222222,5.283055555555555,-0.19443656373400575,-0.2587988368971309
2002,Bojan VELJANOVSKI,H,35-39M,498,Index <600,Finisher,FALSE,Other,200,173.6,TRUE,2.3583333333333334,5.317222222222222,-0.11442031596958083,-0.283091748786161
2003,Susana ZARRALUQUI GUILLÉN,F,55-59W,498,Index <600,Finisher,FALSE,Other,200,173.6,TRUE,2.22,4.959722222222222,0.023913017363752318,0.07440825121383894
2004,Cátia GEREMIA,F,45-49W,498,Index <600,DNF,TRUE,Abandoned,26,76.4,FALSE,2.3647222222222224,5.358611111111111,-0.12080920485846983,-0.32448063767505014
2005,Morgan DESFONTAINES,H,35-39M,497,Index <600,Finisher,FALSE,Other,200,173.6,TRUE,2.341388888888889,5.146944444444444,-0.09566536033057779,-0.10790540297251294
2006,Konrad Mateusz ZAREBSKI,H,20-34M,497,Index <600,Finisher,FALSE,Other,200,173.6,TRUE,2.1794444444444445,4.987222222222222,0.0662790841138666,0.051816819249709455
2007,Guillaume SCELLIER,H,45-49M,497,Index <600,Finisher,FALSE,Other,200,173.6,TRUE,2.3644444444444446,5.0425,-0.1187209158861334,-0.00346095852806903
2008,Marc VALLET,H,40-44M,497,Index <600,Finisher,FALSE,Other,200,173.6,TRUE,2.3983333333333334,5.186111111111111,-0.15260980477502223,-0.14707206963917946
2009,Yoshiyuki FUKUHARA,H,50-54M,497,Index <600,Finisher,FALSE,Other,200,173.6,TRUE,1.916388888888889,4.387777777777778,0.3293346396694223,0.6512612636941534
2010,Takamitsu MIYAKE,H,40-44M,497,Index <600,Finisher,FALSE,Other,200,173.6,TRUE,2.3091666666666666,5.286944444444444,-0.06344313810835542,-0.2479054029725126
2011,Jun ITO,H,45-49M,497,Index <600,DNF,TRUE,Timed out (cut-off),38,94.2,TRUE,2.3833333333333333,5.303333333333334,-0.1376098047750221,-0.2642942918614023
2012,Sergi RIU ANGUERA,H,40-44M,497,Index <600,Finisher,FALSE,Other,200,173.6,TRUE,2.4044444444444446,5.3,-0.1587209158861334,-0.26096095852806844
2013,Benoit BURNIER,H,35-39M,497,Index <600,Finisher,FALSE,Other,200,173.6,TRUE,2.1683333333333334,4.805555555555555,0.07739019522497767,0.23348348591637613
2014,Eric BREN,H,60-64M,497,Index <600,Finisher,FALSE,Other,200,173.6,TRUE,2.348611111111111,5.256388888888889,-0.10288758255279981,-0.21734984741695756
2015,Jasmine BURTON,F,20-34W,496,Index <600,Finisher,FALSE,Other,200,173.6,TRUE,2.1302777777777777,4.818888888888889,0.11725459612888106,0.22504005769350113
2016,Jodine COE,F,20-34W,496,Index <600,DNF,TRUE,Abandoned,52,127.5,TRUE,2.484722222222222,5.503333333333333,-0.23718984831556333,-0.4594043867509428
2017,Tom BEEBY,H,45-49M,496,Index <600,Finisher,FALSE,Other,200,173.6,TRUE,2.397777777777778,5.145555555555555,-0.15024540387111907,-0.10162660897316515
2018,Maxime BERNE,H,20-34M,496,Index <600,DNF,TRUE,Abandoned,30,NA,TRUE,2.164722222222222,5.336666666666667,0.08281015168443655,-0.29273772008427673
2019,Quentin TROUPEL,H,35-39M,496,Index <600,DNF,TRUE,Timed out (cut-off),28,81.3,TRUE,2.4161111111111113,5.281666666666666,-0.1685787372044526,-0.2377377200842762
2020,Marc KEISER,H,60-64M,496,Index <600,DNF,TRUE,Timed out (cut-off),10,32.4,FALSE,2.5016666666666665,5.5344444444444445,-0.2541342927600076,-0.4905154978620543
2021,Anders VEKVE,H,50-54M,496,Index <600,Finisher,FALSE,Other,200,173.6,TRUE,2.336388888888889,5.281944444444444,-0.08885651498223028,-0.23801549786205403
2022,Fabrizio BERTONI,H,50-54M,496,Index <600,Finisher,FALSE,Other,200,173.6,TRUE,2.3508333333333336,5.269166666666667,-0.10330095942667476,-0.22523772008427692
2023,Will PASCARELLA,H,40-44M,495,Index <600,Finisher,FALSE,Other,200,173.6,TRUE,2.0469444444444442,4.654722222222222,0.202395443701297,0.3940781240276298
2024,Xiaonan ZHANG,H,55-59M,495,Index <600,DNF,TRUE,Abandoned,40,99.4,TRUE,2.4680555555555554,5.5408333333333335,-0.2187156674098142,-0.49203298708348125
2025,Yoann BENOIT,H,35-39M,495,Index <600,Finisher,FALSE,Other,200,173.6,TRUE,2.2105555555555556,4.783055555555555,0.03878433259018567,0.26574479069429685
2026,Naoki MORIYAMA,H,35-39M,495,Index <600,Finisher,FALSE,Other,200,173.6,TRUE,2.2116666666666664,5.0313888888888885,0.03767322147907483,0.01741145736096368
2027,Quentin DELOHEN,H,45-49M,496,Index <600,Finisher,FALSE,Other,200,173.6,TRUE,2.3805555555555555,5.1675,-0.13302318164889682,-0.12357105341761036
2028,Yu ZHANG,H,35-39M,514,Index <600,Finisher,FALSE,Other,200,173.6,TRUE,2.298611111111111,4.948055555555555,-0.08416597329310699,0.004871165799884515
2029,Gianni Justo MASSIN,H,20-34M,494,Index <600,Finisher,FALSE,Other,200,173.6,TRUE,1.8252777777777778,4.075555555555556,0.4258686282347271,0.9780978324200298
2030,Vladimir LABRY,H,45-49M,495,Index <600,DNF,TRUE,Timed out (cut-off),48,114,TRUE,2.4652777777777777,5.4511111111111115,-0.21593788963203644,-0.4023107648612593
2031,Sungmin PARK,H,35-39M,495,Index <600,DNF,TRUE,Timed out (cut-off),22,67.8,FALSE,2.3852777777777776,5.4863888888888885,-0.13593788963203637,-0.43758854263903635
2032,David BAUD,H,50-54M,495,Index <600,DNF,TRUE,Abandoned,16,52.2,FALSE,2.450277777777778,5.361666666666666,-0.20093788963203676,-0.31286632041681417
2033,Arnaud LEONI,H,50-54M,494,Index <600,DNF,TRUE,Timed out (cut-off),22,67.8,FALSE,2.193611111111111,5.028611111111111,0.0575352949013937,0.025042276864474272
2034,Miwa OOKA,F,55-59W,494,Index <600,Finisher,FALSE,Other,200,173.6,TRUE,2.2822222222222224,5.215,-0.031075816209717465,-0.16134661202441444
2035,Janett ALOYSEOUS,F,20-34W,494,Index <600,Finisher,FALSE,Other,200,173.6,TRUE,2.2733333333333334,5.143055555555556,-0.022186927320828574,-0.08940216757997027
2036,Arnold TWITCHELL,H,60-64M,487,Index <600,DNF,TRUE,Abandoned,16,52.2,FALSE,2.2288888888888887,5.358611111111111,0.03488442813873479,-0.27149197592673807
2037,Gwenaëlle BABARIT,F,45-49W,494,Index <600,Finisher,FALSE,Other,200,173.6,TRUE,2.5275,5.445555555555556,-0.276353593987495,-0.3919021675799705
2038,Mark WESTERHOLT,H,45-49M,507,Index <600,DNF,TRUE,Timed out (cut-off),28,81.3,TRUE,2.4875,5.646944444444444,-0.260011778062901,-0.6578568995732337
2039,Andro DU PLESSIS,H,35-39M,494,Index <600,DNF,TRUE,Timed out (cut-off),28,81.3,TRUE,2.245277777777778,5.251111111111111,0.00586862823472695,-0.19745772313552587
2040,Piotr CISKI,H,50-54M,494,Index <600,Finisher,FALSE,Other,200,173.6,TRUE,2.410833333333333,5.296111111111111,-0.15968692732082826,-0.24245772313552577
2041,James MEARES,H,40-44M,493,Index <600,DNF,TRUE,Timed out (cut-off),40,99.4,TRUE,2.174722222222222,5.099444444444444,0.07822998482187571,-0.040956265108171686
2042,Stuart CHUTTER,H,40-44M,493,Index <600,DNF,TRUE,Abandoned,40,99.4,TRUE,1.8616666666666666,4.152777777777778,0.3912855403774311,0.9057104015584948
2043,Ka Chun TSE,H,45-49M,493,Index <600,Finisher,FALSE,Other,200,173.6,TRUE,2.4183333333333334,5.405,-0.16538112628923568,-0.346511820663728
2044,Marc LONGARON,H,55-59M,493,Index <600,Finisher,FALSE,Other,200,173.6,TRUE,2.0675,4.938611111111111,0.18545220704409782,0.11987706822516103
2045,David FURTADO,H,40-44M,492,Index <600,Finisher,FALSE,Other,200,173.6,TRUE,2.001388888888889,4.606388888888889,0.2533684610895856,0.4569159290385588
2046,Paolo BOSONIN,H,40-44M,493,Index <600,Finisher,FALSE,Other,200,173.6,TRUE,1.8222222222222222,4.0072222222222225,0.43072998482187547,1.0512659571140497
2047,Guiping YAN,H,45-49M,493,Index <600,Finisher,FALSE,Other,200,173.6,TRUE,2.307777777777778,5.322777777777778,-0.05482557073368016,-0.26428959844150535
2048,Alexander WORMALD,H,40-44M,493,Index <600,Finisher,FALSE,Other,200,173.6,TRUE,2.5213888888888887,5.309444444444445,-0.268436681844791,-0.2509562651081726
2050,Ignacio BOAGLIO,H,35-39M,493,Index <600,Finisher,FALSE,Other,200,173.6,TRUE,2.453333333333333,5.493611111111111,-0.20038112628923538,-0.43512293177483874
2051,Dhanvalarp SUKKARAKS,H,50-54M,493,Index <600,DNF,TRUE,Abandoned,28,81.3,TRUE,2.511388888888889,5.478611111111111,-0.2584366818447912,-0.42012293177483906
2053,Jort SCHURINGA,H,45-49M,492,Index <600,DNF,TRUE,Abandoned,28,81.3,TRUE,2.5105555555555554,5.465277777777778,-0.25579820557708066,-0.4019729598503303
2054,Paul MAZEAU,H,20-34M,492,Index <600,Finisher,FALSE,Other,200,173.6,TRUE,1.7094444444444445,3.8508333333333336,0.5453129055340302,1.2124714845941138
2055,Zoran FETAH,H,40-44M,492,Index <600,Finisher,FALSE,Other,200,173.6,TRUE,2.16,4.695,0.09475734997847456,0.3683048179274472
2056,Wéber DE PAULA OLIVEIRA BARBOSA,H,40-44M,492,Index <600,Finisher,FALSE,Other,200,173.6,TRUE,2.5405555555555557,5.618611111111111,-0.28579820557708097,-0.5553062931836638
2057,Léo ROSET,H,20-34M,492,Index <600,DNF,TRUE,Abandoned,26,76.4,FALSE,2.4558333333333335,5.478055555555556,-0.20107598335485882,-0.4147507376281083
2058,Guillaume SIMON,H,20-34M,492,Index <600,Finisher,FALSE,Other,200,173.6,TRUE,1.896111111111111,4.300833333333333,0.35864623886736363,0.762471484594114
2059,Sylvain BERNARDEAU,H,45-49M,492,Index <600,Finisher,FALSE,Other,200,173.6,TRUE,2.2894444444444444,5,-0.03468709446596965,0.06330481792744747
2060,Laura EHRHARD,F,20-34W,492,Index <600,DNF,TRUE,Timed out (cut-off),28,81.3,TRUE,2.3,5.319166666666667,-0.04524265002152508,-0.25586184873921947
2061,Stéphane GUICHARD,H,45-49M,491,Index <600,Finisher,FALSE,Other,200,173.6,TRUE,2.2980555555555555,5.103888888888889,-0.041493717201762224,-0.035785487544243384
2062,Gerard COGNET FANTE,H,60-64M,491,Index <600,DNF,TRUE,Timed out (cut-off),40,99.4,TRUE,2.6030555555555557,5.704722222222222,-0.34649371720176236,-0.6366188208775764
2063,Caroline UPTON,F,60-64W,491,Index <600,Finisher,FALSE,Other,200,173.6,TRUE,2.368611111111111,5.352222222222222,-0.11204927275731771,-0.2841188208775764
2065,Krzysztof MORAWSKI,H,55-59M,491,Index <600,Finisher,FALSE,Other,200,173.6,TRUE,2.1580555555555554,4.706944444444445,0.09850628279823789,0.36115895690020106
2066,Rene WEINMANN,H,55-59M,426,Index <600,DNF,TRUE,Abandoned,40,99.4,TRUE,2.4616666666666664,5.4975,-0.08904761768316584,-0.15154171061282556
2067,Eisuke OOKA,H,55-59M,490,Index <600,Finisher,FALSE,Other,200,173.6,TRUE,2.1719444444444442,5.04,0.08642123126376614,0.03288402718340258
2068,Xin REN,F,40-44W,490,Index <600,Finisher,FALSE,Other,200,173.6,TRUE,2.2602777777777776,4.821944444444444,-0.0019121020695672473,0.2509395827389585
2069,David OLIVEIRA,H,50-54M,490,Index <600,DNF,TRUE,Abandoned,16,52.2,FALSE,2.1908333333333334,4.848611111111111,0.06753234237487696,0.22427291607229125
2070,Chongwei ZHANG,H,40-44M,490,Index <600,Finisher,FALSE,Other,200,173.6,TRUE,2.305833333333333,5.078611111111111,-0.0474676576251228,-0.005727083927708348
2072,Masato YOKOKURA,H,45-49M,492,Index <600,Finisher,FALSE,Other,200,173.6,TRUE,1.9902777777777778,4.6963888888888885,0.26447957220069696,0.36691592903855896
2073,Shigeaki NAKAMURA,H,55-59M,490,Index <600,DNF,TRUE,Abandoned,60,148,TRUE,2.448888888888889,5.486111111111111,-0.19052321318067852,-0.4132270839277082
2074,Mark FORD,H,45-49M,486,Index <600,DNF,TRUE,Abandoned,64,NA,TRUE,2.335277777777778,5.3225,-0.06970319209777229,-0.23067109333528657
2075,Yoann LECOINTE,H,40-44M,489,Index <600,Finisher,FALSE,Other,200,173.6,TRUE,2.4766666666666666,5.443611111111111,-0.21649780108678354,-0.36596431807185836
2076,Krzysztof CZYŚCIAK,H,50-54M,489,Index <600,Finisher,FALSE,Other,200,173.6,TRUE,2.2644444444444445,5.331944444444445,-0.004275578864561435,-0.254297651405192
2077,Cyril CALDERON,H,45-49M,489,Index <600,DNF,TRUE,Abandoned,48,114,TRUE,2.23,5.043611111111111,0.030168865579883034,0.03403568192814202
2078,Partho SAHA,H,20-34M,489,Index <600,Finisher,FALSE,Other,200,173.6,TRUE,2.3508333333333336,5.226666666666667,-0.09066446775345051,-0.14901987362741367
2080,Victoria CARA,F,20-34W,489,Index <600,Finisher,FALSE,Other,200,173.6,TRUE,1.8708333333333333,4.214722222222222,0.3893355322465497,0.8629245708170308
2081,Timothe LAFON,H,20-34M,489,Index <600,DNF,TRUE,Timed out (cut-off),40,99.4,TRUE,2.2794444444444446,5.038055555555555,-0.019275578864561563,0.03959123748369756
2082,Fred CAZAU,H,50-54M,489,Index <600,Finisher,FALSE,Other,200,173.6,TRUE,2.0722222222222224,4.7619444444444445,0.18794664335766062,0.31570234859480834
2083,Wai Yan CHAN,F,40-44W,489,Index <600,Finisher,FALSE,Other,200,173.6,TRUE,2.2377777777777776,5.174166666666666,0.022391087802105372,-0.09651987362741349
2085,Tomoe SASAKI,F,55-59W,488,Index <600,Finisher,FALSE,Other,200,173.6,TRUE,2.3472222222222223,5.320833333333334,-0.08525081071525391,-0.23844153682560262
2086,Brent BOZARTH,H,20-34M,488,Index <600,Finisher,FALSE,Other,200,173.6,TRUE,2.2755555555555556,4.8405555555555555,-0.013584144048587127,0.24183624095217576
2087,Corinne FOUCHÉ,F,45-49W,488,Index <600,DNF,TRUE,Abandoned,28,81.3,TRUE,2.068888888888889,4.884166666666666,0.1930825226180794,0.19822512984106494
2088,David BOHERS,H,45-49M,488,Index <600,Finisher,FALSE,Other,200,173.6,TRUE,2.3169444444444443,5.0808333333333335,-0.05497303293747584,0.0015584631743976113
2089,Francisco Javier DE BENITO BUSTILLO,H,60-64M,488,Index <600,Finisher,FALSE,Other,200,173.6,TRUE,2.1822222222222223,4.9222222222222225,0.07974918928474607,0.16016957428550876
2090,Keith JENSEN,H,40-44M,487,Index <600,Finisher,FALSE,Other,200,173.6,TRUE,2.0844444444444443,4.801111111111111,0.1793288725831792,0.2860080240732621
2091,Guangtao XIE,H,20-34M,487,Index <600,Finisher,FALSE,Other,200,173.6,TRUE,2.4408333333333334,5.481388888888889,-0.17706001630570986,-0.3942697537045155
2092,Dane RYAN,H,60-64M,485,Index <600,DNF,TRUE,Abandoned,16,52.2,FALSE,2.3080555555555557,5.398888888888889,-0.040680334553284354,-0.30236768034460243
2093,Jose LUGARDO ESPEJEL,H,35-39M,487,Index <600,Finisher,FALSE,Other,200,173.6,TRUE,2.32,5.075555555555556,-0.0562266829723763,0.011563579628817275
2094,Renaud SAMUEL,H,40-44M,479,Index <600,Finisher,FALSE,Other,200,173.6,TRUE,2.487222222222222,5.344722222222222,-0.20905629108199833,-0.2204085986666326
2095,Hryhorii CHUIKOV,H,35-39M,487,Index <600,Finisher,FALSE,Other,200,173.6,TRUE,2.1466666666666665,4.7252777777777775,0.11710665036095702,0.36184135740659573
2096,Susan LANG,F,55-59W,486,Index <600,Finisher,FALSE,Other,200,173.6,TRUE,1.9175,4.428055555555556,0.3480745856800056,0.6637733511091574
2097,Yumei PACCONI,F,55-59W,486,Index <600,DNF,TRUE,Timed out (cut-off),22,67.8,FALSE,2.221111111111111,5.177777777777778,0.044463474568894414,-0.0859488711130648
2098,Loïc PLATEAU,H,35-39M,490,Index <600,Finisher,FALSE,Other,200,173.6,TRUE,1.9758333333333333,4.842777777777778,0.28253234237487707,0.2301062494056246
2099,Laura BOSSUT,F,20-34W,484,Index <600,DNF,TRUE,Timed out (cut-off),26,76.4,FALSE,2.386111111111111,5.511111111111111,-0.11693588457853307,-0.40991497269248206
2100,Xavier LOUVET,H,50-54M,486,Index <600,Finisher,FALSE,Other,200,173.6,TRUE,2.0902777777777777,4.989722222222222,0.1752968079022278,0.10210668444249084
2101,Daniele FACCIA,H,40-44M,486,Index <600,Finisher,FALSE,Other,200,173.6,TRUE,2.4033333333333333,5.509166666666666,-0.13775874765332782,-0.417337760001953
2102,Chris GILROY,H,35-39M,486,Index <600,DNF,TRUE,Abandoned,16,52.2,FALSE,2.5483333333333333,5.5175,-0.28275874765332776,-0.42567109333528674
2103,Jeremy BRAS,H,35-39M,485,Index <600,Finisher,FALSE,Other,200,173.6,TRUE,2.315,5.2186111111111115,-0.04762477899772855,-0.12208990256682485
2104,Andrew WOOLLEY,H,45-49M,486,Index <600,DNF,TRUE,Timed out (cut-off),52,127.5,TRUE,2.226111111111111,5.131111111111111,0.03946347456889452,-0.03928220444639797
2105,Sofiane SROUTTA-PAILLUSSEAU,H,40-44M,485,Index <600,Finisher,FALSE,Other,200,173.6,TRUE,2.1444444444444444,4.760277777777778,0.12293077655782698,0.3362434307665091
2106,Patrick HERNANDEZ,H,65-69M,483,Index <600,DNF,TRUE,Timed out (cut-off),28,81.3,TRUE,2.2063888888888887,5.336111111111111,0.064585716920194,-0.23025731722783743
2107,Mariangeles SANCHEZ,F,50-54W,485,Index <600,Finisher,FALSE,Other,200,173.6,TRUE,2.0444444444444443,4.745555555555556,0.22293077655782703,0.35096565298873095
2108,Vincent BAYLE,H,45-49M,485,Index <600,DNF,TRUE,Timed out (cut-off),82,166.6,TRUE,2.073888888888889,4.692222222222222,0.19348633211338243,0.4042989863220646
2109,Julien BOU,H,40-44M,485,Index <600,DNF,TRUE,Abandoned,40,99.4,TRUE,2.253888888888889,5.025833333333333,0.013486332113382274,0.07068787521095374
2110,Leonardo RIBEIRO DE AZEVEDO,H,45-49M,536,Index <600,Finisher,FALSE,Other,200,173.6,TRUE,2.4525,5.417777777777777,-0.2819280011002332,-0.585558043695709
2111,Simone STOPPA,H,35-39M,484,Index <600,Finisher,FALSE,Other,200,173.6,TRUE,2.305,4.946666666666666,-0.03582477346742218,0.15452947175196263
2112,Bert COERVER,H,35-39M,480,Index <600,Finisher,FALSE,Other,200,173.6,TRUE,2.155,4.653888888888889,0.1213690214973562,0.4658352008854917
2113,Michael BOHNERT,H,45-49M,485,Index <600,DNF,TRUE,Abandoned,48,114,TRUE,2.390277777777778,5.2186111111111115,-0.12290255677550656,-0.12208990256682485
2114,Liwei ZOU,H,35-39M,485,Index <600,Finisher,FALSE,Other,200,173.6,TRUE,1.8833333333333333,4.36,0.384041887668938,0.7365212085442863
2115,Romain ROLAND,H,40-44M,483,Index <600,Finisher,FALSE,Other,200,173.6,TRUE,2.173888888888889,4.9222222222222225,0.09708571692019377,0.18363157166105137
2116,Simone IORI,H,45-49M,485,Index <600,Finisher,FALSE,Other,200,173.6,TRUE,2.3480555555555553,5.2683333333333335,-0.08068033455328395,-0.17181212478904687
2117,Antonio Manuel DIAZ GARCIA,H,45-49M,485,Index <600,Finisher,FALSE,Other,200,173.6,TRUE,2.042777777777778,4.7475,0.22459744322449351,0.3490212085442871
2118,Sergio JEREZ FALCÓN,H,45-49M,484,Index <600,DNF,TRUE,Abandoned,40,99.4,TRUE,2.0369444444444444,4.634166666666666,0.23223078208813355,0.46702947175196274
2119,Diego BARBIERI,H,45-49M,484,Index <600,DNF,TRUE,Abandoned,40,99.4,TRUE,2.343888888888889,5.309444444444445,-0.07471366235631094,-0.2082483060258159
2120,Quy NGUYEN,H,55-59M,484,Index <600,Finisher,FALSE,Other,200,173.6,TRUE,1.9388888888888889,4.559444444444445,0.33028633764368903,0.5417516939741841
2122,Alexandre PRUDON,H,40-44M,484,Index <600,Finisher,FALSE,Other,200,173.6,TRUE,2.230277777777778,5.0616666666666665,0.03889744875480018,0.0395294717519624
2123,Christophe CENS,H,50-54M,484,Index <600,DNF,TRUE,Abandoned,10,32.4,FALSE,2.2894444444444444,4.980277777777777,-0.02026921791186641,0.12091836064085158
2124,Meng SHAO,H,20-34M,484,Index <600,Finisher,FALSE,Other,200,173.6,TRUE,2.152222222222222,4.808611111111111,0.11695300431035593,0.2925850273075176
2126,Hamidou DIA,H,40-44M,484,Index <600,Finisher,FALSE,Other,200,173.6,TRUE,2.4044444444444446,5.4075,-0.1352692179118666,-0.30630386158137074
2127,Thomas Zhi Xiong TANG,H,60-64M,481,Index <600,DNF,TRUE,Timed out (cut-off),82,166.6,TRUE,2.270277777777778,5.160555555555556,0.004293721975536889,-0.04543788358994092
2128,Nicolas PARVEDY,H,40-44M,483,Index <600,Finisher,FALSE,Other,200,173.6,TRUE,1.8347222222222221,4.118055555555555,0.4362523835868606,0.9877982383277184
2129,Josquin TESSON,H,40-44M,483,Index <600,Finisher,FALSE,Other,200,173.6,TRUE,2.3,5.022777777777778,-0.02902539419091703,0.08307601610549599
2130,Andy LIANGE,H,40-44M,483,Index <600,DNF,TRUE,Timed out (cut-off),28,81.3,TRUE,2.225277777777778,5.073055555555555,0.04569682803130483,0.032798238327718346
2131,Sergi CONSUEGRA DURAN,H,55-59M,483,Index <600,DNF,TRUE,Abandoned,16,52.2,FALSE,2.1577777777777776,5.128611111111111,0.11319682803130518,-0.022757317227837012
2132,Raymond PERDON,H,50-54M,483,Index <600,DNF,TRUE,Timed out (cut-off),40,99.4,TRUE,2.4166666666666665,5.270555555555555,-0.1456920608575837,-0.16470176167228145
2133,Julien FOUET,H,45-49M,483,Index <600,Finisher,FALSE,Other,200,173.6,TRUE,2.1686111111111113,4.812222222222222,0.10236349469797149,0.2936315716610517
2134,John WACKER,H,55-59M,483,Index <600,DNF,TRUE,Abandoned,48,114,TRUE,2.5030555555555556,5.471388888888889,-0.23208094974647275,-0.36553509500561504
2135,Michel POLETTI,H,70-74M,491,Index <600,Finisher,FALSE,Other,200,173.6,TRUE,2.3313888888888887,5.2619444444444445,-0.07482705053509545,-0.1938410430997988
2136,Adeline VENTURA,F,35-39W,482,Index <600,DNF,TRUE,Abandoned,40,99.4,TRUE,2.3472222222222223,5.305,-0.07444885985227966,-0.19450572746624192
2137,Philippe GOUTEYRON,H,50-54M,482,Index <600,DNF,TRUE,Abandoned,40,99.4,TRUE,2.3455555555555554,5.266666666666667,-0.07278219318561273,-0.15617239413290882
2139,Antoine SOULIMAN,H,20-34M,480,Index <600,Finisher,FALSE,Other,200,173.6,TRUE,2.3033333333333332,5.150555555555556,-0.026964311835977195,-0.03083146578117541
2141,Morgane DESORGE,F,20-34W,480,Index <600,DNF,TRUE,Timed out (cut-off),40,99.4,TRUE,2.437222222222222,5.396111111111111,-0.16085320072486617,-0.2763870213367302
2142,Jérôme NOBILET,H,40-44M,481,Index <600,Finisher,FALSE,Other,200,173.6,TRUE,2.3016666666666667,5.020833333333333,-0.02709516691335196,0.09428433863228185
2143,Thomas WALTHER,H,40-44M,481,Index <600,Finisher,FALSE,Other,200,173.6,TRUE,1.8494444444444444,4.493611111111111,0.4251270553088703,0.621506560854504
2145,Fabrizio CASTRO FLORIO,H,40-44M,480,Index <600,Finisher,FALSE,Other,200,173.6,TRUE,2.401388888888889,5.4880555555555555,-0.12501986739153298,-0.3683314657811748
2146,Sergio JIMÉNEZ OLMO,H,45-49M,480,Index <600,Finisher,FALSE,Other,200,173.6,TRUE,2.1019444444444444,4.6594444444444445,0.1744245770529116,0.46027964532993615
2147,Tolga GULER,H,50-54M,480,Index <600,Finisher,FALSE,Other,200,173.6,TRUE,2.015833333333333,4.83,0.26053568816402284,0.2897240897743806
2149,Dennis KOORS,H,50-54M,479,Index <600,DNF,TRUE,Abandoned,48,114,TRUE,2.1825,5.1125,0.09566593114022351,0.011813623555589492
2150,Michiko HIMURO,F,50-54W,479,Index <600,Finisher,FALSE,Other,200,173.6,TRUE,2.055833333333333,4.653333333333333,0.22233259780689046,0.47098029022225607
2151,Eric STEINMETZ,H,50-54M,478,Index <600,DNF,TRUE,Timed out (cut-off),10,32.4,FALSE,2.547222222222222,6.046666666666667,-0.26725999000214734,-0.91778029576189
2152,Emmanuel DUPONT,H,40-44M,478,Index <600,Finisher,FALSE,Other,200,173.6,TRUE,2.243888888888889,5.346388888888889,0.036073343331185816,-0.21750251798411205
2153,Glenn GROUHEL,H,50-54M,479,Index <600,DNF,TRUE,Abandoned,28,81.3,TRUE,2.296111111111111,5.314166666666667,-0.017945179970887543,-0.1898530431110776
2154,Julien BONIFAY,H,40-44M,478,Index <600,Finisher,FALSE,Other,200,173.6,TRUE,2.017777777777778,4.536666666666667,0.26218445444229677,0.5922197042381098
2155,Wen TIANJUN,H,40-44M,479,Index <600,Finisher,FALSE,Other,200,173.6,TRUE,2.3216666666666668,5.291111111111111,-0.043500735526443096,-0.166797487555522
2156,Will ASKHAM,H,45-49M,479,Index <600,DNF,TRUE,Abandoned,26,76.4,FALSE,2.5058333333333334,5.71,-0.22766740219310977,-0.5856863764444104
2157,Mathieu SCALA,H,20-34M,478,Index <600,Finisher,FALSE,Other,200,173.6,TRUE,2.0116666666666667,4.596388888888889,0.26829556555340794,0.532497482015888
2158,Alan LO,H,50-54M,478,Index <600,Finisher,FALSE,Other,200,173.6,TRUE,2.63,5.764166666666667,-0.3500377677799252,-0.6352802957618903
2159,Christian PLUESS,H,60-64M,478,Index <600,DNF,TRUE,Abandoned,40,99.4,TRUE,2.3505555555555557,5.253333333333333,-0.07059332333548105,-0.1244469624285562
2160,Ying LIU,F,35-39W,478,Index <600,Finisher,FALSE,Other,200,173.6,TRUE,2.393611111111111,5.563055555555556,-0.11364887889103623,-0.4341691846507787
2161,Claire KENYON,F,40-44W,478,Index <600,DNF,TRUE,Abandoned,10,32.4,FALSE,2.3847222222222224,5.474166666666667,-0.10475999000214772,-0.3452802957618901
2162,Quentin MONTESSUY,H,20-34M,478,Index <600,Finisher,FALSE,Other,200,173.6,TRUE,1.8633333333333333,4.0808333333333335,0.41662889888674137,1.0480530375714434
2163,Koya OKABE,H,45-49M,478,Index <600,Finisher,FALSE,Other,200,173.6,TRUE,2.3755555555555556,5.304166666666666,-0.09559332333548096,-0.17528029576188944
2164,Yoottapol SAMHANSOOK,H,40-44M,479,Index <600,DNF,TRUE,Timed out (cut-off),6,22.9,FALSE,2.695,NA,-0.41683406885977625,NA
2165,Kevin WHEAT,H,40-44M,478,Index <600,DNF,TRUE,Timed out (cut-off),52,127.5,TRUE,2.2580555555555555,5.265833333333333,0.021906676664519183,-0.13694696242855636
2166,Mouhamed DIOP,H,40-44M,477,Index <600,Finisher,FALSE,Other,200,173.6,TRUE,2.352777777777778,5.276111111111111,-0.07101984950271159,-0.14266868169363306
2167,Sarah RICHARDSON,F,40-44W,477,Index <600,Finisher,FALSE,Other,200,173.6,TRUE,2.0755555555555554,4.739166666666667,0.2062023727195108,0.39427576275081094
2168,Olivier YUMA,H,35-39M,478,Index <600,Finisher,FALSE,Other,200,173.6,TRUE,2.297222222222222,5.225555555555555,-0.017259990002147386,-0.09666918465077852
2169,Mathieu CASTEL,H,35-39M,477,Index <600,DNF,TRUE,Abandoned,48,114,TRUE,2.4058333333333333,5.372222222222222,-0.12407540505826703,-0.23877979280474412
2170,Gwenael DIGUE,H,40-44M,477,Index <600,DNF,TRUE,Abandoned,16,52.2,FALSE,2.571388888888889,5.589166666666666,-0.28963096061382276,-0.4557242372491886
2171,Pravin PANDEY,H,40-44M,477,Index <600,DNF,TRUE,Abandoned,28,81.3,TRUE,2.1597222222222223,4.947777777777778,0.12203570605284389,0.18566465163970008
2172,Yui Yeung TANG,H,35-39M,475,Index <600,Finisher,FALSE,Other,200,173.6,TRUE,2.6244444444444444,5.7619444444444445,-0.3390969249813453,-0.6194395741288846
2175,Susanne DR. ENDRESS,F,60-64W,477,Index <600,Finisher,FALSE,Other,200,173.6,TRUE,2.0683333333333334,4.813888888888889,0.21342459494173283,0.31955354052858864
2176,Yui TERASHIMA,F,20-34W,477,Index <600,Finisher,FALSE,Other,200,173.6,TRUE,2.0619444444444444,4.906944444444444,0.21981348383062183,0.22649798497303364
2177,Sébastien DUMAS,H,20-34M,477,Index <600,Finisher,FALSE,Other,200,173.6,TRUE,2.6430555555555557,5.876388888888889,-0.36129762728048953,-0.7429464594714114
2178,Michael BERRY,H,55-59M,448,Index <600,DNF,TRUE,Abandoned,40,99.4,TRUE,2.4455555555555555,5.333333333333333,-0.11196972348358446,-0.07458615898931548
2179,Gilles FABRY,H,55-59M,476,Index <600,Finisher,FALSE,Other,200,173.6,TRUE,2.4691666666666667,5.575555555555556,-0.18561364382331139,-0.4375736588663289
2180,Victor ZEEGERS,H,20-34M,473,Index <600,DNF,TRUE,Abandoned,22,67.8,FALSE,2.2872222222222223,5.010833333333333,0.0017125107873563474,0.14066839368078254
2181,Sin On SO,H,55-59M,476,Index <600,DNF,TRUE,Abandoned,22,67.8,FALSE,2.625,5.654444444444445,-0.3414469771566447,-0.5164625477552176
2183,Qiang LIU,H,35-39M,476,Index <600,Finisher,FALSE,Other,200,173.6,TRUE,2.1702777777777778,5.016666666666667,0.11327524506557757,0.1213152300225603
2184,Florent PATAUD,H,45-49M,475,Index <600,DNF,TRUE,Abandoned,30,NA,TRUE,2.283333333333333,5.339166666666666,0.002014186129765845,-0.1966617963511065
2185,Hailun FANG,F,20-34W,476,Index <600,DNF,TRUE,Timed out (cut-off),26,76.4,FALSE,2.4158333333333335,5.549166666666666,-0.13228031048997815,-0.4111847699774394
2186,Nicholas ELS,H,45-49M,475,Index <600,Finisher,FALSE,Other,200,173.6,TRUE,2.370277777777778,5.1786111111111115,-0.08493025831467883,-0.03610624079555162
2187,Alex STEPHAN,H,50-54M,475,Index <600,DNF,TRUE,Abandoned,28,81.3,TRUE,2.415277777777778,5.308888888888889,-0.1299302583146788,-0.16638401857332932
2188,Nicolas BOUSQUET,H,45-49M,475,Index <600,Finisher,FALSE,Other,200,173.6,TRUE,2.278888888888889,5.179722222222222,0.006458630574210095,-0.03721735190666202
2189,Shigekazu TAKEDA,H,65-69M,474,Index <600,DNF,TRUE,Abandoned,16,52.2,FALSE,2.508611111111111,5.514166666666667,-0.2214696894386566,-0.36715521877465584
2190,Charles CUYPERS,H,55-59M,474,Index <600,Finisher,FALSE,Other,200,173.6,TRUE,2.1355555555555554,4.971666666666667,0.15158586611689912,0.17534478122534444
2191,Boban STOJANOVSKI,H,40-44M,474,Index <600,Finisher,FALSE,Other,200,173.6,TRUE,2.6744444444444446,5.576944444444444,-0.3873030227719901,-0.42993299655243283
2192,José TOCA,H,40-44M,474,Index <600,Finisher,FALSE,Other,200,173.6,TRUE,2.54,5.5675,-0.2528585783275455,-0.4204885521079887
2193,Payungjit KOSOPA,F,45-49W,478,Index <600,DNF,TRUE,Timed out (cut-off),52,127.5,TRUE,2.4411111111111112,5.383055555555556,-0.1611488788910366,-0.2541691846507791
2194,Piotr JANUSZEWSKI,H,50-54M,474,Index <600,DNF,TRUE,Abandoned,26,76.4,FALSE,2.385,5.295277777777778,-0.09785857832754523,-0.1482663298857667
2195,Sergey KARTAVY,H,45-49M,474,Index <600,Finisher,FALSE,Other,200,173.6,TRUE,2.1633333333333336,4.830555555555556,0.12380808833912102,0.3164558923364554
2196,Alicia BARROS,F,40-44W,474,Index <600,Finisher,FALSE,Other,200,173.6,TRUE,1.9569444444444444,4.420277777777778,0.33019697722801017,0.7267336701142332
2197,Maxime VIGIER,H,20-34M,474,Index <600,DNF,TRUE,Abandoned,40,99.4,TRUE,2.1983333333333333,4.8575,0.08880808833912132,0.28951144789201116
2198,Agnès LAVERGNE,F,20-34W,474,Index <600,DNF,TRUE,Abandoned,52,127.5,TRUE,2.118888888888889,4.729444444444445,0.16825253278356572,0.4175670034475663
2199,Raissa DIAS DE OLIVEIRA,F,35-39W,433,Index <600,Finisher,FALSE,Other,200,173.6,TRUE,2.0544444444444445,4.720833333333333,0.30577884486369006,0.5980352227427319
2200,Guillaume AUDEBERT,H,45-49M,474,Index <600,Finisher,FALSE,Other,200,173.6,TRUE,2.343611111111111,5.343333333333334,-0.05646968943865653,-0.19632188544132267
2201,Dakun SHI,H,40-44M,473,Index <600,Finisher,FALSE,Other,200,173.6,TRUE,2.3519444444444444,5.3133333333333335,-0.06300971143486575,-0.16183160631921767
2202,Xiuyan HU,F,40-44W,473,Index <600,DNF,TRUE,Timed out (cut-off),82,166.6,TRUE,2.3580555555555556,5.3886111111111115,-0.06912082254597693,-0.23710938409699567
2203,Yusuke HAKODA,H,55-59M,473,Index <600,Finisher,FALSE,Other,200,173.6,TRUE,2.4033333333333333,5.288611111111111,-0.11439860032375469,-0.13710938409699513
2204,Sean KELLY,H,45-49M,473,Index <600,DNF,TRUE,Timed out (cut-off),40,99.4,TRUE,2.4433333333333334,5.470277777777778,-0.15439860032375474,-0.3187760507636618
2205,Chao DI,H,45-49M,475,Index <600,Finisher,FALSE,Other,200,173.6,TRUE,2.5405555555555557,5.269166666666667,-0.2552080360924566,-0.1266617963511071
2206,Yutthana SIRISOMBAT,H,45-49M,519,Index <600,Finisher,FALSE,Other,200,173.6,TRUE,2.4497222222222224,5.396111111111111,-0.24480756955067812,-0.4696506035555252
2207,Steve CHIA,H,55-59M,473,Index <600,DNF,TRUE,Abandoned,28,81.3,TRUE,2.2569444444444446,4.9375,0.03199028856513391,0.2140017270141159
2208,Julien HEBERT,H,40-44M,472,Index <600,Finisher,FALSE,Other,200,173.6,TRUE,2.151111111111111,4.796388888888889,0.1396163459015173,0.3595869163885201
2209,Pablo MACHUCA JANINI,H,55-59M,474,Index <600,Finisher,FALSE,Other,200,173.6,TRUE,2.3097222222222222,5.345555555555555,-0.02258080054976767,-0.19854410766354436
2211,Naoto ASOU,H,35-39M,527,Index <600,Finisher,FALSE,Other,200,173.6,TRUE,2.348611111111111,5.125277777777778,-0.15943220406451464,-0.24232203339178038
2212,Cédric THENON,H,50-54M,472,Index <600,Finisher,FALSE,Other,200,173.6,TRUE,2.351111111111111,5.226666666666667,-0.06038365409848236,-0.07069086138925762
2213,Jocelyne AMAR DELAPIERRE,F,60-64W,471,Index <600,Finisher,FALSE,Other,200,173.6,TRUE,2.3872222222222224,5.265,-0.09470262500246085,-0.10456621972257381
2214,Matjaz CAMPA,H,60-64M,471,Index <600,Finisher,FALSE,Other,200,173.6,TRUE,2.2088888888888887,5.069166666666667,0.08363070833087279,0.09126711361075905
2215,Nicolas SOCQUET,H,50-54M,472,Index <600,Finisher,FALSE,Other,200,173.6,TRUE,2.6391666666666667,5.6025,-0.348439209654038,-0.4465241947225908
2216,Yusei YOKOYAMA,H,50-54M,472,Index <600,Finisher,FALSE,Other,200,173.6,TRUE,1.9658333333333333,4.603611111111111,0.3248941236792953,0.5523646941662975
2217,Jiwon KIM,F,40-44W,470,Index <600,Finisher,FALSE,Other,200,173.6,TRUE,2.4897222222222224,5.386388888888889,-0.19541106505308786,-0.22151313927918784
2218,Freddy GUILLET,H,50-54M,472,Index <600,DNF,TRUE,Abandoned,10,32.4,FALSE,2.481388888888889,5.605833333333333,-0.19066143187626053,-0.44985752805592377
2219,Vojtech JEZEK,H,60-64M,471,Index <600,DNF,TRUE,Abandoned,10,32.4,FALSE,2.3761111111111113,5.278333333333333,-0.08359151389134978,-0.11789955305590745
2220,Hirotaka YAMASHITA,H,55-59M,471,Index <600,DNF,TRUE,Timed out (cut-off),48,114,TRUE,2.180833333333333,4.9655555555555555,0.11168626388642829,0.19487822472187047
2221,Benoît MOUNIER,H,40-44M,471,Index <600,Finisher,FALSE,Other,200,173.6,TRUE,2.357222222222222,5.349722222222222,-0.06470262500246061,-0.18928844194479594
2222,Stuart REAY,H,50-54M,446,Index <600,Finisher,FALSE,Other,200,173.6,TRUE,2.212222222222222,5.0761111111111115,0.12492149561224819,0.1908239505417719
2223,Etsuko SUGATA,F,60-64W,471,Index <600,DNF,TRUE,Timed out (cut-off),40,99.4,TRUE,2.1886111111111113,5.0072222222222225,0.10390848610865018,0.1532115580552034
2224,Cheng CHEN,H,60-64M,470,Index <600,DNF,TRUE,Timed out (cut-off),40,99.4,TRUE,2.5302777777777776,5.866388888888889,-0.2359666206086431,-0.7015131392791883
2225,Chiaki OTA,F,20-34W,470,Index <600,Finisher,FALSE,Other,200,173.6,TRUE,2.479722222222222,5.531944444444444,-0.1854110650530877,-0.367068694834743
2226,Joerg HANEL,H,55-59M,470,Index <600,Finisher,FALSE,Other,200,173.6,TRUE,2.218611111111111,5.061944444444444,0.07570004605802334,0.10293130516525668
2227,Brijmohan SHARMA,H,50-54M,470,Index <600,DNF,TRUE,Timed out (cut-off),30,NA,FALSE,2.3575,5.575,-0.06318884283086548,-0.4101242503902991
2228,Lei WANG,H,45-49M,470,Index <600,Finisher,FALSE,Other,200,173.6,TRUE,2.283888888888889,5.042222222222223,0.010422268280245601,0.12265352738747842
2229,Kim SAROEUN,H,50-54M,470,Index <600,DNF,TRUE,Timed out (cut-off),22,67.8,FALSE,2.601111111111111,5.931111111111111,-0.3067999539419764,-0.76623536150141
2230,Luca VOLPE,H,20-34M,469,Index <600,Finisher,FALSE,Other,200,173.6,TRUE,2.108611111111111,4.828888888888889,0.18749102928779313,0.34041292198088113
2231,Victor YAU,H,20-34M,470,Index <600,DNF,TRUE,Abandoned,44,104,TRUE,2.4563888888888887,5.425277777777778,-0.16207773171975426,-0.2604020281680765
2232,Rita PASSOS,F,40-44W,470,Index <600,Finisher,FALSE,Other,200,173.6,TRUE,2.301388888888889,5.098333333333334,-0.007077731719754478,0.06654241627636744
2233,Valentin VON MATT,H,20-34M,470,Index <600,DNF,TRUE,Abandoned,28,81.3,TRUE,2.5025,5.465277777777778,-0.20818884283086542,-0.30040202816807654
2234,Magali PIONNEAU,F,40-44W,470,Index <600,Finisher,FALSE,Other,200,173.6,TRUE,2.2555555555555555,5.220833333333333,0.03875560161357892,-0.05595758372363215
2235,Rong LIN,F,60-64W,469,Index <600,Finisher,FALSE,Other,200,173.6,TRUE,2.7597222222222224,6.027777777777778,-0.4636200818233181,-0.858475966908008
2236,Monica SAAVEDRA,F,40-44W,469,Index <600,Finisher,FALSE,Other,200,173.6,TRUE,2.2647222222222223,5.049166666666666,0.03137991817668201,0.12013514420310349
2237,Sam JONES,H,40-44M,469,Index <600,Finisher,FALSE,Other,200,173.6,TRUE,2.0544444444444445,4.413333333333333,0.24165769595445982,0.7559684775364367
2238,Paul SCOTT,H,50-54M,469,Index <600,Finisher,FALSE,Other,200,173.6,TRUE,1.9813888888888889,4.591388888888889,0.3147132515100155,0.5779129219808807
2239,Jean-Louis BOUVIER,H,70-74M,469,Index <600,Finisher,FALSE,Other,200,173.6,TRUE,2.2830555555555554,5.137222222222222,0.013046584843348976,0.032079588647547494
2240,Luís Matheus SILVA,H,45-49M,469,Index <600,DNF,TRUE,Abandoned,22,67.8,FALSE,2.4922222222222223,5.620833333333334,-0.19612008182331803,-0.45153152246356365
2241,Hanseul SHIN,F,20-34W,469,Index <600,DNF,TRUE,Abandoned,36,86.6,TRUE,2.223611111111111,5.022777777777778,0.07249102928779337,0.14652403309199208
2242,Chi Chung CHAN,H,50-54M,469,Index <600,Finisher,FALSE,Other,200,173.6,TRUE,2.504166666666667,5.66,-0.20806452626776256,-0.4906981891302302
2243,Roderick SALIH,H,50-54M,467,Index <600,Finisher,FALSE,Other,200,173.6,TRUE,2.2191666666666667,5.031944444444444,0.08051572418559699,0.14616215511098374
2244,Andrzej ULATOWSKI,H,55-59M,469,Index <600,DNF,TRUE,Abandoned,38,94.2,TRUE,2.5005555555555556,5.761666666666667,-0.20445341515665133,-0.592364855796897
2245,Nanae SUDA,F,50-54W,489,Index <600,Finisher,FALSE,Other,200,173.6,TRUE,2.1838888888888888,5.128333333333333,0.07627997669099425,-0.050686540294080124
2246,Ruben BROUWER,H,40-44M,469,Index <600,Finisher,FALSE,Other,200,173.6,TRUE,2.5055555555555555,5.394444444444445,-0.20945341515665122,-0.22514263357467493
2247,Marc BEBIC,H,45-49M,469,Index <600,DNF,TRUE,Abandoned,40,99.4,TRUE,2.4975,5.501388888888889,-0.20139785960109574,-0.33208707801911913
2248,Eric LE BOURLAY,H,50-54M,475,Index <600,DNF,TRUE,Abandoned,22,67.8,FALSE,2.0566666666666666,4.8180555555555555,0.22868085279643235,0.32444931476000444
2249,Roland HOCHMANN,H,55-59M,468,Index <600,DNF,TRUE,Abandoned,16,52.2,FALSE,2.4225,5.518888888888889,-0.12460744955277145,-0.3451768272357219
2250,Pascaline JOLY,F,55-59W,468,Index <600,Finisher,FALSE,Other,200,173.6,TRUE,2.0702777777777777,4.888888888888889,0.22761477266945074,0.2848231727642778
2251,Liam SCOTT,H,35-39M,468,Index <600,Finisher,FALSE,Other,200,173.6,TRUE,2.3336111111111113,5.346388888888889,-0.035718560663882896,-0.17267682723572175
2253,Kai Ho Howard Marvin NG,H,45-49M,468,Index <600,DNF,TRUE,Abandoned,51,127.5,TRUE,2.336388888888889,4.997222222222222,-0.038496338441660664,0.17648983943094537
2254,Toru MASUYAMA,H,45-49M,468,Index <600,DNF,TRUE,Timed out (cut-off),40,99.4,TRUE,2.325277777777778,5.34,-0.02738522733054959,-0.16628793834683275
2255,Tom KUBICZ,H,45-49M,468,Index <600,Finisher,FALSE,Other,200,173.6,TRUE,2.085,4.548333333333333,0.21289255044722843,0.6253787283198341
2256,Veronika SEEBERGER,F,35-39W,468,Index <600,Finisher,FALSE,Other,200,173.6,TRUE,2.168888888888889,4.881944444444445,0.12900366155833926,0.29176761720872246
2257,Ulysse DJINDEREDJIAN GABRIELLE,H,20-34M,467,Index <600,Finisher,FALSE,Other,200,173.6,TRUE,2.6277777777777778,5.611111111111111,-0.328095386925514,-0.4330045115556828
2258,Toby DURNALL,H,50-54M,467,Index <600,Finisher,FALSE,Other,200,173.6,TRUE,2.160277777777778,4.835833333333333,0.13940461307448576,0.3422732662220944
2259,Benoit JACQUEMIN,H,45-49M,467,Index <600,Finisher,FALSE,Other,200,173.6,TRUE,2.3219444444444446,5.121388888888889,-0.022262053592180836,0.056717710666538634
2260,Daniel LODER,H,50-54M,466,Index <600,Finisher,FALSE,Other,200,173.6,TRUE,2.3916666666666666,5.34,-0.0901950015144993,-0.1575144778279125
2262,Antonio NOGUEIRA,H,50-54M,466,Index <600,Finisher,FALSE,Other,200,173.6,TRUE,2.4163888888888887,5.323333333333333,-0.11491722373672139,-0.1408478111612459
2263,Félix HIVERT,H,65-69M,465,Index <600,DNF,TRUE,Timed out (cut-off),40,99.4,TRUE,2.1430555555555557,4.935277777777777,0.1602048213295406,0.25157114932090285
2264,Yunguo XIAO,H,45-49M,465,Index <600,DNF,TRUE,Abandoned,58,144,TRUE,2.3019444444444446,5.239722222222222,0.0013159324406517056,-0.05287329512354213
2265,David MACHMUD,H,55-59M,465,Index <600,DNF,TRUE,Timed out (cut-off),52,127.5,TRUE,2.160277777777778,4.954444444444444,0.1429825991073183,0.23240448265423586
2266,Indah JUNITA,F,40-44W,465,Index <600,DNF,TRUE,Abandoned,51,127.5,TRUE,2.4722222222222223,5.3436111111111115,-0.168961845337126,-0.15676218401243128
2267,Monika CROUSE,F,45-49W,464,Index <600,DNF,TRUE,Abandoned,36,86.6,TRUE,2.4683333333333333,5.458333333333333,-0.16328480374412563,-0.2671364214025913
2268,Stephane LUCAS,H,50-54M,464,Index <600,DNF,TRUE,Abandoned,40,99.4,TRUE,2.370277777777778,5.064444444444445,-0.0652292481885703,0.12675246748629687
2269,Jean-Christel TRABAREL,H,50-54M,464,Index <600,Finisher,FALSE,Other,200,173.6,TRUE,2.3108333333333335,5.116666666666666,-0.005784803744125883,0.07453024526407535
2270,Evaristo Javier DOMINGUEZ,H,55-59M,466,Index <600,Finisher,FALSE,Other,200,173.6,TRUE,2.6466666666666665,5.738333333333333,-0.34519500151449917,-0.5558478111612459
2271,Jean Vincent FLORY,H,45-49M,464,Index <600,Finisher,FALSE,Other,200,173.6,TRUE,2.4691666666666667,5.575833333333334,-0.1641181370774591,-0.3846364214025919
2272,Raphael DINAUT,H,45-49M,464,Index <600,DNF,TRUE,Timed out (cut-off),40,99.4,TRUE,2.2383333333333333,5.126944444444445,0.06671519625587428,0.06425246748629686
2273,Aleksis CAPILI,H,45-49M,464,Index <600,Finisher,FALSE,Other,200,173.6,TRUE,2.1016666666666666,4.780555555555556,0.20338186292254104,0.41064135637518584
2274,Zhongqi YANG,H,40-44M,464,Index <600,Finisher,FALSE,Other,200,173.6,TRUE,2.1822222222222223,5.001388888888889,0.12282630736698531,0.18980802304185262
2275,Xavier DUPONT,H,35-39M,463,Index <600,Finisher,FALSE,Other,200,173.6,TRUE,1.8683333333333334,4.5377777777777775,0.438502793469325,0.6577517964860293
2276,Mutita JUNIN,F,35-39W,477,Index <600,Finisher,FALSE,Other,200,173.6,TRUE,2.4419444444444443,5.415555555555556,-0.16018651616937804,-0.28211312613807804
2277,Gregory NOWAK,H,50-54M,464,Index <600,DNF,TRUE,Abandoned,40,99.4,TRUE,2.1125,4.621111111111111,0.1925485295892078,0.5700858008196303
2278,Aurélie CASTILLO GARCIN,F,45-49W,462,Index <600,DNF,TRUE,Abandoned,30,NA,TRUE,2.2283333333333335,5.118055555555555,0.08028983873027236,0.08179145613785495
2279,Patrice ALVERNHES,H,55-59M,463,Index <600,Finisher,FALSE,Other,200,173.6,TRUE,2.3233333333333333,5.038888888888889,-0.016497206530674803,0.15664068537491804
2280,Thomas CROISIER,H,50-54M,462,Index <600,Finisher,FALSE,Other,200,173.6,TRUE,2.1438888888888887,4.809166666666667,0.1647342831747171,0.39068034502674337
2281,Jonathan DEXTERS,H,40-44M,462,Index <600,DNF,TRUE,Abandoned,28,81.3,TRUE,2.173888888888889,4.92,0.13473428317471686,0.2798470116934105
2282,Maximilian HIRSCH,H,20-34M,622,Index 600–700,Finisher,FALSE,Other,200,173.6,TRUE,2.0080555555555555,4.229722222222223,-0.07926938487321605,0.03046799255968305
2283,Antoine PALAVIOUX,H,45-49M,463,Index <600,Finisher,FALSE,Other,200,173.6,TRUE,2.106388888888889,4.8,0.20044723791376934,0.39552957426380686
2284,Mark STONE,H,55-59M,463,Index <600,DNF,TRUE,Timed out (cut-off),6,22.9,FALSE,2.6641666666666666,NA,-0.35733053986400815,NA
2285,Cornel METCALFE,F,50-54W,463,Index <600,Finisher,FALSE,Other,200,173.6,TRUE,2.388611111111111,5.366388888888889,-0.08177498430845256,-0.17085931462508255
2286,Hideo SUGAWARA,H,50-54M,463,Index <600,DNF,TRUE,Abandoned,51,127.5,TRUE,2.2286111111111113,5.404166666666667,0.0782250156915471,-0.20863709240286002
2287,Justine THIEBAUT,F,20-34W,463,Index <600,Finisher,FALSE,Other,200,173.6,TRUE,2.095,4.739722222222222,0.21183612680265823,0.4558073520415843
2288,Valérie GESTAS,F,45-49W,462,Index <600,Finisher,FALSE,Other,200,173.6,TRUE,2.0519444444444446,4.738611111111111,0.25667872761916133,0.4612359005822993
2289,Ron BESTER,H,50-54M,462,Index <600,DNF,TRUE,Abandoned,16,52.2,FALSE,2.0205555555555557,4.7444444444444445,0.2880676165080502,0.45540256724896594
2290,Hongming SHEN,H,55-59M,462,Index <600,DNF,TRUE,Abandoned,40,99.4,TRUE,2.4894444444444446,5.523333333333333,-0.1808212723808387,-0.323486321639923
2291,See Man CHAN,F,45-49W,462,Index <600,Finisher,FALSE,Other,200,173.6,TRUE,2.3541666666666665,5.336666666666667,-0.04554349460306067,-0.13681965497325663
2292,Peter MACUH,H,65-69M,462,Index <600,DNF,TRUE,Timed out (cut-off),48,114,TRUE,2.2494444444444444,5.271944444444444,0.05917872761916149,-0.07209743275103404
2293,Marcin BIAŁEK,H,40-44M,462,Index <600,DNF,TRUE,Abandoned,30,NA,FALSE,2.2894444444444444,5.181111111111111,0.01917872761916146,0.0187359005822993
2294,Géraldine JUGE,F,35-39W,462,Index <600,DNF,TRUE,Abandoned,22,67.8,FALSE,2.3097222222222222,5.558888888888889,-0.0010990501586163818,-0.35904187719547875
2296,Mikito FUJIMOTO,H,50-54M,462,Index <600,Finisher,FALSE,Other,200,173.6,TRUE,2.334722222222222,5.1755555555555555,-0.02609905015861629,0.024291456137854835
2297,Tomas HYNEK,H,45-49M,462,Index <600,Finisher,FALSE,Other,200,173.6,TRUE,2.203333333333333,4.91,0.10528983873027271,0.28984701169341026
2298,Boon Kok WONG,H,50-54M,461,Index <600,Finisher,FALSE,Other,200,173.6,TRUE,2.107222222222222,4.979444444444445,0.2031874466879848,0.22470487737064268
2299,Atsushi OGINO,H,50-54M,461,Index <600,Finisher,FALSE,Other,200,173.6,TRUE,2.1727777777777777,4.933055555555556,0.1376318911324292,0.27109376625953174
2300,Jimmy VANDIERENDONCK,H,45-49M,461,Index <600,Finisher,FALSE,Other,200,173.6,TRUE,2.3447222222222224,5.341111111111111,-0.03431255331201546,-0.13696178929602376
2301,Franck MAILLOTTE,H,50-54M,461,Index <600,Finisher,FALSE,Other,200,173.6,TRUE,2.2630555555555554,5.115555555555556,0.04735411335465154,0.08859376625953148
2302,Xiuxia ZHAN,F,50-54W,461,Index <600,DNF,TRUE,Abandoned,16,52.2,FALSE,2.547222222222222,6.000555555555556,-0.23681255331201514,-0.7964062337404682
2303,Aleksandar GULEVSKI,H,40-44M,461,Index <600,Finisher,FALSE,Other,200,173.6,TRUE,2.3630555555555555,5.477222222222222,-0.05264588664534855,-0.27307290040713483
2304,Thomas DENIS,H,50-54M,461,Index <600,Finisher,FALSE,Other,200,173.6,TRUE,2.2558333333333334,5.231388888888889,0.05457633557687355,-0.027239567073801308
2305,Sebastien THELIN,H,50-54M,462,Index <600,Finisher,FALSE,Other,200,173.6,TRUE,2.0566666666666666,5.0075,0.25195650539693926,0.19234701169341
2306,Jacques CANON,H,65-69M,460,Index <600,DNF,TRUE,Abandoned,44,104,TRUE,2.3308333333333335,5.314166666666667,-0.01863771245271485,-0.10573006444229355
2307,Moisés CARMONA TORRES,H,45-49M,460,Index <600,Finisher,FALSE,Other,200,173.6,TRUE,2.068888888888889,4.683611111111111,0.2433067319917297,0.5248254911132618
2308,Martin MARTINOV,H,40-44M,460,Index <600,Finisher,FALSE,Other,200,173.6,TRUE,2.2447222222222223,5.135277777777778,0.06747339865839636,0.07315882444659574
2309,Ihor STRATAN,H,40-44M,460,Index <600,Finisher,FALSE,Other,200,173.6,TRUE,1.9877777777777779,4.4911111111111115,0.3244178431028408,0.7173254911132617
2310,Sarah LEMMON-WARDE,F,20-34W,460,Index <600,Finisher,FALSE,Other,200,173.6,TRUE,2.502222222222222,5.470833333333333,-0.1900266013416035,-0.26239673110895995
2311,Teresa BROUWER,F,50-54W,460,Index <600,DNF,TRUE,Timed out (cut-off),40,99.4,TRUE,2.358888888888889,5.150833333333333,-0.046693268008270346,0.057603268891040414
2312,Tammy NG,F,40-44W,460,Index <600,DNF,TRUE,Timed out (cut-off),82,166.6,TRUE,2.3897222222222223,5.442222222222222,-0.07752660134160361,-0.2337856199978488
2313,Nicolas DIES,H,40-44M,459,Index <600,Finisher,FALSE,Other,200,173.6,TRUE,2,4.603611111111111,0.31398103151299833,0.6090978394056916
2314,Jose Angel CIFRE SOSPEDRA,H,45-49M,459,Index <600,Finisher,FALSE,Other,200,173.6,TRUE,2.1925,4.964722222222222,0.12148103151299847,0.24798672829458096
2315,Richard THOMPSON,H,55-59M,458,Index <600,DNF,TRUE,Abandoned,40,99.4,TRUE,2.4455555555555555,5.344722222222222,-0.12978965121005276,-0.12775575793431096
2316,Mark CRAVEN,H,35-39M,458,Index <600,Finisher,FALSE,Other,200,173.6,TRUE,1.9797222222222222,4.457222222222223,0.33604368212328056,0.7597442420656882
2317,Hung On CHENG,H,50-54M,458,Index <600,Finisher,FALSE,Other,200,173.6,TRUE,2.1458333333333335,5.052777777777778,0.16993257101216921,0.16418868651013296
2318,Laurent DUSSEAU,H,50-54M,458,Index <600,Finisher,FALSE,Other,200,173.6,TRUE,1.915,4.564444444444445,0.4007659043455027,0.6525220198434661
2319,Cédric MEGRI,H,40-44M,457,Index <600,Finisher,FALSE,Other,200,173.6,TRUE,2.063888888888889,4.711666666666667,0.25366135402740014,0.5095425744665659
2320,Etienne HARQUEVAUX,H,35-39M,457,Index <600,DNF,TRUE,Timed out (cut-off),40,99.4,TRUE,2.438888888888889,5.391944444444444,-0.12133864597259991,-0.17073520331121161
2321,Joshua DUVALL,H,40-44M,457,Index <600,DNF,TRUE,Timed out (cut-off),52,127.5,TRUE,2.578333333333333,5.613888888888889,-0.26078309041704384,-0.3926796477556561
2322,Laurent POISBLAUD,H,55-59M,457,Index <600,DNF,TRUE,Abandoned,58,144,TRUE,2.4780555555555557,5.3661111111111115,-0.1605053126392665,-0.14490186997787868
2323,Masao KODA,H,60-64M,457,Index <600,DNF,TRUE,Timed out (cut-off),28,81.3,TRUE,2.6233333333333335,5.933333333333334,-0.3057830904170442,-0.7121240922001009
2324,Chunghyun LEE,H,35-39M,457,Index <600,DNF,TRUE,Timed out (cut-off),16,52.2,FALSE,2.432777777777778,5.6258333333333335,-0.11522753486148873,-0.40462409220010065
2325,Philippe PREVOST,H,60-64M,456,Index <600,Finisher,FALSE,Other,200,173.6,TRUE,2.0705555555555555,4.888888888888889,0.24877849520795903,0.33654848975941365
2326,Aurélien OKONSKI,H,35-39M,453,Index <600,DNF,TRUE,Abandoned,38,94.2,TRUE,2.5283333333333333,5.425,-0.20365100798793775,-0.1869650688326439
2327,Pierrick BES,H,45-49M,456,Index <600,DNF,TRUE,Timed out (cut-off),40,99.4,TRUE,2.286388888888889,5.1691666666666665,0.03294516187462574,0.05627071198163639
2328,Thomas RUCHTI,H,55-59M,456,Index <600,Finisher,FALSE,Other,200,173.6,TRUE,2.433611111111111,5.294722222222222,-0.11427706034759642,-0.06928484357391927
2329,Romain BRUYERE,H,45-49M,461,Index <600,Finisher,FALSE,Other,200,173.6,TRUE,2.2555555555555555,4.917777777777777,0.054854113354651374,0.28637154403731013
2330,Lu Chung CHIANG,H,55-59M,456,Index <600,DNF,TRUE,Abandoned,36,86.6,TRUE,2.4788888888888887,5.463611111111111,-0.1595548381253741,-0.23817373246280787
2331,Xiangwei KONG,H,50-54M,456,Index <600,DNF,TRUE,Timed out (cut-off),10,32.4,FALSE,2.61,5.699166666666667,-0.29066594923648525,-0.47372928801836367
2332,Andrés BALADO SÁNCHEZ,H,50-54M,456,Index <600,Finisher,FALSE,Other,200,173.6,TRUE,2.3158333333333334,5.4025,0.0035007174301811285,-0.17706262135169698
2333,Rui WANG,H,40-44M,468,Index <600,DNF,TRUE,Timed out (cut-off),40,99.4,TRUE,2.3519444444444444,5.485555555555556,-0.05405189399721599,-0.3118434939023889
2334,Aoi KONDO,F,20-34W,456,Index <600,Finisher,FALSE,Other,200,173.6,TRUE,2.4458333333333333,5.506944444444445,-0.1264992825698188,-0.2815070657961416
2335,Antonio FUSTO,H,40-44M,456,Index <600,Finisher,FALSE,Other,200,173.6,TRUE,2.406388888888889,5.3661111111111115,-0.08705483812537439,-0.14067373246280862
2336,Jérôme DOUCHÉ,H,40-44M,455,Index <600,Finisher,FALSE,Other,200,173.6,TRUE,2.4972222222222222,5.231944444444444,-0.1761048907968863,-0.0022934700157873416
2337,Yoko KITAMURA,F,55-59W,455,Index <600,DNF,TRUE,Timed out (cut-off),28,81.3,TRUE,2.3866666666666667,5.472222222222222,-0.06554933524133068,-0.24257124779356545
2338,Ka Yan HO,F,35-39W,455,Index <600,DNF,TRUE,Abandoned,28,81.3,TRUE,2.3538888888888887,5.1947222222222225,-0.03277155746355267,0.03492875220643448
2339,Arnaud ROUSE,H,50-54M,455,Index <600,DNF,TRUE,Timed out (cut-off),40,99.4,TRUE,2.492777777777778,5.594166666666666,-0.17166044635244204,-0.3645156922380092
2341,Florence SANTROT,F,45-49W,455,Index <600,DNF,TRUE,Timed out (cut-off),6,22.9,FALSE,2.8030555555555554,NA,-0.4819382241302195,NA
2342,Thierry GRELLIER,H,50-54M,454,Index <600,Finisher,FALSE,Other,200,173.6,TRUE,1.9916666666666667,4.475,0.331233421773244,0.7588501260698302
2343,Véronique L'HÔTE,F,50-54W,455,Index <600,Finisher,FALSE,Other,200,173.6,TRUE,2.0733333333333333,4.884166666666666,0.24778399809200272,0.34548430776199074
2344,Franck GUTH,H,55-59M,455,Index <600,Finisher,FALSE,Other,200,173.6,TRUE,2.444166666666667,5.312222222222222,-0.12304933524133078,-0.08257124779356521
2345,Michiko SHIBATA,F,55-59W,454,Index <600,DNF,TRUE,Abandoned,38,94.2,TRUE,2.382222222222222,5.331944444444445,-0.059322133782311326,-0.09809431837461496
2346,Emma ZHAO,F,20-34W,454,Index <600,DNF,TRUE,Abandoned,10,32.4,FALSE,2.3125,5.493333333333333,0.010400088439910709,-0.2594832072635033
2347,Ming ZHAO,H,45-49M,454,Index <600,DNF,TRUE,Abandoned,48,114,TRUE,2.0058333333333334,4.520555555555555,0.31706675510657734,0.7132945705142747
2348,Denes VILELA,H,45-49M,454,Index <600,Finisher,FALSE,Other,200,173.6,TRUE,2.4922222222222223,5.623611111111111,-0.1693221337823116,-0.3897609850412808
2349,Vidur PALIWAL,H,20-34M,454,Index <600,Finisher,FALSE,Other,200,173.6,TRUE,2.3383333333333334,5.183611111111111,-0.015433244893422668,0.05023901495871842
2350,Séverine DA COSTA,F,35-39W,454,Index <600,Finisher,FALSE,Other,200,173.6,TRUE,2.0230555555555556,4.676388888888889,0.2998445328843551,0.557461237180941
2351,Lee WELLS,H,50-54M,453,Index <600,Finisher,FALSE,Other,200,173.6,TRUE,2.4052777777777776,5.311944444444444,-0.08059545243238203,-0.07390951327708836
2352,Etienne PALMESANI,H,60-64M,453,Index <600,DNF,TRUE,Abandoned,10,32.4,FALSE,2.2094444444444443,6.0088888888888885,0.11523788090095129,-0.7708539577215325
2353,Donald VIEL,H,50-54M,452,Index <600,DNF,TRUE,Abandoned,40,99.4,TRUE,2.355277777777778,5.266944444444444,-0.02881373209783006,-0.02473895712767383
2354,Antti TERÄVÄ,H,45-49M,453,Index <600,DNF,TRUE,Abandoned,28,81.3,TRUE,2.1197222222222223,4.726111111111111,0.2049601031231733,0.511923820056245
2355,Eric LORPHÈVRE,H,55-59M,453,Index <600,DNF,TRUE,Timed out (cut-off),40,99.4,TRUE,2.618888888888889,5.713055555555556,-0.29420656354349317,-0.4750206243882
2356,Ngoc Song HOANG,H,40-44M,453,Index <600,Finisher,FALSE,Other,200,173.6,TRUE,2.484722222222222,5.439722222222223,-0.1600398968768265,-0.20168729105486666
2357,John TEEPLES,H,60-64M,452,Index <600,DNF,TRUE,Abandoned,48,114,TRUE,2.413611111111111,5.6002777777777775,-0.08714706543116317,-0.35807229046100675
2358,Tony M H WONG,H,60-64M,452,Index <600,DNF,TRUE,Timed out (cut-off),40,99.4,TRUE,2.4163888888888887,5.273055555555556,-0.08992484320894094,-0.030850068238785007
2360,Chris PANNEK,H,40-44M,452,Index <600,DNF,TRUE,Abandoned,30,NA,TRUE,2.4930555555555554,5.666944444444445,-0.1665915098756076,-0.42473895712767407
2361,Junghyun CHA,H,45-49M,452,Index <600,Finisher,FALSE,Other,200,173.6,TRUE,2.332222222222222,5.274166666666667,-0.0057581765422744565,-0.03196117934989629
2362,Emmanuel NICLAUS,H,55-59M,452,Index <600,Finisher,FALSE,Other,200,173.6,TRUE,2.4186111111111113,5.548611111111111,-0.09214706543116351,-0.30640562379434
2363,Seonyong HWANG,H,60-64M,452,Index <600,DNF,TRUE,Timed out (cut-off),48,114,TRUE,2.1552777777777776,4.704166666666667,0.17118626790217006,0.538038820650104
2364,Jose Maria LUNA,H,45-49M,452,Index <600,Finisher,FALSE,Other,200,173.6,TRUE,2.108888888888889,4.786388888888889,0.21757515679105868,0.45581659842788136
2365,David BASTIN,H,40-44M,451,Index <600,Finisher,FALSE,Other,200,173.6,TRUE,2.1005555555555557,4.607777777777778,0.2276896974261686,0.6385841143358318
2366,Tatsuro AOYAMA,H,50-54M,451,Index <600,DNF,TRUE,Abandoned,28,81.3,TRUE,2.14,5.009166666666666,0.18824525298172423,0.23719522544694324
2367,Philippe GOY,H,45-49M,451,Index <600,Finisher,FALSE,Other,200,173.6,TRUE,2.269722222222222,5.054166666666666,0.05852303075950214,0.1921952254469433
2368,Doug POW,H,60-64M,451,Index <600,DNF,TRUE,Abandoned,28,81.3,TRUE,2.4644444444444447,5.332777777777777,-0.1361991914627203,-0.08641588566416783
2369,Aurélie PAULIN,F,45-49W,507,Index <600,Finisher,FALSE,Other,200,173.6,TRUE,1.9491666666666667,4.5975,0.2783215552704321,0.39158754487121056
2370,Scott BUCHAN,H,55-59M,450,Index <600,DNF,TRUE,Abandoned,51,127.5,TRUE,2.326111111111111,5.3425,0.003914839677771326,-0.09199575684659336
2371,Marc FLEURY,H,55-59M,450,Index <600,Finisher,FALSE,Other,200,173.6,TRUE,2.4652777777777777,5.3341666666666665,-0.13525182698889537,-0.08366242351325962
2372,Léonard CHAPATTE,H,40-44M,450,Index <600,Finisher,FALSE,Other,200,173.6,TRUE,2.236111111111111,5.205555555555556,0.09391483967777113,0.04494868759785113
2373,Sébastien BERNE,H,55-59M,448,Index <600,DNF,TRUE,Abandoned,10,32.4,FALSE,2.1675,5.336388888888889,0.166085832071971,-0.07764171454487151
2374,Jean-Philippe DEVAUX,H,55-59M,450,Index <600,Finisher,FALSE,Other,200,173.6,TRUE,2.417222222222222,5.225833333333333,-0.08719627143333981,0.02467090982007374
2375,Lucas ESTEVEZ,H,50-54M,450,Index <600,DNF,TRUE,Timed out (cut-off),30,NA,TRUE,2.2444444444444445,5.241944444444444,0.08558150634443783,0.008559798708962778
2376,Olivier SALEH,H,50-54M,450,Index <600,DNF,TRUE,Timed out (cut-off),28,81.3,TRUE,2.1044444444444443,4.8775,0.22558150634443794,0.37300424315340647
2377,Davide RUZZA,H,50-54M,450,Index <600,Finisher,FALSE,Other,200,173.6,TRUE,2.196388888888889,5.082222222222223,0.1336370618999933,0.16828202093118422
2378,Shuyu GUO,F,40-44W,449,Index <600,DNF,TRUE,Abandoned,28,81.3,TRUE,2.261388888888889,4.9275,0.07041725375068991,0.3271326380316977
2379,Bastien POTHIER,H,35-39M,449,Index <600,Finisher,FALSE,Other,200,173.6,TRUE,2.4272222222222224,5.262222222222222,-0.09541607958264353,-0.007589584190524567
2381,Hoang-Nam NGUYEN,H,60-64M,448,Index <600,DNF,TRUE,Timed out (cut-off),26,76.4,FALSE,2.6605555555555553,5.865,-0.3269697234835843,-0.6062528256559827
2382,Yui Chung WOO,H,50-54M,449,Index <600,Finisher,FALSE,Other,200,173.6,TRUE,2.625277777777778,5.6675,-0.293471635138199,-0.41286736196830254
2383,Pierre SCHRAMECK,H,45-49M,449,Index <600,Finisher,FALSE,Other,200,173.6,TRUE,2.3713888888888888,5.345277777777778,-0.03958274624930989,-0.09064513974607978
2384,Sook Sian SHIA,F,45-49W,448,Index <600,Finisher,FALSE,Other,200,173.6,TRUE,2.430833333333333,5.366666666666666,-0.09724750126136215,-0.10791949232264869
2386,Hui-Ping LEE,F,45-49W,448,Index <600,DNF,TRUE,Timed out (cut-off),28,81.3,TRUE,2.3566666666666665,5.418333333333333,-0.02308083459469544,-0.1595861589893154
2387,Darren LINDT,H,60-64M,448,Index <600,DNF,TRUE,Abandoned,16,52.2,FALSE,2.3766666666666665,5.465,-0.04308083459469545,-0.20625282565598227
2388,Guido PIZZORNO,H,65-69M,448,Index <600,Finisher,FALSE,Other,200,173.6,TRUE,2.1944444444444446,5.08,0.13914138762752634,0.17874717434401755
2389,Stephane FULCONIS,H,55-59M,448,Index <600,DNF,TRUE,Abandoned,30,NA,TRUE,2.5641666666666665,5.685,-0.23058083459469544,-0.426252825655982
2390,Clara GRUFFAZ,F,20-34W,448,Index <600,DNF,TRUE,Abandoned,51,127.5,TRUE,2.1666666666666665,4.7380555555555555,0.16691916540530446,0.520691618788462
2391,Jocelyn CORNICHE,H,55-59M,447,Index <600,Finisher,FALSE,Other,200,173.6,TRUE,2.4544444444444444,5.166111111111111,-0.11907942182022867,0.09673683857478971
2392,Kyoko YAMAMOTO,F,40-44W,447,Index <600,DNF,TRUE,Timed out (cut-off),40,99.4,TRUE,2.558611111111111,5.687777777777778,-0.22324608848689517,-0.42492982809187674
2393,Alexandre SADLER,H,50-54M,447,Index <600,Finisher,FALSE,Other,200,173.6,TRUE,2.11,5.0936111111111115,0.22536502262421587,0.16923683857478952
2394,Luca DOTTI,H,40-44M,447,Index <600,DNF,TRUE,Abandoned,28,81.3,TRUE,2.5502777777777776,5.844444444444444,-0.21491275515356187,-0.581596494758543
2395,Ka Ming MAK,H,45-49M,447,Index <600,Finisher,FALSE,Other,200,173.6,TRUE,2.307777777777778,5.1722222222222225,0.02758724484643783,0.09062572746367853
2396,Fernando Manuel AFONSO FRANCO,H,50-54M,447,Index <600,Finisher,FALSE,Other,200,173.6,TRUE,2.1847222222222222,4.999722222222222,0.15064280040199352,0.26312572746367885
2397,Gérald RIPOLL,H,50-54M,447,Index <600,Finisher,FALSE,Other,200,173.6,TRUE,2.0541666666666667,4.645,0.2811983559575491,0.6178479496859015
2398,Sabrina PACE-HUMPHREYS,F,45-49W,447,Index <600,DNF,TRUE,Abandoned,64,NA,TRUE,2.31,5.406944444444444,0.025365022624215704,-0.14409649475854303
2401,Richard KOPEC,H,50-54M,446,Index <600,Finisher,FALSE,Other,200,173.6,TRUE,2.2977777777777777,5.240277777777778,0.039365940056692625,0.026657283875105325
2402,Jose Manuel RIVERA DIAZ,H,45-49M,446,Index <600,Finisher,FALSE,Other,200,173.6,TRUE,2.1244444444444444,4.801388888888889,0.21269927339002595,0.46554617276399446
2403,Jasmin MALDENER,F,50-54W,445,Index <600,Finisher,FALSE,Other,200,173.6,TRUE,2.1727777777777777,4.871944444444445,0.16614414346311399,0.39906416339605455
2404,Clayton SHAPIRO,H,50-54M,446,Index <600,DNF,TRUE,Abandoned,28,81.3,TRUE,2.098611111111111,4.6963888888888885,0.23853260672335933,0.570546172763995
2405,Marco ROOBOL,H,40-44M,444,Index <600,DNF,TRUE,Abandoned,64,NA,TRUE,2.160277777777778,5.1002777777777775,0.18042185860385904,0.1747909080665064
2407,Yang ZHOU,H,40-44M,445,Index <600,Finisher,FALSE,Other,200,173.6,TRUE,2.1191666666666666,4.8125,0.21975525457422507,0.4585086078404994
2408,Meixiu ZHANG,F,45-49W,445,Index <600,DNF,TRUE,Abandoned,10,32.4,FALSE,2.633611111111111,6.041944444444445,-0.2946891898702194,-0.7709358366039453
2409,Rachan SUNGMEK,H,45-49M,452,Index <600,Finisher,FALSE,Other,200,173.6,TRUE,2.495833333333333,5.5905555555555555,-0.16936928765338538,-0.3483500682387848
2410,Yannick LEDUC,H,50-54M,444,Index <600,DNF,TRUE,Abandoned,51,127.5,TRUE,2.220833333333333,5.081666666666667,0.11986630304830376,0.19340201917761687
2412,Hiroyuki KOBAYASHI,H,50-54M,444,Index <600,DNF,TRUE,Timed out (cut-off),40,99.4,TRUE,2.4130555555555557,5.467222222222222,-0.0723559191739187,-0.19215353637793867
2413,Nicolas VAGO,H,50-54M,444,Index <600,Finisher,FALSE,Other,200,173.6,TRUE,2.4588888888888887,5.307222222222222,-0.11818925250725165,-0.03215353637793843
2414,Stanislaw KUTYLA,H,50-54M,444,Index <600,Finisher,FALSE,Other,200,173.6,TRUE,2.338888888888889,5.260833333333333,0.0018107474927480146,0.014235352510950606
2415,Hiroyuki MURAKOSHI,H,55-59M,443,Index <600,Finisher,FALSE,Other,200,173.6,TRUE,2.1691666666666665,4.891944444444444,0.17331020012819673,0.38717094881532776
2416,Fabien DALE,H,35-39M,496,Index <600,Finisher,FALSE,Other,200,173.6,TRUE,2.343888888888889,5.066944444444444,-0.09635651498223012,-0.02301549786205418
2417,Sylvain BRIOLAY,H,35-39M,535,Index <600,Finisher,FALSE,Other,200,173.6,TRUE,2.2758333333333334,4.820277777777778,-0.10313948100586362,0.017676409975366545
2418,Alexis WILLIS,H,40-44M,443,Index <600,Finisher,FALSE,Other,200,173.6,TRUE,2.058333333333333,4.641111111111111,0.2841435334615301,0.6380042821486612
2419,Thomas SOUVERAIN,H,20-34M,443,Index <600,Finisher,FALSE,Other,200,173.6,TRUE,1.7152777777777777,3.8558333333333334,0.6271990890170855,1.423282059926439
2420,Grégoire SOUVERAIN,H,20-34M,443,Index <600,Finisher,FALSE,Other,200,173.6,TRUE,1.7569444444444444,4.115555555555556,0.5855324223504188,1.1635598377042167
2421,Sinem OZMEN,F,45-49W,489,Index <600,Finisher,FALSE,Other,200,173.6,TRUE,2.2069444444444444,4.9991666666666665,0.053224421135438654,0.07848012637258632
2422,Dave FUNNELL,H,60-64M,443,Index <600,DNF,TRUE,Abandoned,30,NA,TRUE,2.4583333333333335,5.328333333333333,-0.11585646653847027,-0.04921794007356097
2423,Thomas GRALL,H,40-44M,443,Index <600,Finisher,FALSE,Other,200,173.6,TRUE,2.4625,5.381666666666667,-0.12002313320513665,-0.10255127340689466
2426,Andrei SOLODSKY,H,50-54M,443,Index <600,Finisher,FALSE,Other,200,173.6,TRUE,2.135,5.064722222222223,0.2074768667948634,0.21439317103754962
2427,Horacio GALANTI,H,55-59M,442,Index <600,Finisher,FALSE,Other,200,173.6,TRUE,2.3175,5.156944444444444,0.026753616018727576,0.12620438323805552
2429,Mariano SALDANA,H,50-54M,442,Index <600,DNF,TRUE,Abandoned,10,32.4,FALSE,2.4616666666666664,5.364722222222222,-0.11741305064793896,-0.08157339453972279
2430,Gaetano SCHIFANO,H,50-54M,442,Index <600,Finisher,FALSE,Other,200,173.6,TRUE,2.269722222222222,4.9094444444444445,0.07453139379650521,0.37370438323805516
2431,Giorgio MANONI,H,55-59M,442,Index <600,DNF,TRUE,Abandoned,30,NA,TRUE,2.335,5.401111111111111,0.009253616018727505,-0.11796228342861126
2432,Morten PLANNTHIN,H,45-49M,441,Index <600,DNF,TRUE,Abandoned,18,62.9,FALSE,2.3775,5.378333333333333,-0.03147011240861314,-0.09116424662533222
2433,Prabhjot GREWAL,F,50-54W,495,Index <600,Finisher,FALSE,Other,200,173.6,TRUE,2.411111111111111,5.260277777777778,-0.16177122296536975,-0.21147743152792542
2434,Miowchin LIM,F,45-49W,441,Index <600,DNF,TRUE,Timed out (cut-off),28,81.3,TRUE,2.4877777777777776,5.6786111111111115,-0.1417478901863908,-0.39144202440311054
2435,Ivan ALMEIDA,H,45-49M,441,Index <600,DNF,TRUE,Timed out (cut-off),82,166.6,TRUE,2.3175,5.370277777777778,0.028529887591386922,-0.08310869106977718
2436,Omer LORY,H,45-49M,441,Index <600,Finisher,FALSE,Other,200,173.6,TRUE,2.4755555555555557,5.357777777777778,-0.1295256679641689,-0.0706086910697769
2437,Zhiqiang YANG,H,45-49M,444,Index <600,DNF,TRUE,Timed out (cut-off),82,166.6,TRUE,2.2108333333333334,5.054722222222222,0.12986630304830354,0.22034646362206198
2438,Andrew FLINT,H,40-44M,441,Index <600,Finisher,FALSE,Other,200,173.6,TRUE,2.2802777777777776,5.183055555555556,0.0657521098136092,0.10411353115244511
2440,Thitiwat CHEEPCHARNDETH,H,40-44M,441,Index <600,Finisher,FALSE,Other,200,173.6,TRUE,2.5191666666666666,5.778333333333333,-0.17313677907527972,-0.49116424662533237
2441,Iwona MATUSZCZAK SZULC,F,55-59W,441,Index <600,DNF,TRUE,Abandoned,28,81.3,TRUE,2.336388888888889,5.391944444444444,0.009640998702497745,-0.10477535773644368
2442,Camille SAMPIC,H,35-39M,441,Index <600,Finisher,FALSE,Other,200,173.6,TRUE,2.367777777777778,5.217777777777778,-0.021747890186391165,0.06939130893022279
2443,Xueping CHENG,H,40-44M,440,Index <600,Finisher,FALSE,Other,200,173.6,TRUE,2.1925,4.881666666666667,0.15530568505099845,0.40950960126514335
2444,Emma JAMIESON - BLACK,F,20-34W,438,Index <600,Finisher,FALSE,Other,200,173.6,TRUE,2.287777777777778,5.266666666666667,0.06357809400592848,0.03248512068982952
2445,Kazuko KOBAYASHI,F,45-49W,439,Index <600,DNF,TRUE,Abandoned,16,52.2,FALSE,2.5661111111111112,5.8275,-0.21653009917539195,-0.5323295310505359
2446,Yun Sik WON,H,55-59M,439,Index <600,DNF,TRUE,Abandoned,52,127.5,TRUE,2.466388888888889,5.764166666666667,-0.11680787695316967,-0.46899619771720336
2447,Marcin PIECZARA,H,50-54M,439,Index <600,DNF,TRUE,Abandoned,28,81.3,TRUE,2.328333333333333,5.320833333333334,0.021247678602386112,-0.02566286438387
2448,Claudio GOSETTI,H,65-69M,440,Index <600,DNF,TRUE,Timed out (cut-off),10,32.4,FALSE,2.556111111111111,6.068611111111111,-0.20830542606011257,-0.777434843179301
2449,Marek NIZIOLEK,H,50-54M,437,Index <600,DNF,TRUE,Timed out (cut-off),28,81.3,TRUE,2.5125,5.812222222222222,-0.15936973186688336,-0.5091019014737795
2450,David ARTAUD,H,50-54M,435,Index <600,Finisher,FALSE,Other,200,173.6,TRUE,2.406111111111111,5.333611111111111,-0.04943342662227463,-0.02259168824189468
2451,Clement GLESS,H,40-44M,453,Index <600,DNF,TRUE,Abandoned,40,99.4,TRUE,2.4069444444444446,5.256388888888889,-0.08226211909904896,-0.018353957721533
2452,Gustavo ARANGO,H,70-74M,438,Index <600,DNF,TRUE,Timed out (cut-off),22,67.8,FALSE,2.3694444444444445,5.559722222222222,-0.018088572660738066,-0.26057043486572556
2453,Francisco Jesus VILLANUEVA,H,60-64M,438,Index <600,DNF,TRUE,Timed out (cut-off),38,94.2,TRUE,2.096111111111111,4.975833333333333,0.2552447606725954,0.323318454023163
2455,Wai Yip SHING,H,45-49M,438,Index <600,DNF,TRUE,Abandoned,14,46.9,FALSE,2.7169444444444446,6.109166666666667,-0.36558857266073824,-0.8100148793101706
2456,Andrea SOUSA DANTAS,F,45-49W,438,Index <600,DNF,TRUE,Abandoned,30,NA,TRUE,2.4027777777777777,5.405277777777778,-0.051421905994071294,-0.10612599042128204
2457,Evren KALAYCIKLIOGLU,H,45-49M,437,Index <600,DNF,TRUE,Timed out (cut-off),6,22.9,FALSE,2.783333333333333,NA,-0.4302030652002163,NA
2458,Rafal KRUZEL,H,55-59M,437,Index <600,DNF,TRUE,Timed out (cut-off),52,127.5,TRUE,2.6441666666666666,6.0119444444444445,-0.2910363985335496,-0.7088241236960019
2459,Christophe DE BEER,H,40-44M,436,Index <600,DNF,TRUE,Abandoned,40,99.4,TRUE,2.4080555555555554,5.474166666666667,-0.05315135103344741,-0.16709049994582983
2460,Ruifen ZHAN,H,35-39M,436,Index <600,DNF,TRUE,Timed out (cut-off),40,99.4,TRUE,2.437777777777778,5.469722222222222,-0.08287357325566984,-0.1626460555013847
2461,Wu LI,H,40-44M,436,Index <600,DNF,TRUE,Abandoned,16,52.2,FALSE,2.3008333333333333,5.5697222222222225,0.05407087118877471,-0.262646055501385
2462,Olivier PIQUER,H,35-39M,436,Index <600,Finisher,FALSE,Other,200,173.6,TRUE,2.4408333333333334,5.161111111111111,-0.08592912881122543,0.14596505560972592
2463,Marc SAUVOUREL,H,40-44M,436,Index <600,Finisher,FALSE,Other,200,173.6,TRUE,1.9830555555555556,4.317777777777778,0.37184864896655245,0.9892983889430595
2464,Lisa DEWITT,F,60-64W,433,Index <600,DNF,TRUE,Timed out (cut-off),22,67.8,FALSE,2.609722222222222,5.8805555555555555,-0.24949893291408742,-0.5616869994794904
2465,Mathilde DURAND,F,20-34W,435,Index <600,Finisher,FALSE,Other,200,173.6,TRUE,2.5505555555555555,5.691944444444444,-0.19387787106671903,-0.380925021575228
2466,Ewa PIECZARA,F,50-54W,435,Index <600,Finisher,FALSE,Other,200,173.6,TRUE,2.3294444444444444,5.240277777777778,0.02723324004439203,0.07074164509143815
2468,Dejan BANKOVIĆ,H,35-39M,435,Index <600,Finisher,FALSE,Other,200,173.6,TRUE,2.335,5.434166666666667,0.021677684488836495,-0.12314724379745096
2469,Jérôme MARCOTTY,H,40-44M,434,Index <600,Finisher,FALSE,Other,200,173.6,TRUE,2.368611111111111,5.2380555555555555,-0.010160399539651258,0.07689463123355825
2470,Yannick PASQUER,H,45-49M,434,Index <600,Finisher,FALSE,Other,200,173.6,TRUE,2.3844444444444446,5.555555555555555,-0.025993732872984846,-0.24060536876644154
2471,Christophe GAILLAC,H,50-54M,434,Index <600,Finisher,FALSE,Other,200,173.6,TRUE,2.2875,5.087777777777778,0.07095071157145964,0.22717240901133556
2472,Mei YANG,F,50-54W,434,Index <600,Finisher,FALSE,Other,200,173.6,TRUE,2.290277777777778,5.0841666666666665,0.06817293379368188,0.23078352012244727
2474,Cairang ZHUOMA,F,35-39W,436,Index <600,Finisher,FALSE,Other,200,173.6,TRUE,2.0636111111111113,4.7380555555555555,0.29129309341099674,0.5690206111652818
2475,Siu Kit WONG,H,35-39M,432,Index <600,Finisher,FALSE,Other,200,173.6,TRUE,2.457222222222222,5.340277777777778,-0.09522680098520393,-0.01750314945217218
2476,Cuong NGUYEN VAN,H,45-49M,432,Index <600,DNF,TRUE,Abandoned,12,41.1,FALSE,2.506666666666667,6.005833333333333,-0.14467124542964857,-0.6830587050077277
2477,Didier ANMELLA,H,60-64M,433,Index <600,Finisher,FALSE,Other,200,173.6,TRUE,2.3119444444444444,5.273333333333333,0.04827884486369026,0.045535222742731765
2478,Al VELA,H,45-49M,433,Index <600,DNF,TRUE,Timed out (cut-off),40,99.4,TRUE,2.371111111111111,5.3525,-0.010887821802976323,-0.03363144392393474
2479,Rodolfo ORTIZ,H,45-49M,432,Index <600,Finisher,FALSE,Other,200,173.6,TRUE,1.9877777777777779,4.68,0.3742176434592404,0.6427746283256058
2480,Éric DELSAUT,H,55-59M,432,Index <600,DNF,TRUE,Abandoned,40,99.4,TRUE,2.2647222222222223,5.170555555555556,0.0972731990147959,0.15221907277004992
2481,Takamichi IWAMOTO,H,40-44M,431,Index <600,DNF,TRUE,Timed out (cut-off),6,22.9,FALSE,2.955,NA,-0.5912328891037321,NA
2482,Neil KIERSEY,H,45-49M,431,Index <600,DNF,TRUE,Abandoned,14,46.9,FALSE,2.584722222222222,5.935,-0.22095511132595438,-0.6083314988667298
2483,Ge SONG,H,50-54M,431,Index <600,DNF,TRUE,Timed out (cut-off),38,94.2,TRUE,2.5141666666666667,5.852777777777778,-0.1503995557703989,-0.526109276644508
2484,Adriano PEREIRA,H,45-49M,431,Index <600,DNF,TRUE,Timed out (cut-off),22,67.8,FALSE,2.5130555555555554,5.723333333333334,-0.14928844465928762,-0.3966648322000636
2486,Jeff MÉNIÈRE,H,55-59M,430,Index <600,Finisher,FALSE,Other,200,173.6,TRUE,2.1619444444444444,5.058333333333334,0.20359391737959578,0.27221693876125924
2487,Hervé DEMBSKI,H,50-54M,430,Index <600,Finisher,FALSE,Other,200,173.6,TRUE,2.256666666666667,4.946666666666666,0.1088716951573734,0.3838836054279265
2488,Pierrick PENSIBIS,H,55-59M,430,Index <600,DNF,TRUE,Abandoned,64,NA,TRUE,2.4097222222222223,5.591388888888889,-0.04418386039818205,-0.2608386167942961
2489,Cyrille CLARISSE,H,50-54M,430,Index <600,DNF,TRUE,Abandoned,16,52.2,FALSE,2.2516666666666665,5.063055555555556,0.11387169515737373,0.26749471653903717
2490,Nelly GISTEMULTE,F,35-39W,428,Index <600,Finisher,FALSE,Other,200,173.6,TRUE,2.3041666666666667,5.338888888888889,0.06491289497111533,-6.109900285328728e-4
2491,Joonkyung KWON,F,50-54W,429,Index <600,DNF,TRUE,Timed out (cut-off),22,67.8,FALSE,2.3325,5.436944444444444,0.03480917755849257,-0.10252440563933457
2492,Yong ZHU,H,40-44M,429,Index <600,Finisher,FALSE,Other,200,173.6,TRUE,2.3966666666666665,5.349166666666667,-0.029357489108173915,-0.014746627861557277
2493,Adam FEBRIANATA,H,35-39M,429,Index <600,DNF,TRUE,Abandoned,30,NA,TRUE,2.238611111111111,5.411388888888889,0.12869806644738147,-0.07696885008377946
2494,Jasmina SVOBODA,F,60-64W,428,Index <600,DNF,TRUE,Abandoned,28,81.3,TRUE,2.265833333333333,5.305555555555555,0.10324622830444888,0.03272234330480033
2495,Houssem BEN ZAHRA,H,50-54M,428,Index <600,DNF,TRUE,Timed out (cut-off),40,99.4,TRUE,2.3641666666666667,5.459444444444444,0.004912894971115284,-0.12116654558408846
2496,Liviu Daniel HADA,H,50-54M,428,Index <600,DNF,TRUE,Timed out (cut-off),22,67.8,FALSE,2.4908333333333332,5.8925,-0.12175377169555121,-0.5542221011396441
2497,Sovitha GURUNG,F,40-44W,426,Index <600,DNF,TRUE,Abandoned,16,52.2,FALSE,2.517777777777778,5.750555555555556,-0.14515872879427727,-0.40459726616838143
2498,Armin BUSS,H,55-59M,428,Index <600,DNF,TRUE,Abandoned,10,32.4,FALSE,2.306111111111111,5.376666666666667,0.06296845052667102,-0.03838876780631112
2499,Carole GUINCHARD,F,50-54W,425,Index <600,Finisher,FALSE,Other,200,173.6,TRUE,2.248611111111111,5.1225,0.12577704821513264,0.2272810150498173
2500,Eugenio Maria CANNI FERRARI,H,60-64M,427,Index <600,Finisher,FALSE,Other,200,173.6,TRUE,NA,4.33,NA,1.0121239498558658
2501,Laurent FOSSARD,H,55-59M,427,Index <600,DNF,TRUE,Abandoned,10,32.4,FALSE,2.207222222222222,5.076944444444444,0.16362729537784346,0.26517950541142166
2502,Olivier SIGRIST,H,50-54M,427,Index <600,DNF,TRUE,Abandoned,22,67.8,FALSE,2.5155555555555558,5.681388888888889,-0.14470603795549003,-0.33926493903302296
2504,Rui FAN,H,45-49M,426,Index <600,DNF,TRUE,Timed out (cut-off),40,99.4,TRUE,2.3819444444444446,5.516944444444444,-0.009325395460944089,-0.17098615505727016
2505,Lionel MORAND,H,50-54M,426,Index <600,DNF,TRUE,Abandoned,28,81.3,TRUE,2.3672222222222223,5.2941666666666665,0.005396826761278214,0.05179162272050751
2506,Grégory DUBOURG,H,45-49M,425,Index <600,Finisher,FALSE,Other,200,173.6,TRUE,2.073611111111111,4.839166666666666,0.30077704821513257,0.5106143483831505
2507,Willem WEEDA,H,40-44M,421,Index <600,Finisher,FALSE,Other,200,173.6,TRUE,2.460277777777778,5.408888888888889,-0.07881731672433742,-0.04393115796446238
2508,Lau PUI TUEN,H,45-49M,426,Index <600,DNF,TRUE,Timed out (cut-off),22,67.8,FALSE,2.466111111111111,5.630277777777778,-0.09349206212761053,-0.2843194883906035
2509,Zheng LIU,H,55-59M,426,Index <600,DNF,TRUE,Timed out (cut-off),22,67.8,FALSE,2.4741666666666666,5.58,-0.10154761768316602,-0.2340417106128258
2510,Francisco Conrado TRUJILLO SUAREZ,H,45-49M,425,Index <600,DNF,TRUE,Timed out (cut-off),52,127.5,TRUE,2.4616666666666664,5.422777777777778,-0.08727850734042283,-0.07299676272796127
2511,Haruko OSHITA,F,40-44W,425,Index <600,DNF,TRUE,Timed out (cut-off),40,99.4,TRUE,2.3505555555555557,5.4191666666666665,0.023832603770687886,-0.06938565161684958
2512,Samir FAZLAGIĆ,H,60-64M,425,Index <600,Finisher,FALSE,Other,200,173.6,TRUE,2.2430555555555554,5.2058333333333335,0.13133260377068817,0.14394768171648337
2513,Lionel JOFFRAIN,H,50-54M,423,Index <600,DNF,TRUE,Abandoned,48,114,TRUE,2.254166666666667,5.232777777777778,0.12375846437561608,0.12461423737346611
2514,Jonathan NABOULET,H,20-34M,425,Index <600,Finisher,FALSE,Other,200,173.6,TRUE,1.8355555555555556,4.3469444444444445,0.538832603770688,1.0028365706053726
2515,Hoang Lien San NGUYEN,F,40-44W,424,Index <600,DNF,TRUE,Timed out (cut-off),82,166.6,TRUE,2.450277777777778,5.518055555555556,-0.07412092561132588,-0.16446333111622743
2516,Natalia CARLINI,F,45-49W,425,Index <600,Finisher,FALSE,Other,200,173.6,TRUE,2.4811111111111113,5.463611111111111,-0.10672295178486765,-0.11383009606129382
2517,Honghun CHOI,H,20-34M,424,Index <600,Finisher,FALSE,Other,200,173.6,TRUE,2.2083333333333335,5.068611111111111,0.16782351883311855,0.284981113328217
2518,Vivian LEE,F,55-59W,423,Index <600,Finisher,FALSE,Other,200,173.6,TRUE,2.2222222222222223,4.942222222222222,0.1557029088200606,0.4151697929290218
2520,Nicolas BRUNET,H,35-39M,423,Index <600,DNF,TRUE,Abandoned,40,99.4,TRUE,2.2841666666666667,5.056111111111111,0.09375846437561632,0.3012809040401328
2521,Sylvain EQUEL,H,40-44M,423,Index <600,Finisher,FALSE,Other,200,173.6,TRUE,2.4186111111111113,5.3175,-0.04068598006882828,0.03989201515124397
2522,Jaegoon AUM,H,45-49M,423,Index <600,Finisher,FALSE,Other,200,173.6,TRUE,2.4891666666666667,5.465833333333333,-0.11124153562438374,-0.10844131818208945
2523,Andrew KIRK,H,55-59M,421,Index <600,DNF,TRUE,Abandoned,28,81.3,TRUE,2.6194444444444445,5.878333333333333,-0.23798398339100413,-0.5133756024089066
2524,Ran ITO,F,45-49W,421,Index <600,DNF,TRUE,Timed out (cut-off),40,99.4,TRUE,2.457222222222222,5.626388888888889,-0.07576176116878183,-0.2614311579644626
2525,Matthew HAWKES,H,50-54M,421,Index <600,Finisher,FALSE,Other,200,173.6,TRUE,2.5308333333333333,5.416666666666667,-0.14937287227989293,-0.05170893574224049
2526,Pak Yu CHAN,H,45-49M,419,Index <600,DNF,TRUE,Abandoned,16,52.2,FALSE,2.3219444444444446,5.290555555555556,0.06304973322052777,0.08192338757808945
2527,Stephane OURSEL,H,50-54M,420,Index <600,DNF,TRUE,Timed out (cut-off),40,99.4,TRUE,2.5211111111111113,5.7219444444444445,-0.1378835918460303,-0.3532205932676804
2528,Eric TOCQUEVILLE,H,50-54M,421,Index <600,DNF,TRUE,Abandoned,51,127.5,TRUE,1.8819444444444444,4.663055555555555,0.49951601660899597,0.7019021753688711
2530,Byeung Sik AHN,H,50-54M,420,Index <600,Finisher,FALSE,Other,200,173.6,TRUE,2.4594444444444443,5.596388888888889,-0.07621692517936332,-0.2276650377121248
2532,Adrian KLEMENCO,H,55-59M,420,Index <600,DNF,TRUE,Abandoned,62,155.3,TRUE,2.1038888888888887,4.945,0.2793386303761923,0.42372385117676364
2534,Romain CORSO,H,35-39M,419,Index <600,Finisher,FALSE,Other,200,173.6,TRUE,2.341666666666667,5.1475,0.04332751099830557,0.22497894313364517
2535,Nadia PORTELLI,F,55-59W,419,Index <600,DNF,TRUE,Abandoned,26,76.4,FALSE,2.1691666666666665,5.019444444444445,0.21582751099830585,0.35303449868920034
2536,Bin DAI,H,40-44M,419,Index <600,Finisher,FALSE,Other,200,173.6,TRUE,2.2580555555555555,5.091944444444445,0.1269386221094168,0.28053449868920055
2537,Tetsuya UEKUSA,H,60-64M,418,Index <600,Finisher,FALSE,Other,200,173.6,TRUE,2.2672222222222222,5.086666666666667,0.11953821756904925,0.2895564377239386
2538,Real PERRIARD,H,65-69M,418,Index <600,DNF,TRUE,Timed out (cut-off),40,99.4,TRUE,2.4652777777777777,5.421388888888889,-0.0785173379865061,-0.04516578449828361
2539,Michael KEALY,H,55-59M,420,Index <600,DNF,TRUE,Abandoned,16,52.2,FALSE,2.4988888888888887,5.628888888888889,-0.11566136962380771,-0.2601650377121245
2540,Simon THOMET,H,40-44M,418,Index <600,Finisher,FALSE,Other,200,173.6,TRUE,2.3158333333333334,5.172777777777778,0.07092710645793816,0.20344532661282727
2541,Anver Tak Shing CHING,H,60-64M,416,Index <600,DNF,TRUE,Abandoned,40,99.4,TRUE,2.3377777777777777,5.1755555555555555,0.052514011597943736,0.20812346963134726
2542,Zachary KRAUS,H,50-54M,418,Index <600,DNF,TRUE,Timed out (cut-off),38,94.2,TRUE,2.4980555555555557,5.780555555555556,-0.11129511576428412,-0.4043324511649502
2543,Jie SONG,F,40-44W,417,Index <600,Finisher,FALSE,Other,200,173.6,TRUE,2.2480555555555557,5.062222222222222,0.14047075362657974,0.3177342103209572
2544,Aji RACHMAN,H,50-54M,417,Index <600,DNF,TRUE,Timed out (cut-off),38,94.2,TRUE,2.6,5.633055555555556,-0.21147369081786457,-0.25309912301237625
2545,Kyoko MATSUMOTO,F,60-64W,416,Index <600,DNF,TRUE,Abandoned,26,76.4,FALSE,2.2641666666666667,5.276944444444444,0.1261251227090547,0.10673458074245853
2546,Vicenç PULIDO FRANCÀS,H,45-49M,415,Index <600,DNF,TRUE,Abandoned,16,52.2,FALSE,NA,6.0697222222222225,NA,-0.6823312423049123
2547,Raffaella BONETTI,F,55-59W,415,Index <600,Finisher,FALSE,Other,200,173.6,TRUE,2.493888888888889,5.438888888888889,-0.10183200497870248,-0.05149790897157897
2548,Jean-Marc PAULIN,H,55-59M,415,Index <600,DNF,TRUE,Abandoned,38,94.2,TRUE,2.3786111111111112,5.433333333333334,0.013445772799075086,-0.045942353416023436
2549,Jean-François GUILLEMET,H,40-44M,446,Index <600,DNF,TRUE,Abandoned,30,NA,TRUE,2.4058333333333333,5.313888888888889,-0.06868961549886297,-0.046953827236005725
2550,Stephane LAURENT,H,55-59M,415,Index <600,DNF,TRUE,Abandoned,28,81.3,TRUE,2.493888888888889,5.471666666666667,-0.10183200497870248,-0.08427568674935652
2551,Keiko SATO,F,55-59W,414,Index <600,DNF,TRUE,Timed out (cut-off),22,67.8,FALSE,2.663611111111111,5.851944444444444,-0.2697895147874234,-0.46085205011450786
2552,Damien FATREZ,H,45-49M,414,Index <600,Finisher,FALSE,Other,200,173.6,TRUE,2.451111111111111,5.3525,-0.05728951478742349,0.0385923943299365
2553,Chi Hang Frederick TAI,H,50-54M,414,Index <600,DNF,TRUE,Abandoned,16,52.2,FALSE,2.4816666666666665,5.579444444444444,-0.08784507034297892,-0.1883520501145079
2554,Toshiyuki MINAMI,H,40-44M,419,Index <600,Finisher,FALSE,Other,200,173.6,TRUE,2.4116666666666666,5.3405555555555555,-0.026672489001694267,0.0319233875780895
2555,Duan LV,H,35-39M,414,Index <600,Finisher,FALSE,Other,200,173.6,TRUE,2.3966666666666665,5.501944444444445,-0.0028450703429789745,-0.11085205011450819
2556,Roman SCHNETZ,H,65-69M,414,Index <600,DNF,TRUE,Abandoned,10,32.4,FALSE,2.461388888888889,5.796111111111111,-0.06756729256520153,-0.4050187167811747
2557,Xavier COTS SOLE,H,65-69M,414,Index <600,DNF,TRUE,Timed out (cut-off),28,81.3,TRUE,2.3272222222222223,5.88,0.06659937410146524,-0.48890760567006347
2558,Aura MAYORGA,F,55-59W,413,Index <600,DNF,TRUE,Abandoned,10,32.4,FALSE,2.3933333333333335,5.751111111111111,0.0022525968210482875,-0.35632774509079435
2559,Maher FADEN,H,40-44M,471,Index <600,DNF,TRUE,Abandoned,62,155.3,TRUE,2.298611111111111,5.161388888888889,-0.006091513891349682,-9.551086114633979e-4
2560,Aurélien SURMONT,H,40-44M,413,Index <600,DNF,TRUE,Abandoned,38,94.2,TRUE,2.4158333333333335,5.436111111111111,-0.020247403178951677,-0.04132774509079399
2561,Jérôme MOINET,H,40-44M,411,Index <600,DNF,TRUE,Abandoned,38,94.2,TRUE,2.525,5.730277777777777,-0.12588652378002216,-0.32814340616129767
2562,Jaehyun PARK,H,40-44M,412,Index <600,DNF,TRUE,Abandoned,30,NA,TRUE,2.3630555555555555,5.281666666666666,0.03429433338487066,0.11679732591732
2563,Yoshifumi SAITO,H,70-74M,412,Index <600,DNF,TRUE,Timed out (cut-off),60,148,TRUE,2.3002777777777776,5.336944444444445,0.09707211116264852,0.061519548139541434
2564,Chong ZHANG,H,70-74M,412,Index <600,DNF,TRUE,Timed out (cut-off),40,99.4,TRUE,2.254166666666667,5.085277777777778,0.1431832222737592,0.3131862148062084
2565,Boubékeur BOUKERMA,H,55-59M,412,Index <600,DNF,TRUE,Abandoned,26,76.4,FALSE,2.4783333333333335,5.620555555555556,-0.08098344439290739,-0.22209156297156946
2566,Peter Michael NIELSEN,H,60-64M,412,Index <600,Finisher,FALSE,Other,200,173.6,TRUE,2.403888888888889,5.421944444444445,-0.006538999948462839,-0.02348045186045863
2567,Pilu CHENG,H,35-39M,412,Index <600,DNF,TRUE,Timed out (cut-off),22,67.8,FALSE,2.445,5.638333333333334,-0.047650111059573744,-0.23986934074934735
2568,Sarjan NARWAN,H,20-34M,412,Index <600,DNF,TRUE,Timed out (cut-off),10,32.4,FALSE,2.7183333333333333,6.1322222222222225,-0.3209834443929072,-0.7337582296382361
2570,Florence COTEL,F,45-49W,411,Index <600,Finisher,FALSE,Other,200,173.6,TRUE,2.0769444444444445,4.8341666666666665,0.32216903177553335,0.5679677049498131
2571,Erik TIBALDI,H,50-54M,411,Index <600,Finisher,FALSE,Other,200,173.6,TRUE,2.2758333333333334,5.121944444444445,0.12328014288664446,0.2801899271720348
2572,Denis REYNARD,H,55-59M,411,Index <600,DNF,TRUE,Timed out (cut-off),30,NA,TRUE,2.46,5.910555555555556,-0.060886523780022204,-0.5084211839390763
2573,Antonio ALVES,H,55-59M,409,Index <600,DNF,TRUE,Abandoned,28,81.3,TRUE,2.4133333333333336,5.306111111111111,-0.010693782921101886,0.10333366635896739
2574,Eugene KUBOTA,H,55-59M,409,Index <600,DNF,TRUE,Abandoned,38,94.2,TRUE,2.4394444444444443,5.466111111111111,-0.03680489403221272,-0.056666333641032886
2575,Guillaume SCHINCARIOL,H,45-49M,409,Index <600,DNF,TRUE,Timed out (cut-off),40,99.4,TRUE,2.0875,5.047777777777778,0.31513955041223174,0.3616669996923002
2577,Paul HAYNES,H,45-49M,409,Index <600,DNF,TRUE,Timed out (cut-off),40,99.4,TRUE,2.54,5.720555555555555,-0.13736044958776847,-0.3111107780854769
2578,Lourens BIJSMA,H,40-44M,409,Index <600,Finisher,FALSE,Other,200,173.6,TRUE,2.334722222222222,5.138888888888889,0.06791732819000953,0.2705558885811891
2579,Vijayan PILLAI,H,50-54M,409,Index <600,Finisher,FALSE,Other,200,173.6,TRUE,2.275,5.215833333333333,0.12763955041223177,0.19361144413674505
2580,Daniel RIBBI,H,50-54M,408,Index <600,DNF,TRUE,Abandoned,18,62.9,FALSE,2.640277777777778,5.72,-0.23587573337653006,-0.3069150005177458
2581,Melisa MUSTAFA,F,35-39W,407,Index <600,DNF,TRUE,Abandoned,16,52.2,FALSE,2.485,5.753888888888889,-0.0788358189636004,-0.33717352454349475
2582,Abdullah ALSUBAIT,H,20-34M,407,Index <600,DNF,TRUE,Timed out (cut-off),40,99.4,TRUE,2.303888888888889,5.211944444444445,0.1022752921475106,0.20477091990094898
2584,Nicholas GONRING,H,40-44M,406,Index <600,DNF,TRUE,Abandoned,30,NA,TRUE,2.4588888888888887,5.358888888888889,-0.0509629250330447,0.06144708076614341
2585,David HENRY,H,35-39M,405,Index <600,Finisher,FALSE,Other,200,173.6,TRUE,2.4566666666666666,5.317777777777778,-0.04697927026892849,0.10616913522892779
2586,Hiroshi ISHIHARA,H,50-54M,403,Index <600,DNF,TRUE,Timed out (cut-off),26,76.4,FALSE,2.1591666666666667,5.051388888888889,0.2540425581348372,0.37975131532940454
2587,Christian DEES,H,65-69M,401,Index <600,Finisher,FALSE,Other,200,173.6,TRUE,2.373611111111111,5.250555555555556,0.04311858344184271,0.18774046318888216
2588,Hung CHOW,F,50-54W,403,Index <600,Finisher,FALSE,Other,200,173.6,TRUE,2.424722222222222,5.5280555555555555,-0.01151299742071808,-0.09691535133726197
2589,Minhyuck KIM,H,40-44M,403,Index <600,DNF,TRUE,Timed out (cut-off),16,52.2,FALSE,2.326388888888889,5.392222222222222,0.08682033591261507,0.03891798199607105
2590,Alexandre BERROUA,H,20-34M,402,Index <600,Finisher,FALSE,Other,200,173.6,TRUE,2.0894444444444447,4.698888888888889,0.32552518329524505,0.7358338583803895
2591,Bastien GATHY,H,35-39M,402,Index <600,Finisher,FALSE,Other,200,173.6,TRUE,2.4919444444444445,5.453888888888889,-0.0769748167047548,-0.01916614161961031
2593,Jonathan IIGA,H,50-54M,400,Index <600,DNF,TRUE,Abandoned,38,94.2,TRUE,2.546388888888889,5.523333333333333,-0.1278994601094363,-0.08147321709402675
2594,Liping JIANG,F,45-49W,402,Index <600,DNF,TRUE,Timed out (cut-off),22,67.8,FALSE,2.4588888888888887,5.649166666666667,-0.04391926114919896,-0.2144439193973882
2595,Michel LEBOT,H,70-74M,401,Index <600,DNF,TRUE,Timed out (cut-off),16,52.2,FALSE,2.6591666666666667,5.9375,-0.24243697211371307,-0.49920398125556176
2596,Kazushige KIYAMA,H,70-74M,401,Index <600,DNF,TRUE,Abandoned,16,52.2,FALSE,2.608611111111111,5.983333333333333,-0.1918814165581576,-0.5450373145888954
2597,Mitsuho KOJIMA,F,55-59W,400,Index <600,DNF,TRUE,Abandoned,10,32.4,FALSE,2.504722222222222,5.868055555555555,-0.08623279344276935,-0.4261954393162488
2598,Kensuke MOCHINAGA,H,55-59M,400,Index <600,DNF,TRUE,Timed out (cut-off),40,99.4,TRUE,2.123611111111111,4.878055555555555,0.29487831766834177,0.5638045606837513
2599,Megan HAMILL,F,20-34W,400,Index <600,Finisher,FALSE,Other,200,173.6,TRUE,2.0325,4.420555555555556,0.38598942877945247,1.021304560683751
2600,Bo WAN,H,40-44M,399,Index <600,DNF,TRUE,Abandoned,48,114,TRUE,2.345,5.383055555555556,0.07524883395734365,0.062359581793863104
2601,Shaun COE,H,35-39M,399,Index <600,DNF,TRUE,Abandoned,64,NA,TRUE,2.473888888888889,5.5055555555555555,-0.053640054931544945,-0.060140418206136276
2602,Marek KUDELA,H,40-44M,399,Index <600,DNF,TRUE,Abandoned,26,76.4,FALSE,2.4019444444444447,5.303888888888889,0.018304389512899175,0.14152624846052989
2603,Shinjiro YOSHIDA,H,65-69M,399,Index <600,DNF,TRUE,Abandoned,16,52.2,FALSE,2.4297222222222223,6.171944444444445,-0.009473388264878533,-0.7265293070950254
2604,Meas CHHAY,H,50-54M,399,Index <600,DNF,TRUE,Abandoned,14,46.9,FALSE,2.627222222222222,6.11,-0.20697338826487827,-0.664584862650581
2605,Umadewi RAVINDRANATHAN,F,35-39W,399,Index <600,DNF,TRUE,Timed out (cut-off),6,22.9,FALSE,2.837222222222222,NA,-0.4169733882648782,NA
2606,Fabrizio LAVURI,H,45-49M,398,Index <600,DNF,TRUE,Abandoned,16,52.2,FALSE,2.299722222222222,5.019166666666667,0.12228569140256225,0.4297945130036439
2607,Matthew WALSH,H,35-39M,398,Index <600,DNF,TRUE,Abandoned,26,76.4,FALSE,2.453333333333333,5.314166666666667,-0.03132541970854881,0.13479451300364412
2608,Maarten GERAETS,H,50-54M,398,Index <600,DNF,TRUE,Timed out (cut-off),40,99.4,TRUE,2.2827777777777776,5.310277777777777,0.13923013584700666,0.1386834018925335
2610,Fernando AGIS,H,50-54M,398,Index <600,Finisher,FALSE,Other,200,173.6,TRUE,2.1347222222222224,4.959722222222222,0.2872856914025619,0.4892389574480889
2611,Emmanuel QUIL,H,55-59M,397,Index <600,DNF,TRUE,Abandoned,10,32.4,FALSE,2.4916666666666667,5.7908333333333335,-0.0678999953467357,-0.3383349925358164
2612,Daniel SCOTT,H,45-49M,397,Index <600,Finisher,FALSE,Other,200,173.6,TRUE,2.3469444444444445,5.133611111111111,0.07682222687548657,0.31888722968640626
2613,Tomomi TACHIBANA,F,40-44W,393,Index <600,DNF,TRUE,Abandoned,51,127.5,TRUE,2.4130555555555557,5.421944444444445,0.017742997585167244,0.044615680835738275
2614,Bertrand MULLARTZ,H,55-59M,397,Index <600,DNF,TRUE,Abandoned,36,86.6,TRUE,2.4275,5.427222222222222,-0.003733328680069176,0.025276118575294784
2615,Sébastien HIRSCH,H,40-44M,404,Index <600,Finisher,FALSE,Other,200,173.6,TRUE,2.1355555555555554,4.971388888888889,0.27589292664468357,0.45615940310705866
2616,Carlos Ángel GONZALEZ ARAGON,H,40-44M,396,Index <600,Finisher,FALSE,Other,200,173.6,TRUE,2.019722222222222,4.625,0.4058028883587189,0.8310267183265722
2617,Christophe NAUROY,H,55-59M,396,Index <600,DNF,TRUE,Abandoned,16,52.2,FALSE,2.3366666666666664,5.499722222222222,0.08885844391427469,-0.04369550389565005
2618,Chenhu LIU,H,50-54M,396,Index <600,DNF,TRUE,Timed out (cut-off),22,67.8,FALSE,2.566666666666667,5.9025,-0.1411415560857258,-0.4464732816734274
2619,Sarad Kumar GAUCHAN,H,55-59M,395,Index <600,DNF,TRUE,Timed out (cut-off),26,76.4,FALSE,2.296666666666667,5.695555555555556,0.1306165682793049,-0.2360091457025443
2620,Anne-Louise GIRARDET,F,35-39W,412,Index <600,Finisher,FALSE,Other,200,173.6,TRUE,2.45,5.533611111111111,-0.05265011105957408,-0.13514711852712477
2621,Svavar Hrafn ÁGÚSTSSON,H,20-34M,395,Index <600,DNF,TRUE,Timed out (cut-off),6,22.9,FALSE,2.859166666666667,NA,-0.4318834317206951,NA
2622,Ge LI,H,35-39M,417,Index <600,Finisher,FALSE,Other,200,173.6,TRUE,1.958888888888889,4.456666666666667,0.4296374202932466,0.9232897658765125
2623,Jonghyun CHOI,H,50-54M,395,Index <600,DNF,TRUE,Abandoned,16,52.2,FALSE,2.4725,5.708055555555555,-0.045216765054028316,-0.2485091457025436
2624,Man Hay Alex WONG,H,40-44M,395,Index <600,DNF,TRUE,Abandoned,6,22.9,FALSE,2.7552777777777777,NA,-0.32799454283180596,NA
2625,Barbie LOH,F,55-59W,395,Index <600,DNF,TRUE,Timed out (cut-off),40,99.4,TRUE,2.367777777777778,5.646111111111111,0.059505457168193825,-0.18656470125809924
2626,Taeyun JEONG,H,20-34M,398,Index <600,Finisher,FALSE,Other,200,173.6,TRUE,2.6469444444444443,5.829444444444444,-0.22493653081966003,-0.3804832647741334
2627,Stéphane BULTEAU,H,50-54M,510,Index <600,Finisher,FALSE,Other,200,173.6,TRUE,2.323888888888889,5.058055555555556,-0.10195378611272612,-0.084340930331143
2628,Gustavo MAIA,H,50-54M,394,Index <600,Finisher,FALSE,Other,200,173.6,TRUE,2.1725,5.009444444444444,0.2565410479531801,0.45361306852792593
2629,Masayuki MATSUO,H,70-74M,393,Index <600,DNF,TRUE,Abandoned,NA,NA,FALSE,NA,NA,NA,NA
2630,Tareq ALBHLAL,H,55-59M,392,Index <600,DNF,TRUE,Timed out (cut-off),22,67.8,FALSE,2.6255555555555556,5.733611111111111,-0.19299980150879825,-0.26355676673912615
2631,Bryan BOYLE,H,55-59M,392,Index <600,DNF,TRUE,Timed out (cut-off),28,81.3,TRUE,2.6233333333333335,5.651666666666666,-0.19077757928657613,-0.18161232229468133
2632,Juan DU,F,55-59W,391,Index <600,DNF,TRUE,Abandoned,40,99.4,TRUE,2.4697222222222224,5.545555555555556,-0.0354095680127817,-0.07201528771224436
2633,Filip ROGANOVIC,H,35-39M,391,Index <600,Finisher,FALSE,Other,200,173.6,TRUE,2.3375,5.4325,0.09681265420944074,0.0410402678433109
2634,Jake TAYLOR,H,35-39M,390,Index <600,DNF,TRUE,Abandoned,30,NA,TRUE,2.5816666666666666,5.829722222222222,-0.1455974094997365,-0.3527042289325252
2635,Calvin CHEUNG,H,45-49M,389,Index <600,Finisher,FALSE,Other,200,173.6,TRUE,2.4044444444444446,5.3341666666666665,0.03338112201293742,0.14632095164001008
2636,Primoz DROL,H,50-54M,388,Index <600,DNF,TRUE,Timed out (cut-off),28,81.3,TRUE,NA,5.224722222222222,NA,0.25922701826756334
2637,Laurent PEIRONE,H,50-54M,388,Index <600,Finisher,FALSE,Other,200,173.6,TRUE,2.463611111111111,5.336111111111111,-0.02402952549215717,0.14783812937867383
2638,Denis CHEW,H,65-69M,387,Index <600,DNF,TRUE,Abandoned,NA,NA,FALSE,NA,NA,NA,NA
2639,Marc BOSSIS,H,60-64M,387,Index <600,Finisher,FALSE,Other,200,173.6,TRUE,2.446111111111111,5.427222222222222,-0.0047737929213078805,0.06018073521233613
2640,Kyaw Swar MYINT,H,35-39M,387,Index <600,Finisher,FALSE,Other,200,173.6,TRUE,2.5747222222222224,5.845555555555555,-0.1333849040324191,-0.35815259812099687
2641,Akiko KOFUKU,F,60-64W,386,Index <600,DNF,TRUE,Abandoned,NA,NA,FALSE,NA,NA,NA,NA
2642,Jean-Charles DELAVOIPIERE,H,65-69M,385,Index <600,DNF,TRUE,Timed out (cut-off),6,22.9,FALSE,2.7358333333333333,NA,-0.2909853956213722,NA
2643,Hailin ZHENG,F,20-34W,384,Index <600,DNF,TRUE,Timed out (cut-off),6,22.9,FALSE,2.8755555555555556,NA,-0.4289527238159718,NA
2644,Tetsuji OGAWA,H,55-59M,384,Index <600,DNF,TRUE,Timed out (cut-off),48,114,TRUE,2.4155555555555557,5.5055555555555555,0.031047276184028118,-0.007837902761341513
2645,Olivier GARCIN,H,45-49M,432,Index <600,DNF,TRUE,Timed out (cut-off),28,81.3,TRUE,2.2283333333333335,5.115833333333334,0.1336620879036847,0.20694129499227182
2646,Celine NICAISE,F,50-54W,383,Index <600,DNF,TRUE,Abandoned,40,99.4,TRUE,2.53,5.546388888888889,-0.08164254667088797,-0.04524816414789465
2647,Kiyotaka TERADA,H,40-44M,382,Index <600,DNF,TRUE,Abandoned,38,94.2,TRUE,2.6380555555555554,5.799444444444444,-0.18794374953685292,-0.29488806501732995
2648,Wei chao WANG,H,55-59M,382,Index <600,Finisher,FALSE,Other,200,173.6,TRUE,2.0480555555555555,4.748611111111111,0.40205625046314697,0.7559452683160033
2649,Fei XIE,H,45-49M,381,Index <600,DNF,TRUE,Abandoned,16,52.2,FALSE,2.5097222222222224,5.8405555555555555,-0.0578563288757098,-0.3325908411074473
2650,Phuong Thi LE,F,45-49W,380,Index <600,DNF,TRUE,Abandoned,18,62.9,FALSE,2.6205555555555557,5.907222222222222,-0.16693583670485654,-0.39585639482271084
2651,Alejandro CANESE,H,20-34M,380,Index <600,Finisher,FALSE,Other,200,173.6,TRUE,2.116388888888889,5.070277777777778,0.33723082996181036,0.4410880496217329
2652,Tsugio SASAKI,H,75-79M,379,Index <600,DNF,TRUE,Timed out (cut-off),6,22.9,FALSE,3.095833333333333,NA,-0.6404600472639136,NA
2653,Sabine GALPIN OSSONCE,F,35-39W,379,Index <600,DNF,TRUE,Timed out (cut-off),28,81.3,TRUE,2.2447222222222223,5.384166666666666,0.2106510638471972,0.13059314921019252
2654,Koji HAYASHI,H,55-59M,378,Index <600,DNF,TRUE,Timed out (cut-off),22,67.8,FALSE,2.3222222222222224,5.340277777777778,0.1349043763186081,0.17786899969790826
2655,Wendy DU TOIT,F,60-64W,377,Index <600,DNF,TRUE,Abandoned,16,52.2,FALSE,2.6777777777777776,6.086944444444445,-0.21889811797468825,-0.5654176346529173
2656,Mari HATANO,F,60-64W,377,Index <600,DNF,TRUE,Timed out (cut-off),26,76.4,FALSE,2.4305555555555554,5.4725,0.028324104247534055,0.0490268097915271
2657,Chris EADIE,H,35-39M,377,Index <600,Finisher,FALSE,Other,200,173.6,TRUE,2.310277777777778,5.358888888888889,0.14860188202531147,0.16263792090263823
2658,Sandrine WEISS ÉPOUSE FROGIER,F,45-49W,376,Index <600,Finisher,FALSE,Other,200,173.6,TRUE,2.3658333333333332,5.4475,0.09479914006101985,0.07740001041991841
2660,Chunyan TENG,F,50-54W,374,Index <600,DNF,TRUE,Timed out (cut-off),6,22.9,FALSE,2.7219444444444445,NA,-0.25780707272792097,NA
2661,Ka Hei NG,H,35-39M,373,Index <600,DNF,TRUE,Timed out (cut-off),52,127.5,TRUE,2.5,5.502222222222223,-0.03411053647625579,0.03275737591351377
2662,Naotake KATO,H,55-59M,372,Index <600,DNF,TRUE,Timed out (cut-off),40,99.4,TRUE,2.607222222222222,5.817777777777778,-0.13958090040962395,-0.2794513298081028
2663,Jonathan VILLALBA,H,40-44M,368,Index <600,Finisher,FALSE,Other,200,173.6,TRUE,2.277222222222222,5.001111111111111,0.197424268325265,0.5505402750519108
2664,Liz NEATE,F,35-39W,368,Index <600,Finisher,FALSE,Other,200,173.6,TRUE,2.508611111111111,5.579166666666667,-0.033964620563624016,-0.027515280503644525
2665,Alexandre DE LA FERTÉ,H,20-34M,367,Index <600,Finisher,FALSE,Other,200,173.6,TRUE,2.484722222222222,5.358888888888889,-0.008324987905359172,0.19607860451454348
2666,Mark THOMASSON,H,70-74M,366,Index <600,DNF,TRUE,Abandoned,48,114,TRUE,2.4294444444444445,5.615277777777778,0.048703321352369724,-0.057000032866035354
2667,Youngjun CHEONG,H,45-49M,365,Index <600,DNF,TRUE,Abandoned,16,52.2,FALSE,2.576111111111111,6.008611111111111,-0.09621302258561265,-0.4470288728276239
2668,Wolfgang LEGOFF,H,50-54M,361,Index <600,Finisher,FALSE,Other,200,173.6,TRUE,2.281111111111111,5.072777777777778,0.20578625157959218,0.5019668045377313
2669,Abdul Aziz SAEFULLOH,H,35-39M,359,Index <600,DNF,TRUE,Abandoned,38,94.2,TRUE,2.4394444444444443,5.7572222222222225,0.05095139481334126,-0.17592847922618518
2670,Jonny HUNTINGTON,H,40-44M,360,Index <600,Finisher,FALSE,Other,200,173.6,TRUE,2.460277777777778,5.566388888888889,0.028368916957629057,0.011632860048562049
2671,Amy WINTERS,F,50-54W,357,Index <600,DNF,TRUE,Abandoned,60,148,TRUE,2.078333333333333,4.756111111111111,0.4155602465548636,0.831711492694172
2672,Wei XIE,H,45-49M,357,Index <600,DNF,TRUE,Abandoned,16,52.2,FALSE,2.335,5.266388888888889,0.15889357988819686,0.32143371491639444
2673,Nicholas KEWELL,H,50-54M,355,Index <600,DNF,TRUE,Abandoned,30,NA,TRUE,2.5625,5.825833333333334,-0.06510938711280681,-0.23150138782580595
2674,Gustavo VICECONTI,H,55-59M,378,Index <600,DNF,TRUE,Abandoned,52,127.5,TRUE,2.504166666666667,5.508055555555556,-0.0470400681258364,0.010091221920130247
2675,Ang ZHAO,H,40-44M,354,Index <600,DNF,TRUE,Abandoned,16,52.2,FALSE,2.613888888888889,6.003055555555555,-0.11475001601858521,-0.40547601487319324
2676,Said AL KALBANI,H,40-44M,346,Index <600,DNF,TRUE,Timed out (cut-off),6,22.9,FALSE,2.9027777777777777,NA,-0.3896585143991644,NA
2677,Chee Keong TANG,H,55-59M,330,Index <600,DNF,TRUE,Abandoned,10,32.4,FALSE,2.421111111111111,6.028888888888889,0.11994425110037836,-0.35451869132361724
2678,David STEWART,H,55-59M,322,Index <600,DNF,TRUE,Abandoned,16,52.2,FALSE,2.5841666666666665,5.945277777777778,-0.029151973057767025,-0.24566464105850297
2679,Patricia KEENE,F,70-74W,318,Index <600,DNF,TRUE,Timed out (cut-off),6,22.9,FALSE,2.693611111111111,NA,-0.13161813876107975,NA
2680,Veselin KARAIVANOV,H,60-64M,307,Index <600,DNF,TRUE,Timed out (cut-off),22,67.8,FALSE,2.4475,5.862222222222222,0.13368070910583751,-0.11549182083318489
2684,Horacio IBARRECHE,H,45-49M,541,Index <600,Finisher,FALSE,Other,200,173.6,TRUE,2.2605555555555554,4.9255555555555555,-0.10082032733990819,-0.12238331057115492
2694,Jimmie PRESLEY,H,50-54M,555,Index <600,Finisher,FALSE,Other,200,173.6,TRUE,1.9730555555555556,4.514166666666667,0.1540227165479092,0.20420601718797424
2700,Vincent BIVILLE,H,40-44M,568,Index <600,Finisher,FALSE,Other,200,173.6,TRUE,2.2355555555555555,4.964722222222222,-0.14236247576136388,-0.32987185994666357
