bib,race_id,fullname,sex,age,category,country_code,club,utmb_index,status,outcome,is_finisher,rank_scratch,rank_sex,rank_cat,race_time,race_time_seconds,total_rest_time_seconds,last_point_id,n_passings,start_time
1,utmb,Courtney DAUWALTER,F,41,40-44W,US,Salomon,842,f,Finisher,TRUE,64,10,3,25:50:38,93038,1167,144,25,2025-08-29T15:45:00.000Z
3,utmb,Ruth CROFT,F,37,35-39W,NZ,adidas TERREX,796,f,Finisher,TRUE,21,1,1,22:56:23,82583,969,144,25,2025-08-29T15:45:00.000Z
4,utmb,Jonathan ALBON,H,37,35-39M,GB,The North Face,926,a,DNF,FALSE,1746,1511,287,16:44:07,51463,9152,27,18,2025-08-29T15:45:00.000Z
5,utmb,Abby HALL,F,36,35-39W,US,adidas TERREX,789,a,DNF,FALSE,1943,272,48,19:58:11,51740,21381,20,15,2025-08-29T15:45:00.000Z
6,utmb,Daniel JONES,H,36,35-39M,NZ,Adidas Terrex,920,a,DNF,FALSE,2074,1785,323,09:24:03,33843,106,14,11,2025-08-29T15:45:00.000Z
8,utmb,Hayden HAWKS,H,35,20-34M,US,HOKA,913,a,DNF,FALSE,2254,1936,369,05:44:42,20682,NA,8,6,2025-08-29T15:45:00.000Z
10,utmb,Tom EVANS,H,34,20-34M,GB,ASICS,955,f,Finisher,TRUE,1,1,1,19:18:58,69538,783,144,25,2025-08-29T15:45:00.000Z
12,utmb,Ji DUO,H,34,20-34M,CN,HOKA,906,f,Finisher,TRUE,4,4,4,20:15:05,72905,849,144,25,2025-08-29T15:45:00.000Z
13,utmb,Emily HAWGOOD,F,32,20-34W,ZW,adidas TERREX,769,f,Finisher,TRUE,574,69,28,38:11:16,137476,12734,144,25,2025-08-29T15:45:00.000Z
14,utmb,Jeff MOGAVERO,H,33,20-34M,US,On Trail,906,a,DNF,FALSE,1708,1479,291,22:20:56,79545,9699,31,20,2025-08-29T15:45:00.000Z
15,utmb,Heather JACKSON,F,42,40-44W,US,HOKA,767,f,Finisher,TRUE,148,19,4,29:33:00,106380,3522,144,25,2025-08-29T15:45:00.000Z
16,utmb,Ben DHIMAN,H,35,20-34M,US,ASICS FUJI TRAIL,904,f,Finisher,TRUE,2,2,2,19:51:37,71497,784,144,25,2025-08-29T15:45:00.000Z
17,utmb,Katharina HARTMUTH,F,31,20-34W,DE,HOKA,762,f,Finisher,TRUE,35,3,2,24:16:39,87399,1604,144,24,2025-08-29T15:45:00.000Z
18,utmb,Dmitry MITYAEV,H,35,20-34M,AN,Adidas TERREX,904,a,DNF,FALSE,1845,1588,315,21:39:39,53939,24517,24,16,2025-08-29T15:45:00.000Z
19,utmb,Ekaterina MITYAEVA,F,37,35-39W,AN,adidas TERREX,759,a,DNF,FALSE,1753,236,41,19:06:45,68252,1732,27,18,2025-08-29T15:45:00.000Z
20,utmb,Jiaju ZHAO,H,31,20-34M,CN,KAILAS FUGA,896,f,Finisher,TRUE,10,10,7,21:19:47,76787,630,144,25,2025-08-29T15:45:00.000Z
23,utmb,Ludovic POMMERET,H,51,50-54M,FR,Hoka,895,f,Finisher,TRUE,6,6,1,20:40:34,74434,1047,144,25,2025-08-29T15:45:00.000Z
24,utmb,Miguel HERAS,H,51,50-54M,ES,2007 TRAIL,896,a,DNF,FALSE,1938,1668,230,17:10:51,43259,19041,20,15,2025-08-29T15:45:00.000Z
25,utmb,Jiasheng SHEN,H,31,20-34M,CN,The North Face/SHOKZ/COROS,894,f,Finisher,TRUE,8,8,5,21:11:59,76319,1567,144,24,2025-08-29T15:45:00.000Z
26,utmb,Germain GRANGIER,H,36,35-39M,FR,On,892,a,DNF,FALSE,1826,1572,298,13:00:36,46836,406,24,17,2025-08-29T15:45:00.000Z
27,utmb,Thibaut GARRIVIER,H,36,35-39M,FR,HOKA,887,f,Finisher,TRUE,5,5,1,20:20:25,73225,615,144,25,2025-08-29T15:45:00.000Z
29,utmb,Katarzyna DOMBROWSKA,F,36,35-39W,PL,On Trail Team,756,a,DNF,FALSE,2079,290,53,10:30:51,37851,152,14,10,2025-08-29T15:45:00.000Z
30,utmb,Camille BRUYAS,F,34,20-34W,FR,,755,f,Finisher,TRUE,25,2,1,23:28:48,84528,1242,144,25,2025-08-29T15:45:00.000Z
31,utmb,Jean-Philippe TSCHUMI,H,44,40-44M,CH,Hoka,901,a,DNF,FALSE,2474,2114,459,03:59:20,7098,7262,3,2,2025-08-29T15:45:00.000Z
32,utmb,Rod FARVARD,H,31,20-34M,US,HOKA,890,f,Finisher,TRUE,9,9,6,21:18:24,76704,1675,144,25,2025-08-29T15:45:00.000Z
33,utmb,Lin CHEN,F,35,20-34W,CN,Adidas TERREX,753,a,DNF,FALSE,2264,319,61,07:29:46,23039,3947,8,6,2025-08-29T15:45:00.000Z
34,utmb,Dakota JONES,H,36,35-39M,US,,890,f,Finisher,TRUE,72,61,13,26:02:50,93770,4896,144,25,2025-08-29T15:45:00.000Z
35,utmb,Antonina IUSHINA,F,33,20-34W,AN,,748,a,DNF,FALSE,2408,351,67,03:42:58,13378,NA,4,3,2025-08-29T15:45:00.000Z
36,utmb,Aurelien DUNAND PALLAZ,H,34,20-34M,FR,Compressport,876,f,Finisher,TRUE,20,20,16,22:50:40,82240,2259,144,25,2025-08-29T15:45:00.000Z
37,utmb,Yannick NOËL,H,40,35-39M,FR,Inov8,880,f,Finisher,TRUE,7,7,2,21:03:41,75821,1146,144,25,2025-08-29T15:45:00.000Z
38,utmb,Lauren PURETZ,F,43,40-44W,US,,750,f,Finisher,TRUE,46,8,2,24:54:57,89697,1451,144,24,2025-08-29T15:45:00.000Z
39,utmb,Théo DETIENNE,H,27,20-34M,FR,Team New Balance,877,a,DNF,FALSE,1705,1476,289,16:50:43,60403,797,31,20,2025-08-29T15:45:00.000Z
41,utmb,Ionel Cristian MANOLE,H,38,35-39M,ES,Salomon CN,877,a,DNF,FALSE,1832,1577,299,15:54:00,57147,1060,24,17,2025-08-29T15:45:00.000Z
42,utmb,Claudia TREMPS,F,30,20-34W,ES,ON RUNNING,745,f,Finisher,TRUE,51,9,6,25:05:07,90307,2349,144,25,2025-08-29T15:45:00.000Z
43,utmb,Jonas RUSSI,H,41,40-44M,CH,HOKA/LEKI/Julbo/russimassagepraxis,872,f,Finisher,TRUE,55,46,6,25:27:00,91620,3973,144,25,2025-08-29T15:45:00.000Z
45,utmb,Aleix TODA MAS,H,37,35-39M,ES,COMPRESSPORT,869,a,DNF,FALSE,2189,1884,336,13:50:07,35253,14696,13,10,2025-08-29T15:45:00.000Z
46,utmb,Josh WADE,H,32,20-34M,GB,The North Face,866,f,Finisher,TRUE,3,3,3,20:05:06,72306,854,144,25,2025-08-29T15:45:00.000Z
47,utmb,Ricardo CHERTA,H,29,20-34M,ES,BROOKS TRAIL RUNNERS,867,a,DNF,FALSE,2216,1904,360,09:30:05,29529,5040,11,8,2025-08-29T15:45:00.000Z
48,utmb,Simon GOSSELIN,H,31,20-34M,FR,On running,866,a,DNF,FALSE,1830,1575,311,13:48:32,49587,626,24,17,2025-08-29T15:45:00.000Z
49,utmb,Philipp AUSSERHOFER,H,34,20-34M,IT,,866,f,Finisher,TRUE,66,56,37,25:52:18,93138,3498,144,25,2025-08-29T15:45:00.000Z
50,utmb,Francois D'HAENE,H,41,40-44M,FR,SALOMON,865,a,DNF,FALSE,2213,1901,419,07:35:28,27328,71,11,7,2025-08-29T15:45:00.000Z
51,utmb,Guomin DENG,H,37,35-39M,CN,THE NORTH FACE,864,np,Other,FALSE,NA,NA,NA,00:00:00,0,NA,NA,0,2025-08-29T15:45:00.000Z
53,utmb,Anna LI,F,33,20-34W,CN,HOKA,736,np,Other,FALSE,NA,NA,NA,00:00:00,0,NA,NA,0,2025-08-29T15:45:00.000Z
55,utmb,Johanna ANTILA,F,46,45-49W,FI,Salomon,732,a,DNF,FALSE,1837,256,49,18:07:51,64557,2541,24,17,2025-08-29T15:45:00.000Z
56,utmb,Maite MAIORA ELIZONDO,F,46,45-49W,ES,TEAM VIBRAM,730,f,Finisher,TRUE,88,13,2,27:17:41,98261,2250,144,25,2025-08-29T15:45:00.000Z
58,utmb,Alyssa CLARK,F,33,20-34W,US,On Trail Running,721,f,Finisher,TRUE,292,39,19,33:03:32,119012,9406,144,24,2025-08-29T15:45:00.000Z
59,utmb,Emma STUART,F,36,35-39W,IE,Scarpa International,721,f,Finisher,TRUE,70,11,2,25:57:55,93475,2527,144,25,2025-08-29T15:45:00.000Z
60,utmb,Magali MELLON,F,29,20-34W,FR,Team Inov8,718,f,Finisher,TRUE,43,6,4,24:48:12,89292,1360,144,25,2025-08-29T15:45:00.000Z
62,utmb,Lindsey DWYER,F,35,20-34W,US,Team: San Francisco Running Company,715,f,Finisher,TRUE,121,17,8,28:30:55,102655,3286,144,25,2025-08-29T15:45:00.000Z
63,utmb,Martina KLANCNIK POTRČ,F,35,20-34W,SI,K24/On,715,a,DNF,FALSE,2273,322,62,07:55:35,27487,1048,8,6,2025-08-29T15:45:00.000Z
64,utmb,Anna CARLSSON,F,41,40-44W,SE,Asics Trail/Umara Sports Club,710,f,Finisher,TRUE,40,4,1,24:39:42,88782,2345,144,25,2025-08-29T15:45:00.000Z
70,utmb,Matteo ANSELMI,H,32,20-34M,IT,SCARPA,859,a,DNF,FALSE,2255,1937,370,06:01:06,21666,NA,8,6,2025-08-29T15:45:00.000Z
71,utmb,Tom JOLY,H,35,20-34M,GB,Kailas Fuga,857,a,DNF,FALSE,1748,1513,299,17:00:11,59675,2175,27,18,2025-08-29T15:45:00.000Z
72,utmb,Christian MEIER,H,41,40-44M,CA,Salomon Pro Team,852,np,Other,FALSE,NA,NA,NA,00:00:00,0,NA,NA,0,2025-08-29T15:45:00.000Z
73,utmb,Valentin BENARD,H,29,20-34M,FR,Asics Fuji Trail,855,a,DNF,FALSE,1916,1648,326,14:32:13,52333,840,22,16,2025-08-29T15:45:00.000Z
74,utmb,Baptiste COATANTIEC,H,29,20-34M,FR,Nike trail,856,f,Finisher,TRUE,11,11,8,21:42:54,78174,1204,144,25,2025-08-29T15:45:00.000Z
75,utmb,Aleksei TOLSTENKO,H,42,40-44M,AN,Trail Running School,853,a,DNF,FALSE,2075,1786,396,09:44:59,35099,136,14,11,2025-08-29T15:45:00.000Z
76,utmb,Aubin FERRARI,H,29,20-34M,FR,ALTRA RUNNING,852,a,DNF,FALSE,2215,1903,359,09:26:24,26729,7369,11,8,2025-08-29T15:45:00.000Z
78,utmb,Antoine LAMBOY-MARTIN,H,31,20-34M,FR,The North Face / Running Conseil Annemasse,851,f,Finisher,TRUE,12,12,9,21:50:00,78600,1222,144,25,2025-08-29T15:45:00.000Z
79,utmb,Kamil LEŚNIAK,H,33,20-34M,PL,Hoka Garmin Team,851,f,Finisher,TRUE,14,14,11,22:08:47,79727,1783,144,25,2025-08-29T15:45:00.000Z
81,utmb,Santos Gabriel RUEDA,H,35,20-34M,AR,COLUMBIA,848,f,Finisher,TRUE,15,15,12,22:11:25,79885,1222,144,25,2025-08-29T15:45:00.000Z
82,utmb,Cody LIND,H,31,20-34M,US,Adidas Terrex,848,f,Finisher,TRUE,16,16,13,22:11:28,79888,1350,144,25,2025-08-29T15:45:00.000Z
83,utmb,Pablo VILLA,H,38,35-39M,ES,C.A.adidas,845,a,DNF,FALSE,1953,1680,310,20:46:03,41656,33736,20,15,2025-08-29T15:45:00.000Z
84,utmb,Nicolas GOURDON,H,31,20-34M,FR,NEW BALANCE / MERIBEL,844,f,Finisher,TRUE,19,19,15,22:43:34,81814,1162,144,25,2025-08-29T15:45:00.000Z
85,utmb,Gilles ROUX,H,28,20-34M,IT,,843,a,DNF,FALSE,2404,2054,380,03:23:23,12203,NA,4,3,2025-08-29T15:45:00.000Z
86,utmb,Terunobu KUROKAWA,H,34,20-34M,JP,,840,a,DNF,FALSE,1709,1480,292,22:52:25,72088,11921,31,20,2025-08-29T15:45:00.000Z
87,utmb,Marek CAUSIDIS,H,35,20-34M,CZ,SALOMON,840,a,DNF,FALSE,2073,1784,346,09:08:42,32922,136,14,11,2025-08-29T15:45:00.000Z
88,utmb,Gediminas GRINIUS,H,47,45-49M,LT,TEAM VIBRAM,838,a,DNF,FALSE,2076,1787,304,09:57:17,35837,501,14,10,2025-08-29T15:45:00.000Z
89,utmb,Bastien FLEURY,H,37,35-39M,FR,Team Cimalp,838,a,DNF,FALSE,2045,1760,316,12:19:13,38647,6377,18,13,2025-08-29T15:45:00.000Z
90,utmb,Stephen KERSH,H,35,20-34M,US,adidas TERREX,833,f,Finisher,TRUE,29,27,23,23:45:33,85533,2055,144,25,2025-08-29T15:45:00.000Z
91,utmb,Douglas PICKARD,H,42,40-44M,ZA,Salomon SA,837,np,Other,FALSE,NA,NA,NA,00:00:00,0,NA,NA,0,2025-08-29T15:45:00.000Z
92,utmb,Helio FUMO,H,43,40-44M,PT,Compressport,834,f,Finisher,TRUE,60,51,7,25:39:48,92388,3073,144,25,2025-08-29T15:45:00.000Z
93,utmb,Matthew VIRA,H,28,20-34M,US,Naak,832,a,DNF,FALSE,1848,1590,316,22:03:04,54885,25061,24,17,2025-08-29T15:45:00.000Z
94,utmb,Matthew SEIDEL,H,30,20-34M,US,Norda,831,f,Finisher,TRUE,58,49,33,25:34:29,92069,1344,144,25,2025-08-29T15:45:00.000Z
95,utmb,Oriol BARBANY BOFILL,H,31,20-34M,ES,Roots Performance,830,a,DNF,FALSE,1831,1576,312,15:51:47,57025,1112,24,17,2025-08-29T15:45:00.000Z
96,utmb,Jisub KIM,H,38,35-39M,KR,The North Face,829,a,DNF,FALSE,2406,2056,366,03:30:32,12632,NA,4,3,2025-08-29T15:45:00.000Z
97,utmb,Michael DUNSTAN,H,31,20-34M,AU,,828,a,DNF,FALSE,1749,1514,300,17:11:47,61489,2559,27,18,2025-08-29T15:45:00.000Z
98,utmb,Andy BERRY,H,41,40-44M,GB,Inov8,827,a,DNF,FALSE,1747,1512,337,16:59:04,59788,1777,27,18,2025-08-29T15:45:00.000Z
99,utmb,Ferdinand AIRAULT,H,34,20-34M,FR,T8 x Aravaipa,827,f,Finisher,TRUE,62,53,36,25:45:08,92708,1777,144,25,2025-08-29T15:45:00.000Z
100,utmb,Alban BERSON,H,45,40-44M,FR,Altra,821,a,DNF,FALSE,2089,1799,397,11:27:47,41267,528,14,11,2025-08-29T15:45:00.000Z
101,utmb,Canyon WOODWARD,H,33,20-34M,US,,835,f,Finisher,TRUE,13,13,10,22:03:39,79419,1442,144,25,2025-08-29T15:45:00.000Z
102,utmb,Aleksei BERESNEV,H,35,20-34M,AN,ALTRA - UGLOW,823,f,Finisher,TRUE,31,29,24,24:03:33,86613,1949,144,25,2025-08-29T15:45:00.000Z
103,utmb,Samuel COLLINS,H,31,20-34M,US,,823,f,Finisher,TRUE,131,114,56,28:50:21,103821,8960,144,25,2025-08-29T15:45:00.000Z
104,utmb,Celio Augusto ROSA,H,48,45-49M,BR,Life Runners Brasil,817,np,Other,FALSE,NA,NA,NA,00:00:00,0,NA,NA,0,2025-08-29T15:45:00.000Z
105,utmb,Cedric CHAVET,H,51,50-54M,FR,Team Globetrailers Unifer Traforex,821,a,DNF,FALSE,1951,1678,231,20:41:30,50703,24888,20,15,2025-08-29T15:45:00.000Z
106,utmb,Petter RESTORP,H,49,45-49M,SE,La Sportiva,821,a,DNF,FALSE,2088,1798,307,11:18:43,40723,414,14,11,2025-08-29T15:45:00.000Z
107,utmb,Roman FICEK,H,37,35-39M,PL,Hoka Poland,821,np,Other,FALSE,NA,NA,NA,00:00:00,0,NA,NA,0,2025-08-29T15:45:00.000Z
108,utmb,Dong HE,H,28,20-34M,CN,,NA,f,Finisher,TRUE,53,44,31,25:15:51,90951,6298,144,25,2025-08-29T15:45:00.000Z
109,utmb,George MURRAY,H,34,20-34M,NZ,,819,a,DNF,FALSE,1935,1665,330,14:44:02,53042,873,20,15,2025-08-29T15:45:00.000Z
110,utmb,Timo TOLLEFSON,H,41,40-44M,US,CRAFT,819,a,DNF,FALSE,2055,1769,392,09:09:49,32989,678,15,12,2025-08-29T15:45:00.000Z
111,utmb,Nicolas ALLEMEERSCH,H,31,20-34M,FR,,818,f,Finisher,TRUE,32,30,25,24:08:08,86888,2589,144,24,2025-08-29T15:45:00.000Z
112,utmb,Peter VAN DER ZON,H,35,20-34M,NL,HOKA,818,a,DNF,FALSE,2253,1935,368,09:36:45,34605,NA,9,7,2025-08-29T15:45:00.000Z
113,utmb,Jiqian WANG,H,38,35-39M,CN,THE NORTH FACE,817,a,DNF,FALSE,1684,1459,273,22:20:03,80403,2011,34,21,2025-08-29T15:45:00.000Z
114,utmb,Guillaume DENEFFE,H,43,40-44M,BE,TraKKs Belgium,813,f,Finisher,TRUE,17,17,1,22:11:32,79892,1304,144,25,2025-08-29T15:45:00.000Z
115,utmb,Tristan BLANCHARD,H,47,45-49M,CH,,817,a,DNF,FALSE,2400,2050,350,08:27:23,14912,15531,6,4,2025-08-29T15:45:00.000Z
116,utmb,Janez KLANCNIK,H,41,40-44M,SI,K24 Ultra Trail Team,815,a,DNF,FALSE,2272,1951,431,07:55:34,27468,1066,8,6,2025-08-29T15:45:00.000Z
117,utmb,Hajime MAMBA,H,34,20-34M,JP,HOKA / PAAGOWORKS,810,f,Finisher,TRUE,206,180,77,31:02:27,111747,2063,144,24,2025-08-29T15:45:00.000Z
118,utmb,Dylan DAME,H,30,20-34M,BE,,807,f,Finisher,TRUE,27,25,21,23:38:06,85086,1366,144,25,2025-08-29T15:45:00.000Z
119,utmb,Arden YOUNG,F,40,35-39W,CA,Norda,708,f,Finisher,TRUE,180,23,6,30:22:53,109373,15113,144,25,2025-08-29T15:45:00.000Z
120,utmb,Paulina KRAWCZAK,F,41,40-44W,PL,ALTRA TEAM/ATTIQ TEAM/BIEGUSIEM.PL,708,a,DNF,FALSE,1955,274,61,20:47:19,55582,22430,20,14,2025-08-29T15:45:00.000Z
121,utmb,Lucy BARTHOLOMEW,F,30,20-34W,AU,salomon,704,f,Finisher,TRUE,45,7,5,24:51:32,89492,1992,144,24,2025-08-29T15:45:00.000Z
122,utmb,Kevin ROUX,H,36,35-39M,FR,Montagn’hard,805,np,Other,FALSE,NA,NA,NA,00:00:00,0,NA,NA,0,2025-08-29T15:45:00.000Z
123,utmb,Nicolas JACOB,H,32,20-34M,FR,,804,f,Finisher,TRUE,59,50,34,25:39:21,92361,2432,144,25,2025-08-29T15:45:00.000Z
124,utmb,Robin FOURNIER,H,31,20-34M,CH,Stay in Motion,804,f,Finisher,TRUE,23,22,18,23:12:22,83542,1435,144,25,2025-08-29T15:45:00.000Z
125,utmb,Rubén DIEGUEZ QUIROGA,H,44,40-44M,ES,,803,a,DNF,FALSE,1751,1516,338,17:36:07,63062,2580,27,18,2025-08-29T15:45:00.000Z
126,utmb,Enrica DEMATTEIS,F,43,40-44W,IT,,709,a,DNF,FALSE,1755,237,53,20:08:15,71642,3770,27,18,2025-08-29T15:45:00.000Z
127,utmb,Ugo FERRARI,H,34,20-34M,FR,Team Altra,803,f,Finisher,TRUE,26,24,20,23:29:40,84580,1714,144,25,2025-08-29T15:45:00.000Z
128,utmb,Daniele CALANDRI,H,43,40-44M,IT,InRun,799,a,DNF,FALSE,1937,1667,371,15:27:49,54882,4544,20,15,2025-08-29T15:45:00.000Z
129,utmb,Elena HORTON,F,30,20-34W,US,Green Racing Project,699,f,Finisher,TRUE,146,18,9,29:23:30,105810,3122,144,25,2025-08-29T15:45:00.000Z
130,utmb,Clément DESILLE,H,36,35-39M,FR,Annecy Athlétisme / Cimalp,801,a,DNF,FALSE,2091,1801,327,11:44:56,42296,92,14,11,2025-08-29T15:45:00.000Z
131,utmb,Ales SEDLAK,H,38,35-39M,CZ,TJ Magla/RockPoint,799,f,Finisher,TRUE,36,33,3,24:24:37,87877,1767,144,25,2025-08-29T15:45:00.000Z
132,utmb,Yuanyuan WU,F,39,35-39W,CN,Altra,702,a,DNF,FALSE,1710,230,38,25:31:56,90119,5079,31,20,2025-08-29T15:45:00.000Z
133,utmb,Mathieu COLZATO,H,31,20-34M,FR,,799,f,Finisher,TRUE,55,46,32,25:27:00,91620,6010,144,25,2025-08-29T15:45:00.000Z
134,utmb,Mélanie DELASOIE,F,36,35-39W,CH,Dynafit,702,f,Finisher,TRUE,100,15,4,27:49:17,100157,1572,144,25,2025-08-29T15:45:00.000Z
135,utmb,Gerald FISTER,H,48,45-49M,AT,BOA-Trailrunning Team,798,a,DNF,FALSE,2086,1796,306,10:55:13,39313,632,14,10,2025-08-29T15:45:00.000Z
136,utmb,Fabien FEUTRIER,H,27,20-34M,FR,,796,a,DNF,FALSE,1706,1477,290,19:18:07,68168,2423,31,20,2025-08-29T15:45:00.000Z
137,utmb,Jiří PETR,H,47,45-49M,CZ,SALOMON,797,f,Finisher,TRUE,111,96,4,28:09:44,101384,4620,144,25,2025-08-29T15:45:00.000Z
138,utmb,Aleš SVETINA,H,35,20-34M,SI,,797,a,DNF,FALSE,2087,1797,351,11:16:32,40592,2162,14,11,2025-08-29T15:45:00.000Z
139,utmb,Zhaoying LIU,H,35,20-34M,CN,Kailas Fuga Team,797,np,Other,FALSE,NA,NA,NA,00:00:00,0,NA,NA,0,2025-08-29T15:45:00.000Z
140,utmb,Laura HANSEN,F,36,35-39W,US,SFRC,698,f,Finisher,TRUE,97,14,3,27:43:53,99833,3148,144,25,2025-08-29T15:45:00.000Z
141,utmb,Antoine LAINÉ,H,34,20-34M,FR,As figarella,796,a,DNF,FALSE,2082,1792,348,10:40:30,38430,625,14,11,2025-08-29T15:45:00.000Z
142,utmb,Nicholas LIGHTBODY,H,35,20-34M,CA,Peak Endurance,795,a,DNF,FALSE,2085,1795,350,10:53:11,39191,1115,14,11,2025-08-29T15:45:00.000Z
143,utmb,Xingzhi BAI,H,40,35-39M,CN,VIBRAM,795,f,Finisher,TRUE,81,69,15,26:47:19,96439,4243,144,25,2025-08-29T15:45:00.000Z
144,utmb,Delbi VILLA GONGORA,H,39,35-39M,PE,FRENCH BEE - TAHITI,795,a,DNF,FALSE,2217,1905,339,09:30:24,32257,2712,11,8,2025-08-29T15:45:00.000Z
146,utmb,Oana MIHALCEA,F,42,40-44W,RO,.,694,a,DNF,FALSE,2269,321,72,07:45:03,27903,NA,8,6,2025-08-29T15:45:00.000Z
147,utmb,Inês MARQUES,F,33,20-34W,PT,Team HG - AMLSPORT,695,a,DNF,FALSE,1850,259,54,22:16:05,66413,17341,24,17,2025-08-29T15:45:00.000Z
148,utmb,Edgar DIAS,H,41,40-44M,FR,Côme,791,f,Finisher,TRUE,92,79,14,27:38:13,99493,4709,144,25,2025-08-29T15:45:00.000Z
149,utmb,Armando TEIXEIRA,H,51,50-54M,PT,CARAVELA SEGUROS  TRAIL RUNNING TEAM,793,a,DNF,FALSE,2258,1940,283,06:21:36,22896,NA,8,6,2025-08-29T15:45:00.000Z
150,utmb,Paul LENOIR,H,30,20-34M,FR,Ravanel & Co,791,f,Finisher,TRUE,24,23,19,23:17:24,83844,1689,144,24,2025-08-29T15:45:00.000Z
151,utmb,Johann OBERMUELLER,H,38,35-39M,DE,hypoxicum/terrex,783,f,Finisher,TRUE,78,66,14,26:37:57,95877,4744,144,25,2025-08-29T15:45:00.000Z
152,utmb,Stephanie HOWE,F,43,40-44W,US,The North Face,694,a,DNF,FALSE,2441,356,79,05:46:44,15279,5525,4,3,2025-08-29T15:45:00.000Z
153,utmb,Emily BRUNT,F,37,35-39W,AU,,693,a,DNF,FALSE,1721,234,40,30:30:47,90714,25407,31,20,2025-08-29T15:45:00.000Z
154,utmb,Clément MUGNIER,H,30,20-34M,FR,CDS Méribel / TDR Albertville,790,a,DNF,FALSE,1936,1666,331,15:03:31,49256,5827,20,14,2025-08-29T15:45:00.000Z
155,utmb,Kyle FOX,H,38,35-39M,US,,789,np,Other,FALSE,NA,NA,NA,00:00:00,0,NA,NA,0,2025-08-29T15:45:00.000Z
156,utmb,Maëlle DERUAZ,F,32,20-34W,FR,ARDENT SPORTS,692,f,Finisher,TRUE,41,5,3,24:43:02,88982,2092,144,25,2025-08-29T15:45:00.000Z
157,utmb,Daniel COLOM MASIP,H,45,40-44M,ES,Grup entrenament David Mundina,788,f,Finisher,TRUE,84,72,11,26:56:00,96960,4306,144,25,2025-08-29T15:45:00.000Z
158,utmb,Dominique VAN MECHGELEN,F,43,40-44W,BE,Arista Pro Team,691,a,DNF,FALSE,2225,313,69,11:20:28,39829,1273,11,8,2025-08-29T15:45:00.000Z
159,utmb,Brandon HULLEY,H,33,20-34M,ZA,New Balance,788,f,Finisher,TRUE,584,513,158,38:16:40,137800,28075,144,25,2025-08-29T15:45:00.000Z
160,utmb,Baptiste DEROUIN,H,28,20-34M,FR,,788,f,Finisher,TRUE,85,73,43,26:56:49,97009,2078,144,25,2025-08-29T15:45:00.000Z
161,utmb,Tyler ANDREWS,H,36,35-39M,US,La Sportiva / Chaski,783,np,Other,FALSE,NA,NA,NA,00:00:00,0,NA,NA,0,2025-08-29T15:45:00.000Z
162,utmb,William ENGLUND,H,32,20-34M,SE,Salomon Sweden,800,f,Finisher,TRUE,18,18,14,22:24:03,80643,1607,144,25,2025-08-29T15:45:00.000Z
163,utmb,Ivan SCHWECKLER,H,48,45-49M,FR,Team SICS Scorpion,787,np,Other,FALSE,NA,NA,NA,00:00:00,0,NA,NA,0,2025-08-29T15:45:00.000Z
164,utmb,Adur MENDIZABAL,H,40,35-39M,ES,Gailurrerantz,785,a,DNF,FALSE,2083,1793,325,10:46:08,38768,2369,14,11,2025-08-29T15:45:00.000Z
165,utmb,Jack CHAMBERLAIN,H,36,35-39M,GB,,784,a,DNF,FALSE,2077,1788,324,09:58:37,35917,117,14,10,2025-08-29T15:45:00.000Z
166,utmb,Tomáš ŠTVERÁK,H,29,20-34M,CZ,Sportovna,785,f,Finisher,TRUE,73,62,40,26:15:21,94521,3054,144,24,2025-08-29T15:45:00.000Z
167,utmb,Tony MOULAI,H,50,45-49M,FR,,757,a,DNF,FALSE,2081,1791,305,10:38:05,38285,300,14,11,2025-08-29T15:45:00.000Z
168,utmb,Kimino MIYAZAKI,F,38,35-39W,JP,HOKA,686,a,DNF,FALSE,1714,231,39,27:15:34,97200,8807,31,20,2025-08-29T15:45:00.000Z
169,utmb,Xavier DIEPART,H,47,45-49M,BE,Respire Sports / Karpos,783,a,DNF,FALSE,1707,1478,261,21:02:09,75584,1192,31,19,2025-08-29T15:45:00.000Z
170,utmb,Jean-Adrien MICHEL,H,32,20-34M,FR,Entres Dunes et Bouchots,782,f,Finisher,TRUE,123,106,51,28:33:18,102798,3518,144,25,2025-08-29T15:45:00.000Z
171,utmb,Geoffroy BONNET,H,39,35-39M,FR,Running Planet Genève / EAA / VR Training,779,f,Finisher,TRUE,38,35,4,24:37:21,88641,2766,144,25,2025-08-29T15:45:00.000Z
172,utmb,Weiqiang ZHANG,H,42,40-44M,CN,VIBRAM,778,f,Finisher,TRUE,90,77,12,27:22:30,98550,7002,144,25,2025-08-29T15:45:00.000Z
173,utmb,Francisco ESTÉVEZ SARMIENTO,H,41,40-44M,ES,C. D. Hilera,778,a,DNF,FALSE,1765,1527,339,23:47:28,77006,12627,27,18,2025-08-29T15:45:00.000Z
174,utmb,Maximiliano VAZQUEZ,H,36,35-39M,UY,,777,a,DNF,FALSE,2261,1943,348,07:17:56,22996,3280,8,6,2025-08-29T15:45:00.000Z
175,utmb,Nicolas CERISIER,H,43,40-44M,FR,AUTOURDUTRAIL,777,a,DNF,FALSE,2214,1902,420,09:22:46,30513,3377,11,8,2025-08-29T15:45:00.000Z
176,utmb,Paul CREUZET,H,27,20-34M,FR,Esclops d'Azun,775,f,Finisher,TRUE,28,26,22,23:40:06,85206,2015,144,25,2025-08-29T15:45:00.000Z
177,utmb,Kerry-Ann MARSHALL,F,42,40-44W,ZA,New Balance,688,f,Finisher,TRUE,276,35,7,32:43:43,117823,6188,144,25,2025-08-29T15:45:00.000Z
178,utmb,Matt PALILLA,H,45,40-44M,US,,777,f,Finisher,TRUE,30,28,2,23:58:15,86295,2941,144,25,2025-08-29T15:45:00.000Z
179,utmb,Mariya NIKOLOVA,F,44,40-44W,BG,,682,a,DNF,FALSE,1838,257,56,18:17:14,63645,3922,24,17,2025-08-29T15:45:00.000Z
180,utmb,Marisa ROMEO,F,32,20-34W,US,,680,f,Finisher,TRUE,178,22,11,30:18:06,109086,1711,144,25,2025-08-29T15:45:00.000Z
181,utmb,Alexandre RAYNAUD,H,36,35-39M,FR,,773,f,Finisher,TRUE,57,48,9,25:33:04,91984,5567,144,25,2025-08-29T15:45:00.000Z
182,utmb,Florian PIERRE,H,34,20-34M,FR,Team Trail Paris,774,a,DNF,FALSE,2084,1794,349,10:48:20,38900,1033,14,11,2025-08-29T15:45:00.000Z
183,utmb,Hippolyte PESCI,H,33,20-34M,FR,SoTrail Annecy,775,f,Finisher,TRUE,22,21,17,23:02:53,82973,1948,144,25,2025-08-29T15:45:00.000Z
184,utmb,Takuya IKEHATA,H,34,20-34M,JP,ＬＵＣ＋,775,f,Finisher,TRUE,50,42,30,24:58:03,89883,3089,144,25,2025-08-29T15:45:00.000Z
185,utmb,Guillaume HANSEL,H,33,20-34M,US,Bakel Track Club,774,a,DNF,FALSE,1752,1517,301,18:25:45,65331,2630,27,18,2025-08-29T15:45:00.000Z
186,utmb,William DUPUIS,H,40,35-39M,FR,Escouade Arverne/US issoire,773,a,DNF,FALSE,2222,1910,343,11:11:08,38422,7482,11,8,2025-08-29T15:45:00.000Z
188,utmb,Jan HÖGLUND,H,23,20-34M,FI,,774,a,DNF,FALSE,2078,1789,347,10:15:23,36923,279,14,10,2025-08-29T15:45:00.000Z
189,utmb,Marco BELLINI,H,39,35-39M,IT,Persona Training Lab,773,f,Finisher,TRUE,39,36,5,24:39:14,88754,3672,144,24,2025-08-29T15:45:00.000Z
190,utmb,Scott COOPER,H,38,35-39M,CA,Maple Syrup Express,773,f,Finisher,TRUE,105,90,26,28:01:20,100880,10795,144,25,2025-08-29T15:45:00.000Z
191,utmb,Galen REYNOLDS,H,42,40-44M,CA,Team Montane,775,f,Finisher,TRUE,112,97,16,28:11:40,101500,6119,144,25,2025-08-29T15:45:00.000Z
192,utmb,Chi Shing YEUNG,H,46,45-49M,HK,Mars Trailrunning,767,f,Finisher,TRUE,318,277,30,33:29:15,120555,8450,144,25,2025-08-29T15:45:00.000Z
193,utmb,Patrizio BARTOLINI,H,46,45-49M,IT,Trail Running Project,770,a,DNF,FALSE,1759,1522,265,21:27:51,71961,10086,27,18,2025-08-29T15:45:00.000Z
194,utmb,Seppe ODEYN,H,39,35-39M,BE,De Jogclub,772,f,Finisher,TRUE,241,211,59,32:02:06,115326,6962,144,25,2025-08-29T15:45:00.000Z
195,utmb,Anthony PONTIER,H,29,20-34M,FR,,771,f,Finisher,TRUE,44,38,27,24:51:05,89465,3311,144,25,2025-08-29T15:45:00.000Z
196,utmb,Benje PATTERSON,H,40,35-39M,NZ,,770,f,Finisher,TRUE,133,116,29,28:53:31,104011,4189,144,25,2025-08-29T15:45:00.000Z
197,utmb,Jisu KIM,H,49,45-49M,KR,Hoka,770,a,DNF,FALSE,1762,1524,267,22:26:29,73685,9299,27,18,2025-08-29T15:45:00.000Z
198,utmb,Diego FILIU,H,31,20-34M,FR,Zoom Volt Runners,770,f,Finisher,TRUE,837,737,205,40:54:08,147248,5821,144,25,2025-08-29T15:45:00.000Z
199,utmb,Jason SCHLARB,H,48,45-49M,US,Norda Trail Team,769,a,DNF,FALSE,1750,1515,264,17:32:10,58700,5259,27,17,2025-08-29T15:45:00.000Z
200,utmb,Cordis HALL,H,32,20-34M,US,,768,f,Finisher,TRUE,76,64,42,26:29:09,95349,2575,144,23,2025-08-29T15:45:00.000Z
201,utmb,Are FETVEIT,H,34,20-34M,NO,IL Norodd/Team Leo,769,a,DNF,FALSE,2095,1805,353,12:41:16,45676,726,14,11,2025-08-29T15:45:00.000Z
202,utmb,Oleksii MELNYK,H,40,35-39M,UA,t8run,768,f,Finisher,TRUE,110,95,28,28:08:33,101313,4819,144,25,2025-08-29T15:45:00.000Z
203,utmb,Franco Hernan ORO,H,41,40-44M,AR,,769,a,DNF,FALSE,2256,1938,426,06:07:59,22079,NA,8,6,2025-08-29T15:45:00.000Z
204,utmb,Albert MARTINEZ PONS,H,39,35-39M,ES,LA LLORERIA MENORCA,768,f,Finisher,TRUE,67,57,11,25:54:50,93290,3201,144,25,2025-08-29T15:45:00.000Z
205,utmb,Alexandre QUETTIER,H,35,20-34M,FR,,768,f,Finisher,TRUE,87,75,44,27:09:57,97797,3710,144,25,2025-08-29T15:45:00.000Z
206,utmb,Melvyn BRACON,H,30,20-34M,FR,DISTANCE +,767,f,Finisher,TRUE,69,59,38,25:57:04,93424,3363,144,25,2025-08-29T15:45:00.000Z
207,utmb,Jan PROCHÁZKA,H,34,20-34M,CZ,Craft.cz,767,a,DNF,FALSE,2265,1946,372,07:30:36,23570,3466,8,6,2025-08-29T15:45:00.000Z
208,utmb,Nigel HILL,H,47,45-49M,AU,,765,a,DNF,FALSE,1946,1673,287,20:02:29,56025,19627,20,15,2025-08-29T15:45:00.000Z
209,utmb,Jérôme FERRIS,H,48,45-49M,FR,Autun Running - Team Intersport Besancon,764,f,Finisher,TRUE,62,53,1,25:45:08,92708,3276,144,25,2025-08-29T15:45:00.000Z
210,utmb,Benjamin KERVEVAN,H,32,20-34M,FR,Salomon / Tonton Outdoor,764,a,DNF,FALSE,1839,1582,314,18:24:08,65255,2780,24,17,2025-08-29T15:45:00.000Z
211,utmb,Michal LESNIAK,H,38,35-39M,PL,MUDE TEAM,759,f,Finisher,TRUE,141,124,31,29:16:23,105383,4814,144,25,2025-08-29T15:45:00.000Z
212,utmb,Mathias CARROT,H,30,20-34M,FR,Terre de Running 42,763,a,DNF,FALSE,2257,1939,371,06:09:57,22197,NA,8,6,2025-08-29T15:45:00.000Z
213,utmb,Takumi SAWAYANAGI,H,39,35-39M,JP,Paagoworks/Oiena/MEDALIST,763,f,Finisher,TRUE,297,257,72,33:05:21,119121,10142,144,25,2025-08-29T15:45:00.000Z
214,utmb,Alessio DONATI,H,30,20-34M,IT,Fessura Team / Trail Running Project,763,a,DNF,FALSE,2094,1804,352,12:34:37,45277,593,14,11,2025-08-29T15:45:00.000Z
215,utmb,Stefano RUZZA,H,44,40-44M,IT,TEAM VIBRAM,763,f,Finisher,TRUE,91,78,13,27:34:41,99281,4508,144,25,2025-08-29T15:45:00.000Z
216,utmb,Mickael GASC,H,43,40-44M,FR,CAP GARONNE,763,f,Finisher,TRUE,33,31,3,24:09:38,86978,2701,144,25,2025-08-29T15:45:00.000Z
217,utmb,Samir TAZI,H,43,40-44M,FR,AIX ATHLE PROVENCE,762,f,Finisher,TRUE,37,34,4,24:26:43,88003,2622,144,24,2025-08-29T15:45:00.000Z
218,utmb,Benjamin LEVIEUX,H,28,20-34M,FR,Fuga Mountain Club - KAILAS,762,f,Finisher,TRUE,107,92,48,28:05:51,101151,4427,144,24,2025-08-29T15:45:00.000Z
219,utmb,Javier DOMINGUEZ LEDO,H,52,50-54M,ES,TEAM VIBRAM,761,a,DNF,FALSE,2080,1790,261,10:35:56,38156,185,14,11,2025-08-29T15:45:00.000Z
220,utmb,Morgan POULIQUEN,H,35,20-34M,FR,TEAM TRAIL FINISTÈRE,760,f,Finisher,TRUE,75,63,41,26:21:35,94895,5570,144,25,2025-08-29T15:45:00.000Z
221,utmb,Ronghua DENG,F,40,35-39W,CN,AONIJIE/VIBRAM,679,a,DNF,FALSE,2098,291,54,13:42:49,49369,514,14,11,2025-08-29T15:45:00.000Z
222,utmb,Britta CLARK,F,33,20-34W,US,Craftsbury Green Racing Project,678,f,Finisher,TRUE,209,27,13,31:11:19,112279,2827,144,25,2025-08-29T15:45:00.000Z
223,utmb,Isabelle DRAGON,F,48,45-49W,FR,Team INSTINCT TRAIL,676,np,Other,FALSE,NA,NA,NA,00:00:00,0,NA,NA,0,2025-08-29T15:45:00.000Z
224,utmb,Susanne ZAHLAUER,F,47,45-49W,DE,WSV Patersdorf / Bayronman e.V.,674,f,Finisher,TRUE,74,12,1,26:19:45,94785,1699,144,25,2025-08-29T15:45:00.000Z
225,utmb,Manon GRAS,F,31,20-34W,FR,Team Trail MIZUNO,672,a,DNF,FALSE,1716,232,50,28:30:22,96572,9455,31,20,2025-08-29T15:45:00.000Z
226,utmb,Kanako EDAMOTO,F,35,20-34W,JP,,669,f,Finisher,TRUE,462,55,24,36:30:13,131413,13745,144,25,2025-08-29T15:45:00.000Z
227,utmb,Elisabeth RIOS PEREDO,F,45,40-44W,BO,,662,np,Other,FALSE,NA,NA,NA,00:00:00,0,NA,NA,0,2025-08-29T15:45:00.000Z
228,utmb,Katie WRIGHT,F,39,35-39W,GB,La Sportiva,660,f,Finisher,TRUE,298,41,11,33:05:26,119126,3152,144,25,2025-08-29T15:45:00.000Z
229,utmb,Mercedes VINCE,F,35,20-34W,CA,,661,f,Finisher,TRUE,194,25,12,30:42:51,110571,4810,144,25,2025-08-29T15:45:00.000Z
230,utmb,Hannah DERKSEN,F,39,35-39W,NL,Aucun,661,f,Finisher,TRUE,174,21,5,30:03:43,108223,4549,144,25,2025-08-29T15:45:00.000Z
231,utmb,Katti JACKSON,F,35,20-34W,US,,661,f,Finisher,TRUE,263,33,16,32:28:40,116920,11006,144,24,2025-08-29T15:45:00.000Z
232,utmb,Chiara BERTINO,F,54,50-54W,IT,ASD Podistica TORINO,661,f,Finisher,TRUE,890,104,7,41:30:13,149413,9928,144,25,2025-08-29T15:45:00.000Z
233,utmb,Aleksandra NARKOWICZ,F,42,40-44W,PL,Devolt test lab,652,a,DNF,FALSE,2099,292,64,14:01:21,50481,380,14,11,2025-08-29T15:45:00.000Z
234,utmb,Kelsey HOGAN,F,31,20-34W,CA,Norda Trail Team / Chance Running,654,f,Finisher,TRUE,117,16,7,28:23:27,102207,2654,144,25,2025-08-29T15:45:00.000Z
236,utmb,Jill DENNES,F,34,20-34W,US,,650,f,Finisher,TRUE,283,36,17,32:53:20,118400,3375,144,25,2025-08-29T15:45:00.000Z
237,utmb,Maria Isabel FUENTES MONTERO,F,37,35-39W,ES,RUNTRITON CARTAGENA,650,f,Finisher,TRUE,264,34,9,32:32:30,117150,2670,144,25,2025-08-29T15:45:00.000Z
238,utmb,Ingrid LID,F,35,20-34W,NO,BFG Bergen Løpeklubb / Salomon Norway,647,a,DNF,FALSE,2064,288,57,13:10:39,47439,2453,15,12,2025-08-29T15:45:00.000Z
239,utmb,Lenka HIKLOVÁ,F,46,45-49W,SK,Karate klub Púchov/Veredasport,646,f,Finisher,TRUE,185,24,3,30:26:55,109615,3398,144,25,2025-08-29T15:45:00.000Z
240,utmb,Ildiko WERMESCHER,F,61,60-64W,HU,Hoka,636,f,Finisher,TRUE,327,42,1,33:39:44,121184,4757,144,25,2025-08-29T15:45:00.000Z
241,utmb,Maria SAXVALL,F,44,40-44W,SE,Torsångs IF,639,f,Finisher,TRUE,544,65,13,37:45:38,135938,13022,144,25,2025-08-29T15:45:00.000Z
243,utmb,Elena ORMON,F,39,35-39W,US,,642,a,DNF,FALSE,2391,347,61,04:51:37,17497,NA,6,4,2025-08-29T15:45:00.000Z
244,utmb,Natacha PIECQ,F,48,45-49W,FR,BANDOL SANARY SAINT-CYR ATHLÉTISME,642,a,DNF,FALSE,1944,273,52,19:58:20,69299,6968,20,15,2025-08-29T15:45:00.000Z
245,utmb,Chantelle SMITH,F,40,35-39W,AU,,637,a,DNF,FALSE,1771,240,43,26:33:56,91423,8936,27,18,2025-08-29T15:45:00.000Z
248,utmb,Marta MUIXÍ,F,42,40-44W,ES,Utopeak - Collbaix Celler el Molí,637,f,Finisher,TRUE,211,28,5,31:12:05,112325,4261,144,25,2025-08-29T15:45:00.000Z
249,utmb,Maria DALZOT,F,38,35-39W,US,La Sportiva NA,636,f,Finisher,TRUE,285,37,10,32:54:01,118441,6285,144,25,2025-08-29T15:45:00.000Z
250,utmb,Christine SELMAN,F,37,35-39W,US,ASICSFrontRunner,634,a,DNF,FALSE,1857,261,46,23:35:24,80387,13584,24,17,2025-08-29T15:45:00.000Z
251,utmb,Laura GORDIOLA,F,52,50-54W,AR,Team Gordiola,635,f,Finisher,TRUE,541,64,2,37:41:26,135686,5062,144,25,2025-08-29T15:45:00.000Z
252,utmb,Kristina CHANG,F,32,20-34W,US,,634,f,Finisher,TRUE,290,38,18,33:02:21,118941,4179,144,25,2025-08-29T15:45:00.000Z
253,utmb,Nikki ARTHUR,F,40,35-39W,GB,ESTR,634,f,Finisher,TRUE,344,45,13,34:11:17,123077,6319,144,25,2025-08-29T15:45:00.000Z
254,utmb,Elisabeth BORGERSEN,F,45,40-44W,NO,,633,np,Other,FALSE,NA,NA,NA,00:00:00,0,NA,NA,0,2025-08-29T15:45:00.000Z
255,utmb,Emelie EKLÖF,F,43,40-44W,SE,Lunds OK,632,f,Finisher,TRUE,334,44,9,33:44:58,121498,5638,144,25,2025-08-29T15:45:00.000Z
256,utmb,Rachel FAWCETT,F,52,50-54W,GB,Leighton Buzzard Athletic Club,632,f,Finisher,TRUE,671,82,4,39:06:46,140806,12863,144,25,2025-08-29T15:45:00.000Z
257,utmb,Fen ZHAO,F,45,40-44W,CN,news research杻石,634,f,Finisher,TRUE,589,72,14,38:23:36,138216,7620,144,25,2025-08-29T15:45:00.000Z
258,utmb,Brooke DEANS,F,32,20-34W,US,,628,f,Finisher,TRUE,160,20,10,29:44:23,107063,7702,144,25,2025-08-29T15:45:00.000Z
259,utmb,Tatiana RYPINSKI,F,33,20-34W,US,,627,f,Finisher,TRUE,626,76,29,38:43:33,139413,9174,144,25,2025-08-29T15:45:00.000Z
260,utmb,Katja KEGL VENCELJ,F,41,40-44W,SI,SCOTT Grašca TEAM,626,a,DNF,FALSE,1846,258,57,21:39:45,77358,3559,24,17,2025-08-29T15:45:00.000Z
261,utmb,Laura HUET,F,30,20-34W,FR,,626,f,Finisher,TRUE,223,29,14,31:34:57,113697,5844,144,25,2025-08-29T15:45:00.000Z
262,utmb,Vilma GIMENEZ CABRERA,F,48,45-49W,ES,Bikilamanjaro,626,f,Finisher,TRUE,991,118,19,42:20:21,152421,24481,144,25,2025-08-29T15:45:00.000Z
263,utmb,Neus COLOMER,F,35,20-34W,ES,,629,f,Finisher,TRUE,395,50,20,35:15:27,126927,6812,144,25,2025-08-29T15:45:00.000Z
264,utmb,Jun LIU,F,39,35-39W,CN,,624,f,Finisher,TRUE,372,48,14,34:45:50,125150,7798,144,25,2025-08-29T15:45:00.000Z
265,utmb,Xiaoqing SUN,F,39,35-39W,HK,,623,a,DNF,FALSE,2102,293,55,14:47:15,53235,1558,14,11,2025-08-29T15:45:00.000Z
266,utmb,Mathilde DUFOUR,F,41,40-44W,FR,,619,a,DNF,FALSE,2267,320,71,07:37:56,27476,NA,8,6,2025-08-29T15:45:00.000Z
267,utmb,Silje Skorve SKARPEID,F,41,40-44W,NO,,620,f,Finisher,TRUE,718,87,21,39:38:41,142721,12344,144,25,2025-08-29T15:45:00.000Z
268,utmb,Aya WAKABAYASHI,F,28,20-34W,JP,TEAM SKY KYOTO,617,a,DNF,FALSE,1719,233,51,30:15:59,104983,8640,31,19,2025-08-29T15:45:00.000Z
269,utmb,Katherine BUTCHER,F,33,20-34W,CA,,613,f,Finisher,TRUE,251,32,15,32:13:25,116005,6027,144,25,2025-08-29T15:45:00.000Z
270,utmb,Mandy CURRIE,F,37,35-39W,CA,,608,f,Finisher,TRUE,194,25,7,30:42:51,110571,4823,144,25,2025-08-29T15:45:00.000Z
271,utmb,Nathalie OGIER,F,42,40-44W,FR,,612,a,DNF,FALSE,2288,327,75,09:24:59,30243,3656,8,6,2025-08-29T15:45:00.000Z
272,utmb,Camille MARTINS,F,28,20-34W,FR,Wise Trail Running,612,f,Finisher,TRUE,448,54,23,36:16:52,130612,9190,144,24,2025-08-29T15:45:00.000Z
273,utmb,Gro Siljan HJUKSE,F,45,40-44W,NO,Salomon Norway,611,f,Finisher,TRUE,518,63,12,37:18:01,134281,7119,144,25,2025-08-29T15:45:00.000Z
274,utmb,Alysha DAVIS,F,37,35-39W,US,,605,f,Finisher,TRUE,594,74,19,38:26:58,138418,12248,144,25,2025-08-29T15:45:00.000Z
275,utmb,Jinhee KIM,F,43,40-44W,KR,HOKA KOREA,606,a,DNF,FALSE,2105,295,65,14:56:31,53791,626,14,11,2025-08-29T15:45:00.000Z
277,utmb,Adriana Vanesa VARGAS,F,48,45-49W,AR,weis,605,f,Finisher,TRUE,427,53,5,35:52:23,129143,8460,144,25,2025-08-29T15:45:00.000Z
278,utmb,Amelia KERR,F,36,35-39W,AU,Elevate running and fitness,604,f,Finisher,TRUE,659,80,21,38:58:50,140330,11457,144,25,2025-08-29T15:45:00.000Z
279,utmb,Camille SERE,F,37,35-39W,FR,,603,f,Finisher,TRUE,332,43,12,33:42:24,121344,5800,144,25,2025-08-29T15:45:00.000Z
280,utmb,Maybel ANTEZANA,F,56,55-59W,PE,"Team MERRELL, CIVA Endurance Club",599,f,Finisher,TRUE,1047,128,4,42:42:56,153776,6924,144,24,2025-08-29T15:45:00.000Z
281,utmb,Diana IPRENBURG,F,49,45-49W,NL,,602,f,Finisher,TRUE,783,94,11,40:18:04,145084,14994,144,25,2025-08-29T15:45:00.000Z
284,utmb,Agathe LEBEL,F,37,35-39W,FR,TEAM MAC SPORT,639,a,DNF,FALSE,1760,238,42,21:54:01,77330,3942,27,18,2025-08-29T15:45:00.000Z
300,utmb,François GUYON,H,37,35-39M,FR,,758,f,Finisher,TRUE,49,41,6,24:58:02,89882,2813,144,25,2025-08-29T15:45:00.000Z
301,utmb,Adrien LEBRETON,H,38,35-39M,FR,So Trail Annecy,757,f,Finisher,TRUE,93,80,18,27:38:16,99496,4647,144,25,2025-08-29T15:45:00.000Z
302,utmb,Takuya WAKAOKA,H,42,40-44M,JP,,757,a,DNF,FALSE,1866,1604,356,26:01:15,90159,13069,24,17,2025-08-29T15:45:00.000Z
303,utmb,Matthew DUNN,H,39,35-39M,AU,CCC,756,a,DNF,FALSE,1754,1518,288,19:14:17,64635,5946,27,17,2025-08-29T15:45:00.000Z
304,utmb,Chris LENKIC,H,43,40-44M,AU,,756,f,Finisher,TRUE,80,68,10,26:46:48,96408,4125,144,25,2025-08-29T15:45:00.000Z
305,utmb,Martin KAO,H,28,20-34M,FR,Aix athlé Provence,756,f,Finisher,TRUE,34,32,26,24:10:17,87017,2299,144,24,2025-08-29T15:45:00.000Z
306,utmb,Markus MEINKE,H,50,45-49M,DE,Falke Sport,756,a,DNF,FALSE,2405,2055,351,03:24:11,12251,NA,4,3,2025-08-29T15:45:00.000Z
307,utmb,Steven DOLL,H,34,20-34M,US,,753,f,Finisher,TRUE,106,91,47,28:04:31,101071,6780,144,25,2025-08-29T15:45:00.000Z
308,utmb,Quentin SIMON,H,34,20-34M,BE,Instinct/ uprunning,749,f,Finisher,TRUE,71,60,39,26:00:45,93645,3908,144,25,2025-08-29T15:45:00.000Z
309,utmb,Maxime HOURDEBAIGTS,H,31,20-34M,FR,Galopins Chalossais,751,f,Finisher,TRUE,47,39,28,24:56:00,89760,3449,144,25,2025-08-29T15:45:00.000Z
310,utmb,Ferran BARCELO BADIA,H,45,40-44M,ES,,750,f,Finisher,TRUE,179,157,31,30:20:34,109234,6510,144,25,2025-08-29T15:45:00.000Z
311,utmb,Maxime MONFORT,H,43,40-44M,BE,VO2 MAX,749,f,Finisher,TRUE,42,37,5,24:45:00,89100,2020,144,25,2025-08-29T15:45:00.000Z
312,utmb,Dardo Emmanuel OCAMPO,H,38,35-39M,AR,Altra Running Élite,749,a,DNF,FALSE,1741,1507,286,20:44:00,74640,3858,30,19,2025-08-29T15:45:00.000Z
313,utmb,Tien Hung NGUYEN,H,42,40-44M,VN,Adidas Runner,749,f,Finisher,TRUE,333,290,60,33:42:43,121363,12229,144,25,2025-08-29T15:45:00.000Z
314,utmb,Max DAUBE,H,40,35-39M,AU,,748,a,DNF,FALSE,2270,1949,350,07:46:22,27982,NA,8,6,2025-08-29T15:45:00.000Z
315,utmb,Tatsuya SAGUCHI,H,46,45-49M,JP,Saguchi.k.s,747,f,Finisher,TRUE,222,194,16,31:31:56,113516,5967,144,25,2025-08-29T15:45:00.000Z
316,utmb,Cesar PICININ,H,45,40-44M,BR,Life Runners,745,f,Finisher,TRUE,127,110,21,28:37:43,103063,3572,144,25,2025-08-29T15:45:00.000Z
317,utmb,Maxime MAINDRON,H,38,35-39M,FR,Dataondemand & Première Urgence Internationale,744,f,Finisher,TRUE,65,55,10,25:50:56,93056,3360,144,25,2025-08-29T15:45:00.000Z
318,utmb,Michael DE COOMAN,H,44,40-44M,BE,Survivalrun Meetjesland,718,f,Finisher,TRUE,108,93,15,28:06:17,101177,5524,144,24,2025-08-29T15:45:00.000Z
319,utmb,Luke NICHOLS,H,38,35-39M,AU,,742,a,DNF,FALSE,1756,1519,289,20:27:04,70113,8718,27,18,2025-08-29T15:45:00.000Z
320,utmb,Timothy DE VOS,H,40,35-39M,BE,Shift working Flatlander,742,f,Finisher,TRUE,163,143,37,29:47:41,107261,7004,144,25,2025-08-29T15:45:00.000Z
321,utmb,Satoshi SUGIMOTO,H,41,40-44M,JP,noskohzo,742,f,Finisher,TRUE,300,259,51,33:09:03,119343,10838,144,25,2025-08-29T15:45:00.000Z
322,utmb,David REDIER,H,43,40-44M,FR,,742,a,DNF,FALSE,1715,1484,331,28:19:24,94852,13188,31,20,2025-08-29T15:45:00.000Z
323,utmb,Vincent FABRE,H,29,20-34M,FR,Dynamic Trail,741,f,Finisher,TRUE,48,40,29,24:56:33,89793,2563,144,24,2025-08-29T15:45:00.000Z
324,utmb,Antoine PENELLE,H,40,35-39M,FR,,741,a,DNF,FALSE,2090,1800,326,11:36:36,41796,1495,14,11,2025-08-29T15:45:00.000Z
325,utmb,Richard COOK,H,45,40-44M,US,,740,f,Finisher,TRUE,310,269,53,33:18:51,119931,9038,144,25,2025-08-29T15:45:00.000Z
327,utmb,Alex PROCTOR,H,26,20-34M,US,,735,f,Finisher,TRUE,330,288,112,33:41:24,121284,13540,144,25,2025-08-29T15:45:00.000Z
328,utmb,Andrej NASTRAN,H,49,45-49M,SI,KGT PAPEŽ,745,f,Finisher,TRUE,126,109,6,28:34:12,102852,4640,144,25,2025-08-29T15:45:00.000Z
329,utmb,Simone ZACCONE,H,42,40-44M,IT,Trail running project Arezzo,736,f,Finisher,TRUE,120,104,20,28:30:33,102633,6599,144,25,2025-08-29T15:45:00.000Z
330,utmb,Benjamin SARRADE LOUCHEUR,H,38,35-39M,FR,,736,a,DNF,FALSE,1711,1481,276,25:48:23,91595,6625,31,20,2025-08-29T15:45:00.000Z
331,utmb,Sean BOWMAN,H,42,40-44M,US,NA,735,a,DNF,FALSE,2259,1941,427,07:08:11,25691,NA,8,6,2025-08-29T15:45:00.000Z
332,utmb,Michal VAŠÍČEK,H,35,20-34M,CZ,TJ Magla/Sportovna,735,np,Other,FALSE,NA,NA,NA,00:00:00,0,NA,NA,0,2025-08-29T15:45:00.000Z
333,utmb,Mathias THENAISIE,H,37,35-39M,FR,TEAM BERCI CÔTE D'ARMOR,734,f,Finisher,TRUE,54,45,8,25:22:18,91338,1916,144,25,2025-08-29T15:45:00.000Z
334,utmb,Boštjan ERJAVŠEK,H,44,40-44M,SI,Calcit Extreme Running,734,np,Other,FALSE,NA,NA,NA,00:00:00,0,NA,NA,0,2025-08-29T15:45:00.000Z
335,utmb,Michael VERSTEEG,H,41,40-44M,US,Satisfy Running,734,f,Finisher,TRUE,79,67,9,26:44:27,96267,3595,144,25,2025-08-29T15:45:00.000Z
336,utmb,Mike LAVERY,H,41,40-44M,US,,732,f,Finisher,TRUE,77,65,8,26:29:24,95364,3522,144,25,2025-08-29T15:45:00.000Z
337,utmb,Sam WOOD,H,30,20-34M,US,,732,a,DNF,FALSE,2046,1761,342,12:22:58,43853,2415,18,13,2025-08-29T15:45:00.000Z
338,utmb,Bernd KRIECHMAIR,H,43,40-44M,AT,HiNUtS Racing Team,732,f,Finisher,TRUE,716,630,141,39:36:33,142593,12885,144,25,2025-08-29T15:45:00.000Z
339,utmb,Sébastien BROCHU,H,37,35-39M,CA,,732,a,DNF,FALSE,1940,1670,309,19:55:09,53610,21478,20,15,2025-08-29T15:45:00.000Z
340,utmb,Junghyun LIM,H,40,35-39M,KR,"Compressport kor, lasportiva kor",731,f,Finisher,TRUE,96,83,21,27:43:21,99801,4454,144,25,2025-08-29T15:45:00.000Z
341,utmb,Sebastien SOULANS,H,42,40-44M,FR,saint lary aure montagne,727,a,DNF,FALSE,2092,1802,398,12:07:51,43671,276,14,11,2025-08-29T15:45:00.000Z
342,utmb,Konstantinos VOZIOS,H,43,40-44M,GR,,671,f,Finisher,TRUE,328,286,59,33:41:05,121265,6062,144,25,2025-08-29T15:45:00.000Z
343,utmb,Sébastien DOS SANTOS,H,44,40-44M,FR,Team Sportinlove.com SPORT2000 MONTBRISON,728,a,DNF,FALSE,1681,1458,328,28:45:05,103324,3235,35,22,2025-08-29T15:45:00.000Z
344,utmb,Daniel PEREZ FERNANDEZ,H,47,45-49M,ES,Kailas fuga international team,728,a,DNF,FALSE,1939,1669,285,19:55:08,52322,20589,20,15,2025-08-29T15:45:00.000Z
345,utmb,Fabio DI GIACOMO,H,47,45-49M,IT,Team Racetex,721,a,DNF,FALSE,2277,1954,336,08:36:25,30985,NA,8,6,2025-08-29T15:45:00.000Z
346,utmb,Tom MARTIN,H,33,20-34M,FR,,725,f,Finisher,TRUE,136,119,57,29:03:42,104622,5270,144,25,2025-08-29T15:45:00.000Z
347,utmb,Tahirinirina Jeannot AVOTRANIAINA,H,32,20-34M,MG,Crown Athletics Club Antsirabe,735,f,Finisher,TRUE,156,137,63,29:42:51,106971,6385,144,25,2025-08-29T15:45:00.000Z
348,utmb,Nick WAGGONER,H,41,40-44M,CA,,726,f,Finisher,TRUE,164,144,27,29:49:41,107381,3022,144,25,2025-08-29T15:45:00.000Z
349,utmb,Alberto FERRETTO,H,37,35-39M,IT,HOKA Italy,723,f,Finisher,TRUE,255,223,64,32:16:39,116199,5813,144,25,2025-08-29T15:45:00.000Z
350,utmb,Karel DEWAELE,H,51,50-54M,BE,,724,f,Finisher,TRUE,119,103,2,28:30:27,102627,1905,144,25,2025-08-29T15:45:00.000Z
351,utmb,Anton KRUPICKA,H,43,40-44M,US,,724,np,Other,FALSE,NA,NA,NA,00:00:00,0,NA,NA,0,2025-08-29T15:45:00.000Z
352,utmb,Florian RUCHET,H,35,20-34M,CH,,724,a,DNF,FALSE,1945,1672,332,19:59:12,66609,8111,20,15,2025-08-29T15:45:00.000Z
353,utmb,Jérémie BOUCHARD,H,42,40-44M,FR,CIELA VILLAGE,722,a,DNF,FALSE,1919,1651,368,19:37:56,70676,5140,22,16,2025-08-29T15:45:00.000Z
354,utmb,Zdeněk HRUŠKA,H,37,35-39M,CZ,Runsport.cz/Salomon,723,f,Finisher,TRUE,109,94,27,28:07:04,101224,4554,144,25,2025-08-29T15:45:00.000Z
355,utmb,Sylvain MENDEZ,H,37,35-39M,FR,Pyrénées Personal Training,721,f,Finisher,TRUE,1025,901,200,42:33:59,153239,16437,144,25,2025-08-29T15:45:00.000Z
356,utmb,Frédéric JUNG,H,50,45-49M,FR,OCT 55,721,f,Finisher,TRUE,237,207,18,32:00:29,115229,13155,144,25,2025-08-29T15:45:00.000Z
357,utmb,Timon GUNTHER,H,28,20-34M,DE,Salomon Running Team,721,f,Finisher,TRUE,114,99,49,28:14:48,101688,4991,144,25,2025-08-29T15:45:00.000Z
358,utmb,Baptiste GAVARD,H,39,35-39M,FR,,722,f,Finisher,TRUE,98,84,22,27:45:59,99959,5472,144,25,2025-08-29T15:45:00.000Z
359,utmb,Elliot HOLTHAM,H,42,40-44M,CA,,721,f,Finisher,TRUE,219,191,38,31:25:38,113138,9807,144,25,2025-08-29T15:45:00.000Z
360,utmb,Jules CREUZET,H,29,20-34M,FR,Club Multisport Arêches Beaufort,719,a,DNF,FALSE,1834,1579,313,16:18:35,58281,1635,24,17,2025-08-29T15:45:00.000Z
361,utmb,Christian MALMSTRÖM,H,46,45-49M,SE,Team Blekinge,730,f,Finisher,TRUE,102,87,3,27:55:36,100536,3619,144,25,2025-08-29T15:45:00.000Z
362,utmb,Alessandro FAVERO,H,30,20-34M,IT,,720,a,DNF,FALSE,1722,1488,293,30:54:35,102333,15938,31,20,2025-08-29T15:45:00.000Z
363,utmb,Luca LOMBARDI,H,51,50-54M,IT,-,717,f,Finisher,TRUE,418,366,11,35:39:05,128345,5884,144,25,2025-08-29T15:45:00.000Z
364,utmb,Raphaël DEVANTAY,H,40,35-39M,CH,,737,a,DNF,FALSE,2093,1803,328,12:21:13,44473,614,14,11,2025-08-29T15:45:00.000Z
365,utmb,Takahiro MAKINO,H,39,35-39M,JP,PAAGO WORKS,718,f,Finisher,TRUE,485,427,113,36:41:53,132113,9187,144,25,2025-08-29T15:45:00.000Z
366,utmb,Aubin LE ROUX,H,28,20-34M,FR,,717,a,DNF,FALSE,1742,1508,296,23:26:29,84389,2878,30,19,2025-08-29T15:45:00.000Z
367,utmb,Michael MOLYNEAUX,H,44,40-44M,ZA,Tuesday trails,716,a,DNF,FALSE,1836,1581,350,17:46:55,63684,2202,24,17,2025-08-29T15:45:00.000Z
368,utmb,Damien COCHET,H,42,40-44M,FR,,714,f,Finisher,TRUE,132,115,23,28:50:56,103856,3873,144,25,2025-08-29T15:45:00.000Z
370,utmb,Valentin ISLER,H,37,35-39M,CH,,718,f,Finisher,TRUE,68,58,12,25:55:23,93323,2616,144,25,2025-08-29T15:45:00.000Z
371,utmb,Pierre GAUTIER,H,32,20-34M,FR,Impulse Nutrition,711,f,Finisher,TRUE,61,52,35,25:44:00,92640,2763,144,25,2025-08-29T15:45:00.000Z
372,utmb,Matthew GUMMER,H,40,35-39M,NZ,,711,f,Finisher,TRUE,236,206,58,31:57:23,115043,5687,144,25,2025-08-29T15:45:00.000Z
373,utmb,David MUHM,H,39,35-39M,AT,,711,a,DNF,FALSE,1835,1580,300,16:47:07,57821,5626,24,17,2025-08-29T15:45:00.000Z
374,utmb,Nick CLIFFORR,H,32,20-34M,US,,710,f,Finisher,TRUE,161,141,67,29:45:25,107125,5991,144,25,2025-08-29T15:45:00.000Z
375,utmb,Domingo GONZALEZ POZO,H,48,45-49M,ES,DGP TRAINING,710,a,DNF,FALSE,2223,1911,331,11:12:24,36717,4273,11,8,2025-08-29T15:45:00.000Z
376,utmb,Julien DEREUMAUX,H,36,35-39M,FR,Courir à Lyon,708,f,Finisher,TRUE,86,74,17,26:59:20,97160,4108,144,25,2025-08-29T15:45:00.000Z
377,utmb,Karel SABBE,H,37,35-39M,BE,ON Trail,709,f,Finisher,TRUE,52,43,7,25:09:57,90597,2352,144,25,2025-08-29T15:45:00.000Z
378,utmb,Vicente HERRERA,H,44,40-44M,ES,grup entrenament david mundina,739,a,DNF,FALSE,2262,1944,429,07:20:54,26454,203,8,6,2025-08-29T15:45:00.000Z
379,utmb,Bastien CELLIER,H,33,20-34M,FR,,704,a,DNF,FALSE,1757,1520,302,20:48:52,70251,7698,27,18,2025-08-29T15:45:00.000Z
380,utmb,Rubén SÁNCHEZ VERDEGUER,H,48,45-49M,ES,Serrano Club Atletismo,707,a,DNF,FALSE,2263,1945,335,07:24:54,26694,NA,8,6,2025-08-29T15:45:00.000Z
381,utmb,Riccardo DESTO,H,44,40-44M,IT,MY PACE RUNNING TEAM,708,np,Other,FALSE,NA,NA,NA,00:00:00,0,NA,NA,0,2025-08-29T15:45:00.000Z
382,utmb,Daniel BRÄNHOLM,H,39,35-39M,SE,Hälle IF / CRAFT Run Team,712,a,DNF,FALSE,2224,1912,344,11:14:09,38631,5846,11,8,2025-08-29T15:45:00.000Z
383,utmb,Maurizio FERRATUSCO,H,41,40-44M,IT,ASD Prosanpietro Sanremo,708,f,Finisher,TRUE,113,98,17,28:12:53,101573,4235,144,25,2025-08-29T15:45:00.000Z
384,utmb,Seungyong SONG,H,50,45-49M,KR,SCARPA,707,f,Finisher,TRUE,449,395,48,36:17:46,130666,7901,144,25,2025-08-29T15:45:00.000Z
385,utmb,Seth ORME,H,36,35-39M,US,Lost Sheep,706,f,Finisher,TRUE,103,88,24,27:58:04,100684,4140,144,25,2025-08-29T15:45:00.000Z
386,utmb,Ilídio PANÓIAS,H,44,40-44M,PT,ADN MÉRTOLA,706,a,DNF,FALSE,2472,2112,458,03:44:20,13460,NA,3,2,2025-08-29T15:45:00.000Z
387,utmb,Tamás BELUS,H,46,45-49M,HU,Hoka Runners Hungary/Gizionok/Zemplén Fanatik,706,f,Finisher,TRUE,232,202,17,31:49:51,114591,5947,144,25,2025-08-29T15:45:00.000Z
388,utmb,Matt TOMLINSON,H,38,35-39M,GB,,706,a,DNF,FALSE,1843,1586,302,20:09:20,70367,4146,24,17,2025-08-29T15:45:00.000Z
389,utmb,Wouter VERHEYEN,H,41,40-44M,BE,Spvi,704,f,Finisher,TRUE,317,276,56,33:28:14,120494,5850,144,25,2025-08-29T15:45:00.000Z
390,utmb,Florent PERROT,H,34,20-34M,FR,Team Trail Aix,704,f,Finisher,TRUE,159,140,66,29:44:05,107045,6735,144,25,2025-08-29T15:45:00.000Z
391,utmb,Mario MIRÓN GRACIA,H,44,40-44M,ES,CD Biofrutal Sport Alcolea,704,f,Finisher,TRUE,627,551,120,38:44:16,139456,8794,144,25,2025-08-29T15:45:00.000Z
392,utmb,Daniel VASQUEZ,H,44,40-44M,CL,Merrell,704,a,DNF,FALSE,2056,1770,393,12:12:43,43963,2963,15,12,2025-08-29T15:45:00.000Z
393,utmb,Chris MCNAMARA,H,36,35-39M,CA,Maple Syrup Express,704,f,Finisher,TRUE,104,89,25,28:01:16,100876,11063,144,25,2025-08-29T15:45:00.000Z
394,utmb,Elias KIBREAB,H,49,45-49M,CA,NO,703,a,DNF,FALSE,1941,1671,286,19:56:35,62916,13030,20,14,2025-08-29T15:45:00.000Z
395,utmb,Hugo PELEYROL,H,36,35-39M,FR,,701,f,Finisher,TRUE,312,271,76,33:21:37,120097,9517,144,25,2025-08-29T15:45:00.000Z
396,utmb,Pierre CHAUSSE,H,45,40-44M,FR,CUC athlétisme,703,f,Finisher,TRUE,118,102,19,28:27:33,102453,4977,144,25,2025-08-29T15:45:00.000Z
397,utmb,Juanma GUIMERA TOMAS,H,45,40-44M,ES,GRUP ENTRENAMENT DAVID MUNDINA,703,a,DNF,FALSE,2260,1942,428,07:17:33,26253,NA,8,6,2025-08-29T15:45:00.000Z
398,utmb,Christos SAKKAS,H,37,35-39M,GR,,738,f,Finisher,TRUE,226,196,52,31:46:01,114361,9384,144,25,2025-08-29T15:45:00.000Z
399,utmb,Florent BEAUFILS,H,42,40-44M,FR,Team Breiz’Line,702,f,Finisher,TRUE,270,236,44,32:40:11,117611,9031,144,25,2025-08-29T15:45:00.000Z
400,utmb,Patrick GIESCHKE,H,49,45-49M,CH,Russin-les-Bains,702,f,Finisher,TRUE,169,149,11,29:52:59,107579,6383,144,25,2025-08-29T15:45:00.000Z
401,utmb,Luc THROO,H,47,45-49M,FR,Entente Haute Alsace - US Thann,705,f,Finisher,TRUE,166,146,10,29:50:16,107416,4471,144,25,2025-08-29T15:45:00.000Z
402,utmb,Nicolas SCHRAPP,H,49,45-49M,FR,Pérols Footing,698,f,Finisher,TRUE,83,71,2,26:53:10,96790,2329,144,25,2025-08-29T15:45:00.000Z
403,utmb,Thomas STRAPPAZZON,H,32,20-34M,FR,Agile Training,699,f,Finisher,TRUE,122,105,50,28:31:01,102661,4844,144,25,2025-08-29T15:45:00.000Z
404,utmb,Clément MASSON,H,34,20-34M,FR,Compiègne Triathlon,699,f,Finisher,TRUE,201,175,75,30:49:54,110994,5424,144,25,2025-08-29T15:45:00.000Z
405,utmb,Nattawut RAISIRI,H,33,20-34M,TH,Core nutrition,699,a,DNF,FALSE,2232,1919,364,14:23:38,44244,10509,11,8,2025-08-29T15:45:00.000Z
406,utmb,Alban SAYAG,H,45,40-44M,FR,,697,a,DNF,FALSE,1717,1485,332,28:42:29,103024,7336,31,20,2025-08-29T15:45:00.000Z
407,utmb,Alexandre MALARTRE,H,43,40-44M,FR,Team du Mardi,698,f,Finisher,TRUE,190,166,34,30:36:33,110193,8103,144,25,2025-08-29T15:45:00.000Z
408,utmb,Julien COURDÈS,H,43,40-44M,FR,ExtraPédestres,698,f,Finisher,TRUE,115,100,18,28:19:30,101970,5486,144,25,2025-08-29T15:45:00.000Z
409,utmb,Tristan FAVRE,H,43,40-44M,FR,,695,f,Finisher,TRUE,417,365,84,35:39:00,128340,8732,144,25,2025-08-29T15:45:00.000Z
410,utmb,Tobias MÜLLER,H,36,35-39M,CH,,695,a,DNF,FALSE,2266,1947,349,07:34:44,27284,NA,8,6,2025-08-29T15:45:00.000Z
411,utmb,Vincent MAROT,H,41,40-44M,FR,AC Tassin,694,f,Finisher,TRUE,256,224,42,32:17:31,116251,7001,144,25,2025-08-29T15:45:00.000Z
412,utmb,Hector FUENTES RIVERA,H,47,45-49M,SV,Cayaguanca Outdoor/ATPRUN,693,f,Finisher,TRUE,116,101,5,28:20:33,102033,4637,144,25,2025-08-29T15:45:00.000Z
413,utmb,Damon VALENZONA,H,40,35-39M,US,Lane Zero Athletics Club,691,f,Finisher,TRUE,152,133,35,29:35:57,106557,7611,144,25,2025-08-29T15:45:00.000Z
414,utmb,Jérémie CRUAUD,H,40,35-39M,FR,Fartelck,694,f,Finisher,TRUE,149,130,34,29:34:23,106463,4613,144,25,2025-08-29T15:45:00.000Z
415,utmb,Fernando Esteban BOSIO,H,36,35-39M,AR,-,692,a,DNF,FALSE,2220,1908,342,09:44:24,34137,1155,11,8,2025-08-29T15:45:00.000Z
416,utmb,Sébastien KUREK,H,38,35-39M,FR,RC ARRAS,692,f,Finisher,TRUE,881,779,186,41:21:28,148888,20620,144,25,2025-08-29T15:45:00.000Z
417,utmb,Matthew URBANSKI,H,46,45-49M,US,Team RunRun,692,f,Finisher,TRUE,170,150,12,29:55:38,107738,3347,144,25,2025-08-29T15:45:00.000Z
418,utmb,Hunyoung CHOI,H,40,35-39M,KR,Wecanrun,691,f,Finisher,TRUE,257,225,65,32:22:11,116531,7256,144,25,2025-08-29T15:45:00.000Z
419,utmb,Nicolas BONNET,H,48,45-49M,FR,,691,a,DNF,FALSE,1761,1523,266,22:24:32,79567,4179,27,18,2025-08-29T15:45:00.000Z
420,utmb,Jonathon HAZELL,H,33,20-34M,GB,,690,f,Finisher,TRUE,193,169,73,30:39:24,110364,2262,144,25,2025-08-29T15:45:00.000Z
421,utmb,Paul BRENNAN,H,41,40-44M,GB,,690,f,Finisher,TRUE,138,121,25,29:10:07,105007,5694,144,25,2025-08-29T15:45:00.000Z
422,utmb,Sébastien ARONDEL,H,40,35-39M,FR,Sbires,688,f,Finisher,TRUE,752,662,163,39:54:05,143645,18219,144,25,2025-08-29T15:45:00.000Z
423,utmb,Fran NARANJO BELTRAN,H,34,20-34M,ES,,690,f,Finisher,TRUE,896,792,213,41:34:35,149675,26621,144,25,2025-08-29T15:45:00.000Z
424,utmb,Alexis TRAUB,H,42,40-44M,FR,Odin,687,a,DNF,FALSE,1833,1578,349,16:14:58,57674,2272,24,16,2025-08-29T15:45:00.000Z
425,utmb,Raphael LANDIS,H,41,40-44M,CH,,690,a,DNF,FALSE,1870,1608,359,26:49:27,87180,14093,24,17,2025-08-29T15:45:00.000Z
426,utmb,Maxime VRAIN,H,29,20-34M,FR,FC Schlasseurs / TTP,688,f,Finisher,TRUE,220,192,84,31:29:23,113363,7258,144,25,2025-08-29T15:45:00.000Z
427,utmb,Alexandre BOLEVE,H,44,40-44M,FR,RunMotion Team,683,f,Finisher,TRUE,192,168,35,30:37:17,110237,4179,144,25,2025-08-29T15:45:00.000Z
428,utmb,Jerome WIERZBA,H,52,50-54M,FR,S/le ceyrat clermoht athletisme Auvergne,688,f,Finisher,TRUE,262,230,5,32:28:26,116906,6256,144,24,2025-08-29T15:45:00.000Z
429,utmb,Jérémie PFAADT,H,49,45-49M,FR,Team Elite #OUFDERUN,688,a,DNF,FALSE,2103,1810,308,14:47:45,53265,1448,14,11,2025-08-29T15:45:00.000Z
430,utmb,Thibaut GEFFARD,H,34,20-34M,FR,T'Raining Like Pro,688,f,Finisher,TRUE,189,165,72,30:36:12,110172,5531,144,25,2025-08-29T15:45:00.000Z
431,utmb,Domingo YANES RODRÍGUEZ,H,37,35-39M,ES,CD PLAKANARIAS,687,f,Finisher,TRUE,494,434,116,36:51:40,132700,9864,144,25,2025-08-29T15:45:00.000Z
432,utmb,Manuel ALIPRANDI,H,33,20-34M,IT,,686,f,Finisher,TRUE,124,107,52,28:33:23,102803,7859,144,25,2025-08-29T15:45:00.000Z
433,utmb,Gaëtan BLANCHARD,H,34,20-34M,FR,,690,f,Finisher,TRUE,359,313,120,34:28:07,124087,11079,144,25,2025-08-29T15:45:00.000Z
434,utmb,Tim MORGAN,H,29,20-34M,GB,Carnethy,629,a,DNF,FALSE,2190,1885,358,14:33:24,49329,4250,13,10,2025-08-29T15:45:00.000Z
435,utmb,Mattia FRIGERI,H,45,40-44M,IT,Atletica Cral Barilla,686,f,Finisher,TRUE,898,794,184,41:35:23,149723,14228,144,25,2025-08-29T15:45:00.000Z
436,utmb,Edvardas MOSEIKA,H,37,35-39M,LT,Love Streams Running,685,a,DNF,FALSE,2218,1906,340,09:32:03,34323,1070,11,8,2025-08-29T15:45:00.000Z
437,utmb,Esteban Alejandro MARÍN TORRES,H,34,20-34M,CL,,685,f,Finisher,TRUE,238,208,89,32:00:48,115248,5551,144,25,2025-08-29T15:45:00.000Z
438,utmb,Ferid MZAH,H,30,20-34M,TN,,685,f,Finisher,TRUE,280,245,103,32:50:57,118257,6188,144,25,2025-08-29T15:45:00.000Z
439,utmb,Tim PIGOTT,H,46,45-49M,GB,Scarpa,684,f,Finisher,TRUE,580,510,75,38:14:08,137648,8342,144,25,2025-08-29T15:45:00.000Z
440,utmb,Simone CICLITIRA,H,49,45-49M,IT,Spirito Trail,684,f,Finisher,TRUE,139,122,8,29:12:54,105174,4557,144,25,2025-08-29T15:45:00.000Z
441,utmb,Marc PREVOT,H,34,20-34M,FR,ANGLET OLYMPIQUE ATHLETISME,684,f,Finisher,TRUE,239,209,90,32:01:49,115309,7258,144,24,2025-08-29T15:45:00.000Z
442,utmb,Michael FELLER,H,33,20-34M,LU,,682,f,Finisher,TRUE,259,227,96,32:24:03,116643,5869,144,25,2025-08-29T15:45:00.000Z
443,utmb,Ricky SUNG,H,40,35-39M,TW,Go Formosa,683,f,Finisher,TRUE,137,120,30,29:09:59,104999,6220,144,25,2025-08-29T15:45:00.000Z
444,utmb,Thomas WAGNER,H,47,45-49M,AT,Salomon Running Team,682,f,Finisher,TRUE,213,185,15,31:12:53,112373,7620,144,25,2025-08-29T15:45:00.000Z
445,utmb,Stefano GIUSTO,H,44,40-44M,IT,,682,f,Finisher,TRUE,313,272,54,33:21:45,120105,5022,144,25,2025-08-29T15:45:00.000Z
446,utmb,Dominique JEAN,H,41,40-44M,FR,TEAM FAMILY,681,f,Finisher,TRUE,183,160,32,30:26:18,109578,5711,144,25,2025-08-29T15:45:00.000Z
447,utmb,Olivier CARRUZZO,H,36,35-39M,CH,Footing Club Lausanne,681,f,Finisher,TRUE,415,363,100,35:38:10,128290,9688,144,25,2025-08-29T15:45:00.000Z
448,utmb,Primož ZUPAN,H,44,40-44M,SI,,683,f,Finisher,TRUE,425,373,85,35:48:19,128899,8943,144,25,2025-08-29T15:45:00.000Z
449,utmb,Quentin STEPHAN,H,37,35-39M,FR,Le Garage by Quentin,681,f,Finisher,TRUE,82,70,16,26:52:31,96751,6000,144,25,2025-08-29T15:45:00.000Z
450,utmb,Alessandro PATTI,H,35,20-34M,IT,Elements,680,np,Other,FALSE,NA,NA,NA,00:00:00,0,NA,NA,0,2025-08-29T15:45:00.000Z
451,utmb,Tom COLLIN,H,29,20-34M,FR,MORGON RUNNERS / MACI / NERCO,679,f,Finisher,TRUE,375,327,122,34:49:57,125397,13179,144,25,2025-08-29T15:45:00.000Z
452,utmb,Yan BALDUCHELLI,H,47,45-49M,CH,,679,f,Finisher,TRUE,145,128,9,29:22:48,105768,4205,144,25,2025-08-29T15:45:00.000Z
453,utmb,Sergio Alfonso ARIAS ESTEBAN,H,48,45-49M,ES,Bikilamanjaro,679,f,Finisher,TRUE,993,875,127,42:20:25,152425,26552,144,25,2025-08-29T15:45:00.000Z
454,utmb,Hugo HAYA CALDERON,H,38,35-39M,ES,Ashi Team,678,f,Finisher,TRUE,369,322,90,34:41:36,124896,6535,144,25,2025-08-29T15:45:00.000Z
455,utmb,Clément HURIEZ,H,37,35-39M,FR,SO TRAIL ANNECY,593,f,Finisher,TRUE,309,268,75,33:18:38,119918,7345,144,24,2025-08-29T15:45:00.000Z
456,utmb,Charles CARAYON,H,42,40-44M,FR,CERN Running Club,676,f,Finisher,TRUE,1006,886,215,42:23:10,152590,20200,144,25,2025-08-29T15:45:00.000Z
457,utmb,Richard KIMBER,H,44,40-44M,GB,T8 / Umara / Joint Dynamics / Gone Running,677,f,Finisher,TRUE,400,350,79,35:18:11,127091,16350,144,25,2025-08-29T15:45:00.000Z
458,utmb,Kevin DUBREUIL,H,36,35-39M,FR,SENS PHYSIQUE,676,f,Finisher,TRUE,168,148,39,29:52:09,107529,8377,144,25,2025-08-29T15:45:00.000Z
459,utmb,Lee O BOYLE,H,43,40-44M,IE,Mallusk Harriers,676,a,DNF,FALSE,2227,1914,421,12:30:47,43005,2809,11,8,2025-08-29T15:45:00.000Z
460,utmb,Florian BRUNNER,H,41,40-44M,FR,Gahs,676,a,DNF,FALSE,1840,1583,351,18:29:58,66438,2194,24,17,2025-08-29T15:45:00.000Z
461,utmb,Juan Alberto PRADO GUTIERREZ,H,54,50-54M,ES,Centro Asturiano De Oviedo,676,a,DNF,FALSE,2271,1950,284,07:49:00,28140,NA,8,6,2025-08-29T15:45:00.000Z
462,utmb,Anatole SUREL,H,26,20-34M,FR,Faucigny Athletic CLUB,676,f,Finisher,TRUE,378,330,123,34:52:50,125570,11386,144,25,2025-08-29T15:45:00.000Z
463,utmb,Geoffrey GARNIER,H,42,40-44M,FR,,676,f,Finisher,TRUE,273,239,47,32:42:10,117730,6588,144,25,2025-08-29T15:45:00.000Z
464,utmb,Julien MICHAUD,H,35,20-34M,FR,Type 1 Running Team,684,a,DNF,FALSE,2221,1909,361,11:03:06,39786,675,11,8,2025-08-29T15:45:00.000Z
465,utmb,Luis GÓMEZ,H,50,45-49M,ES,BESTARD Mountain Boots/ FISIOSENS,675,f,Finisher,TRUE,520,457,61,37:19:50,134390,10616,144,25,2025-08-29T15:45:00.000Z
466,utmb,Quentin DE BEAUVOIR,H,39,35-39M,FR,,675,f,Finisher,TRUE,450,396,107,36:20:46,130846,10014,144,25,2025-08-29T15:45:00.000Z
467,utmb,Pierre-François KOLOMOETZ,H,39,35-39M,FR,SQUADRA MANTINUM,675,a,DNF,FALSE,1712,1482,277,26:26:03,91675,10222,31,20,2025-08-29T15:45:00.000Z
468,utmb,Frédéric AUDRAN,H,53,50-54M,FR,LES TRAILEURS DE LA POINTE,674,f,Finisher,TRUE,429,376,12,35:53:56,129236,6967,144,25,2025-08-29T15:45:00.000Z
469,utmb,Christophe CASTINEIRA,H,44,40-44M,FR,team Hunter Sport2000 Kookabarra,674,f,Finisher,TRUE,305,264,52,33:15:30,119730,8445,144,25,2025-08-29T15:45:00.000Z
470,utmb,Hugo TREUIL,H,29,20-34M,FR,Brest Bitches,674,f,Finisher,TRUE,567,499,154,38:04:50,137090,13162,144,25,2025-08-29T15:45:00.000Z
471,utmb,Emilio ALVAREZ CRUZADO,H,37,35-39M,ES,TERRAS DE BURON,673,f,Finisher,TRUE,620,546,138,38:41:44,139304,13372,144,25,2025-08-29T15:45:00.000Z
472,utmb,Grégory DELECLUSE,H,43,40-44M,FR,MOABEE,674,f,Finisher,TRUE,177,156,30,30:16:56,109016,5208,144,25,2025-08-29T15:45:00.000Z
473,utmb,Jesús ALONSO FERREIRA,H,58,55-59M,ES,Banzaii Antártica,673,a,DNF,FALSE,2487,2124,129,02:05:22,7522,NA,2,1,2025-08-29T15:45:00.000Z
474,utmb,Alexandre HUBERT,H,52,50-54M,CH,Pellissier Sport,666,a,DNF,FALSE,1852,1592,213,22:29:56,79621,4425,24,17,2025-08-29T15:45:00.000Z
475,utmb,Xavier CAMPAGNE,H,48,45-49M,FR,Arvid Team,669,np,Other,FALSE,NA,NA,NA,00:00:00,0,NA,NA,0,2025-08-29T15:45:00.000Z
476,utmb,Ole Christian LIEN,H,48,45-49M,NO,Adamstuen Løpeklubb,672,f,Finisher,TRUE,269,235,21,32:36:54,117414,6822,144,25,2025-08-29T15:45:00.000Z
477,utmb,Emil CHRISTENSEN,H,35,20-34M,DK,Tejn-if,670,a,DNF,FALSE,2407,2057,381,03:39:34,13174,NA,4,3,2025-08-29T15:45:00.000Z
478,utmb,Stephane MEYER,H,37,35-39M,FR,,670,f,Finisher,TRUE,724,636,157,39:42:43,142963,8587,144,25,2025-08-29T15:45:00.000Z
479,utmb,David HAUTIER,H,41,40-44M,FR,Team run forez,670,f,Finisher,TRUE,252,220,40,32:14:42,116082,8016,144,25,2025-08-29T15:45:00.000Z
481,utmb,Cyril MARTEL,H,44,40-44M,FR,Epf athletisme,670,a,DNF,FALSE,1767,1528,340,24:46:50,88532,7099,27,18,2025-08-29T15:45:00.000Z
482,utmb,Vincent CHARBONNIER,H,41,40-44M,FR,Escouade Arverne - AltraCHX25Team,669,f,Finisher,TRUE,143,126,26,29:18:40,105520,4838,144,25,2025-08-29T15:45:00.000Z
483,utmb,Julien ZIMMER,H,37,35-39M,FR,Chamonix Mont Blanc Marathon,669,f,Finisher,TRUE,331,289,81,33:42:07,121327,8190,144,25,2025-08-29T15:45:00.000Z
484,utmb,Adam GROUCOTT,H,44,40-44M,NZ,,666,f,Finisher,TRUE,772,680,154,40:09:02,144542,21190,144,25,2025-08-29T15:45:00.000Z
486,utmb,Clément DEFFRENNE,H,27,20-34M,FR,,668,f,Finisher,TRUE,144,127,59,29:19:34,105574,6689,144,25,2025-08-29T15:45:00.000Z
487,utmb,Mario-Gottfried MORATTO,H,34,20-34M,CH,,667,f,Finisher,TRUE,125,108,53,28:33:32,102812,3529,144,25,2025-08-29T15:45:00.000Z
488,utmb,Pablo URETA,H,47,45-49M,AR,NEW BALANCE TEAM,657,a,DNF,FALSE,2409,2058,352,03:59:51,13236,1155,4,3,2025-08-29T15:45:00.000Z
490,utmb,Florian VIEUX,H,40,35-39M,CH,Compressport Switzerland,667,a,DNF,FALSE,2219,1907,341,09:38:03,34683,917,11,8,2025-08-29T15:45:00.000Z
491,utmb,Diego TSCHAFFERT,H,46,45-49M,IT,BF Bozen,665,f,Finisher,TRUE,173,153,13,29:58:11,107891,6428,144,25,2025-08-29T15:45:00.000Z
492,utmb,Richard DEMONCY,H,26,20-34M,FR,,666,f,Finisher,TRUE,204,178,76,31:00:43,111643,4673,144,25,2025-08-29T15:45:00.000Z
493,utmb,Samuel BOURS,H,39,35-39M,BE,Ligne 69,666,a,DNF,FALSE,1847,1589,303,21:39:52,77538,3705,24,17,2025-08-29T15:45:00.000Z
494,utmb,Loïc LEMPEREUR,H,31,20-34M,BE,,665,f,Finisher,TRUE,175,154,69,30:06:42,108402,7475,144,25,2025-08-29T15:45:00.000Z
495,utmb,Vincent VOISIN,H,35,20-34M,FR,Zoom Volt Runners,666,f,Finisher,TRUE,266,232,98,32:34:35,117275,7208,144,24,2025-08-29T15:45:00.000Z
496,utmb,Ezequiel Jesus CARDENES SARMIENTO,H,43,40-44M,ES,C.D. TEXEDA ENTRE ROQUES,662,f,Finisher,TRUE,416,364,83,35:38:29,128309,9991,144,25,2025-08-29T15:45:00.000Z
497,utmb,Guillaume DURAN DURAN,H,36,35-39M,FR,,665,f,Finisher,TRUE,197,171,45,30:44:12,110652,6824,144,25,2025-08-29T15:45:00.000Z
498,utmb,Julien FARRE,H,37,35-39M,FR,SCO ANGERS TRIATHLON,665,f,Finisher,TRUE,351,306,87,34:16:55,123415,8670,144,25,2025-08-29T15:45:00.000Z
499,utmb,Robbie NICHOLS,H,28,20-34M,AU,,665,f,Finisher,TRUE,315,274,110,33:25:28,120328,8497,144,25,2025-08-29T15:45:00.000Z
500,utmb,Oran FINEGAN,H,50,45-49M,IE,Clonliffe Harriers AC,664,f,Finisher,TRUE,629,552,85,38:44:45,139485,14845,144,25,2025-08-29T15:45:00.000Z
501,utmb,Yukihiko SUGAWARA,H,47,45-49M,JP,TEAM 100 MILE,664,f,Finisher,TRUE,370,323,36,34:44:07,125047,3938,144,25,2025-08-29T15:45:00.000Z
502,utmb,Krisztián KORMOS,H,44,40-44M,HU,,663,a,DNF,FALSE,2100,1808,400,14:13:28,51208,1010,14,11,2025-08-29T15:45:00.000Z
503,utmb,Joshua SAFFOLD,H,48,45-49M,CA,DCRC,661,a,DNF,FALSE,2144,1846,316,18:16:40,65800,4786,14,11,2025-08-29T15:45:00.000Z
504,utmb,Stanislas EBRARD,H,41,40-44M,FR,,663,a,DNF,FALSE,1918,1650,367,17:56:31,64591,2277,22,16,2025-08-29T15:45:00.000Z
505,utmb,Thibaut HEUSSE,H,37,35-39M,FR,Les amis du trail en Beaufortain / CA2S,663,f,Finisher,TRUE,249,218,62,32:11:12,115872,5469,144,25,2025-08-29T15:45:00.000Z
506,utmb,Ernest PATTIJN,H,32,20-34M,BE,,662,f,Finisher,TRUE,421,369,130,35:42:38,128558,15077,144,25,2025-08-29T15:45:00.000Z
507,utmb,Oscar SAEZ RIOS,H,40,35-39M,ES,,662,f,Finisher,TRUE,321,280,78,33:30:48,120648,11296,144,25,2025-08-29T15:45:00.000Z
508,utmb,Chun Wing LI,H,33,20-34M,HK,The Peak Hunter,662,f,Finisher,TRUE,188,164,71,30:28:38,109718,5608,144,25,2025-08-29T15:45:00.000Z
509,utmb,Logan ZIEGENMEYER,H,32,20-34M,US,Bidwell Run Club,661,f,Finisher,TRUE,354,309,118,34:22:10,123730,9081,144,25,2025-08-29T15:45:00.000Z
510,utmb,Basile DARBELLAY,H,48,45-49M,CH,,661,a,DNF,FALSE,2486,2123,367,01:47:03,6423,NA,2,1,2025-08-29T15:45:00.000Z
511,utmb,Gareth GALLAGHER,H,45,40-44M,IE,LK Running,661,a,DNF,FALSE,2412,2061,453,04:35:48,16548,NA,4,3,2025-08-29T15:45:00.000Z
512,utmb,Baptiste LEVIGNON,H,32,20-34M,FR,Ciucciolino,661,f,Finisher,TRUE,216,188,81,31:20:42,112842,7254,144,25,2025-08-29T15:45:00.000Z
513,utmb,Romain POGGI,H,42,40-44M,FR,,660,a,DNF,FALSE,2278,1955,433,08:53:00,31980,NA,8,6,2025-08-29T15:45:00.000Z
514,utmb,Robin WILM,H,30,20-34M,DE,FCE Rottershausen,705,f,Finisher,TRUE,154,135,62,29:40:53,106853,4445,144,25,2025-08-29T15:45:00.000Z
515,utmb,Pierre BOUR,H,41,40-44M,FR,DUC ARMY,660,f,Finisher,TRUE,134,117,24,28:54:34,104074,4557,144,25,2025-08-29T15:45:00.000Z
516,utmb,Alexei NOVOLOACA,H,37,35-39M,MD,,659,f,Finisher,TRUE,167,147,38,29:50:37,107437,5562,144,25,2025-08-29T15:45:00.000Z
517,utmb,Nicolas DAIGREMONT,H,41,40-44M,FR,,656,f,Finisher,TRUE,316,275,55,33:27:14,120434,12999,144,25,2025-08-29T15:45:00.000Z
518,utmb,Florent DUMAS,H,47,45-49M,FR,FDSG,646,f,Finisher,TRUE,793,699,106,40:20:57,145257,22785,144,25,2025-08-29T15:45:00.000Z
519,utmb,Sergio CRESPO FEMENIA,H,41,40-44M,ES,Dénia Corre,660,a,DNF,FALSE,2275,1953,432,08:04:30,29070,NA,8,6,2025-08-29T15:45:00.000Z
520,utmb,Adrien ANDRÉ,H,37,35-39M,FR,TEAM JOYSPORT,659,a,DNF,FALSE,2066,1778,321,15:27:38,55658,8480,15,12,2025-08-29T15:45:00.000Z
521,utmb,Jonathan EDWARDS,H,38,35-39M,US,,658,f,Finisher,TRUE,371,324,91,34:45:30,125130,9497,144,25,2025-08-29T15:45:00.000Z
522,utmb,Jan Pascal KAMMERMANN,H,31,20-34M,CH,,658,f,Finisher,TRUE,221,193,85,31:31:05,113465,4382,144,25,2025-08-29T15:45:00.000Z
523,utmb,Nicolas DEBOUT,H,34,20-34M,FR,BANQUE DELUBAC,658,a,DNF,FALSE,1725,1491,294,32:08:06,99228,24490,31,20,2025-08-29T15:45:00.000Z
524,utmb,Judicaël DUMAS,H,31,20-34M,FR,Athletic Club St Martin En Haut,658,f,Finisher,TRUE,157,138,64,29:43:09,106989,6852,144,25,2025-08-29T15:45:00.000Z
525,utmb,Ruslan ERZHANOV,H,44,40-44M,KZ,Triclub Esentai,657,a,DNF,FALSE,2097,1807,399,13:33:30,48810,606,14,11,2025-08-29T15:45:00.000Z
526,utmb,Arthur EHLINGER,H,33,20-34M,LU,ASICS FrontRunner UK,657,f,Finisher,TRUE,341,297,113,34:06:00,122760,9870,144,25,2025-08-29T15:45:00.000Z
527,utmb,Baptiste LECOMTE,H,31,20-34M,FR,AVOC,654,a,DNF,FALSE,2146,1848,356,18:19:53,65993,2479,14,11,2025-08-29T15:45:00.000Z
528,utmb,Claudiu Gabriel MOT,H,47,45-49M,RO,Weekend Warriors,655,f,Finisher,TRUE,530,467,64,37:32:54,135174,8524,144,25,2025-08-29T15:45:00.000Z
529,utmb,Adrien NEYRON,H,40,35-39M,FR,,656,f,Finisher,TRUE,94,81,19,27:41:58,99718,4625,144,25,2025-08-29T15:45:00.000Z
530,utmb,Daniel PLAISANCE,H,31,20-34M,CH,La Foulée du Slip,656,f,Finisher,TRUE,503,442,145,37:01:34,133294,13244,144,25,2025-08-29T15:45:00.000Z
531,utmb,Francois FOURNIER BIDOZ,H,33,20-34M,FR,,654,f,Finisher,TRUE,99,85,46,27:46:58,100018,3470,144,25,2025-08-29T15:45:00.000Z
532,utmb,Vivien CALI,H,44,40-44M,FR,UZES AC,654,f,Finisher,TRUE,172,152,29,29:58:02,107882,4705,144,25,2025-08-29T15:45:00.000Z
533,utmb,Tom SCOTT,H,45,40-44M,GB,,654,f,Finisher,TRUE,325,284,58,33:38:47,121127,5269,144,25,2025-08-29T15:45:00.000Z
534,utmb,Xavier BERNARD,H,38,35-39M,FR,,654,f,Finisher,TRUE,208,182,49,31:09:17,112157,5717,144,25,2025-08-29T15:45:00.000Z
535,utmb,Robin GAILLARDET,H,33,20-34M,FR,ORIGINES Annecy - ORIGINES Aventures,654,f,Finisher,TRUE,651,574,169,38:54:46,140086,15828,144,25,2025-08-29T15:45:00.000Z
536,utmb,Julius KALAVSKY,H,50,45-49M,SK,All4Run Margecany Slovakia,652,f,Finisher,TRUE,336,292,32,33:56:52,122212,7952,144,25,2025-08-29T15:45:00.000Z
537,utmb,Maxime COUALLIER,H,37,35-39M,FR,Run aventure / endurance 72,654,f,Finisher,TRUE,95,82,20,27:42:41,99761,2251,144,25,2025-08-29T15:45:00.000Z
538,utmb,John CAMPBELL,H,39,35-39M,GB,,653,f,Finisher,TRUE,231,201,55,31:49:35,114575,5266,144,25,2025-08-29T15:45:00.000Z
539,utmb,Brice JACQUOT,H,46,45-49M,FR,HOKA,652,f,Finisher,TRUE,662,582,91,39:01:12,140472,12926,144,25,2025-08-29T15:45:00.000Z
540,utmb,Jordi VILA ARIZA,H,40,35-39M,ES,Independent,655,a,DNF,FALSE,1713,1483,278,26:56:13,96932,6517,31,20,2025-08-29T15:45:00.000Z
541,utmb,Fabian CORREA BOHORQUEZ,H,35,20-34M,CO,,652,a,DNF,FALSE,1758,1521,303,20:49:05,74945,3423,27,18,2025-08-29T15:45:00.000Z
542,utmb,Darin NEE,H,44,40-44M,US,,652,f,Finisher,TRUE,458,404,95,36:28:13,131293,13389,144,25,2025-08-29T15:45:00.000Z
543,utmb,Daniel OLVASZTO,H,36,35-39M,HU,ARC,652,f,Finisher,TRUE,1269,1116,228,44:46:10,161170,13886,144,24,2025-08-29T15:45:00.000Z
544,utmb,Robin DUGAST,H,34,20-34M,FR,,660,f,Finisher,TRUE,130,113,55,28:48:26,103706,5939,144,25,2025-08-29T15:45:00.000Z
545,utmb,Guillaume DURAND,H,39,35-39M,FR,TOR,650,f,Finisher,TRUE,142,125,32,29:17:21,105441,6137,144,25,2025-08-29T15:45:00.000Z
546,utmb,Arnaud BETEMS,H,31,20-34M,FR,,651,f,Finisher,TRUE,364,318,121,34:36:56,124616,9367,144,25,2025-08-29T15:45:00.000Z
547,utmb,Flemming SONDERGAARD,H,48,45-49M,CA,,651,a,DNF,FALSE,1763,1525,268,22:34:31,78806,6166,27,18,2025-08-29T15:45:00.000Z
548,utmb,Chi Hsien HUANG,H,50,45-49M,TW,,651,f,Finisher,TRUE,1030,906,137,42:35:04,153304,27079,144,25,2025-08-29T15:45:00.000Z
549,utmb,Matthieu ACHARD,H,46,45-49M,FR,Team nancray,650,f,Finisher,TRUE,301,260,26,33:09:20,119360,8179,144,25,2025-08-29T15:45:00.000Z
550,utmb,François JOURNAUX,H,38,35-39M,FR,TEAM HUNTER KOOKABARA/SPORT 2000 Isle sur la sorgue/ Brasserie Kronenbourg,641,f,Finisher,TRUE,357,312,88,34:26:58,124018,11064,144,25,2025-08-29T15:45:00.000Z
551,utmb,Aymeric ESTEVE,H,42,40-44M,FR,,649,f,Finisher,TRUE,128,111,22,28:43:40,103420,3907,144,25,2025-08-29T15:45:00.000Z
552,utmb,Etienne PAILLARD,H,54,50-54M,FR,,649,np,Other,FALSE,NA,NA,NA,00:00:00,0,NA,NA,0,2025-08-29T15:45:00.000Z
553,utmb,Yannick COLLOT,H,40,35-39M,FR,,649,f,Finisher,TRUE,246,215,60,32:08:54,115734,4595,144,25,2025-08-29T15:45:00.000Z
554,utmb,Florent COLLANGE,H,37,35-39M,FR,COURIR EN EMBLAVEZ,649,f,Finisher,TRUE,184,161,43,30:26:42,109602,6372,144,25,2025-08-29T15:45:00.000Z
555,utmb,Frederick SKARBEK,H,34,20-34M,GB,Ful-on Tri,648,f,Finisher,TRUE,342,298,114,34:07:54,122874,14228,144,25,2025-08-29T15:45:00.000Z
556,utmb,Aissa SABEUR CHOUIREF,H,43,40-44M,FR,,647,f,Finisher,TRUE,667,586,130,39:04:33,140673,15922,144,24,2025-08-29T15:45:00.000Z
557,utmb,Patrick JAMIN,H,53,50-54M,FR,,647,f,Finisher,TRUE,440,387,14,36:08:15,130095,14585,144,25,2025-08-29T15:45:00.000Z
558,utmb,Mason WILLIS,H,32,20-34M,GB,,NA,f,Finisher,TRUE,279,244,102,32:50:31,118231,6380,144,25,2025-08-29T15:45:00.000Z
559,utmb,Jesus ROMEO,H,46,45-49M,ES,Montaña EMETEBE,643,f,Finisher,TRUE,196,170,14,30:42:53,110573,3897,144,25,2025-08-29T15:45:00.000Z
560,utmb,Alexander DIEDRICH,H,44,40-44M,DE,Trail Team Diedrich,645,a,DNF,FALSE,2284,1959,435,09:12:15,33135,NA,8,6,2025-08-29T15:45:00.000Z
561,utmb,Jules MOUZE,H,33,20-34M,FR,,645,f,Finisher,TRUE,140,123,58,29:15:37,105337,4984,144,25,2025-08-29T15:45:00.000Z
562,utmb,Weng Wa LEONG,H,42,40-44M,MO,,645,a,DNF,FALSE,2050,1765,391,22:09:07,63299,20127,18,13,2025-08-29T15:45:00.000Z
563,utmb,Artis PUCITIS,H,45,40-44M,LV,,647,f,Finisher,TRUE,708,622,139,39:31:22,142282,10616,144,25,2025-08-29T15:45:00.000Z
564,utmb,Hongsun CHANG,H,45,40-44M,KR,team altra,644,f,Finisher,TRUE,853,753,171,41:01:12,147672,16250,144,25,2025-08-29T15:45:00.000Z
565,utmb,Quentin CLÉRET,H,28,20-34M,FR,,644,f,Finisher,TRUE,444,391,132,36:14:01,130441,12412,144,25,2025-08-29T15:45:00.000Z
566,utmb,Matteo ZAMBONI,H,33,20-34M,IT,,644,f,Finisher,TRUE,89,76,45,27:19:57,98397,4760,144,25,2025-08-29T15:45:00.000Z
567,utmb,Valentin BANDELIER,H,23,20-34M,FR,ATHLETIC CLUB FONT-ROMEU,643,a,DNF,FALSE,2274,1952,373,07:59:59,28799,NA,8,6,2025-08-29T15:45:00.000Z
568,utmb,Mauricio BUDINI,H,47,45-49M,AR,TrailAcademy.run,644,f,Finisher,TRUE,244,213,20,32:06:44,115604,7722,144,25,2025-08-29T15:45:00.000Z
569,utmb,Martin ROUSE,H,40,35-39M,GB,Olney Runners,643,f,Finisher,TRUE,186,162,44,30:27:22,109642,7080,144,25,2025-08-29T15:45:00.000Z
570,utmb,Junji WATANABE,H,43,40-44M,JP,TEAM OSADA,643,f,Finisher,TRUE,559,492,111,37:57:21,136641,10352,144,25,2025-08-29T15:45:00.000Z
572,utmb,Jose Antonio MARTINEZ MESEGUER,H,52,50-54M,ES,GR-2012,642,a,DNF,FALSE,1774,1533,207,27:45:16,96640,13825,27,18,2025-08-29T15:45:00.000Z
573,utmb,Hiroyasu TANAKA,H,52,50-54M,JP,Answer4,642,a,DNF,FALSE,1917,1649,225,17:29:34,62974,1745,22,16,2025-08-29T15:45:00.000Z
574,utmb,Simon AYGLON,H,37,35-39M,FR,,642,f,Finisher,TRUE,214,186,50,31:14:34,112474,5851,144,25,2025-08-29T15:45:00.000Z
575,utmb,Grégory TERZIAN,H,45,40-44M,FR,AIX ATHLE PROVENCE,642,a,DNF,FALSE,2057,1771,394,15:39:16,56356,5492,15,12,2025-08-29T15:45:00.000Z
576,utmb,Galen HOSSACK,H,46,45-49M,ZA,None,642,a,DNF,FALSE,1971,1695,291,23:41:23,73156,18466,20,15,2025-08-29T15:45:00.000Z
577,utmb,Pavel KYSELA,H,50,45-49M,CZ,ZP Cyklo Proofy Cycling Team,641,f,Finisher,TRUE,858,758,112,41:03:46,147826,21288,144,25,2025-08-29T15:45:00.000Z
578,utmb,Alexandre HOURY-AUGER,H,32,20-34M,FR,,641,f,Finisher,TRUE,275,241,100,32:42:53,117773,6234,144,25,2025-08-29T15:45:00.000Z
579,utmb,Eugeni NAVARRO,H,45,40-44M,ES,,641,f,Finisher,TRUE,393,344,76,35:12:00,126720,6048,144,25,2025-08-29T15:45:00.000Z
580,utmb,Yohann BARTHÉLÉMY,H,35,20-34M,FR,,641,f,Finisher,TRUE,734,645,184,39:46:03,143163,15109,144,25,2025-08-29T15:45:00.000Z
581,utmb,Gregoire SEVAUX,H,40,35-39M,FR,,640,f,Finisher,TRUE,147,129,33,29:23:58,105838,6085,144,25,2025-08-29T15:45:00.000Z
582,utmb,Lino LUZ,H,51,50-54M,PT,OCS - Arrábida Trail Team,634,f,Finisher,TRUE,761,670,48,40:04:27,144267,10521,144,25,2025-08-29T15:45:00.000Z
583,utmb,Lionel BELTRANDO,H,33,20-34M,FR,Sam Paris 12,640,f,Finisher,TRUE,814,714,201,40:34:36,146076,11674,144,25,2025-08-29T15:45:00.000Z
584,utmb,Nicolas BRUN,H,41,40-44M,FR,Divonne Running / SIG,614,f,Finisher,TRUE,828,728,166,40:45:12,146712,18003,144,25,2025-08-29T15:45:00.000Z
585,utmb,Miikka LAIHO,H,35,20-34M,FI,Team Tötterö,639,f,Finisher,TRUE,766,675,192,40:06:39,144399,11374,144,25,2025-08-29T15:45:00.000Z
586,utmb,Rémi ANGO,H,43,40-44M,FR,Les Balladins de Jardres,639,f,Finisher,TRUE,1069,938,226,42:51:12,154272,14464,144,25,2025-08-29T15:45:00.000Z
587,utmb,Geoffrey DE BILDERLING,H,46,45-49M,BE,InfiniTrail,639,f,Finisher,TRUE,243,212,19,32:06:07,115567,7841,144,25,2025-08-29T15:45:00.000Z
588,utmb,Marc COURTIEU,H,52,50-54M,FR,CS La Féclaz,639,f,Finisher,TRUE,552,486,26,37:53:39,136419,12757,144,25,2025-08-29T15:45:00.000Z
589,utmb,Patrice PAQUIER,H,54,50-54M,FR,UOAT,646,a,DNF,FALSE,2065,1777,259,14:14:19,51259,4840,15,12,2025-08-29T15:45:00.000Z
590,utmb,Sehwan JEON,H,55,50-54M,KR,SRT 세종러닝팀,638,f,Finisher,TRUE,481,424,17,36:40:10,132010,9113,144,25,2025-08-29T15:45:00.000Z
591,utmb,Altay KURMANBAYEV,H,39,35-39M,KZ,,635,f,Finisher,TRUE,171,151,40,29:57:33,107853,6542,144,25,2025-08-29T15:45:00.000Z
592,utmb,Aurelien JARRY,H,45,40-44M,CA,gangdumardi,638,f,Finisher,TRUE,164,144,27,29:49:41,107381,5094,144,25,2025-08-29T15:45:00.000Z
593,utmb,Paul Andres BERNAL MAILA,H,34,20-34M,EC,BETENDURANCE,638,f,Finisher,TRUE,258,226,95,32:23:17,116597,7230,144,25,2025-08-29T15:45:00.000Z
595,utmb,Joseph TAYLOR,H,55,50-54M,US,,637,a,DNF,FALSE,1952,1679,232,20:43:36,71293,7353,20,15,2025-08-29T15:45:00.000Z
596,utmb,Jay CECH,H,49,45-49M,US,Bowerman Track Club,636,f,Finisher,TRUE,135,118,7,28:57:34,104254,6311,144,25,2025-08-29T15:45:00.000Z
597,utmb,Florian DUFOIN,H,38,35-39M,FR,AS Liebherr,635,f,Finisher,TRUE,181,158,42,30:23:08,109388,4307,144,24,2025-08-29T15:45:00.000Z
598,utmb,Dennis KRÄMER,H,33,20-34M,DE,LT Ennert / DAV,636,f,Finisher,TRUE,158,139,65,29:44:02,107042,9272,144,25,2025-08-29T15:45:00.000Z
599,utmb,Adam SUCZEWSKI,H,33,20-34M,US,Strawberry Canyon Track Club,635,f,Finisher,TRUE,314,273,109,33:22:32,120152,7908,144,25,2025-08-29T15:45:00.000Z
600,utmb,Mikula THALMANN,H,41,40-44M,CH,,635,a,DNF,FALSE,2268,1948,430,07:43:28,27808,NA,8,6,2025-08-29T15:45:00.000Z
601,utmb,Romain CHAVATTE,H,36,35-39M,FR,,635,f,Finisher,TRUE,247,216,61,32:09:03,115743,5552,144,25,2025-08-29T15:45:00.000Z
602,utmb,James BLAND,H,36,35-39M,NZ,Tailwind,631,a,DNF,FALSE,1764,1526,290,22:52:22,80995,5063,27,18,2025-08-29T15:45:00.000Z
603,utmb,Mike SMITH,H,51,50-54M,US,Old Town Running,635,f,Finisher,TRUE,1007,887,89,42:23:33,152613,15734,144,25,2025-08-29T15:45:00.000Z
604,utmb,Justin MONTGOMERY,H,40,35-39M,AU,,634,f,Finisher,TRUE,515,453,123,37:15:26,134126,13345,144,24,2025-08-29T15:45:00.000Z
605,utmb,Anthony MORELL,H,32,20-34M,FR,Trace Running Club,634,f,Finisher,TRUE,483,426,144,36:40:56,132056,11448,144,25,2025-08-29T15:45:00.000Z
606,utmb,Alexandre DUPOUHET,H,41,40-44M,FR,DUC ARMY,634,a,DNF,FALSE,1842,1585,352,20:04:39,71865,3520,24,17,2025-08-29T15:45:00.000Z
607,utmb,Rick BROWNING,H,51,50-54M,GB,Trail Maniacs Solothurn,634,np,Other,FALSE,NA,NA,NA,00:00:00,0,NA,NA,0,2025-08-29T15:45:00.000Z
608,utmb,Aurélien PERRIN,H,41,40-44M,FR,Les Diagonalsaciens,634,f,Finisher,TRUE,750,660,149,39:53:04,143584,17544,144,25,2025-08-29T15:45:00.000Z
609,utmb,Francesco ZIGLIOTTO,H,38,35-39M,IT,Durona Team / Km Sport,634,a,DNF,FALSE,1723,1489,280,31:16:21,103899,17170,31,20,2025-08-29T15:45:00.000Z
610,utmb,Jerome ROUX,H,42,40-44M,FR,Taillefer Trail Team / CA2S,633,f,Finisher,TRUE,826,726,165,40:43:29,146609,17270,144,25,2025-08-29T15:45:00.000Z
611,utmb,Curran WEARMOUTH,H,33,20-34M,CA,Peak Endurance,633,f,Finisher,TRUE,210,183,79,31:11:28,112288,4369,144,25,2025-08-29T15:45:00.000Z
612,utmb,Christopher MICHELAU,H,34,20-34M,CA,,633,f,Finisher,TRUE,245,214,92,32:08:14,115694,7222,144,25,2025-08-29T15:45:00.000Z
613,utmb,Charly VUILLEMOT,H,40,35-39M,FR,ProduSport Besançon,633,f,Finisher,TRUE,350,305,86,34:16:35,123395,8824,144,25,2025-08-29T15:45:00.000Z
615,utmb,Arthur CERQUEIRA,H,31,20-34M,FR,Bernex Trail Challenge,633,f,Finisher,TRUE,1417,1238,263,45:37:42,164262,10772,144,24,2025-08-29T15:45:00.000Z
616,utmb,Bertrand SAUMON,H,45,40-44M,FR,Cap dinsheim,632,f,Finisher,TRUE,439,386,91,36:07:03,130023,9358,144,25,2025-08-29T15:45:00.000Z
617,utmb,Loïc VEAU,H,30,20-34M,FR,,633,f,Finisher,TRUE,207,181,78,31:04:48,111888,4514,144,25,2025-08-29T15:45:00.000Z
618,utmb,Cyril BOCQUEL,H,41,40-44M,FR,Plougonvelin - St Mathieu,632,f,Finisher,TRUE,864,764,173,41:05:50,147950,18556,144,25,2025-08-29T15:45:00.000Z
619,utmb,Kenny GARNER,H,51,50-54M,US,Arkansas Ultra Running Association,632,f,Finisher,TRUE,1215,1070,119,44:24:06,159846,14680,144,25,2025-08-29T15:45:00.000Z
620,utmb,Michio KOJIMA,H,52,50-54M,JP,TLAG,632,f,Finisher,TRUE,396,346,9,35:16:32,126992,10289,144,25,2025-08-29T15:45:00.000Z
621,utmb,Mickaël ROBERT,H,36,35-39M,FR,,632,f,Finisher,TRUE,420,368,102,35:40:30,128430,11414,144,25,2025-08-29T15:45:00.000Z
622,utmb,Adrien FRAYSSE,H,45,40-44M,FR,Run’in causse et diege,632,a,DNF,FALSE,1950,1677,373,20:29:37,62316,15816,20,15,2025-08-29T15:45:00.000Z
623,utmb,Richard WILSON,H,48,45-49M,GB,Kendal AAC,632,f,Finisher,TRUE,774,682,102,40:12:20,144740,12592,144,25,2025-08-29T15:45:00.000Z
624,utmb,Oussama ABDELMOUMEN,H,31,20-34M,MA,,632,f,Finisher,TRUE,162,142,68,29:46:21,107181,4961,144,25,2025-08-29T15:45:00.000Z
625,utmb,Remi LESTIENNE,H,41,40-44M,FR,,631,f,Finisher,TRUE,348,303,65,34:15:07,123307,8519,144,25,2025-08-29T15:45:00.000Z
626,utmb,Alex GRIFFIN,H,44,40-44M,US,Alpine Ultra,632,f,Finisher,TRUE,345,300,64,34:12:17,123137,7078,144,25,2025-08-29T15:45:00.000Z
627,utmb,Stanislas SEVAUX,H,39,35-39M,FR,,631,f,Finisher,TRUE,228,198,53,31:47:32,114452,4838,144,25,2025-08-29T15:45:00.000Z
628,utmb,David BEAUDWAY,H,35,20-34M,US,,631,f,Finisher,TRUE,675,593,174,39:10:36,141036,9948,144,25,2025-08-29T15:45:00.000Z
629,utmb,Valentin MOTTIER,H,31,20-34M,CH,MURTOTRUM ALPIN RACING,631,a,DNF,FALSE,2413,2062,382,04:40:13,16813,NA,4,3,2025-08-29T15:45:00.000Z
630,utmb,Alexandru IONITA,H,37,35-39M,RO,,631,f,Finisher,TRUE,299,258,73,33:05:54,119154,5345,144,25,2025-08-29T15:45:00.000Z
631,utmb,Mickaël BOUSSUGE,H,43,40-44M,FR,,631,f,Finisher,TRUE,585,514,115,38:18:29,137909,9424,144,25,2025-08-29T15:45:00.000Z
632,utmb,Baptiste GUIONNET,H,47,45-49M,FR,RUN EXPERT/MORGON RUNNERS,631,f,Finisher,TRUE,374,326,37,34:49:48,125388,13052,144,25,2025-08-29T15:45:00.000Z
633,utmb,Julien DEJEMEPPE,H,40,35-39M,BE,Biotrail,630,f,Finisher,TRUE,101,86,23,27:55:19,100519,5160,144,25,2025-08-29T15:45:00.000Z
634,utmb,Jonathan BREEZE,H,43,40-44M,GB,,631,a,DNF,FALSE,1844,1587,353,21:12:20,75417,5117,24,17,2025-08-29T15:45:00.000Z
635,utmb,Mariano Nicolas LENCINAS,H,40,35-39M,AR,BatcomSports/Isaac Nimer,631,f,Finisher,TRUE,267,233,68,32:34:47,117287,7360,144,25,2025-08-29T15:45:00.000Z
636,utmb,Jerry Thomas KÜPFER,H,46,45-49M,DE,Mrs.Sporty Wiener Neustadt,631,np,Other,FALSE,NA,NA,NA,00:00:00,0,NA,NA,0,2025-08-29T15:45:00.000Z
637,utmb,Thibaut STEPHAN,H,37,35-39M,FR,Colmar Marathon Club,631,a,DNF,FALSE,2052,1766,319,22:09:14,60584,29329,18,13,2025-08-29T15:45:00.000Z
638,utmb,Tomas JANEK,H,36,35-39M,CZ,,630,f,Finisher,TRUE,380,332,95,34:53:40,125620,7945,144,25,2025-08-29T15:45:00.000Z
639,utmb,Ming Cheng KU,H,62,60-64M,TW,,630,a,DNF,FALSE,2138,1841,47,17:51:49,64309,3798,14,11,2025-08-29T15:45:00.000Z
640,utmb,Emil STEFANESCU,H,46,45-49M,RO,,630,a,DNF,FALSE,2068,1780,302,16:13:55,58435,9274,15,12,2025-08-29T15:45:00.000Z
641,utmb,Yohann LE VERRE,H,33,20-34M,FR,ESCOUADE ARVERNE,630,f,Finisher,TRUE,482,425,143,36:40:39,132039,5953,144,25,2025-08-29T15:45:00.000Z
642,utmb,Cédric MASSARDIER,H,54,50-54M,FR,ACSM,630,f,Finisher,TRUE,693,610,41,39:19:42,141582,8588,144,25,2025-08-29T15:45:00.000Z
643,utmb,Renato GURGEL,H,44,40-44M,BR,CB SPORT,630,f,Finisher,TRUE,916,811,189,41:45:49,150349,16537,144,25,2025-08-29T15:45:00.000Z
644,utmb,Lars SCHWEIZER,H,39,35-39M,DE,two peaks endurance Club,630,f,Finisher,TRUE,155,136,36,29:42:26,106946,3268,144,25,2025-08-29T15:45:00.000Z
645,utmb,Weiwei LV,H,38,35-39M,CN,salomon,629,a,DNF,FALSE,1720,1487,279,30:20:33,101731,11819,31,20,2025-08-29T15:45:00.000Z
646,utmb,François CHABAUD,H,55,50-54M,FR,Run Provence,629,np,Other,FALSE,NA,NA,NA,00:00:00,0,NA,NA,0,2025-08-29T15:45:00.000Z
647,utmb,Rafael DURAN CASTANEDA,H,44,40-44M,ES,Green power sports team,629,f,Finisher,TRUE,281,246,48,32:51:08,118268,8994,144,25,2025-08-29T15:45:00.000Z
648,utmb,Tore VÅLAND,H,44,40-44M,NO,Dale Fjelløpere,629,a,DNF,FALSE,1947,1674,372,20:27:14,70453,7638,20,14,2025-08-29T15:45:00.000Z
649,utmb,Robert CHWEDCZUK,H,39,35-39M,PL,Żórawski Team,629,f,Finisher,TRUE,636,559,142,38:46:04,139564,10741,144,25,2025-08-29T15:45:00.000Z
650,utmb,Alexandre DANNER,H,33,20-34M,FR,,628,f,Finisher,TRUE,311,270,108,33:19:03,119943,7207,144,25,2025-08-29T15:45:00.000Z
651,utmb,Thomas GUINCHARD,H,45,40-44M,FR,GRAND BESANCON TRAIL ACADEMIE,628,f,Finisher,TRUE,389,340,74,35:03:48,126228,9920,144,25,2025-08-29T15:45:00.000Z
652,utmb,Michael BAUER,H,34,20-34M,AT,Ranit Austria,650,f,Finisher,TRUE,212,184,80,31:12:47,112367,4133,144,25,2025-08-29T15:45:00.000Z
653,utmb,Hassan LOUTFI,H,44,40-44M,IT,Atletica agordina,628,f,Finisher,TRUE,289,252,50,33:01:31,118891,6423,144,25,2025-08-29T15:45:00.000Z
654,utmb,Saranciuc GHEORGHII,H,37,35-39M,MD,RunMoldova,627,f,Finisher,TRUE,233,203,56,31:50:03,114603,9738,144,25,2025-08-29T15:45:00.000Z
655,utmb,Rémi VAN DEN BROUCKE,H,35,20-34M,FR,Tuc Team,627,f,Finisher,TRUE,352,307,116,34:22:07,123727,10879,144,24,2025-08-29T15:45:00.000Z
656,utmb,Pierre ORIOL,H,34,20-34M,FR,,626,f,Finisher,TRUE,218,190,83,31:25:01,113101,4900,144,25,2025-08-29T15:45:00.000Z
657,utmb,Miguel BRITES,H,55,50-54M,PT,ADN-MERTOLA,624,f,Finisher,TRUE,529,466,21,37:32:33,135153,8817,144,25,2025-08-29T15:45:00.000Z
658,utmb,Jeremy DEMUL,H,39,35-39M,BE,Trakks,678,f,Finisher,TRUE,198,172,46,30:46:28,110788,3942,144,25,2025-08-29T15:45:00.000Z
659,utmb,Lionel COEVOET,H,42,40-44M,FR,,626,f,Finisher,TRUE,202,176,37,30:50:56,111056,5412,144,25,2025-08-29T15:45:00.000Z
660,utmb,Olivier MELCHERS,H,44,40-44M,FR,Cop'ain de Trail,626,f,Finisher,TRUE,428,375,86,35:53:30,129210,8430,144,25,2025-08-29T15:45:00.000Z
661,utmb,Robert HERZFELD,H,30,20-34M,AU,,626,f,Finisher,TRUE,446,393,133,36:15:22,130522,7830,144,25,2025-08-29T15:45:00.000Z
662,utmb,Threerawat KANJANASUTTIYAKORN,H,41,40-44M,TH,Trailway,626,f,Finisher,TRUE,1309,1150,274,45:01:40,162100,13132,144,25,2025-08-29T15:45:00.000Z
663,utmb,Basile CORNILLEAU,H,44,40-44M,FR,BAOUW,625,f,Finisher,TRUE,284,248,49,32:53:57,118437,4635,144,25,2025-08-29T15:45:00.000Z
664,utmb,Laurent LOCHER,H,48,45-49M,FR,ENTENTE ATHLETIQUE DE L'ARVE,619,f,Finisher,TRUE,422,370,43,35:43:13,128593,9800,144,25,2025-08-29T15:45:00.000Z
665,utmb,Arthur WIBAUX,H,31,20-34M,FR,/,640,f,Finisher,TRUE,248,217,93,32:10:04,115804,8954,144,25,2025-08-29T15:45:00.000Z
666,utmb,Eric PARKER,H,52,50-54M,US,,625,a,DNF,FALSE,1897,1630,218,28:53:50,95708,20281,24,17,2025-08-29T15:45:00.000Z
667,utmb,Stefan VINASI,H,38,35-39M,RO,REvolution Running Team,625,a,DNF,FALSE,1724,1490,281,31:17:32,111437,4984,31,20,2025-08-29T15:45:00.000Z
668,utmb,Caleb SCHIFF,H,44,40-44M,US,,624,f,Finisher,TRUE,431,378,88,35:54:44,129284,12565,144,25,2025-08-29T15:45:00.000Z
669,utmb,Paul LE COUR GRANDMAISON,H,30,20-34M,FR,,624,f,Finisher,TRUE,182,159,70,30:24:10,109450,6439,144,25,2025-08-29T15:45:00.000Z
670,utmb,Thibaut NOAILLES,H,41,40-44M,FR,,623,a,DNF,FALSE,1859,1598,355,24:14:10,82650,11362,24,17,2025-08-29T15:45:00.000Z
671,utmb,Matej MARCEN,H,43,40-44M,SI,ACKIA,621,f,Finisher,TRUE,384,336,72,34:56:30,125790,11552,144,25,2025-08-29T15:45:00.000Z
672,utmb,Alexandro RIBEIRO,H,47,45-49M,PT,Marretas do Norte,623,f,Finisher,TRUE,1506,1309,230,46:04:49,165889,19508,144,25,2025-08-29T15:45:00.000Z
673,utmb,Yohei YAMAMOTO,H,50,45-49M,JP,Samurai Milers,623,f,Finisher,TRUE,424,372,44,35:45:38,128738,9705,144,25,2025-08-29T15:45:00.000Z
674,utmb,Antoine AUBOUR,H,47,45-49M,FR,UTMB Group,623,f,Finisher,TRUE,410,358,41,35:34:49,128089,9058,144,25,2025-08-29T15:45:00.000Z
675,utmb,Marcello VILLANI,H,53,50-54M,IT,La Galla,622,f,Finisher,TRUE,849,749,62,40:58:16,147496,12779,144,25,2025-08-29T15:45:00.000Z
676,utmb,Rob COPE,H,38,35-39M,GB,House Running Club,623,np,Other,FALSE,NA,NA,NA,00:00:00,0,NA,NA,0,2025-08-29T15:45:00.000Z
677,utmb,Sebastien HASCOET,H,43,40-44M,FR,PRAC,622,f,Finisher,TRUE,606,532,119,38:31:39,138699,9778,144,25,2025-08-29T15:45:00.000Z
678,utmb,Matej ORSÁG,H,39,35-39M,SK,All4Run Košice/ Karpos Slovakia/ Sportrysy Brooks,621,f,Finisher,TRUE,205,179,48,31:01:21,111681,6031,144,25,2025-08-29T15:45:00.000Z
679,utmb,Paul BOULAY,H,34,20-34M,FR,Wild Trail Flamanville,622,f,Finisher,TRUE,129,112,54,28:43:45,103425,4753,144,25,2025-08-29T15:45:00.000Z
680,utmb,Alexandre CARAMELLA,H,48,45-49M,FR,,622,f,Finisher,TRUE,304,263,29,33:14:41,119681,4434,144,25,2025-08-29T15:45:00.000Z
681,utmb,Nicolas BAUER,H,43,40-44M,FR,,622,f,Finisher,TRUE,339,295,62,34:01:41,122501,10683,144,25,2025-08-29T15:45:00.000Z
682,utmb,Enric GALLART,H,36,35-39M,ES,,622,f,Finisher,TRUE,514,452,122,37:13:00,133980,11485,144,25,2025-08-29T15:45:00.000Z
683,utmb,Adam EKSTEDT,H,36,35-39M,SE,Team Nordic Trail SC,622,f,Finisher,TRUE,1298,1142,233,44:57:47,161867,8416,144,25,2025-08-29T15:45:00.000Z
684,utmb,Sebastian BRADLEY,H,36,35-39M,GB,,622,f,Finisher,TRUE,878,776,184,41:18:35,148715,11449,144,25,2025-08-29T15:45:00.000Z
685,utmb,Hristo IVANOV,H,50,45-49M,BG,Every Step Counts,621,a,DNF,FALSE,1718,1486,262,29:38:30,105918,9301,31,20,2025-08-29T15:45:00.000Z
686,utmb,Aurélien MORAND,H,31,20-34M,FR,,700,f,Finisher,TRUE,773,681,193,40:09:59,144599,15046,144,25,2025-08-29T15:45:00.000Z
687,utmb,Cédric GRAFF,H,47,45-49M,FR,CAP Dinsheim,620,a,DNF,FALSE,2229,1916,332,12:32:15,42366,3056,11,8,2025-08-29T15:45:00.000Z
688,utmb,Anthony CONSTABLE,H,41,40-44M,GB,,620,f,Finisher,TRUE,1026,902,219,42:34:10,153250,24542,144,25,2025-08-29T15:45:00.000Z
689,utmb,Maxime SOL,H,36,35-39M,FR,,620,f,Finisher,TRUE,250,219,63,32:11:49,115909,6913,144,25,2025-08-29T15:45:00.000Z
690,utmb,Søren ASSING,H,33,20-34M,DK,,620,f,Finisher,TRUE,1157,1019,240,43:49:02,157742,6723,144,25,2025-08-29T15:45:00.000Z
691,utmb,Charles MOURICHON,H,40,35-39M,FR,,609,f,Finisher,TRUE,282,247,69,32:52:14,118334,10396,144,25,2025-08-29T15:45:00.000Z
692,utmb,Christian VIRY,H,56,55-59M,FR,,591,f,Finisher,TRUE,873,772,19,41:15:34,148534,17567,144,25,2025-08-29T15:45:00.000Z
693,utmb,Mirko GIORDANI,H,51,50-54M,IT,,620,a,DNF,FALSE,2447,2090,309,05:54:52,21292,NA,4,3,2025-08-29T15:45:00.000Z
694,utmb,Yvan CHARITA,H,53,50-54M,FR,Jogg'Attitude Vals,619,a,DNF,FALSE,2052,1766,257,22:09:14,58493,26612,18,13,2025-08-29T15:45:00.000Z
695,utmb,Matthias KLAUS,H,35,20-34M,AT,Gösing Junkies,619,f,Finisher,TRUE,456,402,137,36:27:01,131221,13174,144,25,2025-08-29T15:45:00.000Z
696,utmb,Alejandro GONZALEZ,H,51,50-54M,ES,Club Ceitil Ceuta,619,f,Finisher,TRUE,854,754,64,41:01:57,147717,15486,144,25,2025-08-29T15:45:00.000Z
697,utmb,Janos LOVEI,H,43,40-44M,HU,,585,f,Finisher,TRUE,904,800,185,41:41:15,150075,13841,144,25,2025-08-29T15:45:00.000Z
698,utmb,Aurelien ROUX FOUILLET,H,39,35-39M,FR,MONTE CARLO TRIATHLON CLUB,618,f,Finisher,TRUE,234,204,57,31:55:05,114905,6626,144,25,2025-08-29T15:45:00.000Z
699,utmb,Aleix ROVIRA,H,39,35-39M,ES,,618,f,Finisher,TRUE,609,535,134,38:33:35,138815,10107,144,25,2025-08-29T15:45:00.000Z
700,utmb,Pierre POTEL,H,39,35-39M,FR,,618,hd,DNF,FALSE,2482,2119,373,04:31:40,16300,NA,3,2,2025-08-29T15:45:00.000Z
701,utmb,Alexi HASTINGS,H,39,35-39M,GB,,618,f,Finisher,TRUE,402,352,97,35:19:41,127181,9233,144,25,2025-08-29T15:45:00.000Z
702,utmb,Clément GABISSON,H,31,20-34M,FR,Team Maximum,618,f,Finisher,TRUE,150,131,60,29:34:58,106498,5355,144,25,2025-08-29T15:45:00.000Z
703,utmb,Gaston BRITO,H,46,45-49M,AR,Turco Nimer Team,618,f,Finisher,TRUE,543,479,67,37:43:55,135835,14124,144,25,2025-08-29T15:45:00.000Z
704,utmb,James MARTIN,H,46,45-49M,GB,N/A,618,f,Finisher,TRUE,381,333,38,34:54:43,125683,6629,144,25,2025-08-29T15:45:00.000Z
705,utmb,Johann ROUSSEL,H,44,40-44M,FR,Les 2 Alpes,618,f,Finisher,TRUE,935,825,192,41:57:31,151051,9794,144,25,2025-08-29T15:45:00.000Z
706,utmb,Julien BALADOU,H,43,40-44M,FR,Sommets des Bauges,618,f,Finisher,TRUE,361,315,68,34:29:30,124170,9094,144,25,2025-08-29T15:45:00.000Z
707,utmb,Benoit HOELT,H,45,40-44M,FR,Type 1 running Team,617,f,Finisher,TRUE,631,554,121,38:45:28,139528,11045,144,25,2025-08-29T15:45:00.000Z
708,utmb,Jérôme LEBEAU,H,53,50-54M,FR,,617,a,DNF,FALSE,1849,1591,212,22:14:24,79735,5237,24,17,2025-08-29T15:45:00.000Z
709,utmb,Sergio SALA ALONSO,H,52,50-54M,ES,Anabolic Window,613,a,DNF,FALSE,1871,1609,215,26:50:18,96545,10803,24,17,2025-08-29T15:45:00.000Z
710,utmb,Alberto FREATO,H,40,35-39M,IT,,617,f,Finisher,TRUE,760,669,165,40:02:20,144140,13076,144,25,2025-08-29T15:45:00.000Z
711,utmb,Godofredo BOSMEDIANO ARIAS,H,47,45-49M,EC,ecuadoruns,617,f,Finisher,TRUE,506,444,58,37:02:00,133320,10371,144,25,2025-08-29T15:45:00.000Z
712,utmb,Ramunas GRUMBINAS,H,54,50-54M,LT,LRT,616,f,Finisher,TRUE,366,320,7,34:38:59,124739,7873,144,25,2025-08-29T15:45:00.000Z
713,utmb,Hervé LANGENFELD,H,40,35-39M,FR,TEAM ELITE #OUFDERUN,616,f,Finisher,TRUE,488,430,114,36:46:34,132394,5443,144,25,2025-08-29T15:45:00.000Z
714,utmb,Antoine BLUY,H,35,20-34M,FR,Coaching Ultra,615,f,Finisher,TRUE,261,229,97,32:25:31,116731,3319,144,25,2025-08-29T15:45:00.000Z
715,utmb,Cedric CARTAL,H,44,40-44M,FR,game changer,616,a,DNF,FALSE,1858,1597,354,24:00:33,85376,7210,24,16,2025-08-29T15:45:00.000Z
716,utmb,Jonathan BLANDIN,H,43,40-44M,FR,,616,f,Finisher,TRUE,200,174,36,30:49:20,110960,9390,144,25,2025-08-29T15:45:00.000Z
717,utmb,Deni JELAŠ,H,33,20-34M,HR,Andrej Vistica Coaching,618,f,Finisher,TRUE,199,173,74,30:47:59,110879,7337,144,25,2025-08-29T15:45:00.000Z
718,utmb,Jerome CESSES,H,46,45-49M,FR,,615,f,Finisher,TRUE,388,339,39,34:59:33,125973,8223,144,25,2025-08-29T15:45:00.000Z
719,utmb,David STARR,H,37,35-39M,CA,,506,f,Finisher,TRUE,404,354,98,35:21:35,127295,10365,144,25,2025-08-29T15:45:00.000Z
720,utmb,Seunghun MOK,H,34,20-34M,KR,no pizza no life,613,f,Finisher,TRUE,599,525,160,38:29:37,138577,13527,144,25,2025-08-29T15:45:00.000Z
721,utmb,Anthony LOUIS,H,37,35-39M,FR,Madintreks,614,f,Finisher,TRUE,452,398,108,36:21:35,130895,11261,144,25,2025-08-29T15:45:00.000Z
722,utmb,Gilles DE VEVEY,H,44,40-44M,CH,Von V,614,np,Other,FALSE,NA,NA,NA,00:00:00,0,NA,NA,0,2025-08-29T15:45:00.000Z
723,utmb,Chia Chieh WANG,H,47,45-49M,TW,,614,a,DNF,FALSE,2114,1817,311,16:11:43,58303,2797,14,11,2025-08-29T15:45:00.000Z
724,utmb,Jesus RODRIGUEZ LAZARO,H,48,45-49M,ES,TRAIL RUNNING ZARAGOZA,614,a,DNF,FALSE,1853,1593,276,22:31:32,76129,11117,24,17,2025-08-29T15:45:00.000Z
725,utmb,Klaus UNTERLERCHER,H,47,45-49M,AT,Traunsee Trailrunning,614,f,Finisher,TRUE,436,383,46,36:00:04,129604,5204,144,25,2025-08-29T15:45:00.000Z
726,utmb,Stijn BOODE,H,46,45-49M,NL,Hellas Utrecht,614,f,Finisher,TRUE,406,355,40,35:26:06,127566,11538,144,25,2025-08-29T15:45:00.000Z
727,utmb,Thibaut PASSELANDE,H,32,20-34M,FR,,614,f,Finisher,TRUE,278,243,101,32:49:54,118194,7787,144,25,2025-08-29T15:45:00.000Z
728,utmb,Patrick COADY,H,54,50-54M,US,,613,f,Finisher,TRUE,191,167,4,30:36:46,110206,5885,144,25,2025-08-29T15:45:00.000Z
729,utmb,Jakub MŁYNARCZYK,H,33,20-34M,PL,Marcin Swierc TEAM,613,f,Finisher,TRUE,575,506,155,38:11:28,137488,6333,144,25,2025-08-29T15:45:00.000Z
730,utmb,Jean-Marc MEUNIER,H,44,40-44M,FR,EUROCLEAN,613,f,Finisher,TRUE,368,321,69,34:39:38,124778,7480,144,25,2025-08-29T15:45:00.000Z
731,utmb,Michal VOMOCIL,H,49,45-49M,CZ,,613,a,DNF,FALSE,1988,1711,295,24:22:23,66445,25365,20,15,2025-08-29T15:45:00.000Z
732,utmb,Luca TURANI,H,49,45-49M,IT,,613,f,Finisher,TRUE,644,567,87,38:52:12,139932,7621,144,25,2025-08-29T15:45:00.000Z
733,utmb,Gael TILLY,H,43,40-44M,FR,Team Trail Paris,611,f,Finisher,TRUE,586,515,116,38:21:43,138103,16205,144,25,2025-08-29T15:45:00.000Z
734,utmb,Jeremy QUERE,H,34,20-34M,FR,,610,f,Finisher,TRUE,399,349,127,35:17:52,127072,8444,144,25,2025-08-29T15:45:00.000Z
735,utmb,Geza OSZACZKI,H,47,45-49M,HU,,612,a,DNF,FALSE,2106,1811,309,14:56:46,53806,357,14,11,2025-08-29T15:45:00.000Z
736,utmb,Quentin SAVARY,H,35,20-34M,FR,Athlétisme MArais de Carentan,612,f,Finisher,TRUE,738,649,186,39:47:50,143270,9631,144,25,2025-08-29T15:45:00.000Z
737,utmb,Maxime BESNARDEAU,H,38,35-39M,FR,Team Trail Aix-les-Bains,611,f,Finisher,TRUE,732,643,160,39:45:44,143144,14539,144,25,2025-08-29T15:45:00.000Z
738,utmb,Manuel SOLIGO,H,42,40-44M,IT,FDT,612,np,Other,FALSE,NA,NA,NA,00:00:00,0,NA,NA,0,2025-08-29T15:45:00.000Z
739,utmb,Gonzalo Jr ALEJANDRINO,H,52,50-54M,IT,Ascoli Marathon,603,f,Finisher,TRUE,1083,951,96,43:01:58,154918,17447,144,25,2025-08-29T15:45:00.000Z
740,utmb,James LENNON,H,53,50-54M,AU,,612,f,Finisher,TRUE,391,342,8,35:10:40,126640,5404,144,25,2025-08-29T15:45:00.000Z
741,utmb,Cesar LOPEZ PINEL,H,47,45-49M,ES,Vara Trail,610,np,Other,FALSE,NA,NA,NA,00:00:00,0,NA,NA,0,2025-08-29T15:45:00.000Z
742,utmb,Aurélien HONVAULT,H,39,35-39M,FR,TAILLEFER TRAIL TEAM,611,f,Finisher,TRUE,287,250,71,33:00:17,118817,6655,144,25,2025-08-29T15:45:00.000Z
743,utmb,Gwenael ROBIN,H,50,45-49M,FR,#TEAMCAVE,611,f,Finisher,TRUE,277,242,22,32:45:11,117911,7057,144,25,2025-08-29T15:45:00.000Z
744,utmb,Leon BERRY,H,42,40-44M,GB,NA,611,f,Finisher,TRUE,1063,932,225,42:50:04,154204,13425,144,25,2025-08-29T15:45:00.000Z
745,utmb,Sébastien PICARD,H,47,45-49M,FR,,611,f,Finisher,TRUE,411,359,42,35:36:52,128212,4644,144,25,2025-08-29T15:45:00.000Z
746,utmb,François HUON,H,38,35-39M,FR,,611,f,Finisher,TRUE,697,614,153,39:22:42,141762,11813,144,25,2025-08-29T15:45:00.000Z
747,utmb,Jeanbaptiste HUON,H,41,40-44M,FR,,611,f,Finisher,TRUE,696,613,135,39:22:40,141760,13014,144,25,2025-08-29T15:45:00.000Z
748,utmb,Matthieu DUVAIL,H,43,40-44M,FR,Nancy Trail Pulsation,611,f,Finisher,TRUE,480,423,98,36:40:07,132007,10525,144,25,2025-08-29T15:45:00.000Z
749,utmb,Paolo COMPARIN,H,35,20-34M,IT,Sterratk Gang,611,f,Finisher,TRUE,554,488,151,37:54:37,136477,12045,144,25,2025-08-29T15:45:00.000Z
750,utmb,Matthieu SCHOLTEN,H,31,20-34M,NL,,610,f,Finisher,TRUE,253,221,94,32:15:05,116105,4131,144,25,2025-08-29T15:45:00.000Z
751,utmb,Gerard MIRANDA BERTRAN,H,41,40-44M,ES,YEPA TEAM,610,f,Finisher,TRUE,573,505,113,38:10:36,137436,15560,144,25,2025-08-29T15:45:00.000Z
752,utmb,Olivier VALLA,H,55,50-54M,FR,Ultra Taaaaac Team,610,a,DNF,FALSE,2226,1913,281,12:28:17,44897,4022,11,8,2025-08-29T15:45:00.000Z
753,utmb,Baptiste GUICHARD,H,38,35-39M,FR,,610,f,Finisher,TRUE,1005,885,198,42:23:08,152588,13915,144,25,2025-08-29T15:45:00.000Z
754,utmb,Iñaki HERVAS GOIRICELAYA,H,39,35-39M,ES,,610,f,Finisher,TRUE,419,367,101,35:39:11,128351,6229,144,25,2025-08-29T15:45:00.000Z
755,utmb,Ewan HORSBURGH,H,49,45-49M,AU,La Sportiva,610,f,Finisher,TRUE,519,456,60,37:18:23,134303,13849,144,25,2025-08-29T15:45:00.000Z
756,utmb,Cyril NICOD,H,38,35-39M,FR,cyrilpeakcoaching,610,f,Finisher,TRUE,407,356,99,35:28:28,127708,5434,144,25,2025-08-29T15:45:00.000Z
757,utmb,Yoann BALLAND,H,38,35-39M,FR,,609,f,Finisher,TRUE,349,304,85,34:16:31,123391,8822,144,25,2025-08-29T15:45:00.000Z
758,utmb,Will REYNOLDS,H,32,20-34M,GB,Margalla Trail Runners,608,f,Finisher,TRUE,326,285,111,33:39:16,121156,7602,144,25,2025-08-29T15:45:00.000Z
759,utmb,Nicolas MARIN,H,45,40-44M,FR,CMBM / Duc Army,590,a,DNF,FALSE,2488,2125,461,02:39:46,9586,NA,2,1,2025-08-29T15:45:00.000Z
760,utmb,Thibaut BERNAGOU,H,31,20-34M,FR,ESPRI'TRAIL,609,f,Finisher,TRUE,1636,1420,287,46:37:58,167878,13589,144,25,2025-08-29T15:45:00.000Z
761,utmb,Gabriele FARRA,H,44,40-44M,IT,Asd Sienarunners,608,np,Other,FALSE,NA,NA,NA,00:00:00,0,NA,NA,0,2025-08-29T15:45:00.000Z
762,utmb,Rémi OLLIVIER,H,43,40-44M,FR,ACHV,606,f,Finisher,TRUE,430,377,87,35:54:34,129274,12745,144,25,2025-08-29T15:45:00.000Z
763,utmb,Ondřej ŠEVČÍK,H,35,20-34M,CZ,Solo,608,a,DNF,FALSE,1863,1601,319,25:42:04,90991,8244,24,17,2025-08-29T15:45:00.000Z
764,utmb,Dorian TABEAU,H,39,35-39M,FR,,608,f,Finisher,TRUE,1097,964,216,43:10:41,155441,11372,144,25,2025-08-29T15:45:00.000Z
765,utmb,Martin BLYAU,H,27,20-34M,FR,Annecy Athlétisme,606,f,Finisher,TRUE,473,417,140,36:35:38,131738,7893,144,25,2025-08-29T15:45:00.000Z
766,utmb,Laurent COSSON,H,44,40-44M,FR,O BAILLY-NOISY LE ROI,606,a,DNF,FALSE,2285,1960,436,09:14:40,33280,NA,8,6,2025-08-29T15:45:00.000Z
767,utmb,Radomir KARLIK,H,53,50-54M,CZ,underground ultrarunning,607,f,Finisher,TRUE,920,813,72,41:47:32,150452,12204,144,25,2025-08-29T15:45:00.000Z
768,utmb,Jan ČERMÁK,H,42,40-44M,CZ,,604,f,Finisher,TRUE,227,197,39,31:46:24,114384,5673,144,25,2025-08-29T15:45:00.000Z
769,utmb,Lorenzo PICCININI,H,52,50-54M,IT,RIMINI MARATHON UNSTOPPABLE,595,np,Other,FALSE,NA,NA,NA,00:00:00,0,NA,NA,0,2025-08-29T15:45:00.000Z
770,utmb,Marco CASTIGLIONE,H,50,45-49M,IT,,607,f,Finisher,TRUE,528,465,63,37:30:30,135030,14125,144,25,2025-08-29T15:45:00.000Z
771,utmb,Andrew PRAG,H,47,45-49M,GB,,606,f,Finisher,TRUE,825,725,107,40:43:21,146601,15749,144,25,2025-08-29T15:45:00.000Z
772,utmb,Matthieu HUIN,H,44,40-44M,FR,les 2 alpes trail,606,f,Finisher,TRUE,383,335,71,34:55:04,125704,14097,144,25,2025-08-29T15:45:00.000Z
773,utmb,Laurent PECKEL,H,44,40-44M,BE,,606,f,Finisher,TRUE,1055,926,223,42:46:25,153985,18635,144,25,2025-08-29T15:45:00.000Z
774,utmb,Nicolas VENANDET,H,48,45-49M,FR,RUN2EAT,599,f,Finisher,TRUE,655,577,90,38:56:20,140180,20504,144,25,2025-08-29T15:45:00.000Z
775,utmb,Connor FARNELL,H,29,20-34M,AU,,606,f,Finisher,TRUE,1065,934,227,42:50:08,154208,12386,144,25,2025-08-29T15:45:00.000Z
776,utmb,Antoine ST-ONGE,H,31,20-34M,CA,Gringos Running Club,605,f,Finisher,TRUE,217,189,82,31:20:44,112844,8608,144,25,2025-08-29T15:45:00.000Z
777,utmb,Henrique DI LORENZO PIRES,H,42,40-44M,BR,,605,a,DNF,FALSE,1967,1691,376,23:36:48,76580,16808,20,15,2025-08-29T15:45:00.000Z
778,utmb,Nicolas DANNE,H,38,35-39M,FR,Naak / ON,603,f,Finisher,TRUE,319,278,77,33:30:05,120605,6883,144,25,2025-08-29T15:45:00.000Z
779,utmb,Jean PEREZ,H,40,35-39M,US,,605,f,Finisher,TRUE,1144,1009,219,43:45:12,157512,18054,144,25,2025-08-29T15:45:00.000Z
780,utmb,Bevan LITTLER,H,47,45-49M,NZ,,601,f,Finisher,TRUE,540,477,66,37:40:32,135632,9448,144,25,2025-08-29T15:45:00.000Z
781,utmb,Clément FAUCHOIS,H,31,20-34M,FR,,605,f,Finisher,TRUE,150,131,60,29:34:58,106498,3981,144,25,2025-08-29T15:45:00.000Z
782,utmb,Christian BROILLET,H,51,50-54M,CH,CAGFarvagny,605,f,Finisher,TRUE,615,541,33,38:37:02,139022,16239,144,25,2025-08-29T15:45:00.000Z
783,utmb,Patrick DELORENZI,H,37,35-39M,IT,,605,a,DNF,FALSE,1841,1584,301,19:58:20,67408,6565,24,17,2025-08-29T15:45:00.000Z
784,utmb,Benoit BLONDEL,H,42,40-44M,FR,,604,f,Finisher,TRUE,1364,1196,287,45:19:53,163193,16923,144,25,2025-08-29T15:45:00.000Z
785,utmb,Manuel BROTO,H,45,40-44M,ES,T3Team,604,f,Finisher,TRUE,271,237,45,32:40:33,117633,6125,144,25,2025-08-29T15:45:00.000Z
786,utmb,Tyler THOMPSON,H,40,35-39M,US,,604,f,Finisher,TRUE,617,543,137,38:38:24,139104,7814,144,25,2025-08-29T15:45:00.000Z
787,utmb,Didrik PINTE,H,48,45-49M,BE,RONVAU,603,f,Finisher,TRUE,288,251,23,33:01:14,118874,11284,144,25,2025-08-29T15:45:00.000Z
788,utmb,Luis MONTEZA SÁNCHEZ,H,40,35-39M,PE,Ninguno,603,f,Finisher,TRUE,323,282,79,33:37:39,121059,6204,144,25,2025-08-29T15:45:00.000Z
789,utmb,Felix ISTOK,H,51,50-54M,HU,Elvetemultek,599,f,Finisher,TRUE,770,679,50,40:08:13,144493,6197,144,25,2025-08-29T15:45:00.000Z
790,utmb,Jordi BUJ CAMPO,H,47,45-49M,AD,,603,a,DNF,FALSE,2299,1971,339,10:21:53,37313,NA,8,6,2025-08-29T15:45:00.000Z
791,utmb,Kazunori TASHIMA,H,41,40-44M,JP,MOKUMOKU TRC,603,a,DNF,FALSE,1827,1573,348,28:40:47,103247,7772,24,17,2025-08-29T15:45:00.000Z
792,utmb,Antoine LIGNY,H,28,20-34M,FR,,602,f,Finisher,TRUE,353,308,117,34:22:08,123728,8477,144,25,2025-08-29T15:45:00.000Z
793,utmb,Enric CARRERAS DORCA,H,49,45-49M,ES,U.E.Sant Joan de les Abadesses,602,f,Finisher,TRUE,320,279,31,33:30:46,120646,9808,144,25,2025-08-29T15:45:00.000Z
794,utmb,Romain THEVENON,H,41,40-44M,FR,Décines Meyzieu Athlétisme,602,f,Finisher,TRUE,787,693,158,40:19:52,145192,11452,144,25,2025-08-29T15:45:00.000Z
795,utmb,Shane MORGAN,H,38,35-39M,GB,,602,f,Finisher,TRUE,230,200,54,31:49:33,114573,5460,144,25,2025-08-29T15:45:00.000Z
796,utmb,Sylvain CHESNEAU,H,52,50-54M,FR,JoRomaLean,600,f,Finisher,TRUE,769,678,49,40:07:51,144471,5396,144,25,2025-08-29T15:45:00.000Z
797,utmb,Yanizar SURYADRATAMA,H,32,20-34M,ID,Bali Trail Running,601,f,Finisher,TRUE,845,745,206,40:57:12,147432,7277,144,25,2025-08-29T15:45:00.000Z
798,utmb,Pierre-Alain EMO,H,34,20-34M,FR,Dynamic Sporting Club,601,f,Finisher,TRUE,997,879,222,42:21:04,152464,18167,144,25,2025-08-29T15:45:00.000Z
799,utmb,Sinuhe FLETES,H,42,40-44M,MX,El Escuadron de la Montaña,600,a,DNF,FALSE,1962,1687,375,22:52:12,80040,9308,20,15,2025-08-29T15:45:00.000Z
800,utmb,Thomas ZIMMER,H,36,35-39M,FR,LITM,599,f,Finisher,TRUE,265,231,67,32:34:12,117252,8041,144,25,2025-08-29T15:45:00.000Z
801,utmb,Jérémy GUILLOMON,H,34,20-34M,FR,,599,f,Finisher,TRUE,645,568,168,38:52:18,139938,9674,144,25,2025-08-29T15:45:00.000Z
802,utmb,Patryk POCIASK,H,32,20-34M,PL,,599,f,Finisher,TRUE,455,401,136,36:23:22,131002,17487,144,25,2025-08-29T15:45:00.000Z
803,utmb,Matthieu LEGENDRE,H,47,45-49M,FR,Entente Athlétique Tain Tournon,599,f,Finisher,TRUE,292,254,24,33:03:32,119012,6721,144,25,2025-08-29T15:45:00.000Z
804,utmb,Roger IZQUIERDO JUANDO,H,47,45-49M,ES,LK BITRONIC RUNNERS,599,f,Finisher,TRUE,624,549,84,38:42:53,139373,10690,144,25,2025-08-29T15:45:00.000Z
805,utmb,Pierre SOUILLÉ,H,40,35-39M,FR,Montagn'hard,588,f,Finisher,TRUE,203,177,47,30:59:18,111558,5175,144,25,2025-08-29T15:45:00.000Z
806,utmb,Toni PIVCEVIC,H,38,35-39M,HR,,599,a,DNF,FALSE,1770,1531,291,26:10:00,92936,5789,27,18,2025-08-29T15:45:00.000Z
807,utmb,Joaquim MAGALHAES,H,48,45-49M,PT,Clube de Montanha do Funchal,599,f,Finisher,TRUE,715,629,95,39:36:26,142586,16455,144,25,2025-08-29T15:45:00.000Z
808,utmb,Régis BROCHARD,H,46,45-49M,FR,Ar Sud Lac,599,f,Finisher,TRUE,1107,973,155,43:16:13,155773,19892,144,25,2025-08-29T15:45:00.000Z
810,utmb,Koen MEEUS,H,37,35-39M,BE,,598,f,Finisher,TRUE,329,287,80,33:41:06,121266,7835,144,25,2025-08-29T15:45:00.000Z
811,utmb,Michele EVANGELISTI,H,46,45-49M,IT,ASD TRAILLAB,598,f,Finisher,TRUE,703,619,94,39:29:32,142172,13163,144,25,2025-08-29T15:45:00.000Z
812,utmb,Marc-André CHENARD,H,45,40-44M,FR,2NDLIFE,598,f,Finisher,TRUE,748,658,147,39:52:34,143554,11528,144,25,2025-08-29T15:45:00.000Z
813,utmb,Julien DUFAUD,H,34,20-34M,FR,TOULAUD TRAIL,598,a,DNF,FALSE,2058,1772,343,15:56:32,57392,4070,15,12,2025-08-29T15:45:00.000Z
814,utmb,Johann HURTAUD-MARZANI,H,35,20-34M,FR,,597,a,DNF,FALSE,1864,1602,320,25:56:46,93330,4409,24,17,2025-08-29T15:45:00.000Z
815,utmb,Marc-Antoine MILLONES,H,26,20-34M,CA,,597,np,Other,FALSE,NA,NA,NA,00:00:00,0,NA,NA,0,2025-08-29T15:45:00.000Z
816,utmb,Matt TUREI,H,52,50-54M,NZ,,597,f,Finisher,TRUE,549,484,24,37:52:15,136335,11741,144,25,2025-08-29T15:45:00.000Z
817,utmb,Vincent GUILLAUME,H,46,45-49M,FR,,597,f,Finisher,TRUE,758,667,101,40:01:42,144102,15171,144,25,2025-08-29T15:45:00.000Z
818,utmb,Romain ARRANNO,H,40,35-39M,FR,URTXINTXAK,597,f,Finisher,TRUE,286,249,70,32:56:09,118569,8760,144,25,2025-08-29T15:45:00.000Z
819,utmb,Patryk LECZOWICZ,H,32,20-34M,PL,,598,a,DNF,FALSE,1949,1676,333,20:27:22,73153,5041,20,15,2025-08-29T15:45:00.000Z
820,utmb,Riccardo FERRI,H,45,40-44M,IT,Feel Like Unicorn ASD,594,f,Finisher,TRUE,356,311,66,34:22:23,123743,9096,144,25,2025-08-29T15:45:00.000Z
821,utmb,Kosuke KUROSAWA,H,47,45-49M,JP,,596,f,Finisher,TRUE,830,730,108,40:46:06,146766,9537,144,25,2025-08-29T15:45:00.000Z
822,utmb,Claude DARTOIS,H,47,45-49M,FR,Cap92,597,f,Finisher,TRUE,600,526,80,38:30:07,138607,11619,144,25,2025-08-29T15:45:00.000Z
823,utmb,Emmanuel LABRID,H,53,50-54M,FR,CA BALMA,597,f,Finisher,TRUE,324,283,6,33:37:53,121073,8429,144,25,2025-08-29T15:45:00.000Z
824,utmb,Tjasa SELISKAR,F,43,40-44W,SI,Amfibija,596,f,Finisher,TRUE,294,40,8,33:03:45,119025,1908,144,25,2025-08-29T15:45:00.000Z
825,utmb,Chen CHIH YUNG,H,44,40-44M,TW,,596,a,DNF,FALSE,2135,1838,405,17:35:19,63319,1851,14,11,2025-08-29T15:45:00.000Z
826,utmb,Timothée LATOUR,H,28,20-34M,FR,,596,a,DNF,FALSE,1963,1688,335,23:19:52,83744,7183,20,14,2025-08-29T15:45:00.000Z
827,utmb,Francisco OTTONI PORTO,H,53,50-54M,BR,Mont Blanc Assessoria Esportiva,596,a,DNF,FALSE,2121,1824,266,16:41:21,60081,2164,14,11,2025-08-29T15:45:00.000Z
828,utmb,Chaisak WANGSNAM,H,38,35-39M,TH,Trail Addict,596,a,DNF,FALSE,2289,1962,351,09:36:29,34589,NA,8,6,2025-08-29T15:45:00.000Z
829,utmb,David IVANOFF,H,57,55-59M,FR,Team du Grand Arc,595,f,Finisher,TRUE,682,599,10,39:13:27,141207,11701,144,25,2025-08-29T15:45:00.000Z
830,utmb,Christophe CAVAZZANA,H,45,40-44M,FR,,596,f,Finisher,TRUE,187,163,33,30:28:09,109689,3138,144,25,2025-08-29T15:45:00.000Z
831,utmb,Jonathan LI,H,42,40-44M,US,Kura Gang,595,f,Finisher,TRUE,1268,1115,264,44:46:08,161168,13953,144,25,2025-08-29T15:45:00.000Z
832,utmb,Tanin CHALOEMCHUSAKSAKUN,H,41,40-44M,TH,Trailway,595,f,Finisher,TRUE,1123,988,235,43:33:35,156815,17575,144,25,2025-08-29T15:45:00.000Z
833,utmb,Jordan FAURE,H,46,45-49M,FR,Team mouflard,593,f,Finisher,TRUE,498,438,56,36:59:46,133186,9368,144,25,2025-08-29T15:45:00.000Z
834,utmb,Benjamin HARDY,H,43,40-44M,FR,,595,f,Finisher,TRUE,394,345,77,35:12:08,126728,10814,144,25,2025-08-29T15:45:00.000Z
835,utmb,Lara MARTINS,F,49,45-49W,BR,Laia Diez,595,a,DNF,FALSE,1958,275,53,21:38:48,72589,11775,20,15,2025-08-29T15:45:00.000Z
836,utmb,Benoît HAMON,H,44,40-44M,FR,BBA/SPORT 2000,595,f,Finisher,TRUE,343,299,63,34:10:43,123043,9362,144,25,2025-08-29T15:45:00.000Z
837,utmb,Daniel ALVES,H,44,40-44M,FR,,595,f,Finisher,TRUE,413,361,82,35:37:25,128245,7979,144,25,2025-08-29T15:45:00.000Z
838,utmb,Maxence ANTOINE,H,31,20-34M,FR,Evian Off Course,594,f,Finisher,TRUE,555,489,152,37:54:45,136485,12467,144,25,2025-08-29T15:45:00.000Z
839,utmb,Claude DELADOEUILLE,H,56,55-59M,FR,,594,f,Finisher,TRUE,472,416,1,36:34:15,131655,8002,144,25,2025-08-29T15:45:00.000Z
840,utmb,Jean BOYER,H,42,40-44M,FR,,594,f,Finisher,TRUE,467,411,97,36:32:51,131571,13122,144,25,2025-08-29T15:45:00.000Z
841,utmb,Tomoshi SAITO,H,43,40-44M,JP,,594,f,Finisher,TRUE,1387,1213,290,45:26:13,163573,24070,144,25,2025-08-29T15:45:00.000Z
842,utmb,Simon JOHANSEN,H,38,35-39M,NO,Team 6847,591,f,Finisher,TRUE,470,414,110,36:33:43,131623,10876,144,25,2025-08-29T15:45:00.000Z
843,utmb,David TOURNIER,H,40,35-39M,FR,,594,a,DNF,FALSE,2110,1814,330,15:49:41,56981,1824,14,11,2025-08-29T15:45:00.000Z
844,utmb,Vincent GUILIANI,H,54,50-54M,FR,Trail de Haute Provence,593,f,Finisher,TRUE,468,412,15,36:32:56,131576,11888,144,25,2025-08-29T15:45:00.000Z
845,utmb,Yilun SHEN,H,28,20-34M,CN,,593,f,Finisher,TRUE,296,256,105,33:04:58,119098,6436,144,25,2025-08-29T15:45:00.000Z
846,utmb,Khusaif ALZAKWANI,H,51,50-54M,OM,,591,f,Finisher,TRUE,1277,1123,131,44:49:22,161362,10791,144,25,2025-08-29T15:45:00.000Z
847,utmb,Fabrice HASSEN,H,46,45-49M,FR,COURIR A SAUSSET,592,f,Finisher,TRUE,295,255,25,33:03:58,119038,5139,144,25,2025-08-29T15:45:00.000Z
848,utmb,Jennie LABRIE,F,35,20-34W,CA,Deep Cove Run Club,589,a,DNF,FALSE,2392,348,66,05:12:39,18759,NA,6,4,2025-08-29T15:45:00.000Z
849,utmb,Guillaume LE RAY,H,41,40-44M,FR,T&P / Sparta,592,f,Finisher,TRUE,403,353,80,35:20:04,127204,9479,144,25,2025-08-29T15:45:00.000Z
850,utmb,Sébastien MAGNET,H,33,20-34M,FR,,592,f,Finisher,TRUE,872,771,208,41:13:58,148438,13506,144,25,2025-08-29T15:45:00.000Z
851,utmb,Mikael LAPOSA,H,42,40-44M,SE,,591,f,Finisher,TRUE,1087,955,231,43:04:01,155041,14334,144,25,2025-08-29T15:45:00.000Z
852,utmb,Christopher LANTZY,H,47,45-49M,US,,592,f,Finisher,TRUE,564,496,71,38:01:04,136864,13079,144,25,2025-08-29T15:45:00.000Z
853,utmb,Johny AIMART,H,61,60-64M,FR,Déniv,590,f,Finisher,TRUE,688,605,4,39:18:16,141496,9210,144,25,2025-08-29T15:45:00.000Z
854,utmb,Sebastian GLASSEY ORTIZ,H,33,20-34M,PE,,591,f,Finisher,TRUE,461,407,138,36:29:44,131384,6388,144,25,2025-08-29T15:45:00.000Z
855,utmb,Tomasz NIEZGÓDKA,H,56,55-59M,PL,I&I,591,f,Finisher,TRUE,593,520,4,38:25:21,138321,10052,144,25,2025-08-29T15:45:00.000Z
856,utmb,Sergio LOZANO SERRANO,H,39,35-39M,ES,JABATOS TEAM,591,f,Finisher,TRUE,423,371,103,35:43:37,128617,7271,144,25,2025-08-29T15:45:00.000Z
857,utmb,Thomas SMAGUE,H,31,20-34M,FR,,590,f,Finisher,TRUE,469,413,139,36:33:42,131622,13255,144,25,2025-08-29T15:45:00.000Z
858,utmb,Raul LOZANO LOBO,H,47,45-49M,ES,RUNNEA TRAIL TEAM,590,f,Finisher,TRUE,545,480,68,37:46:28,135988,5549,144,25,2025-08-29T15:45:00.000Z
859,utmb,Samir GUECHTOULI,H,47,45-49M,FR,,590,f,Finisher,TRUE,903,799,115,41:40:16,150016,9304,144,25,2025-08-29T15:45:00.000Z
860,utmb,Benoit CALVEZ,H,48,45-49M,FR,Team ory immobilier,589,f,Finisher,TRUE,303,262,28,33:12:26,119546,10440,144,25,2025-08-29T15:45:00.000Z
861,utmb,Alberto PEÑA ALONSO,H,49,45-49M,ES,C.D. TOLISCO,590,f,Finisher,TRUE,647,570,88,38:52:25,139945,10385,144,25,2025-08-29T15:45:00.000Z
862,utmb,Gabriel OCEJO,H,42,40-44M,AR,KM Running,590,f,Finisher,TRUE,842,742,169,40:56:57,147417,5423,144,25,2025-08-29T15:45:00.000Z
863,utmb,Antonio RUBIO SÁNCHEZ,H,46,45-49M,ES,OS CORZOS DE ORTEGAL,590,f,Finisher,TRUE,570,502,73,38:08:49,137329,7698,144,25,2025-08-29T15:45:00.000Z
864,utmb,Dominique RIBEIRO,H,55,50-54M,FR,Triathlète Attitude Vincennes,590,f,Finisher,TRUE,1125,990,104,43:34:27,156867,20782,144,25,2025-08-29T15:45:00.000Z
865,utmb,Guido DI COSTANZO,H,45,40-44M,IT,Team@animatrail,590,f,Finisher,TRUE,534,471,109,37:34:55,135295,10608,144,25,2025-08-29T15:45:00.000Z
866,utmb,Wei XIE,H,52,50-54M,CN,,590,f,Finisher,TRUE,822,722,56,40:40:39,146439,12244,144,25,2025-08-29T15:45:00.000Z
867,utmb,Romain PEROT,H,26,20-34M,FR,Titou Haïko,589,f,Finisher,TRUE,810,711,199,40:32:35,145955,11141,144,25,2025-08-29T15:45:00.000Z
868,utmb,Benoit CATELLA,H,36,35-39M,FR,,589,f,Finisher,TRUE,1294,1138,232,44:56:52,161812,12738,144,25,2025-08-29T15:45:00.000Z
869,utmb,Rudy SIMONEK,H,32,20-34M,FR,,589,f,Finisher,TRUE,685,602,176,39:14:52,141292,13301,144,25,2025-08-29T15:45:00.000Z
870,utmb,Tong ZHU,H,56,55-59M,US,BURN,589,f,Finisher,TRUE,711,625,11,39:34:40,142480,8334,144,25,2025-08-29T15:45:00.000Z
871,utmb,Vincent MOULIN,H,29,20-34M,FR,,587,f,Finisher,TRUE,678,596,175,39:12:16,141136,19287,144,25,2025-08-29T15:45:00.000Z
872,utmb,Yi Lin CHUNG,H,45,40-44M,TW,NA,589,f,Finisher,TRUE,981,864,210,42:14:58,152098,18825,144,25,2025-08-29T15:45:00.000Z
873,utmb,Anthony LEPAGE,H,35,20-34M,FR,,589,f,Finisher,TRUE,308,267,107,33:16:40,119800,9191,144,25,2025-08-29T15:45:00.000Z
874,utmb,Charles-Louis KEL,H,49,45-49M,FR,RAME,588,f,Finisher,TRUE,1103,970,154,43:13:27,155607,24667,144,25,2025-08-29T15:45:00.000Z
875,utmb,Mui Chun LI,F,57,55-59W,HK,KAILAS FUGA TEAM,588,f,Finisher,TRUE,582,71,1,38:16:22,137782,4793,144,25,2025-08-29T15:45:00.000Z
876,utmb,Stéphane FERRIÈRE,H,55,50-54M,FR,Faucigny Athlétic Club,589,f,Finisher,TRUE,684,601,38,39:14:32,141272,15427,144,25,2025-08-29T15:45:00.000Z
877,utmb,Nisachon MORGAN,F,45,40-44W,TH,SUUNTO Thailand/ XREALSPORT,588,a,DNF,FALSE,1861,262,58,25:16:35,90889,2628,24,17,2025-08-29T15:45:00.000Z
878,utmb,Valentin BOURGEOIS,H,49,45-49M,FR,,587,f,Finisher,TRUE,883,781,114,41:24:08,149048,16116,144,25,2025-08-29T15:45:00.000Z
879,utmb,Yuya GOTO,H,44,40-44M,JP,Sanage,588,f,Finisher,TRUE,1126,991,236,43:34:39,156879,9287,144,25,2025-08-29T15:45:00.000Z
880,utmb,Federico VOLA,H,45,40-44M,IT,,588,f,Finisher,TRUE,272,238,46,32:41:39,117699,9583,144,25,2025-08-29T15:45:00.000Z
881,utmb,Michael SAINSORNY,H,53,50-54M,FR,EATT,588,f,Finisher,TRUE,663,583,37,39:01:26,140486,16446,144,25,2025-08-29T15:45:00.000Z
882,utmb,Rafael CABANILLAS CARRILLO,H,41,40-44M,ES,,588,f,Finisher,TRUE,385,337,73,34:57:09,125829,9575,144,25,2025-08-29T15:45:00.000Z
883,utmb,Alexis MOULIN,H,22,20-34M,CH,Cristal Sport,588,f,Finisher,TRUE,1375,1205,260,45:21:54,163314,18148,144,25,2025-08-29T15:45:00.000Z
884,utmb,Simone ANSELMI,H,56,55-59M,IT,Asd sp torre del mangia,588,a,DNF,FALSE,1875,1613,88,27:05:31,97454,7579,24,17,2025-08-29T15:45:00.000Z
885,utmb,Anke SCHÖNBERGER,F,39,35-39W,DE,Erdinger Active Team,587,a,DNF,FALSE,2287,326,59,09:18:09,33489,NA,8,6,2025-08-29T15:45:00.000Z
886,utmb,Sophie MULLINS,F,45,40-44W,GB,CA Llebeig Xàbia,587,a,DNF,FALSE,2466,360,80,02:48:24,10104,NA,3,2,2025-08-29T15:45:00.000Z
887,utmb,Marija PIPIRAITE-GRUMBINE,F,41,40-44W,LT,Trail Running Factory,587,f,Finisher,TRUE,366,47,10,34:38:59,124739,7369,144,24,2025-08-29T15:45:00.000Z
888,utmb,Marc ROCA PIJOAN,H,51,50-54M,ES,KoR,587,f,Finisher,TRUE,660,580,36,39:00:22,140422,16513,144,25,2025-08-29T15:45:00.000Z
889,utmb,Chu Kin CHAN,H,51,50-54M,HK,,587,f,Finisher,TRUE,434,381,13,35:59:06,129546,5354,144,25,2025-08-29T15:45:00.000Z
890,utmb,Brian DIJKSTRA,H,36,35-39M,BE,,587,f,Finisher,TRUE,860,760,181,41:03:54,147834,11962,144,25,2025-08-29T15:45:00.000Z
891,utmb,Jules PIJOURLET,H,35,20-34M,FR,Chamonix Mont-Blanc Marathon,619,f,Finisher,TRUE,539,476,149,37:39:57,135597,13129,144,25,2025-08-29T15:45:00.000Z
892,utmb,Bastien GENEVE,H,26,20-34M,FR,Trail des Collines,587,a,DNF,FALSE,1743,1509,297,28:00:52,100852,9460,30,19,2025-08-29T15:45:00.000Z
893,utmb,Zuzana MATUSOVA,F,43,40-44W,SK,Slovakultratrailteam/ Dynasport,587,f,Finisher,TRUE,623,75,16,38:42:31,139351,9914,144,25,2025-08-29T15:45:00.000Z
894,utmb,Julien FREDONNET,H,51,50-54M,AU,,587,f,Finisher,TRUE,930,820,73,41:50:43,150643,19745,144,25,2025-08-29T15:45:00.000Z
895,utmb,Nicolas TREPIN,H,42,40-44M,AR,Never Stop Running Team,587,f,Finisher,TRUE,360,314,67,34:29:19,124159,6284,144,25,2025-08-29T15:45:00.000Z
896,utmb,Tony PERNET-COUDRIER,H,26,20-34M,FR,,623,f,Finisher,TRUE,547,482,150,37:50:52,136252,9704,144,25,2025-08-29T15:45:00.000Z
897,utmb,Romain LACAILLE,H,44,40-44M,FR,Triathlaix,586,f,Finisher,TRUE,1233,1088,255,44:33:24,160404,16981,144,25,2025-08-29T15:45:00.000Z
898,utmb,Baptiste RIVORY,H,33,20-34M,FR,Rhinos,586,a,DNF,FALSE,1856,1596,317,23:21:05,79551,7497,24,17,2025-08-29T15:45:00.000Z
899,utmb,Lucas MISTRE,H,37,35-39M,FR,Strava Nostra,586,a,DNF,FALSE,2233,1920,346,14:23:50,50929,8463,11,8,2025-08-29T15:45:00.000Z
900,utmb,Jean-François LAMBRECHT,H,42,40-44M,BE,XRUN,585,f,Finisher,TRUE,664,584,128,39:01:44,140504,8001,144,25,2025-08-29T15:45:00.000Z
901,utmb,Shizuka YANAGIHASHI,H,55,50-54M,JP,ONE TOKYO,586,f,Finisher,TRUE,1182,1041,113,44:05:24,158724,11409,144,25,2025-08-29T15:45:00.000Z
902,utmb,Jérôme GARCIN,H,36,35-39M,FR,,586,f,Finisher,TRUE,260,228,66,32:24:38,116678,6025,144,25,2025-08-29T15:45:00.000Z
903,utmb,Tue MANTONI,H,51,50-54M,DK,Chamois Danois,585,f,Finisher,TRUE,153,134,3,29:39:26,106766,5397,144,25,2025-08-29T15:45:00.000Z
904,utmb,Thomas BECK,H,50,45-49M,DK,,584,f,Finisher,TRUE,648,571,89,38:52:42,139962,10740,144,25,2025-08-29T15:45:00.000Z
905,utmb,Carlo SAMBARINO,H,54,50-54M,IT,,586,a,DNF,FALSE,2152,1854,273,18:38:38,67118,1532,14,10,2025-08-29T15:45:00.000Z
906,utmb,Simon POTY,H,32,20-34M,BE,,600,f,Finisher,TRUE,412,360,129,35:37:07,128227,9660,144,25,2025-08-29T15:45:00.000Z
907,utmb,Jian Feng LIU,H,31,20-34M,HK,,586,f,Finisher,TRUE,235,205,88,31:55:27,114927,4349,144,25,2025-08-29T15:45:00.000Z
908,utmb,Marta ABRANTES,F,49,45-49W,PT,Monsanto Running Team,584,a,DNF,FALSE,2107,296,57,15:30:42,55842,2537,14,11,2025-08-29T15:45:00.000Z
909,utmb,Aaron SMITH,H,64,60-64M,US,Northwoods Minnesota/ Adventure Running,585,f,Finisher,TRUE,553,487,3,37:54:06,136446,12518,144,25,2025-08-29T15:45:00.000Z
910,utmb,Jan ACKERMANS,H,41,40-44M,BE,USC NOUVION ATHLETISME,584,f,Finisher,TRUE,526,463,106,37:27:49,134869,9084,144,25,2025-08-29T15:45:00.000Z
911,utmb,Florent LAMBERT,H,38,35-39M,FR,,585,f,Finisher,TRUE,1447,1260,250,45:47:21,164841,19193,144,25,2025-08-29T15:45:00.000Z
912,utmb,Thomas DELANOË,H,27,20-34M,FR,,585,f,Finisher,TRUE,988,871,220,42:19:01,152341,17346,144,25,2025-08-29T15:45:00.000Z
913,utmb,Carlos FERNÁNDEZ DE DIOS,H,45,40-44M,ES,UEC Anoia,585,f,Finisher,TRUE,466,410,96,36:32:43,131563,8419,144,25,2025-08-29T15:45:00.000Z
914,utmb,Roland MALNOË,H,63,60-64M,FR,TEAM OUTDOOR PARIS,583,a,DNF,FALSE,2410,2059,57,04:05:44,14744,NA,4,3,2025-08-29T15:45:00.000Z
915,utmb,Loïc VALLAT,H,31,20-34M,CH,,585,f,Finisher,TRUE,1001,882,224,42:22:28,152548,13817,144,25,2025-08-29T15:45:00.000Z
916,utmb,Oliver WATKINS,H,48,45-49M,GB,CLC Striders,584,f,Finisher,TRUE,504,443,57,37:01:37,133297,13188,144,25,2025-08-29T15:45:00.000Z
917,utmb,Arnaud FREUND,H,51,50-54M,FR,,572,a,DNF,FALSE,1956,1682,233,21:13:18,76247,7385,20,15,2025-08-29T15:45:00.000Z
918,utmb,Romain JAUFFRINEAU,H,36,35-39M,FR,,584,f,Finisher,TRUE,176,155,41,30:15:38,108938,6854,144,25,2025-08-29T15:45:00.000Z
919,utmb,Benoit LABRECHE,H,59,55-59M,CA,,584,f,Finisher,TRUE,869,768,18,41:10:36,148236,6381,144,25,2025-08-29T15:45:00.000Z
920,utmb,Julian GONSIOR,H,38,35-39M,DE,SV Königshofen,584,f,Finisher,TRUE,495,435,117,36:54:56,132896,6912,144,25,2025-08-29T15:45:00.000Z
922,utmb,Jaroslav ČERNÝ,H,47,45-49M,CZ,Ultra Running Gemini,584,f,Finisher,TRUE,858,758,112,41:03:46,147826,14615,144,25,2025-08-29T15:45:00.000Z
923,utmb,Jesús VICENTE BLANCO,H,51,50-54M,ES,ASS. EXC. CORNUDELLA DE MONTSANT,584,f,Finisher,TRUE,753,663,46,39:55:13,143713,17778,144,25,2025-08-29T15:45:00.000Z
924,utmb,Alejandro ZABALA,H,46,45-49M,EC,SIN LIMITES,584,f,Finisher,TRUE,463,408,52,36:30:26,131426,11103,144,25,2025-08-29T15:45:00.000Z
925,utmb,Martin VAUPEL,H,43,40-44M,DE,,581,f,Finisher,TRUE,453,399,94,36:23:00,130980,5467,144,25,2025-08-29T15:45:00.000Z
926,utmb,Marian LOGOFATU,H,43,40-44M,RO,Nike Running Club,584,a,DNF,FALSE,1969,1693,377,23:41:04,78070,14056,20,15,2025-08-29T15:45:00.000Z
927,utmb,Nicolas CARRET,H,46,45-49M,FR,JASSERON,582,f,Finisher,TRUE,1258,1106,186,44:38:43,160723,12594,144,25,2025-08-29T15:45:00.000Z
929,utmb,Simon HIERONYMUS,H,41,40-44M,DE,,583,f,Finisher,TRUE,254,222,41,32:16:22,116182,3441,144,25,2025-08-29T15:45:00.000Z
930,utmb,Baptiste MACÉ,H,41,40-44M,FR,TEAM MIZUNO / CIMALPES / CHALET DES NEIGES / PENTE DOUCE,582,f,Finisher,TRUE,768,677,153,40:06:59,144419,11285,144,25,2025-08-29T15:45:00.000Z
931,utmb,Joao GONCALVES,H,47,45-49M,PT,,583,a,DNF,FALSE,2286,1961,337,09:15:32,33332,NA,8,6,2025-08-29T15:45:00.000Z
932,utmb,Collin MILLER,H,29,20-34M,US,,583,f,Finisher,TRUE,354,309,118,34:22:10,123730,10434,144,25,2025-08-29T15:45:00.000Z
933,utmb,Marie Laure LENGLET,F,47,45-49W,FR,Intrum/Jocel,583,f,Finisher,TRUE,464,56,6,36:31:23,131483,9255,144,25,2025-08-29T15:45:00.000Z
934,utmb,Urs FRUEHAUF,H,46,45-49M,DE,,583,a,DNF,FALSE,1854,1594,277,23:11:35,83152,5114,24,17,2025-08-29T15:45:00.000Z
935,utmb,Yutaka KOBAYASHI,H,33,20-34M,JP,Team OSADA,582,f,Finisher,TRUE,759,668,189,40:01:59,144119,13512,144,25,2025-08-29T15:45:00.000Z
936,utmb,Quentin LEMESRE,H,29,20-34M,FR,SO Trail Lyon,582,f,Finisher,TRUE,401,351,128,35:18:44,127124,9486,144,25,2025-08-29T15:45:00.000Z
937,utmb,Alwin WESSELS,H,42,40-44M,NL,,582,a,DNF,FALSE,1726,1492,333,33:42:47,113161,14951,31,20,2025-08-29T15:45:00.000Z
938,utmb,Jerome BEAUMALE,H,43,40-44M,FR,Bro Team,582,f,Finisher,TRUE,511,449,104,37:08:25,133705,6373,144,25,2025-08-29T15:45:00.000Z
939,utmb,Andres VILLAGRAN,H,42,40-44M,EC,Plastivill,582,f,Finisher,TRUE,398,348,78,35:17:06,127026,3464,144,25,2025-08-29T15:45:00.000Z
940,utmb,Tarik MACHKOUR,H,37,35-39M,FR,Les Raids Eurosportifs de Brignais,582,f,Finisher,TRUE,694,611,152,39:19:54,141594,14279,144,25,2025-08-29T15:45:00.000Z
941,utmb,James TURNER,H,48,45-49M,GB,Truro,578,f,Finisher,TRUE,1124,989,159,43:33:55,156835,17016,144,25,2025-08-29T15:45:00.000Z
942,utmb,Mihaela KALIGARI HEK,F,38,35-39W,HR,SRK Running Fox,582,f,Finisher,TRUE,491,60,15,36:51:01,132661,8298,144,25,2025-08-29T15:45:00.000Z
943,utmb,Christopher THOMAS,H,58,55-59M,US,ReddAntler Running,581,a,DNF,FALSE,2303,1973,114,10:40:16,35395,3021,8,6,2025-08-29T15:45:00.000Z
944,utmb,Guillaume COURTET,H,31,20-34M,FR,DUC ARMY - KAP PREVENTION,581,a,DNF,FALSE,2101,1809,354,14:13:31,51211,984,14,11,2025-08-29T15:45:00.000Z
945,utmb,Yoann MORVAN,H,38,35-39M,FR,,581,f,Finisher,TRUE,1339,1177,239,45:12:34,162754,15913,144,25,2025-08-29T15:45:00.000Z
946,utmb,Delphine ALLES,F,45,40-44W,FR,SPAC,581,f,Finisher,TRUE,656,79,17,38:56:32,140192,15047,144,25,2025-08-29T15:45:00.000Z
947,utmb,Thomas BANNELIER,H,36,35-39M,FR,,581,f,Finisher,TRUE,1051,922,206,42:45:01,153901,14231,144,25,2025-08-29T15:45:00.000Z
948,utmb,Roland KÖNIGSHOFER,H,54,50-54M,AT,,581,a,DNF,FALSE,1768,1529,206,25:13:39,89570,6758,27,18,2025-08-29T15:45:00.000Z
949,utmb,Chris BOY,H,43,40-44M,NL,,581,f,Finisher,TRUE,376,328,70,34:51:06,125466,5325,144,25,2025-08-29T15:45:00.000Z
950,utmb,William BUFFIERES,H,34,20-34M,FR,,581,f,Finisher,TRUE,225,195,86,31:44:54,114294,5501,144,25,2025-08-29T15:45:00.000Z
951,utmb,Ivan PENA,H,43,40-44M,ES,Trailxtrem,605,f,Finisher,TRUE,268,234,43,32:35:44,117344,7347,144,25,2025-08-29T15:45:00.000Z
952,utmb,Benoit DURAND,H,42,40-44M,FR,Team Trail Paris,580,f,Finisher,TRUE,322,281,57,33:36:15,120975,6922,144,25,2025-08-29T15:45:00.000Z
953,utmb,Patrik ROSTIK,H,40,35-39M,CZ,Pivo a Myslivec / SKI Sokol Zajecice,525,f,Finisher,TRUE,699,616,154,39:27:23,142043,13279,144,25,2025-08-29T15:45:00.000Z
954,utmb,Florian PAYOT,H,33,20-34M,FR,,580,f,Finisher,TRUE,730,641,183,39:44:38,143078,16627,144,25,2025-08-29T15:45:00.000Z
955,utmb,Carlos RODRIGUEZ NIEVA,H,49,45-49M,ES,,580,f,Finisher,TRUE,961,847,124,42:06:59,151619,16682,144,25,2025-08-29T15:45:00.000Z
956,utmb,Thomas MADRE,H,39,35-39M,FR,World Team Brasperie Trail Running,580,f,Finisher,TRUE,625,550,140,38:43:27,139407,21979,144,25,2025-08-29T15:45:00.000Z
957,utmb,Grégory HERMAN,H,49,45-49M,BE,Biotrail,579,f,Finisher,TRUE,302,261,27,33:10:00,119400,12027,144,25,2025-08-29T15:45:00.000Z
958,utmb,Axelle NARDOUX,F,39,35-39W,FR,WISE ULTRA RUNNING,580,f,Finisher,TRUE,242,31,8,32:03:53,115433,3527,144,24,2025-08-29T15:45:00.000Z
959,utmb,Philippe MOULIN,H,49,45-49M,FR,Fartlek,580,f,Finisher,TRUE,676,594,92,39:10:45,141045,14785,144,25,2025-08-29T15:45:00.000Z
960,utmb,Iñaki SANCHO DE LA GARZA,H,42,40-44M,ES,GANERANTZ M.T.,580,f,Finisher,TRUE,1484,1292,301,46:00:21,165621,8132,144,25,2025-08-29T15:45:00.000Z
961,utmb,Sébastien COZZANI,H,50,45-49M,FR,Team Crohnfighter/ Team Chinchin,580,f,Finisher,TRUE,363,317,34,34:34:53,124493,10693,144,25,2025-08-29T15:45:00.000Z
962,utmb,Matthijs VISSER,H,48,45-49M,NL,,580,f,Finisher,TRUE,507,445,59,37:02:03,133323,14959,144,25,2025-08-29T15:45:00.000Z
963,utmb,Jia ZHU,H,43,40-44M,CN,,580,f,Finisher,TRUE,437,384,90,36:02:05,129725,5117,144,25,2025-08-29T15:45:00.000Z
964,utmb,Christophe ALONET,H,31,20-34M,FR,LUGDUNUM TRIATHLON,580,f,Finisher,TRUE,746,656,188,39:51:36,143496,14481,144,25,2025-08-29T15:45:00.000Z
965,utmb,Maria MARINCOWITZ,F,49,45-49W,ZA,Mindful Runner,579,a,DNF,FALSE,2039,285,56,23:58:31,85574,8734,19,14,2025-08-29T15:45:00.000Z
966,utmb,Isaac HOGAN,H,31,20-34M,AU,Goulburn Runners and Walkers,579,f,Finisher,TRUE,729,640,182,39:44:29,143069,10265,144,25,2025-08-29T15:45:00.000Z
967,utmb,Nicolas DAGUET,H,47,45-49M,FR,Biskit 109,579,f,Finisher,TRUE,728,639,96,39:44:10,143050,15857,144,25,2025-08-29T15:45:00.000Z
968,utmb,Max MAURIN,H,40,35-39M,FR,,576,f,Finisher,TRUE,433,380,105,35:58:27,129507,6718,144,25,2025-08-29T15:45:00.000Z
969,utmb,Alexandre PRAT,H,41,40-44M,CA,Club Trail Montréal,579,f,Finisher,TRUE,1084,952,229,43:02:03,154923,21117,144,25,2025-08-29T15:45:00.000Z
970,utmb,Enric SARRADO,H,44,40-44M,ES,MONTSENY PANDA,579,f,Finisher,TRUE,408,357,81,35:33:29,128009,6676,144,25,2025-08-29T15:45:00.000Z
971,utmb,Jack SANDERSON,H,30,20-34M,GB,,579,a,DNF,FALSE,2473,2113,386,03:50:45,11382,2463,3,2,2025-08-29T15:45:00.000Z
972,utmb,Wen Shan LIM,H,42,40-44M,MY,,579,a,DNF,FALSE,2163,1864,410,19:02:21,68541,2508,14,11,2025-08-29T15:45:00.000Z
973,utmb,Georgios MANOS,H,45,40-44M,GR,NIGHT FOXES,579,f,Finisher,TRUE,978,861,207,42:14:02,152042,24788,144,25,2025-08-29T15:45:00.000Z
974,utmb,Jerome BOOTZ,H,41,40-44M,FR,Trail'OR,578,f,Finisher,TRUE,892,788,181,41:31:32,149492,12536,144,25,2025-08-29T15:45:00.000Z
975,utmb,Jose Luis MONTES DE OCA,H,49,45-49M,AR,Infotrailmedia.com,579,a,DNF,FALSE,2445,2089,362,05:53:23,21203,NA,4,3,2025-08-29T15:45:00.000Z
976,utmb,Alexandre PIPERIGOS,H,33,20-34M,FR,TRAIL CLUB DE PROVENCE,578,f,Finisher,TRUE,583,512,157,38:16:33,137793,14208,144,25,2025-08-29T15:45:00.000Z
977,utmb,Romain KLEIN,H,35,20-34M,FR,,578,f,Finisher,TRUE,1231,1086,248,44:31:53,160313,27156,144,25,2025-08-29T15:45:00.000Z
978,utmb,Yann COUTAUD,H,52,50-54M,FR,CAP DINSHEIM,579,a,DNF,FALSE,1855,1595,214,23:21:00,83772,4213,24,17,2025-08-29T15:45:00.000Z
979,utmb,Cairong ZHANG,F,51,50-54W,CN,ALTRA,579,f,Finisher,TRUE,958,113,9,42:06:31,151591,14814,144,25,2025-08-29T15:45:00.000Z
980,utmb,Nicolas BROYER,H,42,40-44M,FR,ND2BR/viriat marathon,578,f,Finisher,TRUE,497,437,102,36:57:35,133055,15004,144,25,2025-08-29T15:45:00.000Z
981,utmb,Rainer HAIDINGER,H,42,40-44M,AT,DACIA/TriRun Linz,576,f,Finisher,TRUE,642,565,125,38:48:37,139717,14339,144,25,2025-08-29T15:45:00.000Z
982,utmb,Ka Shing LAM,H,40,35-39M,HK,,577,f,Finisher,TRUE,1070,939,210,42:51:33,154293,16082,144,25,2025-08-29T15:45:00.000Z
983,utmb,Pierre DELAHAYE,H,32,20-34M,FR,Fly Team,578,f,Finisher,TRUE,673,591,173,39:09:27,140967,16770,144,25,2025-08-29T15:45:00.000Z
984,utmb,Mathieu BLAVIER,H,29,20-34M,BE,CD RUN CLUB,577,f,Finisher,TRUE,1390,1216,262,45:28:07,163687,20970,144,25,2025-08-29T15:45:00.000Z
985,utmb,Francesco FALLENI,H,55,50-54M,IT,Survival trail runners a.s.d.,576,f,Finisher,TRUE,897,793,68,41:34:36,149676,8141,144,25,2025-08-29T15:45:00.000Z
986,utmb,Samuli HÄRKÖNEN,H,39,35-39M,FI,KSJ Running Club,577,f,Finisher,TRUE,861,761,182,41:03:57,147837,11861,144,25,2025-08-29T15:45:00.000Z
987,utmb,José MOREIRA,H,58,55-59M,PT,OCS Arrábida Trail Team,577,a,DNF,FALSE,2279,1956,113,08:57:09,32229,NA,8,6,2025-08-29T15:45:00.000Z
989,utmb,Victor MORA SOTO,H,49,45-49M,ES,Cumbre Llangreu,577,f,Finisher,TRUE,779,687,103,40:16:22,144982,15820,144,25,2025-08-29T15:45:00.000Z
990,utmb,Mattia COLZADA,H,47,45-49M,IT,T&P - Vertigo Livigno,577,f,Finisher,TRUE,619,545,83,38:41:38,139298,9795,144,25,2025-08-29T15:45:00.000Z
991,utmb,Catalin TODA,H,51,50-54M,RO,Revolution Running Team,576,a,DNF,FALSE,1872,1610,216,26:58:46,95323,11823,24,17,2025-08-29T15:45:00.000Z
992,utmb,Dilamar REIS LAMBERTY,H,41,40-44M,BR,CAR,577,a,DNF,FALSE,2291,1964,438,09:53:14,35594,NA,8,6,2025-08-29T15:45:00.000Z
993,utmb,Anthony DUBOIS,H,41,40-44M,FR,CSE Alstom,577,f,Finisher,TRUE,595,521,118,38:27:10,138430,13884,144,25,2025-08-29T15:45:00.000Z
994,utmb,Marien CHEVENNEMENT,H,31,20-34M,FR,,577,f,Finisher,TRUE,387,338,124,34:59:26,125966,9063,144,25,2025-08-29T15:45:00.000Z
995,utmb,Jinko RICHARDS,F,56,55-59W,JP,,576,a,DNF,FALSE,1702,228,18,39:56:46,143806,3423,33,20,2025-08-29T15:45:00.000Z
996,utmb,Enrique COLÁS,H,39,35-39M,ES,,576,f,Finisher,TRUE,338,294,83,34:00:41,122441,5812,144,25,2025-08-29T15:45:00.000Z
997,utmb,Ivan Camilo LUNA,H,40,35-39M,CO,,576,f,Finisher,TRUE,915,810,189,41:44:36,150276,16714,144,25,2025-08-29T15:45:00.000Z
998,utmb,Matteo ROSSI,H,48,45-49M,IT,Genarps IF,574,a,DNF,FALSE,1968,1692,289,23:37:26,71711,15310,20,15,2025-08-29T15:45:00.000Z
999,utmb,Paolo LANFRIT,H,54,50-54M,IT,ASD Magredi Mountain Trail,576,f,Finisher,TRUE,851,751,63,41:00:28,147628,14060,144,25,2025-08-29T15:45:00.000Z
1000,utmb,Hubert DE BOYSSON,H,43,40-44M,FR,,531,f,Finisher,TRUE,502,441,103,37:01:17,133277,11291,144,25,2025-08-29T15:45:00.000Z
1001,utmb,Stefan TVEIT,H,39,35-39M,SE,,597,a,DNF,FALSE,2096,1806,329,13:10:06,47406,1133,14,11,2025-08-29T15:45:00.000Z
1002,utmb,Margrethe FJETLAND LOEVOLD,F,37,35-39W,NO,Salomon Norway,572,a,DNF,FALSE,2104,294,56,14:54:59,53699,932,14,11,2025-08-29T15:45:00.000Z
1003,utmb,Henry Paul PINGAUD,H,50,45-49M,FR,Sallanches Trail Club,575,f,Finisher,TRUE,1090,958,151,43:08:10,155290,17907,144,25,2025-08-29T15:45:00.000Z
1004,utmb,Benjamin SCHATAN,H,42,40-44M,FR,FITC,572,a,DNF,FALSE,1769,1530,341,25:21:05,82938,12926,27,18,2025-08-29T15:45:00.000Z
1005,utmb,Steve FRIEDRICH,H,42,40-44M,FR,,575,f,Finisher,TRUE,809,710,161,40:32:34,145954,28087,144,25,2025-08-29T15:45:00.000Z
1006,utmb,Gabriele VAJENTE,H,46,45-49M,IT,,544,f,Finisher,TRUE,365,319,35,34:38:17,124697,4911,144,25,2025-08-29T15:45:00.000Z
1007,utmb,Vinicius ANZOLIN,H,43,40-44M,BR,go on outdoor,574,a,DNF,FALSE,2283,1958,434,09:09:52,32992,NA,8,5,2025-08-29T15:45:00.000Z
1008,utmb,Joseph ANDRE,H,40,35-39M,FR,,574,f,Finisher,TRUE,614,540,135,38:35:51,138951,20778,144,25,2025-08-29T15:45:00.000Z
1009,utmb,Guillaume DENIZOT,H,46,45-49M,FR,,534,f,Finisher,TRUE,1044,917,143,42:40:19,153619,20124,144,25,2025-08-29T15:45:00.000Z
1010,utmb,Clément MASSON,H,36,35-39M,FR,UNA TEAM,574,f,Finisher,TRUE,1380,1209,245,45:23:48,163428,34424,144,24,2025-08-29T15:45:00.000Z
1011,utmb,Jean-François BOTTIAU,H,33,20-34M,FR,,574,f,Finisher,TRUE,240,210,91,32:01:56,115316,4713,144,25,2025-08-29T15:45:00.000Z
1012,utmb,Martin PERALTA,H,47,45-49M,AR,Never Stop Running Team,573,f,Finisher,TRUE,460,406,51,36:29:17,131357,10169,144,25,2025-08-29T15:45:00.000Z
1013,utmb,Maxime MAGNANI,H,33,20-34M,FR,CMBM,582,f,Finisher,TRUE,291,253,104,33:03:17,118997,9681,144,25,2025-08-29T15:45:00.000Z
1014,utmb,Guillaume ULTSCH,H,40,35-39M,FR,,570,f,Finisher,TRUE,1093,961,214,43:10:14,155414,21466,144,25,2025-08-29T15:45:00.000Z
1015,utmb,Takio FUKUMOTO,H,53,50-54M,JP,,571,a,DNF,FALSE,2411,2060,304,04:09:12,14952,NA,4,3,2025-08-29T15:45:00.000Z
1016,utmb,Olivier TAFANI,H,45,40-44M,FR,,572,f,Finisher,TRUE,706,620,137,39:30:56,142256,10362,144,25,2025-08-29T15:45:00.000Z
1017,utmb,Emmanuel BOUILLOT,H,37,35-39M,FR,,572,f,Finisher,TRUE,500,439,118,37:01:03,133263,8227,144,25,2025-08-29T15:45:00.000Z
1018,utmb,Erik ROLANDO,H,50,45-49M,IT,Team Marguareis,572,f,Finisher,TRUE,618,544,82,38:41:28,139288,9482,144,25,2025-08-29T15:45:00.000Z
1019,utmb,Yoann QUARAN,H,44,40-44M,FR,,572,a,DNF,FALSE,1772,1532,342,26:37:07,92502,7519,27,18,2025-08-29T15:45:00.000Z
1020,utmb,Matthieu GENION,H,36,35-39M,FR,Crossfit Tanka,572,f,Finisher,TRUE,306,265,74,33:15:41,119741,4516,144,25,2025-08-29T15:45:00.000Z
1021,utmb,Christophe ZUBA,H,52,50-54M,FR,,572,f,Finisher,TRUE,1435,1250,150,45:45:58,164758,8774,144,25,2025-08-29T15:45:00.000Z
1022,utmb,Simon MARTIN,H,32,20-34M,FR,,571,f,Finisher,TRUE,657,578,170,38:56:36,140196,13560,144,25,2025-08-29T15:45:00.000Z
1023,utmb,Maria Ayelen SIAN,F,41,40-44W,AR,Turconeta,571,a,DNF,FALSE,2282,325,74,09:04:35,32675,NA,8,6,2025-08-29T15:45:00.000Z
1024,utmb,Travis HIBBARD,H,42,40-44M,US,,540,f,Finisher,TRUE,680,598,133,39:12:57,141177,5524,144,25,2025-08-29T15:45:00.000Z
1025,utmb,Matteo ZARDINI,H,52,50-54M,IT,Verona Trail Runners,570,f,Finisher,TRUE,871,770,66,41:13:14,148394,13895,144,25,2025-08-29T15:45:00.000Z
1026,utmb,Olivier THOMAS,H,37,35-39M,FR,,594,f,Finisher,TRUE,674,592,147,39:09:59,140999,20102,144,25,2025-08-29T15:45:00.000Z
1027,utmb,Tom DEUZET,H,28,20-34M,FR,,569,f,Finisher,TRUE,229,199,87,31:47:57,114477,5267,144,25,2025-08-29T15:45:00.000Z
1028,utmb,Hao ZHANG,H,39,35-39M,AU,,571,a,DNF,FALSE,2139,1842,334,17:55:34,64534,1039,14,11,2025-08-29T15:45:00.000Z
1029,utmb,Nicolas LOPEZ,H,46,45-49M,FR,AtomSport - ACBP,571,f,Finisher,TRUE,1113,979,157,43:22:21,156141,14996,144,25,2025-08-29T15:45:00.000Z
1030,utmb,José DE CARVALHO,H,55,50-54M,FR,,570,f,Finisher,TRUE,501,440,19,37:01:09,133269,7996,144,25,2025-08-29T15:45:00.000Z
1031,utmb,Tuomas TEURI,H,51,50-54M,FI,,570,f,Finisher,TRUE,967,850,79,42:10:01,151801,12360,144,25,2025-08-29T15:45:00.000Z
1032,utmb,Jason PEIRCE,H,40,35-39M,US,,570,f,Finisher,TRUE,731,642,159,39:45:16,143116,10197,144,25,2025-08-29T15:45:00.000Z
1033,utmb,Dominik THIER,H,48,45-49M,PL,KS Kandahar,573,f,Finisher,TRUE,522,459,62,37:23:51,134631,11366,144,25,2025-08-29T15:45:00.000Z
1034,utmb,Julien VIELLE,H,46,45-49M,FR,Alstom,568,f,Finisher,TRUE,426,374,45,35:49:04,128944,11630,144,25,2025-08-29T15:45:00.000Z
1035,utmb,Christopher SALWEY,H,39,35-39M,SE,Team Nordic Trail,559,f,Finisher,TRUE,379,331,94,34:53:12,125592,8634,144,25,2025-08-29T15:45:00.000Z
1036,utmb,Charles DEQUIDT,H,37,35-39M,FR,,569,f,Finisher,TRUE,1028,904,201,42:34:39,153279,13146,144,25,2025-08-29T15:45:00.000Z
1037,utmb,Nicolas GALLONE,H,41,40-44M,FR,,569,f,Finisher,TRUE,337,293,61,34:00:16,122416,8214,144,25,2025-08-29T15:45:00.000Z
1038,utmb,Michael FRANCONY,H,41,40-44M,GB,CGF Mulhouse,569,f,Finisher,TRUE,947,837,200,42:00:23,151223,19526,144,25,2025-08-29T15:45:00.000Z
1039,utmb,Diego FELTRIN,H,53,50-54M,IT,Arduua,569,a,DNF,FALSE,2489,2126,314,00:00:00,0,NA,NA,0,2025-08-29T15:45:00.000Z
1040,utmb,Andrea VERCELLINO,H,40,35-39M,IT,G.S. FAVARO,569,f,Finisher,TRUE,1207,1063,224,44:20:18,159618,19350,144,25,2025-08-29T15:45:00.000Z
1041,utmb,Arnaud FAYET,H,42,40-44M,FR,Courir en Emblavez,569,a,DNF,FALSE,2108,1812,401,15:43:29,56609,1432,14,11,2025-08-29T15:45:00.000Z
1042,utmb,Zhijian ZHU,H,43,40-44M,CN,NA,569,f,Finisher,TRUE,958,846,203,42:06:31,151591,14289,144,25,2025-08-29T15:45:00.000Z
1043,utmb,Janet WOODHEAD,F,47,45-49W,ZA,Plett Athletics Club,596,f,Finisher,TRUE,1555,203,42,46:19:35,166775,10468,144,25,2025-08-29T15:45:00.000Z
1044,utmb,Katarina PERSSON,F,54,50-54W,SE,,545,f,Finisher,TRUE,628,77,3,38:44:37,139477,5522,144,25,2025-08-29T15:45:00.000Z
1045,utmb,Nicolas MICHEL,H,47,45-49M,FR,Running Academy,568,f,Finisher,TRUE,568,500,72,38:05:01,137101,12887,144,25,2025-08-29T15:45:00.000Z
1046,utmb,Em HOLTON,H,48,45-49M,GB,,565,np,Other,FALSE,NA,NA,NA,00:00:00,0,NA,NA,0,2025-08-29T15:45:00.000Z
1047,utmb,Eric BIOSCA GARCIA,H,36,35-39M,ES,Club Atletismo Alcoy,568,f,Finisher,TRUE,763,672,167,40:04:50,144290,10004,144,25,2025-08-29T15:45:00.000Z
1048,utmb,Alberto VARGAS,H,58,55-59M,AD,Sanloria,568,f,Finisher,TRUE,670,589,9,39:06:36,140796,13481,144,25,2025-08-29T15:45:00.000Z
1049,utmb,Nuno GONÇALVES,H,50,45-49M,PT,Clube TAP PORTUGAL,568,f,Finisher,TRUE,1183,1042,173,44:05:31,158731,12187,144,25,2025-08-29T15:45:00.000Z
1050,utmb,Irhad SULJIC,H,42,40-44M,BA,PD Zeljeznicar,568,f,Finisher,TRUE,1086,954,230,43:03:07,154987,15042,144,25,2025-08-29T15:45:00.000Z
1051,utmb,Sofian ARISO,H,38,35-39M,FR,,568,f,Finisher,TRUE,646,569,144,38:52:23,139943,19503,144,25,2025-08-29T15:45:00.000Z
1052,utmb,Maxime LUBIN,H,37,35-39M,FR,Ecole de Trail Thônes,562,a,DNF,FALSE,2069,1781,322,18:13:06,65586,9679,15,12,2025-08-29T15:45:00.000Z
1053,utmb,Dave ORBINSON,H,41,40-44M,GB,Rugby Triathlon Club,568,f,Finisher,TRUE,1191,1050,245,44:11:25,159085,15654,144,25,2025-08-29T15:45:00.000Z
1054,utmb,Raffaele SCACCIA,H,41,40-44M,IT,ERNICA VEROLI,568,a,DNF,FALSE,1961,1686,374,22:44:37,81512,3776,20,14,2025-08-29T15:45:00.000Z
1055,utmb,Yonghwan HWANG,H,46,45-49M,KR,TRB,568,f,Finisher,TRUE,1175,1035,170,44:00:38,158438,19863,144,25,2025-08-29T15:45:00.000Z
1056,utmb,Tomas KVAPIL,H,57,55-59M,SE,Altra CHX25 Team,568,f,Finisher,TRUE,1176,1036,36,44:01:44,158504,12903,144,25,2025-08-29T15:45:00.000Z
1057,utmb,Maria PIJOAN GALL,F,33,20-34W,ES,MONTSENY PANDA,567,f,Finisher,TRUE,408,52,22,35:33:29,128009,7061,144,25,2025-08-29T15:45:00.000Z
1058,utmb,Irene GUEMBE IBAÑEZ,F,44,40-44W,ES,independiente,565,a,DNF,FALSE,1773,241,54,27:19:32,93488,11136,27,18,2025-08-29T15:45:00.000Z
1059,utmb,Blaise ROUX,H,52,50-54M,CH,Medsport,567,f,Finisher,TRUE,691,608,39,39:18:58,141538,10452,144,25,2025-08-29T15:45:00.000Z
1060,utmb,Luis Francisco LUNA REYES,H,35,20-34M,MX,YEPA TEAM,567,f,Finisher,TRUE,669,588,172,39:05:11,140711,9277,144,25,2025-08-29T15:45:00.000Z
1061,utmb,Ming LI,H,40,35-39M,SG,,566,a,DNF,FALSE,1733,1499,283,38:13:23,136476,9149,31,20,2025-08-29T15:45:00.000Z
1062,utmb,Emmanuel BECQUART,H,31,20-34M,FR,,567,f,Finisher,TRUE,1345,1181,256,45:14:07,162847,17019,144,25,2025-08-29T15:45:00.000Z
1063,utmb,Christian RIDOLFI,H,54,50-54M,IT,Atletica Rimini Nord Santarcangelo,567,a,DNF,FALSE,2334,2000,290,11:35:48,41748,NA,8,6,2025-08-29T15:45:00.000Z
1064,utmb,Fabien WEBER,H,38,35-39M,FR,,567,f,Finisher,TRUE,754,664,164,39:56:33,143793,14266,144,25,2025-08-29T15:45:00.000Z
1065,utmb,Clarisse RADIUS,F,28,20-34W,FR,,566,f,Finisher,TRUE,490,59,26,36:46:56,132416,5247,144,25,2025-08-29T15:45:00.000Z
1066,utmb,Mathias BÉTRISEY,H,48,45-49M,CH,,563,f,Finisher,TRUE,340,296,33,34:03:43,122623,9735,144,25,2025-08-29T15:45:00.000Z
1067,utmb,Quentin COLIN,H,34,20-34M,FR,SPAC sallanches,566,f,Finisher,TRUE,1136,1001,236,43:41:07,157267,12332,144,24,2025-08-29T15:45:00.000Z
1068,utmb,Gireg CHAUVEL,H,46,45-49M,FR,,566,f,Finisher,TRUE,643,566,86,38:48:55,139735,11212,144,25,2025-08-29T15:45:00.000Z
1069,utmb,Dariusz WOJCIECHOWSKI,H,48,45-49M,PL,,566,f,Finisher,TRUE,1343,1179,199,45:13:54,162834,13574,144,25,2025-08-29T15:45:00.000Z
1070,utmb,Benjamin PRALONG,H,40,35-39M,CH,,566,f,Finisher,TRUE,596,522,130,38:27:58,138478,12392,144,25,2025-08-29T15:45:00.000Z
1071,utmb,Malcolm JACKSON,H,51,50-54M,NZ,,563,f,Finisher,TRUE,549,484,24,37:52:15,136335,11851,144,25,2025-08-29T15:45:00.000Z
1072,utmb,Johan SUNDGREN,H,31,20-34M,SE,CRC,564,f,Finisher,TRUE,819,719,202,40:38:29,146309,9435,144,25,2025-08-29T15:45:00.000Z
1073,utmb,Mathieu PEREIRA,H,36,35-39M,FR,ALPHA TRAIL RUNNING,563,f,Finisher,TRUE,377,329,93,34:52:10,125530,11367,144,25,2025-08-29T15:45:00.000Z
1074,utmb,Myrvete ZEKAJ DULI,F,40,35-39W,XK,Equipo Militar Esquí y Montaña,565,a,DNF,FALSE,2050,286,51,22:09:07,62929,20617,18,12,2025-08-29T15:45:00.000Z
1075,utmb,María Silvina PEREZ,F,46,45-49W,AR,Chilates,552,f,Finisher,TRUE,358,46,4,34:27:20,124040,5202,144,25,2025-08-29T15:45:00.000Z
1076,utmb,Andrew GLAZE,H,48,45-49M,US,,564,f,Finisher,TRUE,736,647,97,39:46:13,143173,7907,144,25,2025-08-29T15:45:00.000Z
1077,utmb,Joris VRANKEN,H,37,35-39M,BE,,564,f,Finisher,TRUE,557,491,126,37:56:13,136573,9488,144,25,2025-08-29T15:45:00.000Z
1078,utmb,Emmanuel VEGAS,H,41,40-44M,FR,,564,f,Finisher,TRUE,492,432,100,36:51:14,132674,9733,144,25,2025-08-29T15:45:00.000Z
1079,utmb,Michail ZYGOMANIS,H,45,40-44M,GR,,564,f,Finisher,TRUE,640,563,124,38:46:41,139601,13902,144,25,2025-08-29T15:45:00.000Z
1080,utmb,Matthieu LEJONC,H,41,40-44M,FR,,564,f,Finisher,TRUE,820,720,164,40:39:36,146376,11207,144,25,2025-08-29T15:45:00.000Z
1081,utmb,Clara SCHÜTTE,F,32,20-34W,DE,#bergziegenHD,564,a,DNF,FALSE,1766,239,53,24:07:25,86845,5382,27,18,2025-08-29T15:45:00.000Z
1082,utmb,Andrea VACCARI,H,41,40-44M,IT,,564,f,Finisher,TRUE,445,392,93,36:14:56,130496,10854,144,25,2025-08-29T15:45:00.000Z
1083,utmb,David ESTEVE GASPAR,H,44,40-44M,ES,Green Power Sports Team,564,f,Finisher,TRUE,1224,1079,252,44:29:23,160163,16700,144,25,2025-08-29T15:45:00.000Z
1084,utmb,Yuichiro KONO,H,42,40-44M,JP,Team MIURA,564,f,Finisher,TRUE,679,597,132,39:12:26,141146,8969,144,24,2025-08-29T15:45:00.000Z
1085,utmb,Alexandre DANJOU,H,52,50-54M,FR,SIMIE,563,f,Finisher,TRUE,510,448,20,37:06:26,133586,6664,144,25,2025-08-29T15:45:00.000Z
1086,utmb,Thibault COMPAIN,H,29,20-34M,FR,ALPV,563,f,Finisher,TRUE,801,704,198,40:28:20,145700,13177,144,25,2025-08-29T15:45:00.000Z
1087,utmb,Nicolas MICHEL,H,42,40-44M,FR,,563,f,Finisher,TRUE,740,650,145,39:49:02,143342,13577,144,25,2025-08-29T15:45:00.000Z
1088,utmb,Timothy PRICE,H,45,40-44M,ZA,,563,f,Finisher,TRUE,784,690,157,40:18:05,145085,7510,144,25,2025-08-29T15:45:00.000Z
1089,utmb,Laurent ESPERANCE,H,42,40-44M,FR,Trail City Run Montpellier,563,f,Finisher,TRUE,435,382,89,35:59:23,129563,14313,144,25,2025-08-29T15:45:00.000Z
1090,utmb,Matt WILSON,H,53,50-54M,GB,Kendal AC,563,f,Finisher,TRUE,847,747,60,40:57:27,147447,12073,144,25,2025-08-29T15:45:00.000Z
1091,utmb,Daniele BUTTAZZONI,H,38,35-39M,IT,Team KM Sport,578,f,Finisher,TRUE,508,446,119,37:03:16,133396,18515,144,25,2025-08-29T15:45:00.000Z
1092,utmb,Grace WELLINGTON,F,33,20-34W,AU,,563,a,DNF,FALSE,1893,267,55,28:38:13,102943,4517,24,17,2025-08-29T15:45:00.000Z
1093,utmb,Louis ROY,H,32,20-34M,FR,GLP,562,f,Finisher,TRUE,999,881,223,42:21:35,152495,14849,144,25,2025-08-29T15:45:00.000Z
1094,utmb,Thibault SOLIS,H,27,20-34M,FR,,562,f,Finisher,TRUE,451,397,135,36:21:13,130873,7786,144,25,2025-08-29T15:45:00.000Z
1095,utmb,Ching Kan POON,H,36,35-39M,HK,,562,f,Finisher,TRUE,1432,1247,249,45:45:09,164709,13334,144,25,2025-08-29T15:45:00.000Z
1096,utmb,Yeonhee SO,F,43,40-44W,KR,compressport,562,a,DNF,FALSE,2280,324,73,08:59:29,32369,697,8,6,2025-08-29T15:45:00.000Z
1097,utmb,Theo SAGNARD,H,37,35-39M,FR,Suçeurs de cailloux,549,f,Finisher,TRUE,839,739,178,40:54:39,147279,17929,144,25,2025-08-29T15:45:00.000Z
1098,utmb,Alberto RAVARONO,H,40,35-39M,IT,AcchiappaIlGatto,562,f,Finisher,TRUE,821,721,174,40:40:28,146428,10547,144,25,2025-08-29T15:45:00.000Z
1099,utmb,Bruce GRAY,H,45,40-44M,GB,LHG Run Club,562,f,Finisher,TRUE,698,615,136,39:26:44,142004,12612,144,25,2025-08-29T15:45:00.000Z
1100,utmb,Thibaud GEORGES,H,34,20-34M,FR,,562,f,Finisher,TRUE,877,775,210,41:18:21,148701,14021,144,25,2025-08-29T15:45:00.000Z
1101,utmb,Alice CIAPPONI,F,37,35-39W,IT,Polisportiva moving,567,f,Finisher,TRUE,577,70,18,38:13:10,137590,3855,144,25,2025-08-29T15:45:00.000Z
1102,utmb,Charles MONIOD,H,35,20-34M,FR,,562,a,DNF,FALSE,2111,1815,355,15:53:06,57186,938,14,11,2025-08-29T15:45:00.000Z
1103,utmb,Jaya SHETTY,H,52,50-54M,IN,Culver City Running Club,561,f,Finisher,TRUE,840,740,59,40:56:21,147381,5129,144,25,2025-08-29T15:45:00.000Z
1104,utmb,Tomomi ANDO,F,47,45-49W,JP,Correr cuesta arriba,561,f,Finisher,TRUE,1254,152,26,44:37:36,160656,15978,144,25,2025-08-29T15:45:00.000Z
1105,utmb,Henri CASALIS,H,44,40-44M,FR,,561,f,Finisher,TRUE,1080,948,228,43:00:56,154856,20493,144,25,2025-08-29T15:45:00.000Z
1106,utmb,Lei JING,H,39,35-39M,CN,,561,f,Finisher,TRUE,1483,1291,253,46:00:12,165612,9652,144,25,2025-08-29T15:45:00.000Z
1107,utmb,Tomas HRNCIR,H,33,20-34M,CZ,,561,f,Finisher,TRUE,1160,1021,241,43:50:35,157835,15057,144,25,2025-08-29T15:45:00.000Z
1108,utmb,João SARAIVA,H,50,45-49M,PT,Clube Desportivo de Vila Franca,561,f,Finisher,TRUE,791,697,105,40:20:33,145233,8302,144,25,2025-08-29T15:45:00.000Z
1109,utmb,Ludovic LAMADON,H,47,45-49M,FR,Autour du trail /BAC,561,a,DNF,FALSE,1948,1675,288,20:27:19,70293,9149,20,15,2025-08-29T15:45:00.000Z
1110,utmb,Thomas BLANCHOUIN,H,38,35-39M,FR,,561,f,Finisher,TRUE,654,576,145,38:56:10,140170,7584,144,25,2025-08-29T15:45:00.000Z
1111,utmb,Gitte SVEIGAARD,F,51,50-54W,DK,Tejn IF,561,a,DNF,FALSE,1883,265,27,28:28:11,88695,19299,24,17,2025-08-29T15:45:00.000Z
1112,utmb,Rokas AUGUNAS,H,32,20-34M,LT,,561,f,Finisher,TRUE,1167,1028,243,43:57:21,158241,24492,144,25,2025-08-29T15:45:00.000Z
1113,utmb,Baptiste GRILLET-AUBERT,H,32,20-34M,FR,,560,a,DNF,FALSE,2228,1915,362,12:31:31,44139,1876,11,8,2025-08-29T15:45:00.000Z
1114,utmb,Deirdre KEANE,F,38,35-39W,US,Van Cortlandt Track Club,561,a,DNF,FALSE,2393,349,62,08:09:35,25317,4058,6,4,2025-08-29T15:45:00.000Z
1115,utmb,Jean-Phalier ANDRE,H,41,40-44M,FR,AIX ATHLÉ PROVENCE,560,f,Finisher,TRUE,889,786,180,41:29:52,149392,13968,144,25,2025-08-29T15:45:00.000Z
1116,utmb,Luigi FUMERO,H,52,50-54M,GB,Destination Unknown,560,f,Finisher,TRUE,985,868,84,42:17:53,152273,8713,144,25,2025-08-29T15:45:00.000Z
1118,utmb,Thomas MERCIER,H,32,20-34M,FR,,560,a,DNF,FALSE,1930,1661,329,26:28:09,95289,10083,22,16,2025-08-29T15:45:00.000Z
1119,utmb,Jules VIOT,H,31,20-34M,FR,TCE,560,a,DNF,FALSE,1745,1510,298,35:29:33,127763,19568,30,19,2025-08-29T15:45:00.000Z
1120,utmb,Andrea CANNATA,H,48,45-49M,IT,,572,f,Finisher,TRUE,438,385,47,36:02:26,129746,10516,144,25,2025-08-29T15:45:00.000Z
1121,utmb,Martin DE MOOR,H,34,20-34M,BE,Fox Running Club,560,f,Finisher,TRUE,307,266,106,33:15:42,119742,7081,144,25,2025-08-29T15:45:00.000Z
1122,utmb,Roman SWORSKI,H,43,40-44M,PL,Vegan Runners / TrenujSkutecznie.com,560,f,Finisher,TRUE,945,835,199,42:00:15,151215,19457,144,25,2025-08-29T15:45:00.000Z
1123,utmb,Tim JOWETT,H,46,45-49M,GB,,560,f,Finisher,TRUE,1147,1012,163,43:45:53,157553,10725,144,25,2025-08-29T15:45:00.000Z
1124,utmb,Tan Cuong LE,H,49,45-49M,FR,JOCEL,558,f,Finisher,TRUE,465,409,53,36:31:26,131486,7394,144,25,2025-08-29T15:45:00.000Z
1125,utmb,Juan Ángel RODRÍGUEZ AZNAR,H,43,40-44M,ES,,560,a,DNF,FALSE,2294,1967,439,10:08:28,36508,NA,8,6,2025-08-29T15:45:00.000Z
1126,utmb,Caroline DHOOGE,F,45,40-44W,BE,,559,f,Finisher,TRUE,666,81,18,39:03:20,140600,10995,144,25,2025-08-29T15:45:00.000Z
1127,utmb,Rob COOK,H,59,55-59M,US,,559,f,Finisher,TRUE,613,539,6,38:35:38,138938,9327,144,25,2025-08-29T15:45:00.000Z
1128,utmb,Nadine REYNARTZ,F,51,50-54W,BE,Malmedy Athletic Club,559,np,Other,FALSE,NA,NA,NA,00:00:00,0,NA,NA,0,2025-08-29T15:45:00.000Z
1129,utmb,Matej FUNDAREK,H,52,50-54M,SK,Devínske Snežienky,559,f,Finisher,TRUE,1227,1082,123,44:30:55,160255,16519,144,25,2025-08-29T15:45:00.000Z
1130,utmb,Gaetano LABERENTI,H,70,65-69M,IT,,557,f,Finisher,TRUE,855,755,3,41:02:02,147722,12715,144,25,2025-08-29T15:45:00.000Z
1131,utmb,Arnaud WEBER,H,33,20-34M,FR,,558,a,DNF,FALSE,1814,1565,310,33:22:04,120124,8994,27,18,2025-08-29T15:45:00.000Z
1132,utmb,Stephane BOUDRY,H,56,55-59M,FR,Courir à Fuveau,559,f,Finisher,TRUE,1437,1252,54,45:46:27,164787,18074,144,25,2025-08-29T15:45:00.000Z
1133,utmb,Minako ASAI,F,53,50-54W,JP,,559,f,Finisher,TRUE,386,49,1,34:58:57,125937,6754,144,25,2025-08-29T15:45:00.000Z
1134,utmb,Alexandre GENDRON,H,35,20-34M,CA,Gringo's Running Club,559,f,Finisher,TRUE,865,765,207,41:06:00,147960,22995,144,25,2025-08-29T15:45:00.000Z
1135,utmb,Weiguang JI,H,44,40-44M,CN,,547,f,Finisher,TRUE,1248,1097,257,44:36:09,160569,10727,144,25,2025-08-29T15:45:00.000Z
1137,utmb,Andreas Ladefoged Møller ANDERSEN,H,29,20-34M,DK,,559,f,Finisher,TRUE,274,240,99,32:42:25,117745,6343,144,25,2025-08-29T15:45:00.000Z
1138,utmb,Gabriel Enrique NARINO,H,47,45-49M,IT,,559,f,Finisher,TRUE,598,524,79,38:28:19,138499,13722,144,25,2025-08-29T15:45:00.000Z
1139,utmb,Max SOREL,H,40,35-39M,FR,,559,f,Finisher,TRUE,601,527,131,38:30:09,138609,12115,144,25,2025-08-29T15:45:00.000Z
1140,utmb,Kertu PALO,F,47,45-49W,US,,558,f,Finisher,TRUE,781,93,10,40:17:22,145042,4212,144,25,2025-08-29T15:45:00.000Z
1141,utmb,Hiroyuki HIRANO,H,36,35-39M,JP,,558,f,Finisher,TRUE,1156,1018,220,43:48:32,157712,12217,144,25,2025-08-29T15:45:00.000Z
1142,utmb,Hervé AUGOYARD,H,54,50-54M,FR,Duc Army,558,f,Finisher,TRUE,414,362,10,35:37:46,128266,8625,144,25,2025-08-29T15:45:00.000Z
1143,utmb,Berko Narynbek NASIROV,H,49,45-49M,KG,TRS,558,f,Finisher,TRUE,1281,1127,188,44:50:29,161429,11471,144,25,2025-08-29T15:45:00.000Z
1144,utmb,James MAGEE,H,48,45-49M,US,,558,f,Finisher,TRUE,995,877,128,42:20:39,152439,13539,144,25,2025-08-29T15:45:00.000Z
1145,utmb,Didac ESPINOSA,H,35,20-34M,ES,VO2 Team,558,f,Finisher,TRUE,604,530,163,38:30:46,138646,8982,144,25,2025-08-29T15:45:00.000Z
1146,utmb,Jian LI,H,52,50-54M,CN,,558,f,Finisher,TRUE,612,538,32,38:35:17,138917,13901,144,25,2025-08-29T15:45:00.000Z
1147,utmb,Zhigang CUI,H,37,35-39M,CN,,558,np,Other,FALSE,NA,NA,NA,00:00:00,0,NA,NA,0,2025-08-29T15:45:00.000Z
1148,utmb,Pierre REYNOUARD,H,54,50-54M,FR,Team Chataléré,558,a,DNF,FALSE,1873,1611,217,27:04:07,93032,10914,24,17,2025-08-29T15:45:00.000Z
1150,utmb,Philippe PEUCH,H,43,40-44M,FR,SA Fontenay Le Comte,558,f,Finisher,TRUE,527,464,107,37:30:20,135020,12740,144,25,2025-08-29T15:45:00.000Z
1151,utmb,Dimitra CHAIROPOULOU,F,38,35-39W,GR,Grammos mountain run,555,a,DNF,FALSE,2432,355,64,05:34:22,20062,NA,4,3,2025-08-29T15:45:00.000Z
1152,utmb,Zhenxiang LI,H,35,20-34M,CN,IEST,558,f,Finisher,TRUE,1474,1283,269,45:56:26,165386,11307,144,24,2025-08-29T15:45:00.000Z
1154,utmb,Alena Maria PANTIS,F,42,40-44W,DE,Norda,557,f,Finisher,TRUE,592,73,15,38:25:07,138307,8762,144,25,2025-08-29T15:45:00.000Z
1155,utmb,Hong Yew Brandon TAN,H,26,20-34M,MY,ETRM,555,f,Finisher,TRUE,1589,1381,279,46:28:10,167290,11000,144,24,2025-08-29T15:45:00.000Z
1156,utmb,Sjoerd TELKAMP,H,32,20-34M,NL,,557,f,Finisher,TRUE,397,347,126,35:16:46,127006,9728,144,25,2025-08-29T15:45:00.000Z
1157,utmb,Clément GALES,H,39,35-39M,FR,Run’in causse et diège,557,f,Finisher,TRUE,862,762,183,41:04:22,147862,12654,144,25,2025-08-29T15:45:00.000Z
1158,utmb,Timothy WAN,H,46,45-49M,HK,Take It Slow,557,f,Finisher,TRUE,846,746,110,40:57:13,147433,16736,144,25,2025-08-29T15:45:00.000Z
1159,utmb,Grant AYTON,H,39,35-39M,ZA,,557,f,Finisher,TRUE,672,590,146,39:08:24,140904,14198,144,25,2025-08-29T15:45:00.000Z
1160,utmb,Wai Fung TSANG,H,52,50-54M,HK,City run photography,557,f,Finisher,TRUE,1265,1112,128,44:43:46,161026,10983,144,25,2025-08-29T15:45:00.000Z
1162,utmb,Philip MINTAC,H,41,40-44M,US,,557,f,Finisher,TRUE,979,862,208,42:14:44,152084,9219,144,25,2025-08-29T15:45:00.000Z
1163,utmb,Victor ADER,H,37,35-39M,NL,,556,f,Finisher,TRUE,841,741,179,40:56:49,147409,16619,144,25,2025-08-29T15:45:00.000Z
1164,utmb,Luan VU,H,40,35-39M,VN,HBPR,556,f,Finisher,TRUE,1545,1346,260,46:17:23,166643,14087,144,25,2025-08-29T15:45:00.000Z
1165,utmb,Simon CROUZEVIALLE,H,34,20-34M,FR,Team tourte,556,f,Finisher,TRUE,560,493,153,37:57:41,136661,14529,144,25,2025-08-29T15:45:00.000Z
1166,utmb,Florent LATCHOUMANE,H,40,35-39M,FR,,556,f,Finisher,TRUE,969,852,194,42:10:09,151809,22422,144,25,2025-08-29T15:45:00.000Z
1167,utmb,Mingjie GU,H,45,40-44M,CN,CEIBS,556,f,Finisher,TRUE,1490,1296,303,46:00:57,165657,14426,144,25,2025-08-29T15:45:00.000Z
1168,utmb,Michael MAS OSSEDAT,H,44,40-44M,FR,,556,f,Finisher,TRUE,632,555,122,38:45:40,139540,9497,144,25,2025-08-29T15:45:00.000Z
1169,utmb,Tiago MACHADO,H,54,50-54M,PT,Monsanto Running Team,556,f,Finisher,TRUE,782,689,52,40:17:48,145068,19837,144,25,2025-08-29T15:45:00.000Z
1170,utmb,Pierrick ROGUET,H,45,40-44M,FR,Les Dahus Assoiffés,556,f,Finisher,TRUE,668,587,131,39:04:44,140684,15375,144,25,2025-08-29T15:45:00.000Z
1171,utmb,Piotr LOSKA,H,50,45-49M,PL,Huragan Ligota,555,f,Finisher,TRUE,929,819,120,41:50:05,150605,8443,144,25,2025-08-29T15:45:00.000Z
1172,utmb,Jose Luis GOMEZ PEREZ,H,59,55-59M,ES,CDM VÉRTICE,555,a,DNF,FALSE,1959,1684,95,22:31:25,73466,11687,20,15,2025-08-29T15:45:00.000Z
1173,utmb,Jonathan HAWRYLUK,H,41,40-44M,CA,,555,a,DNF,FALSE,2290,1963,437,09:47:54,35274,NA,8,6,2025-08-29T15:45:00.000Z
1174,utmb,Loic GRANIER,H,43,40-44M,FR,la transpyros,555,f,Finisher,TRUE,1275,1121,265,44:49:13,161353,13044,144,24,2025-08-29T15:45:00.000Z
1175,utmb,Luc FIGUIERE,H,54,50-54M,FR,,555,f,Finisher,TRUE,572,504,29,38:10:16,137416,16183,144,25,2025-08-29T15:45:00.000Z
1176,utmb,Nicolas AQUISTAPACE,H,55,50-54M,AR,Osky Team,555,f,Finisher,TRUE,581,511,30,38:16:21,137781,7138,144,25,2025-08-29T15:45:00.000Z
1177,utmb,Marcelo CASTELLINO,H,42,40-44M,AR,Outdoor Pesari,555,hd,DNF,FALSE,2027,1745,390,25:01:55,90115,4706,20,15,2025-08-29T15:45:00.000Z
1178,utmb,Christopher GUINAIS,H,33,20-34M,FR,,555,f,Finisher,TRUE,1178,1038,244,44:02:24,158544,9510,144,25,2025-08-29T15:45:00.000Z
1179,utmb,Clément ROELS,H,31,20-34M,FR,,555,f,Finisher,TRUE,1129,994,234,43:37:41,157061,11187,144,25,2025-08-29T15:45:00.000Z
1180,utmb,Emmanuel VAN ACKER,H,55,50-54M,BE,USBW,554,f,Finisher,TRUE,799,702,53,40:25:59,145559,14572,144,25,2025-08-29T15:45:00.000Z
1181,utmb,Leonard RENDULIC,H,44,40-44M,CH,,547,np,Other,FALSE,NA,NA,NA,00:00:00,0,NA,NA,0,2025-08-29T15:45:00.000Z
1182,utmb,Craig BOWEN JONES,H,55,50-54M,GB,,554,a,DNF,FALSE,1920,1652,226,19:46:48,71208,2274,22,16,2025-08-29T15:45:00.000Z
1183,utmb,Lucas CERDAN,H,32,20-34M,FR,Snell Sports / Tingerlaat,554,f,Finisher,TRUE,1650,1431,288,46:43:18,168198,19566,144,25,2025-08-29T15:45:00.000Z
1184,utmb,Fikry SAKTI FIRMANSYAH,H,31,20-34M,ID,SIMA RACING TEAM,554,a,DNF,FALSE,2067,1779,345,16:02:58,57778,5769,15,12,2025-08-29T15:45:00.000Z
1185,utmb,Cheong Hang CHAN,H,45,40-44M,HK,,554,f,Finisher,TRUE,1036,912,221,42:36:56,153416,9040,144,25,2025-08-29T15:45:00.000Z
1186,utmb,Damien MATHIEU,H,34,20-34M,CH,UB87,551,f,Finisher,TRUE,1631,1416,284,46:37:37,167857,21945,144,25,2025-08-29T15:45:00.000Z
1187,utmb,Romain BOURRILLON,H,44,40-44M,FR,Rognac,554,f,Finisher,TRUE,802,705,160,40:28:51,145731,17397,144,25,2025-08-29T15:45:00.000Z
1188,utmb,Enrique COUSIN,H,34,20-34M,FR,Normandie Trail,554,f,Finisher,TRUE,1511,1314,274,46:05:47,165947,9873,144,25,2025-08-29T15:45:00.000Z
1189,utmb,Denis WISCHNIEWSKI,H,53,50-54M,DE,Trail Magazin,536,f,Finisher,TRUE,952,840,76,42:02:54,151374,11026,144,25,2025-08-29T15:45:00.000Z
1190,utmb,Sebastien COSSE,H,51,50-54M,FR,,554,f,Finisher,TRUE,719,632,44,39:39:29,142769,13833,144,25,2025-08-29T15:45:00.000Z
1191,utmb,Damien MONET,H,52,50-54M,FR,racing club epernay athlétisme,553,f,Finisher,TRUE,936,826,75,41:57:57,151077,7797,144,25,2025-08-29T15:45:00.000Z
1192,utmb,Loïc DUPONT,H,36,35-39M,BE,,553,f,Finisher,TRUE,471,415,111,36:33:44,131624,12934,144,25,2025-08-29T15:45:00.000Z
1193,utmb,Igor WESTPHAL,H,34,20-34M,FR,,553,f,Finisher,TRUE,1134,999,235,43:40:17,157217,16630,144,25,2025-08-29T15:45:00.000Z
1194,utmb,Lucian GHIMPU TUNDRECI,H,54,50-54M,RO,HOP SI NOI DIN BARAGAN,554,f,Finisher,TRUE,713,627,43,39:35:56,142556,11050,144,25,2025-08-29T15:45:00.000Z
1195,utmb,Jose Enrique COELLO DE LA PLAZA,H,45,40-44M,ES,C.D. Crater 28N,553,f,Finisher,TRUE,1349,1185,284,45:15:04,162904,12387,144,25,2025-08-29T15:45:00.000Z
1196,utmb,Daiana Araceli ESPIERREZ,F,33,20-34W,AR,Espierrez running team,553,a,DNF,FALSE,2356,339,64,12:04:09,43449,NA,8,6,2025-08-29T15:45:00.000Z
1197,utmb,Francesco OVI,H,44,40-44M,IT,Mud & Snow,553,f,Finisher,TRUE,817,717,163,40:37:03,146223,10844,144,25,2025-08-29T15:45:00.000Z
1198,utmb,Camilla WEST,F,38,35-39W,GB,,553,f,Finisher,TRUE,704,85,22,39:29:36,142176,12579,144,25,2025-08-29T15:45:00.000Z
1199,utmb,Patrice STEPHAN,H,54,50-54M,FR,Les Vosgirunners,552,f,Finisher,TRUE,1303,1145,135,44:58:24,161904,10703,144,25,2025-08-29T15:45:00.000Z
1200,utmb,Arnaud CIMIER,H,38,35-39M,FR,,552,f,Finisher,TRUE,335,291,82,33:50:08,121808,6760,144,25,2025-08-29T15:45:00.000Z
1201,utmb,Charles LEFEBVRE,H,34,20-34M,FR,Team Trail Paris,552,f,Finisher,TRUE,447,394,134,36:16:32,130592,9723,144,25,2025-08-29T15:45:00.000Z
1202,utmb,Kevin PARENT,H,38,35-39M,FR,GAHS,552,f,Finisher,TRUE,1091,959,213,43:08:42,155322,22549,144,25,2025-08-29T15:45:00.000Z
1203,utmb,Paola NANDE,F,44,40-44W,UY,Peak Run,552,f,Finisher,TRUE,1236,147,29,44:34:55,160495,12069,144,25,2025-08-29T15:45:00.000Z
1204,utmb,Tom FARNELL,H,30,20-34M,AU,,552,f,Finisher,TRUE,1064,933,226,42:50:06,154206,12167,144,25,2025-08-29T15:45:00.000Z
1205,utmb,Alex MURPHY,H,41,40-44M,AU,,552,f,Finisher,TRUE,576,507,114,38:12:22,137542,6647,144,25,2025-08-29T15:45:00.000Z
1206,utmb,Rutger WAGENAAR,H,45,40-44M,NL,Fysio 058 / Lionitas,551,f,Finisher,TRUE,521,458,105,37:23:19,134599,8597,144,25,2025-08-29T15:45:00.000Z
1207,utmb,Christophe NOWICKI,H,41,40-44M,FR,,551,f,Finisher,TRUE,721,633,142,39:40:19,142819,12341,144,25,2025-08-29T15:45:00.000Z
1208,utmb,Louis LE COUR GRANDMAISON,H,35,20-34M,FR,Estaly Running Club,551,np,Other,FALSE,NA,NA,NA,00:00:00,0,NA,NA,0,2025-08-29T15:45:00.000Z
1209,utmb,Alexandre UBEDA,H,44,40-44M,FR,Portet Athletic Club,551,f,Finisher,TRUE,542,478,110,37:41:59,135719,10433,144,25,2025-08-29T15:45:00.000Z
1210,utmb,Seungtae KIM,H,50,45-49M,KR,Sparta united,551,f,Finisher,TRUE,1172,1032,168,43:59:33,158373,17879,144,25,2025-08-29T15:45:00.000Z
1211,utmb,Adnan HADZIC,H,48,45-49M,BA,,551,f,Finisher,TRUE,1471,1280,222,45:55:07,165307,7382,144,25,2025-08-29T15:45:00.000Z
1212,utmb,Davide Maria BELOTTI,H,49,45-49M,IT,Canto Di Corsa running team,551,f,Finisher,TRUE,1173,1033,169,43:59:36,158376,13331,144,25,2025-08-29T15:45:00.000Z
1213,utmb,Admir SABIC,H,42,40-44M,BA,Vucko Trail,551,f,Finisher,TRUE,887,784,178,41:29:29,149369,13134,144,25,2025-08-29T15:45:00.000Z
1214,utmb,Sandra MORENO SANTIAGO,F,51,50-54W,ES,C.D Bichillorunner,550,f,Finisher,TRUE,1154,138,12,43:48:08,157688,10031,144,25,2025-08-29T15:45:00.000Z
1215,utmb,Andrea PASK,F,42,40-44W,CA,Peak Endurance,547,f,Finisher,TRUE,484,58,11,36:41:02,132062,8245,144,25,2025-08-29T15:45:00.000Z
1216,utmb,Shangpeng LIU,H,25,20-34M,CN,,556,f,Finisher,TRUE,994,876,221,42:20:31,152431,25282,144,25,2025-08-29T15:45:00.000Z
1217,utmb,Ian MORGAN,H,56,55-59M,NZ,IRM coaching,550,f,Finisher,TRUE,658,579,8,38:57:45,140265,14473,144,25,2025-08-29T15:45:00.000Z
1218,utmb,Jonniaux GERY,H,40,35-39M,BE,ZATOPEK ACADEMIE LIEGE,549,f,Finisher,TRUE,509,447,120,37:04:29,133469,10072,144,25,2025-08-29T15:45:00.000Z
1219,utmb,Thomas ADAMS,H,37,35-39M,GB,Unaffiliated,482,f,Finisher,TRUE,347,302,84,34:13:15,123195,8971,144,25,2025-08-29T15:45:00.000Z
1220,utmb,Alessandro CENTRONE,H,55,50-54M,IT,Two Peaks Endurance,549,f,Finisher,TRUE,990,873,87,42:19:31,152371,14631,144,25,2025-08-29T15:45:00.000Z
1221,utmb,Vincent TACONNAT,H,31,20-34M,FR,,549,f,Finisher,TRUE,579,509,156,38:13:52,137632,12769,144,25,2025-08-29T15:45:00.000Z
1222,utmb,Kevin LIPPENS,H,34,20-34M,BE,,549,f,Finisher,TRUE,474,418,141,36:36:20,131780,9870,144,25,2025-08-29T15:45:00.000Z
1223,utmb,Scott MCCRACKEN,H,31,20-34M,GB,,549,f,Finisher,TRUE,1140,1005,237,43:42:33,157353,14412,144,25,2025-08-29T15:45:00.000Z
1224,utmb,Nicolas CARDON,H,30,20-34M,FR,La Clinique Du Coureur,549,f,Finisher,TRUE,714,628,179,39:36:19,142579,14526,144,24,2025-08-29T15:45:00.000Z
1225,utmb,Marian POLACEK,H,45,40-44M,SK,arganolej.sk,550,f,Finisher,TRUE,941,831,196,41:59:05,151145,12671,144,25,2025-08-29T15:45:00.000Z
1226,utmb,Fabien MIGNEROT,H,40,35-39M,FR,Club Alpin Français DOLE,549,f,Finisher,TRUE,1096,963,215,43:10:39,155439,12241,144,25,2025-08-29T15:45:00.000Z
1227,utmb,Tom DOWNES,H,56,55-59M,IE,St Finbarrs AC,549,f,Finisher,TRUE,525,462,2,37:26:59,134819,7581,144,24,2025-08-29T15:45:00.000Z
1228,utmb,Kazuhisa TAKEUCHI,H,44,40-44M,JP,LDA-RC,549,f,Finisher,TRUE,1656,1437,324,46:43:51,168231,28103,144,25,2025-08-29T15:45:00.000Z
1229,utmb,Stephane N'GADI KAKOU,H,45,40-44M,FR,,522,f,Finisher,TRUE,1022,899,218,42:31:48,153108,29661,144,25,2025-08-29T15:45:00.000Z
1230,utmb,Odilon JUDICE,H,35,20-34M,FR,Amorcer Coaching,548,f,Finisher,TRUE,948,838,217,42:00:51,151251,19607,144,25,2025-08-29T15:45:00.000Z
1231,utmb,Paul BUNEL,H,33,20-34M,FR,,548,f,Finisher,TRUE,967,850,219,42:10:01,151801,14870,144,25,2025-08-29T15:45:00.000Z
1232,utmb,Bruno LUISETTI,H,51,50-54M,FR,,548,f,Finisher,TRUE,1194,1053,114,44:12:41,159161,25497,144,25,2025-08-29T15:45:00.000Z
1233,utmb,Paula DE CAMPOS,F,47,45-49W,PT,,548,f,Finisher,TRUE,563,68,8,37:58:12,136692,14083,144,25,2025-08-29T15:45:00.000Z
1234,utmb,Nicolas ROUSSEL,H,58,55-59M,FR,,549,f,Finisher,TRUE,829,729,15,40:45:53,146753,16135,144,25,2025-08-29T15:45:00.000Z
1235,utmb,Jorge CAMINO,H,46,45-49M,AR,PUESTOS DE HIDRATCION,547,f,Finisher,TRUE,744,654,99,39:51:12,143472,11920,144,25,2025-08-29T15:45:00.000Z
1236,utmb,Wing Chi Grace LEE,F,31,20-34W,HK,Oxyone/Kailas,548,f,Finisher,TRUE,1495,195,44,46:02:36,165756,9420,144,25,2025-08-29T15:45:00.000Z
1237,utmb,Michela RUZZA,F,49,45-49W,IT,GS Interforze Torino,547,f,Finisher,TRUE,1017,123,22,42:28:55,152935,10481,144,25,2025-08-29T15:45:00.000Z
1238,utmb,Janusz LEWANDOWSKI,H,54,50-54M,PL,,547,hd,DNF,FALSE,2000,1722,245,24:32:39,88298,7248,20,15,2025-08-29T15:45:00.000Z
1239,utmb,Angélique THIOU,F,55,50-54W,FR,,547,a,DNF,FALSE,2276,323,34,08:27:21,30441,NA,8,6,2025-08-29T15:45:00.000Z
1240,utmb,Alexander KÖNIG,H,39,35-39M,DE,Amsterdam Running Junkies,547,f,Finisher,TRUE,1048,920,204,42:44:11,153851,7462,144,25,2025-08-29T15:45:00.000Z
1241,utmb,William DIXON,H,33,20-34M,AU,TRT running,547,f,Finisher,TRUE,478,422,142,36:38:06,131886,8766,144,25,2025-08-29T15:45:00.000Z
1242,utmb,Benjamin TESTARD,H,42,40-44M,FR,,547,f,Finisher,TRUE,493,433,101,36:51:15,132675,9723,144,25,2025-08-29T15:45:00.000Z
1243,utmb,Shang Wei HER,H,50,45-49M,TW,Team Taiwan,547,f,Finisher,TRUE,1100,967,153,43:11:46,155506,21934,144,25,2025-08-29T15:45:00.000Z
1244,utmb,Davy SADOU,H,41,40-44M,FR,LE TRAILEUR ANONYME,547,f,Finisher,TRUE,911,806,188,41:42:46,150166,13791,144,25,2025-08-29T15:45:00.000Z
1245,utmb,Nicolas HERNANDEZ,H,49,45-49M,FR,Tbc,546,a,DNF,FALSE,2298,1970,338,10:15:17,36917,NA,8,6,2025-08-29T15:45:00.000Z
1246,utmb,Robert EDMAN,H,46,45-49M,US,,547,f,Finisher,TRUE,998,880,130,42:21:24,152484,15223,144,25,2025-08-29T15:45:00.000Z
1247,utmb,Sebastia MASSAGUE MIR,H,61,60-64M,ES,CAN POCURULL,546,f,Finisher,TRUE,1544,1345,25,46:16:54,166614,29712,144,25,2025-08-29T15:45:00.000Z
1248,utmb,Maxence CHAUVIN,H,48,45-49M,FR,THE RUNSHIP - TEAM ISSY,546,f,Finisher,TRUE,578,508,74,38:13:20,137600,7277,144,25,2025-08-29T15:45:00.000Z
1249,utmb,Isabel Martine SCHÜßLER,F,41,40-44W,DE,,546,f,Finisher,TRUE,681,83,19,39:12:58,141178,6181,144,25,2025-08-29T15:45:00.000Z
1250,utmb,Alexander CHARMOZ,H,42,40-44M,US,.,543,f,Finisher,TRUE,653,575,127,38:55:24,140124,9703,144,25,2025-08-29T15:45:00.000Z
1251,utmb,Pierre-Yves DU BOIS,H,34,20-34M,BE,,560,a,DNF,FALSE,1887,1621,321,28:31:59,81715,25976,24,17,2025-08-29T15:45:00.000Z
1252,utmb,Sam CARROLL,H,42,40-44M,US,,546,f,Finisher,TRUE,1033,909,220,42:36:05,153365,15575,144,25,2025-08-29T15:45:00.000Z
1253,utmb,Ana Maria CARRERES TORTOSA,F,51,50-54W,ES,GUERRERS DE MOIXENT,546,a,DNF,FALSE,1966,276,28,23:29:02,79809,8878,20,15,2025-08-29T15:45:00.000Z
1254,utmb,Kenji KASAHARA,H,47,45-49M,JP,,546,f,Finisher,TRUE,1272,1118,187,44:48:14,161294,13987,144,25,2025-08-29T15:45:00.000Z
1255,utmb,Cristian PRIETO,H,41,40-44M,CL,El Rebaño,546,f,Finisher,TRUE,1174,1034,242,44:00:22,158422,17725,144,25,2025-08-29T15:45:00.000Z
1256,utmb,Julien COUTREAU,H,50,45-49M,FR,Villiers Sport & Culture,546,a,DNF,FALSE,2113,1816,310,15:57:39,57459,1284,14,11,2025-08-29T15:45:00.000Z
1257,utmb,Martin BACHELET,H,37,35-39M,FR,,546,f,Finisher,TRUE,1061,930,209,42:49:45,154185,11399,144,25,2025-08-29T15:45:00.000Z
1258,utmb,Andrea TAGLIABUE,H,40,35-39M,IT,,546,f,Finisher,TRUE,456,402,109,36:27:01,131221,6510,144,25,2025-08-29T15:45:00.000Z
1259,utmb,Sébastien ROIZOT,H,52,50-54M,FR,,546,f,Finisher,TRUE,1008,888,90,42:24:20,152660,13014,144,25,2025-08-29T15:45:00.000Z
1260,utmb,Salim MOHAMED,H,59,55-59M,GB,,545,f,Finisher,TRUE,1074,942,27,42:54:03,154443,14910,144,25,2025-08-29T15:45:00.000Z
1261,utmb,Barthélémy GERMAIN,H,35,20-34M,FR,BONE BREAKER,545,f,Finisher,TRUE,765,674,191,40:06:19,144379,11875,144,25,2025-08-29T15:45:00.000Z
1262,utmb,Ramón TORRÓ CÁRCELES,H,55,50-54M,ES,GUERRERS DE MOIXENT,545,a,DNF,FALSE,1965,1690,236,23:28:59,79738,9665,20,15,2025-08-29T15:45:00.000Z
1263,utmb,Patrick CLAVERIE,H,54,50-54M,FR,Oxygène Stellantis,545,f,Finisher,TRUE,1127,992,105,43:36:21,156981,17318,144,25,2025-08-29T15:45:00.000Z
1264,utmb,Rasid HARACIC,H,47,45-49M,BA,Vucko Trail Team,545,a,DNF,FALSE,2442,2086,360,05:49:22,20962,NA,4,3,2025-08-29T15:45:00.000Z
1265,utmb,Julie MCNAMEE,F,53,50-54W,IE,Running Coach Ireland,545,f,Finisher,TRUE,1122,135,11,43:32:36,156756,7829,144,25,2025-08-29T15:45:00.000Z
1266,utmb,Fabrice THOMAS,H,45,40-44M,FR,,514,f,Finisher,TRUE,1164,1025,239,43:52:55,157975,14237,144,25,2025-08-29T15:45:00.000Z
1268,utmb,Francisco FERRER,H,55,50-54M,CL,Mustangos Trail,545,f,Finisher,TRUE,1217,1072,120,44:24:36,159876,15427,144,25,2025-08-29T15:45:00.000Z
1269,utmb,Kamila WRÓBEL,F,38,35-39W,PL,ASICS FrontRunner,545,f,Finisher,TRUE,739,90,23,39:48:29,143309,8854,144,25,2025-08-29T15:45:00.000Z
1270,utmb,Qi SONG,F,57,55-59W,US,Burn Running,544,np,Other,FALSE,NA,NA,NA,00:00:00,0,NA,NA,0,2025-08-29T15:45:00.000Z
1271,utmb,Maria AUDERA,F,34,20-34W,ES,Free to Run - Reaching Summits,544,a,DNF,FALSE,1942,271,56,19:56:58,66614,7834,20,15,2025-08-29T15:45:00.000Z
1272,utmb,Simone MAZZER,H,53,50-54M,IT,POL. JOY CLUB FUEL TO RUN,544,f,Finisher,TRUE,1075,943,95,42:54:36,154476,11327,144,25,2025-08-29T15:45:00.000Z
1273,utmb,Michael EIGENSEER,H,43,40-44M,DE,,483,f,Finisher,TRUE,938,828,194,41:58:01,151081,9173,144,25,2025-08-29T15:45:00.000Z
1274,utmb,Thomas NOTHOMB,H,33,20-34M,BE,,543,f,Finisher,TRUE,1068,937,228,42:51:11,154271,17845,144,25,2025-08-29T15:45:00.000Z
1275,utmb,Craig MURPHY,H,51,50-54M,US,,544,f,Finisher,TRUE,976,859,82,42:13:42,152022,8537,144,25,2025-08-29T15:45:00.000Z
1276,utmb,Sébastien ROSSI,H,48,45-49M,FR,Duc Army,543,a,DNF,FALSE,1668,1446,258,45:06:30,162347,17275,44,24,2025-08-29T15:45:00.000Z
1277,utmb,Laurent DARD,H,55,50-54M,FR,Dompierre Course Aventure,541,f,Finisher,TRUE,487,429,18,36:46:13,132373,8105,144,25,2025-08-29T15:45:00.000Z
1278,utmb,Akihiro YUITA,H,54,50-54M,JP,UTRA,544,hd,DNF,FALSE,2028,1746,251,25:04:09,90249,5445,20,15,2025-08-29T15:45:00.000Z
1279,utmb,Antoine POUCET,H,44,40-44M,BE,CES St Joseph Chimay,544,a,DNF,FALSE,1992,1715,385,24:25:51,86876,9872,20,15,2025-08-29T15:45:00.000Z
1280,utmb,Luca NICOTRA,H,44,40-44M,IT,,543,f,Finisher,TRUE,1287,1133,268,44:53:36,161616,17098,144,25,2025-08-29T15:45:00.000Z
1281,utmb,Frédéric SULOT,H,56,55-59M,FR,PONTETRAIL,542,f,Finisher,TRUE,1567,1363,65,46:22:03,166923,15002,144,25,2025-08-29T15:45:00.000Z
1282,utmb,Claudio VILLEGAS,H,53,50-54M,CL,Runners La Cruz,543,f,Finisher,TRUE,475,419,16,36:36:36,131796,5267,144,25,2025-08-29T15:45:00.000Z
1283,utmb,Aldo PICCINNO,H,59,55-59M,IT,,543,a,DNF,FALSE,1789,1546,81,32:07:04,114564,9577,27,17,2025-08-29T15:45:00.000Z
1284,utmb,Arnaud PICHON,H,44,40-44M,FR,AS Orange Cesson,541,f,Finisher,TRUE,1613,1401,317,46:33:17,167597,19058,144,25,2025-08-29T15:45:00.000Z
1285,utmb,Daniel FRIEROS DIAZ,H,39,35-39M,ES,Frieros Base camp,543,f,Finisher,TRUE,702,618,155,39:29:07,142147,14790,144,25,2025-08-29T15:45:00.000Z
1286,utmb,Ted DAVISON,H,54,50-54M,US,,543,f,Finisher,TRUE,987,870,86,42:18:35,152315,10292,144,25,2025-08-29T15:45:00.000Z
1287,utmb,Mathieu DALLA MORA,H,44,40-44M,FR,,543,f,Finisher,TRUE,725,637,143,39:43:02,142982,6006,144,25,2025-08-29T15:45:00.000Z
1288,utmb,Eric LAHELLEC,H,59,55-59M,FR,KRONOS TRIATHLON,543,f,Finisher,TRUE,1649,1430,72,46:40:23,168023,11466,144,25,2025-08-29T15:45:00.000Z
1289,utmb,Siniša VILKE,H,51,50-54M,HR,,543,f,Finisher,TRUE,1378,1207,143,45:23:32,163412,9892,144,25,2025-08-29T15:45:00.000Z
1290,utmb,Martina POELZELBAUER,F,50,45-49W,CZ,ThreeGIANTS,539,f,Finisher,TRUE,884,103,14,41:25:45,149145,8291,144,25,2025-08-29T15:45:00.000Z
1291,utmb,Manon BOURDUGE,F,36,35-39W,FR,,542,a,DNF,FALSE,2417,353,63,05:03:41,18221,NA,4,3,2025-08-29T15:45:00.000Z
1292,utmb,Neil MARSHALL,H,44,40-44M,AU,,542,f,Finisher,TRUE,1208,1064,250,44:20:28,159628,11614,144,25,2025-08-29T15:45:00.000Z
1293,utmb,Catherine TOMASONI,F,45,40-44W,FR,Dynamic trail,548,f,Finisher,TRUE,1546,200,46,46:17:52,166672,12841,144,25,2025-08-29T15:45:00.000Z
1294,utmb,Matthieu WAESELYNCK,H,38,35-39M,FR,,542,f,Finisher,TRUE,835,735,177,40:51:38,147098,22548,144,25,2025-08-29T15:45:00.000Z
1295,utmb,Amarsanaa ENKHTSETSEG,F,38,35-39W,MN,I RUN MONGOLIA,542,f,Finisher,TRUE,951,112,27,42:02:18,151338,25035,144,25,2025-08-29T15:45:00.000Z
1296,utmb,Luo JIANGHAI,H,38,35-39M,CN,,542,f,Finisher,TRUE,1274,1120,230,44:48:41,161321,18389,144,25,2025-08-29T15:45:00.000Z
1298,utmb,Thomas PAPINEAU,H,30,20-34M,FR,,542,f,Finisher,TRUE,1428,1245,264,45:43:50,164630,13849,144,24,2025-08-29T15:45:00.000Z
1299,utmb,Guillermo RIVERA LOPEZ,H,32,20-34M,MX,MEXICO,542,a,DNF,FALSE,2236,1921,365,15:26:26,55586,698,11,7,2025-08-29T15:45:00.000Z
1300,utmb,Anton GHERCA,H,43,40-44M,RO,BiSM,542,a,DNF,FALSE,1813,1564,346,33:18:54,119373,2889,27,17,2025-08-29T15:45:00.000Z
1301,utmb,Flavio RENDA,H,55,50-54M,IT,SURVIVAL TRAIL RUNNERS,540,f,Finisher,TRUE,1337,1175,140,45:11:49,162709,10920,144,25,2025-08-29T15:45:00.000Z
1302,utmb,Youngsun KIM,F,56,55-59W,KR,KKLKKL,541,f,Finisher,TRUE,1632,216,15,46:37:45,167865,13884,144,25,2025-08-29T15:45:00.000Z
1303,utmb,Franck ALLEGRET-BOURDON,H,51,50-54M,FR,royal bâtard,531,f,Finisher,TRUE,834,734,58,40:50:27,147027,15638,144,25,2025-08-29T15:45:00.000Z
1304,utmb,Jean-Luc SALINAS,H,44,40-44M,CA,,541,a,DNF,FALSE,1776,1535,343,29:01:56,100004,13465,27,18,2025-08-29T15:45:00.000Z
1305,utmb,Romain LEZIER,H,53,50-54M,FR,,541,f,Finisher,TRUE,1101,968,98,43:12:25,155545,12879,144,25,2025-08-29T15:45:00.000Z
1306,utmb,Qirui LI,H,36,35-39M,CN,,541,f,Finisher,TRUE,1079,947,212,42:58:28,154708,8182,144,25,2025-08-29T15:45:00.000Z
1307,utmb,Qi CHEN,H,45,40-44M,CN,,541,a,DNF,FALSE,1892,1626,366,28:36:18,100216,12247,24,16,2025-08-29T15:45:00.000Z
1308,utmb,Pierre-Eric PHILIPPE,H,51,50-54M,FR,courir pour des pommes,541,hd,DNF,FALSE,2006,1727,247,24:38:49,88729,1426,20,14,2025-08-29T15:45:00.000Z
1309,utmb,Takashi SAKAI,H,58,55-59M,JP,,540,f,Finisher,TRUE,1415,1236,53,45:36:55,164215,10773,144,25,2025-08-29T15:45:00.000Z
1310,utmb,Mark YOUNG,H,61,60-64M,US,SU trial running club,540,f,Finisher,TRUE,516,454,1,37:16:19,134179,11081,144,25,2025-08-29T15:45:00.000Z
1311,utmb,Mario NOTARI,H,62,60-64M,IT,COURMAYEUR TRAILERS,539,np,Other,FALSE,NA,NA,NA,00:00:00,0,NA,NA,0,2025-08-29T15:45:00.000Z
1312,utmb,Szymon POSADOWSKI,H,35,20-34M,PL,QUltra,540,a,DNF,FALSE,2231,1918,363,14:22:30,50716,2709,11,8,2025-08-29T15:45:00.000Z
1313,utmb,Tim KARIUS,H,43,40-44M,LU,,540,f,Finisher,TRUE,767,676,152,40:06:48,144408,11993,144,25,2025-08-29T15:45:00.000Z
1314,utmb,Tobias BERTSCHINGER,H,37,35-39M,CH,,540,f,Finisher,TRUE,816,716,172,40:36:46,146206,7887,144,25,2025-08-29T15:45:00.000Z
1315,utmb,Tsz Hin WONG,H,40,35-39M,HK,,540,a,DNF,FALSE,1666,1445,271,39:39:14,142534,8022,44,24,2025-08-29T15:45:00.000Z
1316,utmb,Huai Chien LIU,H,34,20-34M,TW,,540,f,Finisher,TRUE,798,701,197,40:25:40,145540,11119,144,25,2025-08-29T15:45:00.000Z
1317,utmb,Ruben BOU GARRIGOS,H,40,35-39M,ES,Club Atletismo Alcoy,540,f,Finisher,TRUE,762,671,166,40:04:31,144271,10314,144,25,2025-08-29T15:45:00.000Z
1318,utmb,Kazuhito TAJIMA,H,62,60-64M,JP,Hiroo Father's Running Club,539,f,Finisher,TRUE,1608,1396,30,46:32:41,167561,12826,144,25,2025-08-29T15:45:00.000Z
1319,utmb,Romain LEGÉ,H,40,35-39M,FR,,539,f,Finisher,TRUE,1311,1152,235,45:02:36,162156,17891,144,25,2025-08-29T15:45:00.000Z
1320,utmb,Laurent FERRARO,H,54,50-54M,FR,F2V,539,f,Finisher,TRUE,610,536,31,38:34:10,138850,13646,144,25,2025-08-29T15:45:00.000Z
1321,utmb,Miguelito CARRANZA,H,39,35-39M,PH,Philippine National Police,539,f,Finisher,TRUE,880,778,185,41:21:08,148868,17836,144,25,2025-08-29T15:45:00.000Z
1322,utmb,Antoine DE RIVOIRE,H,42,40-44M,FR,,539,f,Finisher,TRUE,780,688,156,40:16:36,144996,14854,144,25,2025-08-29T15:45:00.000Z
1323,utmb,Maurits VAN LAARHOVEN,H,47,45-49M,NL,,539,f,Finisher,TRUE,1041,916,142,42:38:17,153497,15312,144,25,2025-08-29T15:45:00.000Z
1324,utmb,Simon OLSSON,H,41,40-44M,SE,,537,np,Other,FALSE,NA,NA,NA,00:00:00,0,NA,NA,0,2025-08-29T15:45:00.000Z
1325,utmb,Javier FARNIER RUIZ,H,51,50-54M,ES,Itxas Argia,539,f,Finisher,TRUE,1458,1269,154,45:51:36,165096,28374,144,25,2025-08-29T15:45:00.000Z
1326,utmb,Julien MANGIN,H,48,45-49M,FR,,520,f,Finisher,TRUE,957,845,123,42:06:25,151585,18295,144,25,2025-08-29T15:45:00.000Z
1327,utmb,Alan CLARK,H,63,60-64M,GB,,538,f,Finisher,TRUE,1568,1364,28,46:22:07,166927,7815,144,25,2025-08-29T15:45:00.000Z
1328,utmb,Pierre LAMBRECHT,H,51,50-54M,BE,,538,f,Finisher,TRUE,571,503,28,38:10:12,137412,8410,144,25,2025-08-29T15:45:00.000Z
1329,utmb,Gaspard DENECHAUD,H,37,35-39M,FR,,538,f,Finisher,TRUE,900,796,188,41:36:54,149814,13460,144,25,2025-08-29T15:45:00.000Z
1330,utmb,David VIKARSSON,H,60,55-59M,IS,Hreindyrafjelagið,525,f,Finisher,TRUE,608,534,5,38:32:58,138778,14008,144,25,2025-08-29T15:45:00.000Z
1331,utmb,Florian BERTIN,H,27,20-34M,FR,,538,f,Finisher,TRUE,513,451,146,37:12:47,133967,5961,144,25,2025-08-29T15:45:00.000Z
1332,utmb,Giancarlo ANNOVAZZI,H,61,60-64M,IT,Atletica Monterosa,610,f,Finisher,TRUE,523,460,2,37:24:01,134641,8107,144,25,2025-08-29T15:45:00.000Z
1333,utmb,Jérémy DIÉVART,H,38,35-39M,FR,,537,f,Finisher,TRUE,607,533,133,38:32:24,138744,15526,144,25,2025-08-29T15:45:00.000Z
1334,utmb,Michela RIBA,F,42,40-44W,IT,Team Marguareis,538,f,Finisher,TRUE,1289,155,31,44:54:35,161675,12324,144,24,2025-08-29T15:45:00.000Z
1335,utmb,Ivan ŽIVOJINOVIĆ,H,44,40-44M,RS,Delta Running Team,538,f,Finisher,TRUE,964,849,205,42:09:26,151766,20668,144,25,2025-08-29T15:45:00.000Z
1336,utmb,Clément LEFEBVRE,H,37,35-39M,FR,Lille Club Runner,538,a,DNF,FALSE,2209,1898,338,18:52:31,67951,891,13,9,2025-08-29T15:45:00.000Z
1337,utmb,Tiejun LI,H,51,50-54M,CN,朱振宣眼镜-打铁Club,538,f,Finisher,TRUE,1531,1333,167,46:11:53,166313,22659,144,25,2025-08-29T15:45:00.000Z
1338,utmb,Pathomporn SINRODTHANAKORN,H,45,40-44M,TH,Nakhon Si,538,f,Finisher,TRUE,1538,1339,310,46:14:52,166492,11957,144,24,2025-08-29T15:45:00.000Z
1339,utmb,Paweł KOWALCZYK,H,52,50-54M,PL,ZADYSZKA OŚWIĘCIM,441,f,Finisher,TRUE,1548,1348,171,46:18:07,166687,14118,144,25,2025-08-29T15:45:00.000Z
1340,utmb,Hao YAO,H,44,40-44M,CN,,538,a,DNF,FALSE,1701,1474,330,39:48:42,143322,7842,33,21,2025-08-29T15:45:00.000Z
1341,utmb,Wei-Chieh TSENG,H,47,45-49M,TW,,538,f,Finisher,TRUE,1359,1192,202,45:18:24,163104,8890,144,25,2025-08-29T15:45:00.000Z
1342,utmb,Alexandre MAYEN,H,35,20-34M,FR,,538,a,DNF,FALSE,1895,1628,322,28:43:21,102004,11933,24,17,2025-08-29T15:45:00.000Z
1343,utmb,Nicolas HENNEGRAEVE,H,53,50-54M,FR,,538,a,DNF,FALSE,2293,1966,285,09:59:23,35963,NA,8,6,2025-08-29T15:45:00.000Z
1344,utmb,Laurent GIMENEZ,H,43,40-44M,FR,Coureurs des bistrots,537,a,DNF,FALSE,1874,1612,360,27:04:11,90363,13407,24,16,2025-08-29T15:45:00.000Z
1345,utmb,Nicolas BOUTOUTAOU,H,27,20-34M,FR,,537,a,DNF,FALSE,2281,1957,374,09:01:11,32471,NA,8,6,2025-08-29T15:45:00.000Z
1346,utmb,Matthew WOOD,H,57,55-59M,AU,Ultrawoods,537,f,Finisher,TRUE,1362,1195,48,45:19:42,163182,19158,144,25,2025-08-29T15:45:00.000Z
1347,utmb,Antony LARRE,H,49,45-49M,FR,C4,536,f,Finisher,TRUE,546,481,69,37:49:28,136168,11324,144,25,2025-08-29T15:45:00.000Z
1348,utmb,Lisa HAMMARLING,F,42,40-44W,SE,Jernbrukets Ultra,535,f,Finisher,TRUE,1240,149,30,44:35:43,160543,20915,144,25,2025-08-29T15:45:00.000Z
1349,utmb,Behdad BARATI,H,39,35-39M,IR,Ultra Iran,537,f,Finisher,TRUE,489,431,115,36:46:41,132401,19160,144,25,2025-08-29T15:45:00.000Z
1350,utmb,Angela ANNI,F,60,55-59W,IT,PODISTICA ARONA,537,f,Finisher,TRUE,1446,187,11,45:47:10,164830,13727,144,25,2025-08-29T15:45:00.000Z
1351,utmb,David BEUTIER,H,55,50-54M,FR,S/L Grenoble UC,537,a,DNF,FALSE,1688,1463,199,42:08:59,151739,9263,34,22,2025-08-29T15:45:00.000Z
1352,utmb,David POWELL,H,66,65-69M,GB,Aberystwyth AC,537,f,Finisher,TRUE,804,706,2,40:29:40,145780,11504,144,25,2025-08-29T15:45:00.000Z
1353,utmb,Nick SMOTEK,H,49,45-49M,US,,537,f,Finisher,TRUE,591,519,78,38:25:00,138300,13761,144,25,2025-08-29T15:45:00.000Z
1354,utmb,Kazuha MATSUI,F,68,65-69W,JP,M@HIRATSUKA,536,a,DNF,FALSE,1807,248,1,32:45:32,117702,7388,27,18,2025-08-29T15:45:00.000Z
1355,utmb,Ryan LOPES WOODHOUSE,H,39,35-39M,US,,536,f,Finisher,TRUE,215,187,51,31:20:34,112834,6135,144,25,2025-08-29T15:45:00.000Z
1356,utmb,Xiaojun YIN,H,46,45-49M,CN,,534,f,Finisher,TRUE,1015,894,135,42:28:27,152907,23676,144,25,2025-08-29T15:45:00.000Z
1357,utmb,Sylvain TEHARD,H,47,45-49M,FR,ACHV NOUVOITOU / SPARTIATES RUNNER,536,f,Finisher,TRUE,477,421,54,36:38:03,131883,10611,144,25,2025-08-29T15:45:00.000Z
1358,utmb,Basile BIARD,H,40,35-39M,FR,Team Trail Aix les Bains,539,f,Finisher,TRUE,517,455,124,37:17:18,134238,14488,144,25,2025-08-29T15:45:00.000Z
1359,utmb,Pascal FONCROSE,H,55,50-54M,FR,Team globetrailer ,536,f,Finisher,TRUE,1021,898,91,42:31:43,153103,12943,144,25,2025-08-29T15:45:00.000Z
1360,utmb,Frederic MATOSEVIC,H,54,50-54M,FR,SG HERICOURT,535,f,Finisher,TRUE,986,869,85,42:18:27,152307,9605,144,25,2025-08-29T15:45:00.000Z
1362,utmb,Roman DEINIUK,H,34,20-34M,UA,InTravel,532,hd,DNF,FALSE,2024,1742,341,24:58:40,89920,4202,20,15,2025-08-29T15:45:00.000Z
1363,utmb,Fuminobu NAKATANI,H,53,50-54M,JP,,535,f,Finisher,TRUE,1155,1017,111,43:48:24,157704,11351,144,25,2025-08-29T15:45:00.000Z
1364,utmb,Akiyoshi SHIGENO,H,63,60-64M,JP,,535,a,DNF,FALSE,1689,1464,34,42:14:33,152073,10677,34,22,2025-08-29T15:45:00.000Z
1365,utmb,Franck GREPPA,H,52,50-54M,FR,Tintin,535,f,Finisher,TRUE,1498,1302,160,46:03:35,165815,9789,144,25,2025-08-29T15:45:00.000Z
1366,utmb,Adrien RIGE,H,34,20-34M,FR,,535,f,Finisher,TRUE,1487,1294,271,46:00:32,165632,17437,144,25,2025-08-29T15:45:00.000Z
1367,utmb,René BALDON,H,46,45-49M,IT,,534,f,Finisher,TRUE,1193,1052,177,44:12:32,159152,12891,144,25,2025-08-29T15:45:00.000Z
1368,utmb,Frederic VIDON,H,56,55-59M,FR,AIX ATHLE PROVENCE,531,f,Finisher,TRUE,1402,1225,51,45:34:39,164079,13516,144,25,2025-08-29T15:45:00.000Z
1369,utmb,Iuliia OSHCHEPKOVA,F,36,35-39W,IL,,534,f,Finisher,TRUE,652,78,20,38:54:59,140099,11351,144,25,2025-08-29T15:45:00.000Z
1370,utmb,Pascal LÉTÉ,H,68,65-69M,BE,,534,f,Finisher,TRUE,524,461,1,37:24:28,134668,9659,144,25,2025-08-29T15:45:00.000Z
1371,utmb,Jan STIBUREK,H,35,20-34M,CZ,Vyborny,534,a,DNF,FALSE,2306,1976,377,10:49:52,38992,33,8,6,2025-08-29T15:45:00.000Z
1372,utmb,Romain FOVETTE,H,41,40-44M,FR,,534,a,DNF,FALSE,2123,1826,403,16:54:26,60866,1651,14,10,2025-08-29T15:45:00.000Z
1373,utmb,Daniel BÅÅTH,H,48,45-49M,SE,,533,f,Finisher,TRUE,1566,1362,242,46:21:55,166915,12165,144,25,2025-08-29T15:45:00.000Z
1374,utmb,Ramiro Daniel PARRA,H,48,45-49M,AR,Infotrailmedia,534,a,DNF,FALSE,2336,2002,344,11:36:59,41819,NA,8,6,2025-08-29T15:45:00.000Z
1375,utmb,Filhwa JUNG,H,47,45-49M,KR,Busanrunning,534,a,DNF,FALSE,2352,2015,346,11:59:36,43176,NA,8,6,2025-08-29T15:45:00.000Z
1376,utmb,Victor FARMIGA,H,54,50-54M,US,,534,a,DNF,FALSE,2117,1820,265,16:16:32,58592,2526,14,11,2025-08-29T15:45:00.000Z
1377,utmb,Matthias MÜLLER,H,49,45-49M,CH,,534,f,Finisher,TRUE,1143,1008,162,43:44:32,157472,14693,144,25,2025-08-29T15:45:00.000Z
1378,utmb,Antonio LOZANO RUIZ,H,48,45-49M,ES,Todo Vertical V+,534,np,Other,FALSE,NA,NA,NA,00:00:00,0,NA,NA,0,2025-08-29T15:45:00.000Z
1379,utmb,Thoai BUI,H,43,40-44M,FR,BK Squad,534,a,DNF,FALSE,2181,1877,413,19:28:49,70129,2881,14,10,2025-08-29T15:45:00.000Z
1380,utmb,Alexandru-Ioan CIUREA,H,40,35-39M,RO,,534,a,DNF,FALSE,1957,1683,311,21:16:30,76284,2504,20,15,2025-08-29T15:45:00.000Z
1381,utmb,Milena DOBREVA,F,50,45-49W,BG,Tri Team Varna,533,f,Finisher,TRUE,558,67,7,37:56:22,136582,7415,144,25,2025-08-29T15:45:00.000Z
1383,utmb,Juliette VINOT,F,33,20-34W,FR,,533,f,Finisher,TRUE,965,116,33,42:09:46,151786,14532,144,25,2025-08-29T15:45:00.000Z
1384,utmb,Tony LETTS,H,58,55-59M,GB,Northampton Road Runners,554,f,Finisher,TRUE,1197,1056,37,44:13:56,159236,18518,144,25,2025-08-29T15:45:00.000Z
1385,utmb,Kevin MIKRUT,H,35,20-34M,FR,,533,f,Finisher,TRUE,390,341,125,35:04:24,126264,10228,144,25,2025-08-29T15:45:00.000Z
1386,utmb,Cassidy HOEHN,H,42,40-44M,US,,533,f,Finisher,TRUE,944,834,198,41:59:34,151174,13529,144,25,2025-08-29T15:45:00.000Z
1387,utmb,Yung LAUW,H,47,45-49M,HK,,533,f,Finisher,TRUE,1067,936,146,42:50:59,154259,9836,144,25,2025-08-29T15:45:00.000Z
1388,utmb,Amber WOOD,F,53,50-54W,AU,ULTRAWOODS,533,f,Finisher,TRUE,1362,168,13,45:19:42,163182,18561,144,25,2025-08-29T15:45:00.000Z
1389,utmb,Giacomo STOPPONI,H,46,45-49M,IT,ASD WeLoveInsulina Team,533,f,Finisher,TRUE,1210,1066,178,44:21:29,159689,9886,144,25,2025-08-29T15:45:00.000Z
1390,utmb,Fábio SPÁ,H,51,50-54M,BR,,533,a,DNF,FALSE,2202,1894,279,18:25:26,66326,756,13,9,2025-08-29T15:45:00.000Z
1391,utmb,Thibaut JEANROY,H,33,20-34M,FR,CCA Rouffach,533,f,Finisher,TRUE,536,473,147,37:35:14,135314,12709,144,25,2025-08-29T15:45:00.000Z
1392,utmb,Niclas KULLGARD,H,56,55-59M,SE,,532,a,DNF,FALSE,2042,1757,102,24:17:42,87462,6980,19,14,2025-08-29T15:45:00.000Z
1393,utmb,Joanna WISNIEWSKA-BARRETO,F,49,45-49W,PL,Bike.Run Tours,525,f,Finisher,TRUE,1334,162,32,45:10:27,162627,15806,144,25,2025-08-29T15:45:00.000Z
1394,utmb,Tom BULL,H,31,20-34M,GB,,532,a,DNF,FALSE,1954,1681,334,20:47:16,74774,7005,20,15,2025-08-29T15:45:00.000Z
1395,utmb,Franco POSSI,H,62,60-64M,IT,PODISTICA ARONA,532,f,Finisher,TRUE,1442,1256,21,45:47:03,164823,13542,144,25,2025-08-29T15:45:00.000Z
1396,utmb,Mária KUBOVÁ,F,57,55-59W,SK,Slovakultratrail,531,f,Finisher,TRUE,1057,130,5,42:47:41,154061,11951,144,25,2025-08-29T15:45:00.000Z
1397,utmb,Vladislava TESAROVA,F,47,45-49W,CZ,ASICS FrontRunner CZ,503,f,Finisher,TRUE,1397,176,36,45:32:31,163951,12810,144,25,2025-08-29T15:45:00.000Z
1398,utmb,Karla JUAREZ,F,41,40-44W,MX,,532,f,Finisher,TRUE,867,101,23,41:09:25,148165,13800,144,25,2025-08-29T15:45:00.000Z
1399,utmb,Marco Emanuel MODENIN,H,57,55-59M,IT,VALSUSA RUNNING TEAM,532,f,Finisher,TRUE,532,469,3,37:34:41,135281,8812,144,25,2025-08-29T15:45:00.000Z
1400,utmb,Minao OHARA,H,47,45-49M,JP,,532,a,DNF,FALSE,1736,1502,263,38:42:32,114722,34139,31,20,2025-08-29T15:45:00.000Z
1401,utmb,Heenam KIM,H,40,35-39M,KR,NDR,532,hd,DNF,FALSE,2025,1743,313,24:58:44,89924,944,20,15,2025-08-29T15:45:00.000Z
1402,utmb,Wai Kuong HONG,H,48,45-49M,MO,Trailman 100 macau,532,d,Other,FALSE,NA,NA,NA,04:42:05,16925,NA,4,3,2025-08-29T15:45:00.000Z
1403,utmb,Francois LAROCHETTE DE ROECK,H,54,50-54M,FR,ASPTT ANNECY,532,f,Finisher,TRUE,827,727,57,40:43:37,146617,10484,144,25,2025-08-29T15:45:00.000Z
1404,utmb,Louis PECH,H,32,20-34M,FR,,531,f,Finisher,TRUE,823,723,203,40:42:15,146535,11521,144,23,2025-08-29T15:45:00.000Z
1405,utmb,Daniel HUNZIKER,H,53,50-54M,CH,,531,f,Finisher,TRUE,650,573,35,38:53:24,140004,8484,144,25,2025-08-29T15:45:00.000Z
1407,utmb,Connor FITZ-GERALD,H,30,20-34M,NZ,,530,f,Finisher,TRUE,1110,976,233,43:19:07,155947,14308,144,25,2025-08-29T15:45:00.000Z
1408,utmb,Julien PERINO,H,43,40-44M,FR,,531,f,Finisher,TRUE,1073,941,227,42:52:42,154362,20795,144,25,2025-08-29T15:45:00.000Z
1409,utmb,Olivier RIOM,H,41,40-44M,FR,S/L CA BALMA,531,f,Finisher,TRUE,707,621,138,39:31:12,142272,9673,144,25,2025-08-29T15:45:00.000Z
1410,utmb,Ayaka MORI,F,50,45-49W,JP,TARC,531,f,Finisher,TRUE,926,110,16,41:49:14,150554,12321,144,25,2025-08-29T15:45:00.000Z
1411,utmb,Ricky SHAH,H,41,40-44M,GB,X-Bionic,531,a,DNF,FALSE,1989,1712,384,24:22:39,85958,7297,20,15,2025-08-29T15:45:00.000Z
1412,utmb,Charly PAQUIER,H,47,45-49M,FR,,531,f,Finisher,TRUE,677,595,93,39:12:03,141123,7919,144,25,2025-08-29T15:45:00.000Z
1413,utmb,Dario LAZZAROTTO,H,45,40-44M,IT,,531,f,Finisher,TRUE,1004,884,214,42:22:50,152570,13150,144,25,2025-08-29T15:45:00.000Z
1414,utmb,Jon SAMUNDSSON,H,50,45-49M,IS,Radagerdi,534,f,Finisher,TRUE,1476,1285,224,45:57:44,165464,14710,144,25,2025-08-29T15:45:00.000Z
1415,utmb,Pascal HARDIVILLE,H,62,60-64M,FR,Evian off Course,526,f,Finisher,TRUE,1260,1108,14,44:39:23,160763,14721,144,25,2025-08-29T15:45:00.000Z
1416,utmb,Raphaël MAROT,H,53,50-54M,FR,Sipworld,530,f,Finisher,TRUE,863,763,65,41:05:46,147946,9830,144,25,2025-08-29T15:45:00.000Z
1417,utmb,Sunny MANON,F,28,20-34W,AU,,530,f,Finisher,TRUE,1059,131,38,42:48:09,154089,11316,144,25,2025-08-29T15:45:00.000Z
1418,utmb,Cédric CASET,H,39,35-39M,FR,Spuc Lasterka,530,f,Finisher,TRUE,776,684,168,40:15:19,144919,19555,144,25,2025-08-29T15:45:00.000Z
1419,utmb,Fabien RICHE,H,41,40-44M,FR,Saone Mont D'Or Nature,530,a,DNF,FALSE,2414,2063,454,04:49:36,17376,NA,4,3,2025-08-29T15:45:00.000Z
1420,utmb,Marina KOROBKO,F,40,35-39W,US,,530,f,Finisher,TRUE,1214,145,32,44:23:51,159831,21711,144,24,2025-08-29T15:45:00.000Z
1421,utmb,Jérôme REYTER,H,52,50-54M,FR,,528,f,Finisher,TRUE,566,498,27,38:04:07,137047,7100,144,25,2025-08-29T15:45:00.000Z
1422,utmb,Simbarashe MUGOMBA,H,44,40-44M,GB,Black Trail Runners,530,f,Finisher,TRUE,565,497,112,38:03:29,137009,10285,144,25,2025-08-29T15:45:00.000Z
1423,utmb,Guillaume LECLERRE,H,42,40-44M,FR,,531,f,Finisher,TRUE,837,737,168,40:54:08,147248,17128,144,25,2025-08-29T15:45:00.000Z
1424,utmb,Maria Jose CANALES,F,47,45-49W,CL,Trail Academy Chile,529,f,Finisher,TRUE,794,95,12,40:21:52,145312,8646,144,25,2025-08-29T15:45:00.000Z
1425,utmb,Julien-Pierre CHAMPROMIS,H,39,35-39M,FR,Tri Pote,529,f,Finisher,TRUE,709,623,156,39:31:43,142303,8552,144,25,2025-08-29T15:45:00.000Z
1427,utmb,Sylvain DHONNEUR,H,43,40-44M,FR,Praz de Lys ski alpinisme,529,f,Finisher,TRUE,980,863,209,42:14:49,152089,15248,144,25,2025-08-29T15:45:00.000Z
1428,utmb,Hua TANG,H,41,40-44M,CN,Ceibs,529,a,DNF,FALSE,1878,1615,361,28:07:21,99023,9322,24,17,2025-08-29T15:45:00.000Z
1430,utmb,Emiliano SAAD,H,36,35-39M,AR,LOCURAS,529,f,Finisher,TRUE,561,494,127,37:58:00,136680,10789,144,25,2025-08-29T15:45:00.000Z
1431,utmb,Marc TURZO,H,61,60-64M,FR,TonTonTrailers,529,f,Finisher,TRUE,831,731,5,40:48:13,146893,4970,144,25,2025-08-29T15:45:00.000Z
1432,utmb,João CANENTO,H,63,60-64M,PT,CORRER EM ÉVORA & BOMBEIROS VOLUNTARIOS MONTEMOR-O-NOVO,529,f,Finisher,TRUE,1290,1135,15,44:54:40,161680,11295,144,25,2025-08-29T15:45:00.000Z
1433,utmb,Damien MANGIN,H,45,40-44M,FR,,471,f,Finisher,TRUE,1388,1214,291,45:26:54,163614,18240,144,25,2025-08-29T15:45:00.000Z
1434,utmb,Xianghan XU,H,35,20-34M,CN,IEST,529,f,Finisher,TRUE,1457,1268,265,45:51:33,165093,13533,144,25,2025-08-29T15:45:00.000Z
1435,utmb,Catherine HICKS,F,34,20-34W,GB,LHG Run Club,528,a,DNF,FALSE,1744,235,52,30:18:53,108958,4435,30,19,2025-08-29T15:45:00.000Z
1436,utmb,Isabelle WASMES,F,52,50-54W,BE,Move Energize,527,f,Finisher,TRUE,1380,172,14,45:23:48,163428,26814,144,25,2025-08-29T15:45:00.000Z
1437,utmb,German FERRANDO,H,46,45-49M,AR,,528,f,Finisher,TRUE,1358,1191,201,45:18:18,163098,16404,144,25,2025-08-29T15:45:00.000Z
1438,utmb,Hubert MONNIER,H,59,55-59M,FR,Marcassin,528,f,Finisher,TRUE,1279,1125,41,44:49:43,161383,9956,144,25,2025-08-29T15:45:00.000Z
1439,utmb,Alin-Cezar PIETRAREANU,H,50,45-49M,RO,,528,f,Finisher,TRUE,1394,1219,207,45:30:10,163810,14448,144,25,2025-08-29T15:45:00.000Z
1440,utmb,Assylkhan ABDRAKHMANOV,H,32,20-34M,KZ,Begovaya Kuznetsa,528,f,Finisher,TRUE,1250,1099,252,44:36:50,160610,23639,144,24,2025-08-29T15:45:00.000Z
1441,utmb,Paul BUISSON,H,47,45-49M,FR,ASSOCIU SPURTIVU A PAOLINA,528,a,DNF,FALSE,2207,1897,330,18:41:39,67299,444,13,9,2025-08-29T15:45:00.000Z
1442,utmb,Marie DELOBELLE,F,37,35-39W,FR,CMBM RCHJM,528,f,Finisher,TRUE,771,92,25,40:08:44,144524,14192,144,25,2025-08-29T15:45:00.000Z
1443,utmb,Adam SEPTIYONO ARLAN,H,33,20-34M,ID,SIMA RACING TEAM,528,f,Finisher,TRUE,635,558,166,38:46:03,139563,14340,144,25,2025-08-29T15:45:00.000Z
1444,utmb,Marcus MARSDEN,H,38,35-39M,GB,Start 2 jog,528,f,Finisher,TRUE,382,334,96,34:54:46,125686,10583,144,25,2025-08-29T15:45:00.000Z
1445,utmb,Kyriakos TSAKILTZIDIS,H,53,50-54M,GR,lykoi kechagioglou,517,a,DNF,FALSE,2313,1983,287,11:12:18,40338,NA,8,6,2025-08-29T15:45:00.000Z
1446,utmb,Jacek JABLONSKI,H,53,50-54M,PL,#MarcinSwiercTeam,528,f,Finisher,TRUE,1421,1241,147,45:40:31,164431,10631,144,25,2025-08-29T15:45:00.000Z
1447,utmb,Sayaka KOKUBU,F,51,50-54W,JP,,527,hd,DNF,FALSE,2017,280,29,24:41:06,88866,1374,20,14,2025-08-29T15:45:00.000Z
1448,utmb,Pierric GRANDJEAN,H,36,35-39M,FR,,527,a,DNF,FALSE,2423,2070,367,05:18:00,19080,NA,4,3,2025-08-29T15:45:00.000Z
1449,utmb,Romain JEZEQUEL,H,45,40-44M,FR,AS Orange Cesson,526,a,DNF,FALSE,1890,1624,365,28:33:08,97323,14894,24,17,2025-08-29T15:45:00.000Z
1450,utmb,Florian HIRSCHBICHLER-KHOSRAVI,H,40,35-39M,AT,,527,f,Finisher,TRUE,535,472,125,37:35:02,135302,14312,144,25,2025-08-29T15:45:00.000Z
1451,utmb,Man Chi WONG,H,31,20-34M,HK,,527,f,Finisher,TRUE,764,673,190,40:05:12,144312,10855,144,25,2025-08-29T15:45:00.000Z
1452,utmb,Gwennaël RONDEL,H,31,20-34M,FR,,525,f,Finisher,TRUE,745,655,187,39:51:26,143486,11379,144,25,2025-08-29T15:45:00.000Z
1453,utmb,Marco SCABAR,H,42,40-44M,IT,,527,a,DNF,FALSE,2010,1731,388,24:39:13,85939,9359,20,15,2025-08-29T15:45:00.000Z
1454,utmb,Alex KING,H,38,35-39M,AU,,526,f,Finisher,TRUE,432,379,104,35:55:27,129327,8895,144,25,2025-08-29T15:45:00.000Z
1455,utmb,Valentijn PUNT,H,40,35-39M,NL,,527,f,Finisher,TRUE,1342,1178,240,45:13:15,162795,15309,144,25,2025-08-29T15:45:00.000Z
1456,utmb,Philippe SAUVAGEOT,H,42,40-44M,ES,,526,f,Finisher,TRUE,1323,1162,278,45:08:20,162500,19074,144,25,2025-08-29T15:45:00.000Z
1457,utmb,Laurent CURVAT,H,48,45-49M,FR,Agile training,524,a,DNF,FALSE,1984,1707,294,24:17:18,83604,7657,20,15,2025-08-29T15:45:00.000Z
1458,utmb,Romain DUET,H,36,35-39M,FR,HORIZON TRAIL 19,526,a,DNF,FALSE,1786,1543,295,31:55:06,109679,14102,27,18,2025-08-29T15:45:00.000Z
1459,utmb,Philipp STUDER,H,44,40-44M,CH,,583,f,Finisher,TRUE,531,468,108,37:33:02,135182,10161,144,25,2025-08-29T15:45:00.000Z
1460,utmb,Jeff BENNETT,H,41,40-44M,AU,,526,f,Finisher,TRUE,910,805,187,41:42:45,150165,10341,144,25,2025-08-29T15:45:00.000Z
1462,utmb,Julien LOSERO,H,35,20-34M,FR,SAM,526,f,Finisher,TRUE,1195,1054,246,44:12:51,159171,8980,144,25,2025-08-29T15:45:00.000Z
1463,utmb,Jeremie SABATIER,H,42,40-44M,FR,,525,f,Finisher,TRUE,749,659,148,39:52:48,143568,16012,144,25,2025-08-29T15:45:00.000Z
1464,utmb,Patrizia SINI,F,58,55-59W,IT,,525,f,Finisher,TRUE,1238,148,8,44:35:34,160534,13568,144,25,2025-08-29T15:45:00.000Z
1465,utmb,Slawomir KREMPA,H,54,50-54M,PL,Trail Is Our Way,525,f,Finisher,TRUE,778,686,51,40:16:21,144981,10595,144,25,2025-08-29T15:45:00.000Z
1466,utmb,Todd SILVA,H,54,50-54M,US,,525,f,Finisher,TRUE,902,798,70,41:39:41,149981,11586,144,25,2025-08-29T15:45:00.000Z
1467,utmb,Ken MCKEE,H,55,50-54M,US,,525,hd,DNF,FALSE,1999,1721,244,24:31:16,88180,7127,20,15,2025-08-29T15:45:00.000Z
1468,utmb,Fanny BARBARA,F,35,20-34W,FR,Team Adaptive - Stade Bagnérais Athlétisme,525,f,Finisher,TRUE,479,57,25,36:39:45,131985,6820,144,25,2025-08-29T15:45:00.000Z
1469,utmb,Frédéric PIBRE,H,51,50-54M,FR,,524,f,Finisher,TRUE,800,703,54,40:26:53,145613,12595,144,25,2025-08-29T15:45:00.000Z
1470,utmb,Julien JAY,H,50,45-49M,FR,,524,a,DNF,FALSE,2128,1831,313,17:19:23,62363,2163,14,11,2025-08-29T15:45:00.000Z
1471,utmb,Joris DURROUX,H,35,20-34M,FR,VO2TrainingConcept,524,f,Finisher,TRUE,1072,940,229,42:52:01,154321,17380,144,25,2025-08-29T15:45:00.000Z
1472,utmb,Julien RENAUD,H,50,45-49M,FR,Toulaud trail,524,f,Finisher,TRUE,538,475,65,37:39:24,135564,8741,144,25,2025-08-29T15:45:00.000Z
1473,utmb,George GHERASE,H,44,40-44M,RO,,519,a,DNF,FALSE,1986,1709,382,24:17:53,87473,8184,20,15,2025-08-29T15:45:00.000Z
1474,utmb,Gabriele ZAMPIERI,H,44,40-44M,IT,,524,a,DNF,FALSE,2320,1990,444,11:26:29,40140,1049,8,6,2025-08-29T15:45:00.000Z
1475,utmb,Boris MOULET,H,33,20-34M,BE,CAC,524,a,DNF,FALSE,1784,1542,305,31:41:12,112870,10913,27,18,2025-08-29T15:45:00.000Z
1476,utmb,Klaus HAAKE,H,57,55-59M,DE,LG Ultralauf,524,f,Finisher,TRUE,621,547,7,38:41:48,139308,7429,144,25,2025-08-29T15:45:00.000Z
1477,utmb,Kaori UEKI,F,52,50-54W,JP,TRACK TOKYO,524,hd,DNF,FALSE,2019,281,30,24:47:24,89244,6487,20,15,2025-08-29T15:45:00.000Z
1478,utmb,Ludovic GUERRERO,H,39,35-39M,FR,,522,f,Finisher,TRUE,687,604,150,39:17:08,141428,7359,144,25,2025-08-29T15:45:00.000Z
1479,utmb,Muhammad SYAHRUDIN,H,31,20-34M,ID,LARILARI.ID,524,a,DNF,FALSE,2295,1968,376,10:08:51,36531,1274,8,6,2025-08-29T15:45:00.000Z
1480,utmb,Davide NARDONE,H,34,20-34M,IT,Chianti Ultra Trail S.S.D. a R.L.,522,f,Finisher,TRUE,1082,950,230,43:01:55,154915,15629,144,25,2025-08-29T15:45:00.000Z
1481,utmb,Eric BRICE,H,61,60-64M,FR,CMBM,524,f,Finisher,TRUE,1353,1186,16,45:16:20,162980,15257,144,25,2025-08-29T15:45:00.000Z
1482,utmb,Lily LU,F,40,35-39W,DE,Insane Life Crew,523,f,Finisher,TRUE,757,91,24,40:00:13,144013,13039,144,25,2025-08-29T15:45:00.000Z
1483,utmb,Thierry PARIS,H,60,55-59M,FR,,523,a,DNF,FALSE,1794,1550,83,32:24:17,112013,11888,27,18,2025-08-29T15:45:00.000Z
1484,utmb,Aleksandr CHERVIAKOV,H,41,40-44M,AN,,523,f,Finisher,TRUE,1400,1223,292,45:34:06,164046,13778,144,25,2025-08-29T15:45:00.000Z
1485,utmb,Chloé ARDIZZONE,F,31,20-34W,FR,ASVA,521,f,Finisher,TRUE,1011,121,34,42:24:30,152670,12809,144,25,2025-08-29T15:45:00.000Z
1486,utmb,Hugues JANNEQUIN,H,45,40-44M,FR,Albator 65,451,a,DNF,FALSE,1983,1706,381,24:14:10,87119,5268,20,15,2025-08-29T15:45:00.000Z
1487,utmb,Miguel Luis NAVARRO SANCHO,H,50,45-49M,ES,Green Power Sports Team,522,f,Finisher,TRUE,1285,1131,191,44:52:31,161551,13438,144,25,2025-08-29T15:45:00.000Z
1488,utmb,Kim Borge KOLSTAD,H,45,40-44M,NO,Ull/Kisa Friidrett,523,f,Finisher,TRUE,1228,1083,254,44:31:05,160265,18248,144,24,2025-08-29T15:45:00.000Z
1489,utmb,Florent PROTON,H,46,45-49M,FR,TDR CRAPONNE,523,f,Finisher,TRUE,1509,1312,231,46:05:04,165904,14750,144,25,2025-08-29T15:45:00.000Z
1490,utmb,Anna-Sofia JOBS,F,44,40-44W,SE,Team Nordic Trail SC,521,f,Finisher,TRUE,1299,157,33,44:57:57,161877,7592,144,25,2025-08-29T15:45:00.000Z
1491,utmb,Didier ARNAL BREZUN,H,63,60-64M,FR,CA BALMA,523,f,Finisher,TRUE,1118,984,7,43:26:37,156397,15025,144,25,2025-08-29T15:45:00.000Z
1492,utmb,Benjamin DUSSAULT,H,37,35-39M,FR,,522,a,DNF,FALSE,2191,1886,337,15:39:46,56386,4957,13,10,2025-08-29T15:45:00.000Z
1493,utmb,Ludovic MAULUCCI,H,41,40-44M,FR,Los Rigolos,522,f,Finisher,TRUE,639,562,123,38:46:33,139593,17315,144,25,2025-08-29T15:45:00.000Z
1494,utmb,Denis CAPITAN,H,55,50-54M,FR,COURIR POUR DES POMMES,522,f,Finisher,TRUE,891,787,67,41:30:24,149424,19705,144,25,2025-08-29T15:45:00.000Z
1495,utmb,Rafael TOGNON,H,44,40-44M,BR,House Running Club,520,f,Finisher,TRUE,1336,1174,282,45:10:30,162630,22305,144,25,2025-08-29T15:45:00.000Z
1496,utmb,Vitor MARTINS,H,51,50-54M,PT,Alexandra Carvalho TEAM,522,f,Finisher,TRUE,1222,1077,121,44:26:40,160000,11032,144,25,2025-08-29T15:45:00.000Z
1497,utmb,Mario AMORE,H,44,40-44M,IT,,518,a,DNF,FALSE,1982,1705,380,24:14:06,86276,7889,20,15,2025-08-29T15:45:00.000Z
1498,utmb,Arnaud RUPERT,H,52,50-54M,FR,TAMARII PUNARUU,522,f,Finisher,TRUE,975,858,81,42:12:12,151932,8711,144,25,2025-08-29T15:45:00.000Z
1499,utmb,Arjen DUBBELDAM,H,38,35-39M,NL,Road to Glory,522,f,Finisher,TRUE,857,757,180,41:03:41,147821,19977,144,25,2025-08-29T15:45:00.000Z
1500,utmb,Loïc BOURDON,H,48,45-49M,FR,,522,f,Finisher,TRUE,1034,910,138,42:36:34,153394,20229,144,25,2025-08-29T15:45:00.000Z
1501,utmb,Jan VIMER,H,42,40-44M,CZ,Anicka Skyrun Kladno,522,f,Finisher,TRUE,1170,1030,241,43:58:27,158307,15026,144,25,2025-08-29T15:45:00.000Z
1502,utmb,Alan COOPER,H,46,45-49M,GB,George & Falcon Trail Runners,522,a,DNF,FALSE,2174,1871,324,19:18:56,69536,3449,14,10,2025-08-29T15:45:00.000Z
1503,utmb,Tommy ENRYD,H,59,55-59M,SE,Gulsparven,522,f,Finisher,TRUE,1360,1193,47,45:18:36,163116,8750,144,25,2025-08-29T15:45:00.000Z
1504,utmb,Arnaud CLAMONS,H,43,40-44M,FR,,521,f,Finisher,TRUE,742,652,146,39:50:48,143448,11666,144,25,2025-08-29T15:45:00.000Z
1505,utmb,Holly BROWNLEE,F,31,20-34W,GB,,520,f,Finisher,TRUE,797,97,30,40:23:29,145409,7242,144,25,2025-08-29T15:45:00.000Z
1506,utmb,Ka Leung LAW,H,47,45-49M,HK,,521,a,DNF,FALSE,1862,1600,278,25:22:38,89260,7107,24,17,2025-08-29T15:45:00.000Z
1507,utmb,Nicolas LANDRY,H,45,40-44M,FR,Shelby Company Limited,521,f,Finisher,TRUE,1537,1338,309,46:14:25,166465,12606,144,25,2025-08-29T15:45:00.000Z
1508,utmb,James JACKSON,H,28,20-34M,GB,,521,f,Finisher,TRUE,1508,1311,273,46:04:54,165894,6554,144,25,2025-08-29T15:45:00.000Z
1509,utmb,Mario RETUERTA,H,36,35-39M,ES,Los Castizos Endurance Team,521,a,DNF,FALSE,2434,2079,369,05:37:13,16734,3499,4,3,2025-08-29T15:45:00.000Z
1510,utmb,Bryan ABT-GARNIER,H,36,35-39M,FR,Les Hydros,521,a,DNF,FALSE,1728,1494,282,37:03:48,124149,26607,31,20,2025-08-29T15:45:00.000Z
1511,utmb,Diego DOMINGUEZ,H,37,35-39M,PY,Sendero Aviru,521,a,DNF,FALSE,1779,1538,292,31:05:06,99238,18743,27,18,2025-08-29T15:45:00.000Z
1512,utmb,Thierry REGNIER,H,56,55-59M,FR,,524,f,Finisher,TRUE,815,715,14,40:36:05,146165,7826,144,25,2025-08-29T15:45:00.000Z
1513,utmb,Johann BERNAST,H,42,40-44M,FR,GARYCHOU,521,a,DNF,FALSE,2119,1822,402,16:33:09,59589,1525,14,11,2025-08-29T15:45:00.000Z
1514,utmb,Mathieu CANON,H,50,45-49M,BE,LDLV,520,f,Finisher,TRUE,970,853,125,42:10:34,151834,19940,144,25,2025-08-29T15:45:00.000Z
1515,utmb,Xavier SENS,H,47,45-49M,ES,,520,f,Finisher,TRUE,1407,1229,213,45:35:24,164124,10540,144,25,2025-08-29T15:45:00.000Z
1516,utmb,Sabrina SALATURO,F,46,45-49W,AR,Gustatrail,520,f,Finisher,TRUE,1002,120,21,42:22:31,152551,12764,144,25,2025-08-29T15:45:00.000Z
1517,utmb,Christophe COMITO,H,50,45-49M,FR,CAP VERCORS,520,f,Finisher,TRUE,1151,1015,165,43:46:57,157617,10259,144,25,2025-08-29T15:45:00.000Z
1518,utmb,Jörg GÖTZE,H,42,40-44M,DE,,520,a,DNF,FALSE,1727,1493,334,33:42:59,117994,13504,31,20,2025-08-29T15:45:00.000Z
1519,utmb,Tokuyasu YOKOTA,H,62,60-64M,JP,RunField,520,f,Finisher,TRUE,1396,1221,19,45:31:12,163872,9336,144,25,2025-08-29T15:45:00.000Z
1520,utmb,Dan RANDALL,H,43,40-44M,GB,,520,f,Finisher,TRUE,876,774,176,41:17:39,148659,12435,144,25,2025-08-29T15:45:00.000Z
1521,utmb,Aris CROUZEVIALLE,H,34,20-34M,FR,UTourteMB,518,f,Finisher,TRUE,603,529,162,38:30:14,138614,12395,144,25,2025-08-29T15:45:00.000Z
1522,utmb,Julien DECOMBAT,H,41,40-44M,FR,,520,f,Finisher,TRUE,751,661,150,39:53:50,143630,16614,144,25,2025-08-29T15:45:00.000Z
1523,utmb,Konstantinos MANOLIS,H,56,55-59M,GR,Baliotis Nature Club - SDYTh,462,a,DNF,FALSE,2176,1873,108,19:20:28,69628,110,14,10,2025-08-29T15:45:00.000Z
1524,utmb,Li HE,H,52,50-54M,CN,,520,hd,DNF,FALSE,2485,2122,313,04:40:47,16847,NA,3,1,2025-08-29T15:45:00.000Z
1525,utmb,Bjoern HAGEN,H,46,45-49M,US,-,518,f,Finisher,TRUE,912,807,118,41:43:11,150191,10698,144,25,2025-08-29T15:45:00.000Z
1526,utmb,Timothy THRELFALL,H,44,40-44M,CA,,519,f,Finisher,TRUE,895,791,183,41:34:32,149672,9376,144,25,2025-08-29T15:45:00.000Z
1527,utmb,Jean Rene CARPENTIER,H,41,40-44M,FR,EXPERT SPORT COACHING,519,f,Finisher,TRUE,956,844,202,42:06:00,151560,9742,144,25,2025-08-29T15:45:00.000Z
1528,utmb,Fabien BOURDICAUD,H,45,40-44M,FR,,519,f,Finisher,TRUE,937,827,193,41:57:58,151078,8873,144,25,2025-08-29T15:45:00.000Z
1529,utmb,Mairead OKEEFFE,F,51,50-54W,IE,Kanturk Road runners,519,f,Finisher,TRUE,1042,126,10,42:38:22,153502,12619,144,25,2025-08-29T15:45:00.000Z
1530,utmb,Laura MATTHEWS,F,32,20-34W,NZ,,518,f,Finisher,TRUE,1016,122,35,42:28:34,152914,11097,144,25,2025-08-29T15:45:00.000Z
1531,utmb,Antoine DELVAL,H,34,20-34M,FR,-,519,f,Finisher,TRUE,1344,1180,255,45:13:57,162837,17297,144,25,2025-08-29T15:45:00.000Z
1532,utmb,Jean Brice GAILLARD,H,42,40-44M,FR,,519,f,Finisher,TRUE,1594,1385,314,46:29:51,167391,13724,144,25,2025-08-29T15:45:00.000Z
1533,utmb,Jaume ROCA VILALTA,H,52,50-54M,ES,,520,a,DNF,FALSE,1978,1702,239,24:03:49,70803,21070,20,15,2025-08-29T15:45:00.000Z
1534,utmb,Fabien DESORMEAUX,H,54,50-54M,FR,ASSO TRAIL TOURNUS,518,a,DNF,FALSE,2116,1819,264,16:16:25,58585,1430,14,11,2025-08-29T15:45:00.000Z
1535,utmb,Frédéric FERREIRA,H,47,45-49M,FR,Le Teil Court,516,f,Finisher,TRUE,556,490,70,37:55:47,136547,11027,144,25,2025-08-29T15:45:00.000Z
1536,utmb,Shohei IWATA,H,45,40-44M,JP,none,518,f,Finisher,TRUE,939,829,195,41:58:10,151090,13848,144,25,2025-08-29T15:45:00.000Z
1537,utmb,Adrien POLLINA,H,35,20-34M,FR,GOSSE COACHING,518,f,Finisher,TRUE,602,528,161,38:30:13,138613,11211,144,25,2025-08-29T15:45:00.000Z
1538,utmb,Pierre-Aymeric LAMOT,H,38,35-39M,FR,,518,f,Finisher,TRUE,690,607,151,39:18:52,141532,15389,144,25,2025-08-29T15:45:00.000Z
1539,utmb,François ROLLAND,H,40,35-39M,FR,,518,f,Finisher,TRUE,1105,971,217,43:14:12,155652,11124,144,24,2025-08-29T15:45:00.000Z
1540,utmb,Grzegorz MACIAG,H,45,40-44M,PL,,518,a,DNF,FALSE,1867,1605,357,26:06:00,93875,5103,24,17,2025-08-29T15:45:00.000Z
1541,utmb,Daniel AVELLANEDA,H,42,40-44M,CO,00 Montañeros,516,f,Finisher,TRUE,1614,1402,318,46:33:21,167601,21955,144,25,2025-08-29T15:45:00.000Z
1542,utmb,Fredrik PERSSON,H,48,45-49M,SE,,518,f,Finisher,TRUE,1108,974,156,43:18:38,155918,17405,144,25,2025-08-29T15:45:00.000Z
1543,utmb,Laurent JANSSEN,H,49,45-49M,FR,ASPTT BELFORT TRAIL,518,a,DNF,FALSE,1865,1603,279,25:56:57,93161,4735,24,17,2025-08-29T15:45:00.000Z
1544,utmb,David ODELL,H,59,55-59M,US,,518,f,Finisher,TRUE,805,707,13,40:30:25,145825,7812,144,25,2025-08-29T15:45:00.000Z
1545,utmb,Xiaohong XU,F,53,50-54W,CN,,517,a,DNF,FALSE,1683,225,23,41:10:47,148247,11133,35,22,2025-08-29T15:45:00.000Z
1546,utmb,Jonathan DAWSON,H,38,35-39M,US,,517,f,Finisher,TRUE,921,814,190,41:47:58,150478,8081,144,25,2025-08-29T15:45:00.000Z
1548,utmb,Sebastien GUISIANO,H,47,45-49M,FR,SMAC,517,f,Finisher,TRUE,1029,905,136,42:34:53,153293,10674,144,25,2025-08-29T15:45:00.000Z
1549,utmb,Alexander NOVICOV,H,39,35-39M,CY,None,517,f,Finisher,TRUE,928,818,192,41:49:25,150565,14515,144,25,2025-08-29T15:45:00.000Z
1550,utmb,Harold MRAZEK,H,53,50-54M,CH,,517,f,Finisher,TRUE,848,748,61,40:58:04,147484,11531,144,25,2025-08-29T15:45:00.000Z
1551,utmb,Saïd EL MEDHOUN,H,44,40-44M,FR,,514,f,Finisher,TRUE,971,854,206,42:10:44,151844,13292,144,25,2025-08-29T15:45:00.000Z
1552,utmb,Slavena TOPALSKA,F,37,35-39W,BG,,517,a,DNF,FALSE,2112,297,57,15:53:54,57234,1482,14,11,2025-08-29T15:45:00.000Z
1553,utmb,Sandra BLASCO NANOT,F,50,45-49W,ES,,517,f,Finisher,TRUE,795,96,13,40:22:43,145363,7048,144,25,2025-08-29T15:45:00.000Z
1554,utmb,Carlos BARCA,H,37,35-39M,AU,,517,f,Finisher,TRUE,1570,1366,261,46:23:09,166989,9109,144,25,2025-08-29T15:45:00.000Z
1555,utmb,Lars RIMAN,H,49,45-49M,SE,Bohuslän Endurance Sports club,516,a,DNF,FALSE,2165,1865,322,19:05:09,68709,2229,14,11,2025-08-29T15:45:00.000Z
1556,utmb,Nobuyori TAKEDA,H,47,45-49M,US,,517,f,Finisher,TRUE,1098,965,152,43:10:49,155449,18262,144,25,2025-08-29T15:45:00.000Z
1557,utmb,Anka HAUSMANN,F,51,50-54W,DE,,514,f,Finisher,TRUE,720,88,5,39:39:45,142785,10524,144,25,2025-08-29T15:45:00.000Z
1558,utmb,Stephan LEMONSU,H,52,50-54M,FR,haut-giffre trail team,515,f,Finisher,TRUE,1312,1153,136,45:02:45,162165,16850,144,25,2025-08-29T15:45:00.000Z
1560,utmb,Dominic NAUD,H,54,50-54M,CA,,516,f,Finisher,TRUE,1418,1239,146,45:38:41,164321,16659,144,25,2025-08-29T15:45:00.000Z
1561,utmb,Eric LEPERLIER,H,56,55-59M,FR,LES RUNNERS MAURONNAIS,516,f,Finisher,TRUE,942,832,22,41:59:22,151162,10266,144,25,2025-08-29T15:45:00.000Z
1562,utmb,Omar Jesus MENDOZA NUÑO,H,40,35-39M,MX,Sense8,515,np,Other,FALSE,NA,NA,NA,00:00:00,0,NA,NA,0,2025-08-29T15:45:00.000Z
1563,utmb,Lionel BORNOZ,H,53,50-54M,CH,USY,516,a,DNF,FALSE,2134,1837,270,17:29:41,62981,1420,14,11,2025-08-29T15:45:00.000Z
1564,utmb,Jody GUILBERT,H,42,40-44M,FR,Jody.wolf_trail Deaf/ AS Vouillé 86,515,f,Finisher,TRUE,441,388,92,36:11:23,130283,9377,144,25,2025-08-29T15:45:00.000Z
1565,utmb,Istvan NAGY,H,48,45-49M,RO,Revolution Running Team,515,a,DNF,FALSE,2170,1870,323,19:15:51,69351,505,14,11,2025-08-29T15:45:00.000Z
1566,utmb,Yunguo XIAO,H,47,45-49M,US,,515,f,Finisher,TRUE,1282,1128,189,44:50:35,161435,10486,144,25,2025-08-29T15:45:00.000Z
1567,utmb,Christophe PREISIG,H,46,45-49M,CH,Flâneurs des cimes,515,f,Finisher,TRUE,850,750,111,40:59:06,147546,14483,144,25,2025-08-29T15:45:00.000Z
1568,utmb,Jean-Alain LUCCIARDI,H,36,35-39M,FR,,515,np,Other,FALSE,NA,NA,NA,00:00:00,0,NA,NA,0,2025-08-29T15:45:00.000Z
1569,utmb,Keitaro KUREBAYASHI,H,52,50-54M,JP,Sengenyama Trail Club,515,f,Finisher,TRUE,1284,1130,133,44:52:26,161546,23717,144,25,2025-08-29T15:45:00.000Z
1570,utmb,Daniel SOSA MEDINA,H,55,50-54M,AR,Outdoor pesari,514,f,Finisher,TRUE,1137,1002,107,43:41:11,157271,15005,144,25,2025-08-29T15:45:00.000Z
1571,utmb,Alberto FERNÁNDEZ LÓPEZ,H,39,35-39M,ES,,515,a,DNF,FALSE,1735,1501,285,38:19:50,137944,4750,31,20,2025-08-29T15:45:00.000Z
1572,utmb,Euan MCLEISH,H,47,45-49M,GB,,514,f,Finisher,TRUE,588,517,77,38:23:29,138209,13405,144,25,2025-08-29T15:45:00.000Z
1573,utmb,Kévin DESCHAMPS,H,34,20-34M,FR,Domessargues Running,514,f,Finisher,TRUE,832,732,204,40:48:21,146901,18622,144,25,2025-08-29T15:45:00.000Z
1574,utmb,Alexandre ERARD,H,36,35-39M,FR,,512,f,Finisher,TRUE,641,564,143,38:47:56,139676,10694,144,25,2025-08-29T15:45:00.000Z
1575,utmb,Jerome DE GRAMONT,H,34,20-34M,FR,Team Perruches,514,f,Finisher,TRUE,1295,1139,254,44:56:55,161815,13006,144,25,2025-08-29T15:45:00.000Z
1576,utmb,Nicolas SADOULET,H,49,45-49M,FR,Ptichadamacham,514,f,Finisher,TRUE,983,866,126,42:17:03,152223,14830,144,25,2025-08-29T15:45:00.000Z
1577,utmb,Patrick WIMMER,H,38,35-39M,AT,,514,np,Other,FALSE,NA,NA,NA,00:00:00,0,NA,NA,0,2025-08-29T15:45:00.000Z
1578,utmb,Damien LEGRAND,H,43,40-44M,FR,Vésubie Trail Club,514,f,Finisher,TRUE,1317,1158,276,45:06:26,162386,18179,144,25,2025-08-29T15:45:00.000Z
1579,utmb,Hugo GAUTIER,H,28,20-34M,FR,,514,f,Finisher,TRUE,874,773,209,41:15:44,148544,15757,144,25,2025-08-29T15:45:00.000Z
1580,utmb,Christophe LAFFINEUSE,H,40,35-39M,BE,Trakks / Agromar,514,np,Other,FALSE,NA,NA,NA,00:00:00,0,NA,NA,0,2025-08-29T15:45:00.000Z
1581,utmb,Simon MAYER,H,36,35-39M,FR,Unirun,514,f,Finisher,TRUE,633,556,141,38:45:53,139553,6930,144,25,2025-08-29T15:45:00.000Z
1582,utmb,Michalis TZIAKOURIS,H,43,40-44M,CY,,514,f,Finisher,TRUE,1448,1261,297,45:47:33,164853,22073,144,25,2025-08-29T15:45:00.000Z
1583,utmb,Tat Yan Derek WONG,H,36,35-39M,HK,The Peak Hunter,514,f,Finisher,TRUE,972,855,195,42:11:02,151862,11191,144,25,2025-08-29T15:45:00.000Z
1584,utmb,Vjaceslavs NEBOGATIHS,H,46,45-49M,LV,,514,a,DNF,FALSE,1969,1693,290,23:41:04,81375,6438,20,15,2025-08-29T15:45:00.000Z
1585,utmb,Marius CAPOTA,H,47,45-49M,DE,,514,f,Finisher,TRUE,1543,1344,238,46:16:03,166563,12388,144,25,2025-08-29T15:45:00.000Z
1586,utmb,Ophelia GERMAIN,F,42,40-44W,FR,,514,f,Finisher,TRUE,705,86,20,39:30:53,142253,13521,144,25,2025-08-29T15:45:00.000Z
1587,utmb,Jeremy DEPPEN,H,30,20-34M,US,,514,f,Finisher,TRUE,722,634,181,39:40:24,142824,16241,144,25,2025-08-29T15:45:00.000Z
1588,utmb,Thorleifur Stefan BJORNSSON,H,56,55-59M,IS,UFA Eyrarskokk,493,f,Finisher,TRUE,777,685,12,40:15:58,144958,10552,144,25,2025-08-29T15:45:00.000Z
1589,utmb,Anna KIRKMAN,F,50,45-49W,GB,4vallees4saisons.com,513,f,Finisher,TRUE,949,111,17,42:01:05,151265,21041,144,25,2025-08-29T15:45:00.000Z
1590,utmb,Christophe LOMBARDOT,H,41,40-44M,FR,Orange Run,513,f,Finisher,TRUE,868,767,174,41:09:49,148189,18959,144,25,2025-08-29T15:45:00.000Z
1591,utmb,Damien BAILLY,H,35,20-34M,FR,,513,f,Finisher,TRUE,950,839,218,42:02:10,151330,11288,144,25,2025-08-29T15:45:00.000Z
1592,utmb,Thomas ESCHALIER,H,38,35-39M,FR,,513,f,Finisher,TRUE,362,316,89,34:34:49,124489,8210,144,25,2025-08-29T15:45:00.000Z
1593,utmb,Marisol ARTEAGA SERRANO,F,50,45-49W,MX,,512,f,Finisher,TRUE,701,84,9,39:28:30,142110,5382,144,25,2025-08-29T15:45:00.000Z
1594,utmb,Clement DUPIN,H,38,35-39M,FR,,510,f,Finisher,TRUE,443,390,106,36:13:41,130421,8590,144,25,2025-08-29T15:45:00.000Z
1595,utmb,Fabien LENVERS,H,29,20-34M,FR,,546,f,Finisher,TRUE,1354,1187,257,45:16:45,163005,3949,144,25,2025-08-29T15:45:00.000Z
1596,utmb,David DURAND,H,48,45-49M,FR,Focus Endurance,512,f,Finisher,TRUE,933,823,121,41:53:15,150795,18235,144,25,2025-08-29T15:45:00.000Z
1597,utmb,Luciano PAPPALETTERA,H,37,35-39M,NL,,511,f,Finisher,TRUE,743,653,162,39:51:03,143463,11224,144,25,2025-08-29T15:45:00.000Z
1598,utmb,Josue CACERES FRIAS,H,37,35-39M,PE,CERROS ANDINOS,512,f,Finisher,TRUE,476,420,112,36:37:20,131840,8121,144,25,2025-08-29T15:45:00.000Z
1599,utmb,Yuk Ming TSUI,H,37,35-39M,HK,Windy Fantasy,512,f,Finisher,TRUE,1060,929,208,42:48:12,154092,16981,144,25,2025-08-29T15:45:00.000Z
1600,utmb,Jason CRAIG,H,48,45-49M,AU,,512,a,DNF,FALSE,1677,1455,259,41:22:41,148961,6767,35,23,2025-08-29T15:45:00.000Z
1601,utmb,Brice BINDREIFF,H,45,40-44M,FR,Bouzonville AC,512,a,DNF,FALSE,1788,1545,344,31:58:37,112811,7368,27,18,2025-08-29T15:45:00.000Z
1602,utmb,Thibaut CHAMPAVERT,H,34,20-34M,FR,Champi Family,512,a,DNF,FALSE,1860,1599,318,25:00:06,88354,7667,24,17,2025-08-29T15:45:00.000Z
1603,utmb,Pierre COCHOU,H,59,55-59M,FR,AS MAGENTA,512,f,Finisher,TRUE,1219,1074,39,44:25:23,159923,11237,144,25,2025-08-29T15:45:00.000Z
1604,utmb,Justin CAILLARD,H,34,20-34M,FR,,514,f,Finisher,TRUE,1538,1339,276,46:14:52,166492,16390,144,25,2025-08-29T15:45:00.000Z
1605,utmb,Hongping YU,F,57,55-59W,CN,,511,f,Finisher,TRUE,727,89,2,39:43:20,143000,6462,144,25,2025-08-29T15:45:00.000Z
1606,utmb,Etienne LAURENT,H,47,45-49M,FR,A.L.T.E.R.,509,f,Finisher,TRUE,1252,1101,185,44:37:14,160634,13327,144,25,2025-08-29T15:45:00.000Z
1607,utmb,Loïc MORVAN,H,45,40-44M,FR,Spartiates Runner,511,f,Finisher,TRUE,665,585,129,39:02:43,140563,9415,144,25,2025-08-29T15:45:00.000Z
1608,utmb,Leon CORTES LOPEZ,H,44,40-44M,US,NA,511,hd,DNF,FALSE,1977,1701,379,23:58:12,85811,4320,20,15,2025-08-29T15:45:00.000Z
1609,utmb,Romain PREVEL,H,41,40-44M,FR,,511,f,Finisher,TRUE,905,801,186,41:41:23,150083,18769,144,25,2025-08-29T15:45:00.000Z
1610,utmb,Christophe DEPARDAY,H,63,60-64M,FR,,510,f,Finisher,TRUE,1459,1270,23,45:52:12,165132,14320,144,25,2025-08-29T15:45:00.000Z
1611,utmb,John BRADY,H,55,50-54M,US,,510,a,DNF,FALSE,1739,1505,205,39:23:14,140452,13114,31,20,2025-08-29T15:45:00.000Z
1612,utmb,Thierry FRANCERIES,H,55,50-54M,FR,La Solitude des coureurs de Fond,510,f,Finisher,TRUE,756,666,47,39:58:12,143892,18735,144,25,2025-08-29T15:45:00.000Z
1613,utmb,Maaike WEERDESTEIJN,F,33,20-34W,NL,,509,f,Finisher,TRUE,405,51,21,35:26:05,127565,9900,144,25,2025-08-29T15:45:00.000Z
1614,utmb,Damien PAUWELS,H,50,45-49M,FR,,509,f,Finisher,TRUE,454,400,49,36:23:08,130988,6597,144,25,2025-08-29T15:45:00.000Z
1615,utmb,Hyunsook KIM,F,45,40-44W,KR,team korea,510,f,Finisher,TRUE,1206,144,28,44:18:46,159526,12954,144,25,2025-08-29T15:45:00.000Z
1616,utmb,Bart BOUMA,H,45,40-44M,NL,,510,f,Finisher,TRUE,712,626,140,39:35:03,142503,10204,144,25,2025-08-29T15:45:00.000Z
1617,utmb,Ahmad ALLI,H,47,45-49M,CA,,510,f,Finisher,TRUE,1346,1182,200,45:14:37,162877,8003,144,25,2025-08-29T15:45:00.000Z
1618,utmb,Quentin POIGNANT,H,37,35-39M,FR,,510,f,Finisher,TRUE,1050,921,205,42:44:59,153899,13461,144,25,2025-08-29T15:45:00.000Z
1619,utmb,Michael FÖRSTER,H,50,45-49M,DE,xc-run.de,503,a,DNF,FALSE,1775,1534,269,28:00:50,95332,10055,27,18,2025-08-29T15:45:00.000Z
1620,utmb,Manuel LABORDA MORENO,H,45,40-44M,ES,CD MAQUINAS TRAGAMILLAS,510,f,Finisher,TRUE,755,665,151,39:57:44,143864,8469,144,25,2025-08-29T15:45:00.000Z
1621,utmb,Martín ZANABRIA,H,54,50-54M,UY,URUGUAY,510,f,Finisher,TRUE,1411,1232,145,45:35:46,164146,8409,144,25,2025-08-29T15:45:00.000Z
1622,utmb,Brynja BALDURSDÓTTIR,F,59,55-59W,IS,Náttúruhlaup,511,f,Finisher,TRUE,807,99,3,40:31:06,145866,10414,144,25,2025-08-29T15:45:00.000Z
1623,utmb,Ryan TRESTRAIL,H,31,20-34M,AU,,510,f,Finisher,TRUE,661,581,171,39:00:56,140456,13485,144,25,2025-08-29T15:45:00.000Z
1624,utmb,Stéphane CAUSSE,H,59,55-59M,FR,,510,f,Finisher,TRUE,1316,1157,45,45:05:37,162337,20276,144,25,2025-08-29T15:45:00.000Z
1625,utmb,Yehan ZHANG,H,46,45-49M,CN,ceibs,510,f,Finisher,TRUE,1535,1336,236,46:13:29,166409,14965,144,25,2025-08-29T15:45:00.000Z
1626,utmb,Lucas TAILLARD,H,37,35-39M,FR,,510,f,Finisher,TRUE,1181,1040,222,44:05:05,158705,20932,144,25,2025-08-29T15:45:00.000Z
1627,utmb,Kaori TERAI,F,54,50-54W,JP,,509,f,Finisher,TRUE,1392,175,15,45:28:24,163704,10942,144,25,2025-08-29T15:45:00.000Z
1628,utmb,Clément DEPRET,H,37,35-39M,FR,La Harde de l'Auxois,509,f,Finisher,TRUE,1012,891,199,42:26:15,152775,12532,144,25,2025-08-29T15:45:00.000Z
1629,utmb,Eythor BENDER,H,61,60-64M,IS,Team Álfur,509,a,DNF,FALSE,2448,2091,62,05:55:00,21300,NA,4,3,2025-08-29T15:45:00.000Z
1630,utmb,Julie GIBSON,F,45,40-44W,AU,Front Runners,506,f,Finisher,TRUE,1095,133,26,43:10:20,155420,14680,144,25,2025-08-29T15:45:00.000Z
1631,utmb,Maxime BORDENAVE,H,26,20-34M,FR,Duc Army,509,f,Finisher,TRUE,885,782,212,41:26:56,149216,8842,144,25,2025-08-29T15:45:00.000Z
1632,utmb,Giles HEDLEY,H,37,35-39M,ZA,,509,f,Finisher,TRUE,562,495,128,37:58:03,136683,8078,144,25,2025-08-29T15:45:00.000Z
1633,utmb,Yannick GUITARD,H,50,45-49M,FR,none,509,a,DNF,FALSE,2467,2107,366,03:19:27,11967,NA,3,2,2025-08-29T15:45:00.000Z
1634,utmb,Loïc LEVANNIER,H,50,45-49M,FR,4 THE RUNNERS / EOWIN,509,f,Finisher,TRUE,1654,1435,255,46:43:34,168214,12256,144,25,2025-08-29T15:45:00.000Z
1635,utmb,Christopher ERIKSSON,H,35,20-34M,SE,Källbottens IK,525,f,Finisher,TRUE,1094,962,231,43:10:15,155415,17889,144,25,2025-08-29T15:45:00.000Z
1636,utmb,Maryelle GROUSSOLLES,F,49,45-49W,FR,Athle 632,508,f,Finisher,TRUE,963,115,18,42:08:28,151708,12224,144,25,2025-08-29T15:45:00.000Z
1637,utmb,Neil MACLEAN-MARTIN,H,50,45-49M,GB,La Clinique du Sport - Chamonix,505,f,Finisher,TRUE,1088,956,149,43:06:05,155165,13888,144,25,2025-08-29T15:45:00.000Z
1638,utmb,Matthias OTT,H,49,45-49M,DE,SV Heubach,508,f,Finisher,TRUE,1009,889,131,42:24:25,152665,5856,144,25,2025-08-29T15:45:00.000Z
1639,utmb,Paul JENKINS,H,52,50-54M,GB,none,508,f,Finisher,TRUE,638,561,34,38:46:25,139585,9104,144,25,2025-08-29T15:45:00.000Z
1640,utmb,Ioana NAGY,F,49,45-49W,RO,Revolution Running Team,508,a,DNF,FALSE,2171,301,60,19:15:53,69353,507,14,11,2025-08-29T15:45:00.000Z
1641,utmb,Alexandre JOIRIS,H,51,50-54M,FR,,508,f,Finisher,TRUE,1229,1084,124,44:31:36,160296,7621,144,25,2025-08-29T15:45:00.000Z
1642,utmb,Julien DAVID,H,40,35-39M,FR,Sportinous,508,f,Finisher,TRUE,1582,1374,263,46:26:55,167215,18069,144,25,2025-08-29T15:45:00.000Z
1643,utmb,Catherine MUSSO,F,53,50-54W,FR,Ugine running,507,f,Finisher,TRUE,1425,182,17,45:41:26,164486,15671,144,25,2025-08-29T15:45:00.000Z
1644,utmb,Khalid AL HATMI,H,40,35-39M,OM,SHABBA,508,f,Finisher,TRUE,605,531,132,38:31:23,138683,7595,144,25,2025-08-29T15:45:00.000Z
1645,utmb,Andrew DOWELL,H,58,55-59M,US,,508,f,Finisher,TRUE,1146,1011,33,43:45:52,157552,12920,144,25,2025-08-29T15:45:00.000Z
1646,utmb,Brad WEAVER,H,55,50-54M,US,Trailway,508,f,Finisher,TRUE,1372,1203,142,45:21:33,163293,16203,144,25,2025-08-29T15:45:00.000Z
1647,utmb,Pierre-Alain BEYNAT,H,47,45-49M,FR,Les Traileurs du Dimanche,508,f,Finisher,TRUE,1035,911,139,42:36:49,153409,15323,144,25,2025-08-29T15:45:00.000Z
1648,utmb,Mark JOHNSTON,H,52,50-54M,IE,Coogee Triathlon Club,508,f,Finisher,TRUE,1266,1113,129,44:44:10,161050,14190,144,25,2025-08-29T15:45:00.000Z
1649,utmb,Naoto NAKAMURA,H,37,35-39M,JP,,508,f,Finisher,TRUE,1077,945,211,42:55:40,154540,20307,144,25,2025-08-29T15:45:00.000Z
1650,utmb,Benjamin GEIGER,H,51,50-54M,US,,508,f,Finisher,TRUE,723,635,45,39:40:29,142829,22100,144,25,2025-08-29T15:45:00.000Z
1651,utmb,Krzysztof KOZIOŁ,H,45,40-44M,PL,MLB,504,f,Finisher,TRUE,844,744,170,40:57:09,147429,6608,144,25,2025-08-29T15:45:00.000Z
1652,utmb,Jocelyne ROCHA,F,48,45-49W,FR,PONTAULT AAC,507,hd,DNF,FALSE,2020,282,55,24:47:28,89248,6854,20,15,2025-08-29T15:45:00.000Z
1653,utmb,Yann GALEAZZI,H,32,20-34M,FR,Pontault AAC,507,hd,DNF,FALSE,2021,1739,339,24:47:40,89260,6840,20,15,2025-08-29T15:45:00.000Z
1654,utmb,Megan DAVIES,F,36,35-39W,GB,,507,f,Finisher,TRUE,1235,146,33,44:34:49,160489,11066,144,25,2025-08-29T15:45:00.000Z
1655,utmb,Ikuko SHIGA,F,47,45-49W,JP,,507,f,Finisher,TRUE,1301,158,29,44:58:13,161893,18638,144,25,2025-08-29T15:45:00.000Z
1656,utmb,Gilles NIN,H,51,50-54M,FR,Restonica Trail,507,f,Finisher,TRUE,710,624,42,39:33:13,142393,12468,144,25,2025-08-29T15:45:00.000Z
1657,utmb,Brett MARTINEZ,H,42,40-44M,US,BRRC,507,a,DNF,FALSE,2385,2042,450,13:05:15,41419,5696,8,6,2025-08-29T15:45:00.000Z
1658,utmb,Dejan ROGELJ,H,37,35-39M,SI,Društvo prvih posredovalcev,507,f,Finisher,TRUE,1239,1091,225,44:35:37,160537,2840,144,25,2025-08-29T15:45:00.000Z
1659,utmb,Kate HALE,F,35,20-34W,US,,507,f,Finisher,TRUE,551,66,27,37:53:27,136407,9871,144,25,2025-08-29T15:45:00.000Z
1660,utmb,Georgios THEODORIS,H,52,50-54M,GR,,507,a,DNF,FALSE,2145,1847,271,18:18:51,65931,1366,14,11,2025-08-29T15:45:00.000Z
1661,utmb,Charlotte VIET,F,42,40-44W,FR,Annecy Athlétisme,507,f,Finisher,TRUE,223,29,6,31:34:57,113697,5834,144,25,2025-08-29T15:45:00.000Z
1662,utmb,Juan Antonio GONZALEZ SICILIA,H,38,35-39M,ES,TodoVertical,507,f,Finisher,TRUE,940,830,193,41:58:48,151128,14351,144,25,2025-08-29T15:45:00.000Z
1663,utmb,Maria VALLEJO,F,36,35-39W,EC,Ecuadoruns,507,f,Finisher,TRUE,505,62,17,37:01:57,133317,7876,144,25,2025-08-29T15:45:00.000Z
1664,utmb,Brice COHEN-SABBAN,H,41,40-44M,BE,Zatac Liège,505,a,DNF,FALSE,2246,1928,423,16:08:04,56112,2308,11,7,2025-08-29T15:45:00.000Z
1665,utmb,Julien FOURNAISE,H,37,35-39M,FR,,506,a,DNF,FALSE,1882,1618,304,28:16:49,99845,13967,24,17,2025-08-29T15:45:00.000Z
1666,utmb,Justin HARRISON,H,55,50-54M,GB,,506,f,Finisher,TRUE,1475,1284,157,45:56:39,165399,19346,144,25,2025-08-29T15:45:00.000Z
1667,utmb,Chi Fai MAK,H,42,40-44M,HK,,506,f,Finisher,TRUE,1357,1190,286,45:17:32,163052,13690,144,25,2025-08-29T15:45:00.000Z
1668,utmb,Lubomir STUDENY,H,59,55-59M,CZ,Oddil 2015,506,f,Finisher,TRUE,1039,914,24,42:37:52,153472,9559,144,25,2025-08-29T15:45:00.000Z
1669,utmb,Filippo MORA,H,49,45-49M,IT,ATLETICA CRAL BARILLA,506,np,Other,FALSE,NA,NA,NA,00:00:00,0,NA,NA,0,2025-08-29T15:45:00.000Z
1670,utmb,Janne AHO,H,44,40-44M,SE,-,506,f,Finisher,TRUE,392,343,75,35:11:13,126673,11320,144,25,2025-08-29T15:45:00.000Z
1671,utmb,Damien LAMONICA,H,44,40-44M,FR,Les Coureurs du Dimanche,506,f,Finisher,TRUE,1253,1102,258,44:37:34,160654,18382,144,25,2025-08-29T15:45:00.000Z
1672,utmb,Stefan HONGNE,H,51,50-54M,BE,UTMB Addict,506,f,Finisher,TRUE,1643,1425,194,46:39:27,167967,10216,144,25,2025-08-29T15:45:00.000Z
1673,utmb,Aurélien DELLA,H,39,35-39M,FR,ACM,506,f,Finisher,TRUE,806,708,171,40:30:59,145859,6757,144,25,2025-08-29T15:45:00.000Z
1674,utmb,Jenny LEM,F,45,40-44W,SG,,503,f,Finisher,TRUE,1455,189,42,45:51:19,165079,7146,144,25,2025-08-29T15:45:00.000Z
1675,utmb,Borislav BOGDANOV,H,49,45-49M,BG,Runners of Vratsa,506,f,Finisher,TRUE,1089,957,150,43:07:08,155228,5494,144,25,2025-08-29T15:45:00.000Z
1676,utmb,Jean Jacques TOURET,H,51,50-54M,FR,Duc Army,509,a,DNF,FALSE,1960,1685,234,22:38:37,77743,9584,20,15,2025-08-29T15:45:00.000Z
1677,utmb,Shuliang DAI,H,46,45-49M,CN,,506,a,DNF,FALSE,1888,1622,281,28:32:55,102014,9657,24,17,2025-08-29T15:45:00.000Z
1678,utmb,Maxime MICHELOT,H,34,20-34M,FR,,506,f,Finisher,TRUE,734,645,184,39:46:03,143163,12436,144,25,2025-08-29T15:45:00.000Z
1679,utmb,Viswabharath ALLAMSETTI,H,43,40-44M,IN,AC Valbonne,506,f,Finisher,TRUE,1225,1080,253,44:29:43,160183,14579,144,25,2025-08-29T15:45:00.000Z
1680,utmb,Fabien POUYET,H,60,55-59M,FR,,505,f,Finisher,TRUE,1130,995,32,43:38:39,157119,15407,144,25,2025-08-29T15:45:00.000Z
1681,utmb,Julien BURTON,H,44,40-44M,BE,,505,f,Finisher,TRUE,732,643,144,39:45:44,143144,8215,144,25,2025-08-29T15:45:00.000Z
1682,utmb,Li Chien LIU,H,45,40-44M,TW,,505,a,DNF,FALSE,2345,2009,447,11:43:06,42186,NA,8,6,2025-08-29T15:45:00.000Z
1683,utmb,Marc FRANTZEN,H,52,50-54M,DE,miles_and_mental,505,f,Finisher,TRUE,977,860,83,42:13:43,152023,12274,144,25,2025-08-29T15:45:00.000Z
1684,utmb,Stephane CORABOEUF,H,55,50-54M,FR,,505,a,DNF,FALSE,2071,1783,260,18:31:37,66697,3130,15,12,2025-08-29T15:45:00.000Z
1685,utmb,Christophe CLAUSSE,H,46,45-49M,FR,Chambéry Triathlon,505,f,Finisher,TRUE,611,537,81,38:34:34,138874,8855,144,25,2025-08-29T15:45:00.000Z
1686,utmb,Maria Teresa GIARDI,F,49,45-49W,SM,G.P.A. San Marino,500,f,Finisher,TRUE,1000,119,20,42:22:16,152536,10966,144,24,2025-08-29T15:45:00.000Z
1687,utmb,Edgar ZUNIGA,H,53,50-54M,MX,Escuadron de la Montaña,505,f,Finisher,TRUE,1223,1078,122,44:28:32,160112,17279,144,25,2025-08-29T15:45:00.000Z
1688,utmb,Florian CHAPELLE,H,40,35-39M,FR,,505,f,Finisher,TRUE,1031,907,202,42:35:21,153321,10755,144,25,2025-08-29T15:45:00.000Z
1689,utmb,Igor FLIMEL,H,43,40-44M,NL,,504,a,DNF,FALSE,2125,1828,404,17:11:05,61865,708,14,11,2025-08-29T15:45:00.000Z
1690,utmb,Herve BELLIER,H,61,60-64M,FR,OXYGENE BELBEUF,505,a,DNF,FALSE,2166,1866,50,19:10:37,69037,1872,14,11,2025-08-29T15:45:00.000Z
1691,utmb,Andrew LAW,H,48,45-49M,GB,Trent Park,504,f,Finisher,TRUE,1241,1092,183,44:35:48,160548,9670,144,25,2025-08-29T15:45:00.000Z
1692,utmb,Matthieu FIETTA,H,53,50-54M,FR,,503,f,Finisher,TRUE,1045,918,93,42:41:39,153699,19945,144,25,2025-08-29T15:45:00.000Z
1693,utmb,Ivana PRIŠLIN,F,44,40-44W,HR,KCIPT Samobor,504,a,DNF,FALSE,2201,308,68,18:20:34,66034,917,13,10,2025-08-29T15:45:00.000Z
1694,utmb,Malte NIEBLING,H,35,20-34M,DE,,504,f,Finisher,TRUE,346,301,115,34:12:30,123150,11004,144,25,2025-08-29T15:45:00.000Z
1695,utmb,Natsuki TSUKAMOTO,H,55,50-54M,JP,RTRT,504,f,Finisher,TRUE,1612,1400,186,46:33:16,167596,13300,144,25,2025-08-29T15:45:00.000Z
1696,utmb,Gabriele PIZZOLATO,H,49,45-49M,IT,Avis Musano,503,f,Finisher,TRUE,1062,931,145,42:49:56,154196,13461,144,25,2025-08-29T15:45:00.000Z
1697,utmb,Alexandra SCHUMACHER,F,49,45-49W,AT,Nordic Team Absam,504,a,DNF,FALSE,1851,260,50,22:29:31,76700,5987,24,17,2025-08-29T15:45:00.000Z
1698,utmb,Céline GIVAUDAN,F,45,40-44W,FR,,504,np,Other,FALSE,NA,NA,NA,00:00:00,0,NA,NA,0,2025-08-29T15:45:00.000Z
1699,utmb,Luca FRACASSO,H,59,55-59M,IT,Asd Podismo Buttrio,504,f,Finisher,TRUE,1296,1140,42,44:57:35,161855,7390,144,24,2025-08-29T15:45:00.000Z
1700,utmb,Carlos RUIVO,H,53,50-54M,FR,,504,f,Finisher,TRUE,1431,1246,149,45:44:53,164693,10140,144,25,2025-08-29T15:45:00.000Z
1701,utmb,Olivier DE BEER,H,52,50-54M,BE,,504,f,Finisher,TRUE,1117,983,103,43:26:08,156368,12897,144,25,2025-08-29T15:45:00.000Z
1702,utmb,Jean-François RAMAN,H,46,45-49M,BE,,503,hd,DNF,FALSE,1976,1700,292,23:51:19,84583,6256,20,15,2025-08-29T15:45:00.000Z
1703,utmb,Mizuho KIMURA,F,43,40-44W,JP,,501,f,Finisher,TRUE,1426,183,40,45:43:03,164583,12342,144,25,2025-08-29T15:45:00.000Z
1704,utmb,Danyang LI,F,35,20-34W,CN,Running panda,503,a,DNF,FALSE,2240,316,60,15:30:12,54321,2074,11,8,2025-08-29T15:45:00.000Z
1705,utmb,Diederik VANDENEEDE,H,53,50-54M,BE,Ultra Didi't,503,hd,DNF,FALSE,2188,1883,278,20:20:00,73200,974,14,10,2025-08-29T15:45:00.000Z
1707,utmb,Guillaume CREVECOEUR,H,45,40-44M,BE,,502,f,Finisher,TRUE,1133,998,237,43:39:19,157159,16822,144,25,2025-08-29T15:45:00.000Z
1708,utmb,Matjaz ZILAVEC,H,55,50-54M,SI,,503,f,Finisher,TRUE,1237,1090,126,44:35:03,160503,16761,144,25,2025-08-29T15:45:00.000Z
1709,utmb,Ming ZHANG,H,45,40-44M,CN,,503,a,DNF,FALSE,1868,1606,358,26:22:28,92026,8856,24,17,2025-08-29T15:45:00.000Z
1710,utmb,Romain GOLDLUST,H,53,50-54M,FR,,503,a,DNF,FALSE,1672,1450,197,45:45:00,164700,7072,44,24,2025-08-29T15:45:00.000Z
1711,utmb,Emilie BALTHAZARD,F,45,40-44W,FR,AS TRI MONT DORE,503,f,Finisher,TRUE,1572,206,48,46:23:14,166994,14108,144,25,2025-08-29T15:45:00.000Z
1712,utmb,Julien GODART,H,43,40-44M,FR,,502,f,Finisher,TRUE,649,572,126,38:53:00,139980,8142,144,25,2025-08-29T15:45:00.000Z
1713,utmb,Ady GRAY,H,58,55-59M,GB,Lonely Goat RC,502,a,DNF,FALSE,2469,2109,127,03:31:10,12670,NA,3,2,2025-08-29T15:45:00.000Z
1714,utmb,Liansheng XIE,H,54,50-54M,CN,YangMeiTang,502,f,Finisher,TRUE,692,609,40,39:19:23,141563,10373,144,25,2025-08-29T15:45:00.000Z
1715,utmb,Sylvain LABAT,H,45,40-44M,FR,,502,f,Finisher,TRUE,894,790,182,41:32:20,149540,15807,144,25,2025-08-29T15:45:00.000Z
1716,utmb,Yuki MIZUNOYA,H,47,45-49M,JP,BLUE BLACK,502,f,Finisher,TRUE,1163,1024,166,43:52:31,157951,17873,144,25,2025-08-29T15:45:00.000Z
1717,utmb,Sebastien THIERRY,H,53,50-54M,FR,,502,f,Finisher,TRUE,1142,1007,109,43:43:15,157395,13024,144,25,2025-08-29T15:45:00.000Z
1718,utmb,Vincent LALLI,H,45,40-44M,FR,,502,f,Finisher,TRUE,1416,1237,293,45:37:35,164255,14638,144,24,2025-08-29T15:45:00.000Z
1719,utmb,Arnaud CRUVEILLER,H,34,20-34M,FR,TEAM CREUSE L'ECART,511,f,Finisher,TRUE,634,557,165,38:46:02,139562,10634,144,25,2025-08-29T15:45:00.000Z
1720,utmb,Adam OBENBERGER,H,33,20-34M,US,,502,f,Finisher,TRUE,1575,1369,277,46:24:49,167089,16505,144,25,2025-08-29T15:45:00.000Z
1721,utmb,Guangchang LIANG,F,50,45-49W,AU,,502,f,Finisher,TRUE,1385,174,35,45:25:05,163505,9930,144,25,2025-08-29T15:45:00.000Z
1722,utmb,Vasileia PANTERI,F,54,50-54W,GR,,502,f,Finisher,TRUE,875,102,6,41:17:27,148647,13613,144,25,2025-08-29T15:45:00.000Z
1723,utmb,Radoslav TODOROV,H,47,45-49M,BG,,502,f,Finisher,TRUE,1054,925,144,42:46:17,153977,12726,144,25,2025-08-29T15:45:00.000Z
1724,utmb,Ryan MARTIN,H,57,55-59M,US,BP Runco,502,hd,DNF,FALSE,2026,1744,99,25:00:40,90040,3429,20,14,2025-08-29T15:45:00.000Z
1725,utmb,Simon BOURREAU,H,31,20-34M,FR,,501,a,DNF,FALSE,1777,1536,304,30:26:06,107936,5256,27,18,2025-08-29T15:45:00.000Z
1726,utmb,Victor HERNANDEZ,H,47,45-49M,MX,Tri_evo,501,f,Finisher,TRUE,1395,1220,208,45:30:45,163845,17506,144,25,2025-08-29T15:45:00.000Z
1727,utmb,Olivier BRAME,H,39,35-39M,FR,,504,f,Finisher,TRUE,893,789,187,41:31:51,149511,14416,144,25,2025-08-29T15:45:00.000Z
1728,utmb,Alexander PERSSON,H,33,20-34M,SE,,501,f,Finisher,TRUE,1373,1204,259,45:21:34,163294,23479,144,25,2025-08-29T15:45:00.000Z
1729,utmb,Jean-Jacques MEUDEC,H,51,50-54M,FR,Team Trail Couleur Ambiance,501,f,Finisher,TRUE,1522,1324,163,46:07:59,166079,9815,144,25,2025-08-29T15:45:00.000Z
1730,utmb,Nicolas ALGISI,H,41,40-44M,FR,Couvrot Running Club,501,f,Finisher,TRUE,1382,1210,289,45:24:13,163453,12682,144,25,2025-08-29T15:45:00.000Z
1731,utmb,Florian BEAUCHÊNE,H,45,40-44M,FR,,500,a,DNF,FALSE,2341,2006,446,11:38:32,41912,NA,8,6,2025-08-29T15:45:00.000Z
1732,utmb,Joanna ZUKOWSKA,F,37,35-39W,PL,Creapure,501,a,DNF,FALSE,1790,244,45,32:10:56,113492,7411,27,17,2025-08-29T15:45:00.000Z
1733,utmb,Roger DE ABREU CARDOSO,H,55,50-54M,BR,Brasil MAster Runners,501,a,DNF,FALSE,2178,1875,276,19:21:22,69682,1663,14,10,2025-08-29T15:45:00.000Z
1734,utmb,Weihong LUO,F,41,40-44W,CN,,500,f,Finisher,TRUE,1168,140,27,43:58:17,158297,21378,144,25,2025-08-29T15:45:00.000Z
1735,utmb,Adrian MOCANU,H,51,50-54M,RO,,500,a,DNF,FALSE,2366,2026,296,12:22:25,44545,NA,8,6,2025-08-29T15:45:00.000Z
1736,utmb,Erwan LE BELLEGO,H,52,50-54M,FR,RANCE JOGGING,494,f,Finisher,TRUE,1530,1332,166,46:10:47,166247,12777,144,25,2025-08-29T15:45:00.000Z
1738,utmb,Vincent FAVRE,H,40,35-39M,CH,,500,f,Finisher,TRUE,789,695,170,40:20:08,145208,15201,144,25,2025-08-29T15:45:00.000Z
1739,utmb,Patricio Adrian SANCHEZ BERMELLO,H,47,45-49M,EC,,500,f,Finisher,TRUE,996,878,129,42:20:52,152452,11431,144,25,2025-08-29T15:45:00.000Z
1740,utmb,Christopher WOOD,H,36,35-39M,US,,500,f,Finisher,TRUE,512,450,121,37:12:11,133931,8448,144,25,2025-08-29T15:45:00.000Z
1741,utmb,Bernd FASCHING,H,50,45-49M,AT,,477,np,Other,FALSE,NA,NA,NA,00:00:00,0,NA,NA,0,2025-08-29T15:45:00.000Z
1742,utmb,Grzegorz GARBIEN,H,50,45-49M,PL,GOAT Team Michalowice,500,np,Other,FALSE,NA,NA,NA,00:00:00,0,NA,NA,0,2025-08-29T15:45:00.000Z
1743,utmb,David DUFOUR,H,60,55-59M,FR,TEAM CAFC,500,f,Finisher,TRUE,1166,1027,35,43:56:58,158218,5790,144,25,2025-08-29T15:45:00.000Z
1744,utmb,Arnaud LEONI,H,54,50-54M,FR,,499,a,DNF,FALSE,1973,1697,237,23:41:26,83495,6610,20,15,2025-08-29T15:45:00.000Z
1745,utmb,Mathilde GIROUD,F,36,35-39W,FR,GGTC,499,f,Finisher,TRUE,918,107,26,41:46:13,150373,11035,144,25,2025-08-29T15:45:00.000Z
1747,utmb,Phil DELVES,H,42,40-44M,GB,,499,a,DNF,FALSE,2452,2094,456,06:01:53,21713,NA,4,3,2025-08-29T15:45:00.000Z
1748,utmb,Robert BLECHA,H,57,55-59M,AT,,499,a,DNF,FALSE,2124,1827,104,17:01:24,61284,980,14,11,2025-08-29T15:45:00.000Z
1749,utmb,Changbin TIAN,H,53,50-54M,US,,499,f,Finisher,TRUE,533,470,22,37:34:53,135293,8845,144,25,2025-08-29T15:45:00.000Z
1750,utmb,Greg SOLIS,H,37,35-39M,US,,499,f,Finisher,TRUE,1324,1163,237,45:08:24,162504,14930,144,24,2025-08-29T15:45:00.000Z
1751,utmb,Olivier SAMAIN,H,62,60-64M,IT,Team Mud & Snow,499,f,Finisher,TRUE,1128,993,8,43:36:59,157019,10726,144,25,2025-08-29T15:45:00.000Z
1752,utmb,Jeff CHENG,H,43,40-44M,HK,,499,f,Finisher,TRUE,1169,1029,240,43:58:24,158304,11041,144,25,2025-08-29T15:45:00.000Z
1753,utmb,Joachim MERRY,H,38,35-39M,FR,Running Club Mont Des Flandres,498,f,Finisher,TRUE,818,718,173,40:37:27,146247,17528,144,25,2025-08-29T15:45:00.000Z
1754,utmb,Lucas EDELIN,H,30,20-34M,FR,Impulsion Trail Angers,498,f,Finisher,TRUE,637,560,167,38:46:05,139565,8143,144,25,2025-08-29T15:45:00.000Z
1755,utmb,Michał JAMBOR,H,47,45-49M,PL,Żórawski Team,498,f,Finisher,TRUE,1405,1227,211,45:34:59,164099,12217,144,25,2025-08-29T15:45:00.000Z
1756,utmb,Greg THOMSON,H,50,45-49M,AU,,498,a,DNF,FALSE,2204,1896,329,18:30:51,66651,2114,13,9,2025-08-29T15:45:00.000Z
1757,utmb,David LEECH,H,45,40-44M,GB,,498,f,Finisher,TRUE,1058,928,224,42:48:04,154084,17414,144,25,2025-08-29T15:45:00.000Z
1758,utmb,Béatrice GROS,F,52,50-54W,FR,,487,f,Finisher,TRUE,1424,181,16,45:41:24,164484,15809,144,25,2025-08-29T15:45:00.000Z
1759,utmb,Gian MÜLLER,H,42,40-44M,CH,,500,f,Finisher,TRUE,856,756,172,41:03:10,147790,7765,144,25,2025-08-29T15:45:00.000Z
1760,utmb,Ming Kei LAU,H,44,40-44M,HK,Trailman 100 Macao,498,f,Finisher,TRUE,1302,1144,271,44:58:19,161899,14053,144,25,2025-08-29T15:45:00.000Z
1761,utmb,Jean-Charles PELAYO,H,64,60-64M,FR,#bergziegenHD,498,f,Finisher,TRUE,1356,1189,17,45:17:09,163029,14218,144,25,2025-08-29T15:45:00.000Z
1762,utmb,Pierre-Yves BOUCARD,H,62,60-64M,FR,USEAB Running,498,f,Finisher,TRUE,1256,1104,13,44:38:14,160694,15071,144,25,2025-08-29T15:45:00.000Z
1763,utmb,Ivan GIBAUD,H,41,40-44M,FR,,498,f,Finisher,TRUE,775,683,155,40:14:23,144863,17017,144,25,2025-08-29T15:45:00.000Z
1764,utmb,Craig BLACKER,H,62,60-64M,AU,,497,hd,DNF,FALSE,2483,2120,65,04:33:25,16405,NA,3,2,2025-08-29T15:45:00.000Z
1765,utmb,Loïc ANDRE,H,49,45-49M,FR,Spheniscus,497,a,DNF,FALSE,2437,2082,358,05:41:16,20476,NA,4,3,2025-08-29T15:45:00.000Z
1766,utmb,Nga VO THI THANH,F,43,40-44W,VN,Shokz Viet Nam/Coros Viet Nam,497,f,Finisher,TRUE,813,100,22,40:34:13,146053,11251,144,25,2025-08-29T15:45:00.000Z
1767,utmb,Xiaoxu CHEN,F,37,35-39W,CN,,497,f,Finisher,TRUE,960,114,28,42:06:34,151594,12242,144,25,2025-08-29T15:45:00.000Z
1768,utmb,Nicolas DEBES,H,48,45-49M,FR,,501,f,Finisher,TRUE,843,743,109,40:57:01,147421,6794,144,25,2025-08-29T15:45:00.000Z
1769,utmb,Guillaume LIEBLANG,H,33,20-34M,FR,,494,f,Finisher,TRUE,597,523,159,38:28:02,138482,14203,144,25,2025-08-29T15:45:00.000Z
1770,utmb,Katherine LYON,F,50,45-49W,AU,Hill Trotters,497,f,Finisher,TRUE,906,105,15,41:41:24,150084,9028,144,25,2025-08-29T15:45:00.000Z
1771,utmb,Alexandre DERRIEN,H,40,35-39M,FR,,497,a,DNF,FALSE,2401,2051,365,08:27:54,20903,9571,6,4,2025-08-29T15:45:00.000Z
1772,utmb,Alexandre ORSINI,H,45,40-44M,FR,S/L FC HAGUENAU,497,f,Finisher,TRUE,943,833,197,41:59:28,151168,13992,144,25,2025-08-29T15:45:00.000Z
1773,utmb,Taegyeom LEE,H,39,35-39M,KR,,497,f,Finisher,TRUE,1633,1417,266,46:37:47,167867,19778,144,25,2025-08-29T15:45:00.000Z
1774,utmb,Ard VAN PEPPEN,H,41,40-44M,NL,Pepp Travel,497,f,Finisher,TRUE,888,785,179,41:29:42,149382,12009,144,25,2025-08-29T15:45:00.000Z
1775,utmb,Kate BROOK,F,50,45-49W,GB,Harwell Harriers,497,a,DNF,FALSE,2234,314,63,15:20:10,55210,698,11,7,2025-08-29T15:45:00.000Z
1776,utmb,Casey BRADY,F,42,40-44W,US,Women of the Wasatch,496,f,Finisher,TRUE,925,109,24,41:49:10,150550,19046,144,25,2025-08-29T15:45:00.000Z
1777,utmb,Bartosz PAWLAK,H,48,45-49M,PL,Run And Fly,496,f,Finisher,TRUE,1406,1228,212,45:35:00,164100,11141,144,25,2025-08-29T15:45:00.000Z
1778,utmb,Kam San CHENG,H,42,40-44M,HK,,496,a,DNF,FALSE,2203,1895,418,18:30:37,66637,752,13,9,2025-08-29T15:45:00.000Z
1779,utmb,Marthe DUCRET,F,38,35-39W,FR,,494,f,Finisher,TRUE,966,117,29,42:09:55,151795,12271,144,25,2025-08-29T15:45:00.000Z
1780,utmb,Maurizio VANGI,H,58,55-59M,IT,AC/DC ASD,496,f,Finisher,TRUE,1056,927,26,42:46:46,154006,10518,144,25,2025-08-29T15:45:00.000Z
1781,utmb,Miwa OOKA,F,56,55-59W,JP,,489,a,DNF,FALSE,1800,247,20,32:43:02,117713,7632,27,18,2025-08-29T15:45:00.000Z
1782,utmb,Justin MARCHE,H,44,40-44M,FR,,496,a,DNF,FALSE,2252,1934,425,16:14:50,56700,2311,11,7,2025-08-29T15:45:00.000Z
1783,utmb,Mathieu MUSSON GENON,H,46,45-49M,FR,Divonne Running,495,np,Other,FALSE,NA,NA,NA,00:00:00,0,NA,NA,0,2025-08-29T15:45:00.000Z
1784,utmb,Frederic OUSSAD,H,41,40-44M,FR,,495,f,Finisher,TRUE,1120,986,234,43:30:20,156620,9459,144,25,2025-08-29T15:45:00.000Z
1785,utmb,Lucas LANGEVIN,H,39,35-39M,FR,0,495,f,Finisher,TRUE,1121,987,218,43:30:22,156622,8647,144,25,2025-08-29T15:45:00.000Z
1786,utmb,Romain RAYNAL,H,37,35-39M,FR,,496,f,Finisher,TRUE,1161,1022,221,43:51:45,157905,17167,144,25,2025-08-29T15:45:00.000Z
1787,utmb,Eric GAGNE,H,50,45-49M,CA,,494,f,Finisher,TRUE,1038,913,140,42:36:58,153418,15762,144,25,2025-08-29T15:45:00.000Z
1788,utmb,Yu Ju LIN,F,54,50-54W,TW,,495,a,DNF,FALSE,1877,263,26,28:02:50,95377,12365,24,17,2025-08-29T15:45:00.000Z
1789,utmb,Magali HEINTZELMANN,F,49,45-49W,FR,BSC,495,f,Finisher,TRUE,1605,212,44,46:32:00,167520,13326,144,25,2025-08-29T15:45:00.000Z
1790,utmb,Matthias JUNKER,H,44,40-44M,CH,"Lauftreff Spiez, X-Alps Academy",509,f,Finisher,TRUE,689,606,134,39:18:40,141520,6676,144,25,2025-08-29T15:45:00.000Z
1791,utmb,Bertrand MARIAGE,H,47,45-49M,FR,Ud pompier pas de calais,495,f,Finisher,TRUE,1583,1375,244,46:26:58,167218,15402,144,25,2025-08-29T15:45:00.000Z
1792,utmb,Laurent ANGIBAUD,H,57,55-59M,FR,,495,f,Finisher,TRUE,1441,1255,55,45:46:56,164816,14487,144,25,2025-08-29T15:45:00.000Z
1794,utmb,Anna WÄRMLÄNDER,F,55,50-54W,SE,,494,a,DNF,FALSE,1696,227,24,44:18:43,159523,15368,34,22,2025-08-29T15:45:00.000Z
1795,utmb,Fabrice FIGARELLA,H,51,50-54M,FR,INTESA IMMOBILIER,494,f,Finisher,TRUE,1099,966,97,43:11:25,155485,9532,144,25,2025-08-29T15:45:00.000Z
1796,utmb,Cyril BILLET,H,51,50-54M,FR,COURIR ENTRE DORE ET ALLIER,494,a,DNF,FALSE,2438,2083,308,05:43:38,17762,2856,4,3,2025-08-29T15:45:00.000Z
1797,utmb,Ralph BERENDSEN,H,50,45-49M,NL,AVON,494,f,Finisher,TRUE,496,436,55,36:57:09,133029,7137,144,25,2025-08-29T15:45:00.000Z
1798,utmb,Henrique CORDEIRO,H,32,20-34M,BR,Team Carius,494,f,Finisher,TRUE,1232,1087,249,44:33:15,160395,17616,144,24,2025-08-29T15:45:00.000Z
1799,utmb,Damien LAVENN,H,36,35-39M,FR,Les trailers de la rose,494,a,DNF,FALSE,1783,1541,294,31:25:39,112872,8593,27,18,2025-08-29T15:45:00.000Z
1800,utmb,Loic MULLER,H,35,20-34M,FR,,494,a,DNF,FALSE,1971,1695,336,23:41:23,71863,18390,20,15,2025-08-29T15:45:00.000Z
1802,utmb,Ekaterina KRIUKOVA,F,30,20-34W,AN,SOYKA,493,f,Finisher,TRUE,1399,177,43,45:33:41,164021,13753,144,25,2025-08-29T15:45:00.000Z
1803,utmb,Alexis ROLLAND JACOUB,H,50,45-49M,FR,,493,f,Finisher,TRUE,1297,1141,192,44:57:45,161865,11987,144,25,2025-08-29T15:45:00.000Z
1804,utmb,Gregory AMADIO,H,53,50-54M,FR,USB,492,a,DNF,FALSE,1907,1639,220,29:13:20,104107,7965,24,17,2025-08-29T15:45:00.000Z
1805,utmb,Graham TAYLOR,H,39,35-39M,JM,,493,a,DNF,FALSE,1685,1460,274,37:43:58,135838,14552,34,22,2025-08-29T15:45:00.000Z
1806,utmb,Chung Shun Johnson HON,H,52,50-54M,HK,AKIV Pacer Team,493,f,Finisher,TRUE,1630,1415,190,46:37:00,167820,12825,144,24,2025-08-29T15:45:00.000Z
1807,utmb,Fabrice LAPLACE,H,54,50-54M,FR,Ainarak,493,f,Finisher,TRUE,1322,1161,137,45:08:19,162499,9566,144,25,2025-08-29T15:45:00.000Z
1808,utmb,Dimitri BROUCKAERT,H,45,40-44M,BE,Team Fischer,493,f,Finisher,TRUE,1259,1107,261,44:39:09,160749,17118,144,25,2025-08-29T15:45:00.000Z
1809,utmb,Jean-Michel AUNEAU,H,54,50-54M,FR,AS Orange Cesson,493,a,DNF,FALSE,2344,2008,291,11:42:12,42132,NA,8,6,2025-08-29T15:45:00.000Z
1810,utmb,Elisa Maria GARCIA,F,44,40-44W,AR,KAS,493,f,Finisher,TRUE,1430,185,41,45:44:51,164691,19459,144,25,2025-08-29T15:45:00.000Z
1811,utmb,Cosmin CIMIL,H,33,20-34M,RO,,493,a,DNF,FALSE,1921,1653,327,24:49:30,89370,12436,22,16,2025-08-29T15:45:00.000Z
1812,utmb,Florian GUILLEMARD,H,43,40-44M,AU,,492,f,Finisher,TRUE,1203,1061,248,44:18:14,159494,9727,144,25,2025-08-29T15:45:00.000Z
1813,utmb,Mayumi KIMURA,F,63,60-64W,JP,,492,a,DNF,FALSE,1821,253,7,33:42:59,120605,5625,27,18,2025-08-29T15:45:00.000Z
1814,utmb,Wing Ngaut Charis CHAN,F,48,45-49W,HK,,492,f,Finisher,TRUE,1261,153,27,44:40:06,160806,9986,144,25,2025-08-29T15:45:00.000Z
1815,utmb,Shiqiang SU,H,54,50-54M,CA,,469,f,Finisher,TRUE,931,821,74,41:51:40,150700,8097,144,25,2025-08-29T15:45:00.000Z
1816,utmb,Eric VERNET,H,63,60-64M,FR,CLUB GRAND FOND MULHOUSE,465,hd,DNF,FALSE,2029,1747,45,25:05:54,90354,2204,20,14,2025-08-29T15:45:00.000Z
1817,utmb,Son JUNHO,H,47,45-49M,KR,allthattrail,492,a,DNF,FALSE,2147,1849,317,18:22:51,66171,774,14,11,2025-08-29T15:45:00.000Z
1818,utmb,Christopher SAINT-ALME,H,33,20-34M,FR,TEAM VIBRAM,492,f,Finisher,TRUE,1576,1370,278,46:24:52,167092,6197,144,24,2025-08-29T15:45:00.000Z
1819,utmb,Jèssica CODINA VILLARÓ,F,36,35-39W,ES,JAB Berga / Global Fitness Manresa,492,a,DNF,FALSE,2321,331,60,11:28:46,41326,NA,8,6,2025-08-29T15:45:00.000Z
1821,utmb,Matteo FORTUNATO,H,37,35-39M,IT,ASD PODISTICA MEDICEA,491,a,DNF,FALSE,2449,2092,370,05:55:09,18507,2802,4,3,2025-08-29T15:45:00.000Z
1822,utmb,Lawrence HESTER,H,43,40-44M,US,,489,f,Finisher,TRUE,590,518,117,38:24:36,138276,12758,144,25,2025-08-29T15:45:00.000Z
1823,utmb,Andrea FORMIGLI,H,54,50-54M,IT,TRAIL RUNNING PROJECT,491,a,DNF,FALSE,2459,2101,311,06:06:29,21989,NA,4,3,2025-08-29T15:45:00.000Z
1824,utmb,Gael HEULIN,H,43,40-44M,FR,Les Debilos,491,a,DNF,FALSE,1680,1457,327,41:27:55,149275,10770,35,23,2025-08-29T15:45:00.000Z
1825,utmb,Hugues ALMECIJA,H,44,40-44M,FR,Team Mendez,485,f,Finisher,TRUE,486,428,99,36:44:50,132290,7764,144,25,2025-08-29T15:45:00.000Z
1826,utmb,Rémi MARCAILLOU,H,37,35-39M,FR,,491,f,Finisher,TRUE,824,724,175,40:42:26,146546,9137,144,25,2025-08-29T15:45:00.000Z
1827,utmb,Yusuke UOZU,H,46,45-49M,JP,,491,f,Finisher,TRUE,1526,1328,234,46:09:43,166183,15457,144,25,2025-08-29T15:45:00.000Z
1828,utmb,Daoud MECHRI,H,51,50-54M,FR,,491,a,DNF,FALSE,2162,1863,274,18:59:54,68394,1084,14,10,2025-08-29T15:45:00.000Z
1829,utmb,Adrian VAZQUEZ RODRIGUEZ,H,38,35-39M,ES,,491,np,Other,FALSE,NA,NA,NA,00:00:00,0,NA,NA,0,2025-08-29T15:45:00.000Z
1830,utmb,Ping Hung LIN,H,56,55-59M,TW,Team Taiwan,491,a,DNF,FALSE,1909,1641,94,29:13:42,103757,8499,24,17,2025-08-29T15:45:00.000Z
1831,utmb,Francois LE CANN,H,43,40-44M,FR,ASC BNP Paribas,491,f,Finisher,TRUE,1234,1089,256,44:33:54,160434,15102,144,25,2025-08-29T15:45:00.000Z
1832,utmb,Trevor FRANCHI,H,43,40-44M,US,,491,f,Finisher,TRUE,792,698,159,40:20:53,145253,9849,144,25,2025-08-29T15:45:00.000Z
1833,utmb,Rafał BIAŁKA,H,52,50-54M,PL,G.O.A.T. Team Michalowice,491,f,Finisher,TRUE,1211,1067,117,44:23:33,159813,9846,144,25,2025-08-29T15:45:00.000Z
1834,utmb,Oriol RICART,H,41,40-44M,ES,Club Muntanyenc Mollet,491,a,DNF,FALSE,1674,1452,326,40:48:36,146916,17656,35,23,2025-08-29T15:45:00.000Z
1835,utmb,Natalia SUPPA,F,50,45-49W,AR,KAS,491,f,Finisher,TRUE,1429,184,37,45:44:49,164689,18141,144,25,2025-08-29T15:45:00.000Z
1837,utmb,Ghylian ETIENNE,H,37,35-39M,MU,Rando Trail Nature,491,np,Other,FALSE,NA,NA,NA,00:00:00,0,NA,NA,0,2025-08-29T15:45:00.000Z
1838,utmb,Eric NELSON,H,44,40-44M,US,,489,hd,DNF,FALSE,2001,1723,387,24:34:51,88491,605,20,14,2025-08-29T15:45:00.000Z
1839,utmb,Piter SIANGJAYA,H,47,45-49M,ID,JAV,490,f,Finisher,TRUE,1403,1226,210,45:34:41,164081,5337,144,25,2025-08-29T15:45:00.000Z
1840,utmb,Pascal BERTHEAU,H,58,55-59M,FR,,490,a,DNF,FALSE,2304,1974,115,10:44:24,38664,NA,8,6,2025-08-29T15:45:00.000Z
1841,utmb,Wan Lun KWONG,H,52,50-54M,HK,,490,a,DNF,FALSE,1695,1469,202,43:14:17,155657,9107,34,22,2025-08-29T15:45:00.000Z
1842,utmb,Stefan UTKE,H,39,35-39M,DE,,490,f,Finisher,TRUE,1327,1166,238,45:08:38,162518,17447,144,25,2025-08-29T15:45:00.000Z
1843,utmb,Thibault ROCHE,H,44,40-44M,FR,,490,f,Finisher,TRUE,1365,1197,288,45:19:54,163194,15523,144,25,2025-08-29T15:45:00.000Z
1844,utmb,Markus Midtlyng PETTERSEN,H,30,20-34M,NO,,490,f,Finisher,TRUE,785,691,194,40:18:54,145134,11689,144,25,2025-08-29T15:45:00.000Z
1845,utmb,Maxime LE BAIL,H,38,35-39M,FR,Kiwami Racing Team,490,f,Finisher,TRUE,923,815,191,41:48:54,150534,12766,144,25,2025-08-29T15:45:00.000Z
1846,utmb,Noé COLLET,H,28,20-34M,BE,Eva Team,490,f,Finisher,TRUE,879,777,211,41:19:19,148759,13287,144,25,2025-08-29T15:45:00.000Z
1847,utmb,Chris SIMPSON,H,52,50-54M,GB,South molton strugglers,490,a,DNF,FALSE,2126,1829,268,17:18:02,62282,1852,14,11,2025-08-29T15:45:00.000Z
1848,utmb,Margot DESHOULIÈRES,F,36,35-39W,FR,Stade Bordelais Athlétisme,490,f,Finisher,TRUE,1409,179,35,45:35:31,164131,13946,144,25,2025-08-29T15:45:00.000Z
1849,utmb,Martín Álvaro MIRANDA,H,46,45-49M,AR,Kasruning Team,490,a,DNF,FALSE,2060,1774,301,18:33:44,66824,4220,15,12,2025-08-29T15:45:00.000Z
1850,utmb,David PERRIN,H,46,45-49M,FR,,489,f,Finisher,TRUE,747,657,100,39:52:05,143525,9649,144,25,2025-08-29T15:45:00.000Z
1851,utmb,Mathieu MERCIER,H,32,20-34M,FR,,489,f,Finisher,TRUE,1482,1290,270,45:59:47,165587,17222,144,25,2025-08-29T15:45:00.000Z
1852,utmb,Marcos Gabriel PEIRONE,H,46,45-49M,AR,,489,f,Finisher,TRUE,1177,1037,171,44:02:00,158520,10998,144,25,2025-08-29T15:45:00.000Z
1853,utmb,Razif YAHYA,H,54,50-54M,MY,Koboi Malaya,489,hd,DNF,FALSE,2460,2102,312,06:06:39,21999,NA,4,3,2025-08-29T15:45:00.000Z
1854,utmb,Vincent LAUPIE,H,38,35-39M,FR,,517,f,Finisher,TRUE,622,548,139,38:41:50,139310,13330,144,25,2025-08-29T15:45:00.000Z
1855,utmb,Yat Chun CHIN,H,31,20-34M,HK,,489,np,Other,FALSE,NA,NA,NA,00:00:00,0,NA,NA,0,2025-08-29T15:45:00.000Z
1856,utmb,Thomas IMBERT,H,43,40-44M,FR,,489,f,Finisher,TRUE,1190,1049,244,44:11:05,159065,19543,144,25,2025-08-29T15:45:00.000Z
1857,utmb,Olivier MARICOT,H,57,55-59M,FR,,490,a,DNF,FALSE,2311,1981,117,11:04:43,39883,NA,8,6,2025-08-29T15:45:00.000Z
1858,utmb,Taeeun LIM,H,32,20-34M,KR,Team Korea,489,a,DNF,FALSE,1737,1503,295,38:50:55,138280,10386,31,20,2025-08-29T15:45:00.000Z
1859,utmb,Oscar SANCHEZ,H,65,60-64M,MX,Cuervos,489,np,Other,FALSE,NA,NA,NA,00:00:00,0,NA,NA,0,2025-08-29T15:45:00.000Z
1860,utmb,Valentin ZANFIR,H,44,40-44M,RO,EchipMont - Subcarpati Trail Run,489,f,Finisher,TRUE,1355,1188,285,45:17:06,163026,7571,144,25,2025-08-29T15:45:00.000Z
1861,utmb,Hongtao ZHANG,H,38,35-39M,CN,,489,f,Finisher,TRUE,1263,1110,226,44:42:57,160977,9582,144,25,2025-08-29T15:45:00.000Z
1862,utmb,Gustav MANGO,H,54,50-54M,IT,Mango-Vavra,489,a,DNF,FALSE,2115,1818,263,16:14:35,58475,3629,14,11,2025-08-29T15:45:00.000Z
1863,utmb,Erin KELLY,F,47,45-49W,US,,488,a,DNF,FALSE,1825,254,48,33:48:20,121577,4615,27,18,2025-08-29T15:45:00.000Z
1864,utmb,Jeanne CARLIER BOUVET,F,35,20-34W,FR,Racing MultiAthlon,490,f,Finisher,TRUE,803,98,31,40:29:03,145743,13422,144,25,2025-08-29T15:45:00.000Z
1865,utmb,Herve CONESA,H,54,50-54M,FR,Dauphirun,488,f,Finisher,TRUE,1111,977,99,43:21:02,156062,29280,144,25,2025-08-29T15:45:00.000Z
1866,utmb,Sylvain MONIER,H,46,45-49M,FR,TPG,488,f,Finisher,TRUE,1599,1389,247,46:30:23,167423,8471,144,24,2025-08-29T15:45:00.000Z
1867,utmb,Carlos OSOLLO,H,55,50-54M,US,Freetrail,488,hd,DNF,FALSE,2014,1735,249,24:39:48,85880,8121,20,15,2025-08-29T15:45:00.000Z
1868,utmb,Jerome PAILLARD,H,50,45-49M,FR,AC CHATENOIS,488,f,Finisher,TRUE,1519,1322,233,46:07:46,166066,9998,144,24,2025-08-29T15:45:00.000Z
1869,utmb,Chaoyang ZHU,H,51,50-54M,CN,IEST,488,np,Other,FALSE,NA,NA,NA,00:00:00,0,NA,NA,0,2025-08-29T15:45:00.000Z
1870,utmb,Mikael PAPILLON,H,33,20-34M,FR,,488,a,DNF,FALSE,1798,1552,308,32:33:21,113079,12609,27,18,2025-08-29T15:45:00.000Z
1871,utmb,Thomas VOGEL,H,37,35-39M,FR,,488,f,Finisher,TRUE,1318,1159,236,45:06:57,162417,23457,144,25,2025-08-29T15:45:00.000Z
1872,utmb,Bram DEHAENE,H,38,35-39M,BE,,487,a,DNF,FALSE,2427,2073,368,05:27:04,19624,NA,4,3,2025-08-29T15:45:00.000Z
1873,utmb,Michael QUIRION,H,52,50-54M,FR,,488,f,Finisher,TRUE,1564,1361,177,46:21:18,166878,15096,144,25,2025-08-29T15:45:00.000Z
1874,utmb,Juan VELASCO,H,47,45-49M,CO,,486,f,Finisher,TRUE,1614,1402,250,46:33:21,167601,20295,144,25,2025-08-29T15:45:00.000Z
1875,utmb,Sandro CADUFF,H,47,45-49M,CH,,525,a,DNF,FALSE,2418,2065,353,05:09:36,18576,NA,4,3,2025-08-29T15:45:00.000Z
1876,utmb,Adam AUDY,H,32,20-34M,CZ,Mizuno Team,487,f,Finisher,TRUE,1249,1098,251,44:36:19,160579,11969,144,25,2025-08-29T15:45:00.000Z
1878,utmb,Michael BOHNERT,H,47,45-49M,DE,Turnerbund Hamburg-Eilbeck,487,np,Other,FALSE,NA,NA,NA,00:00:00,0,NA,NA,0,2025-08-29T15:45:00.000Z
1879,utmb,Colin STARK,H,52,50-54M,GB,Runners next the sea.  ,595,f,Finisher,TRUE,548,483,23,37:52:02,136322,9076,144,25,2025-08-29T15:45:00.000Z
1880,utmb,Tim VAN SEGHBROECK,H,45,40-44M,BE,,487,f,Finisher,TRUE,1330,1169,280,45:09:02,162542,17639,144,25,2025-08-29T15:45:00.000Z
1881,utmb,Pavle DJORDJEVIC,H,36,35-39M,RS,,487,f,Finisher,TRUE,726,638,158,39:43:12,142992,14127,144,25,2025-08-29T15:45:00.000Z
1882,utmb,Javier RIVAS,H,52,50-54M,AR,Mistica de Montaña,487,a,DNF,FALSE,2403,2053,303,08:29:15,24074,6481,6,4,2025-08-29T15:45:00.000Z
1883,utmb,Kin Man AU,H,54,50-54M,HK,,487,a,DNF,FALSE,2332,1998,288,11:35:21,41699,NA,8,6,2025-08-29T15:45:00.000Z
1884,utmb,Jonathan BACON,H,51,50-54M,GB,,487,a,DNF,FALSE,2109,1813,262,15:45:46,56746,475,14,11,2025-08-29T15:45:00.000Z
1885,utmb,Nasser HAKAMI,H,41,40-44M,SA,R7 RUN CLUB,487,f,Finisher,TRUE,836,736,167,40:53:08,147188,7375,144,25,2025-08-29T15:45:00.000Z
1887,utmb,Harriet GAYWOOD,F,53,50-54W,GB,,486,f,Finisher,TRUE,1496,196,19,46:02:48,165768,10475,144,25,2025-08-29T15:45:00.000Z
1888,utmb,Fabrice TISSANDIE,H,53,50-54M,FR,,484,f,Finisher,TRUE,1585,1377,181,46:27:56,167276,15678,144,25,2025-08-29T15:45:00.000Z
1889,utmb,Aaron BAKER,H,41,40-44M,GB,Reading AC,486,a,DNF,FALSE,2307,1977,442,10:55:06,39306,NA,8,6,2025-08-29T15:45:00.000Z
1890,utmb,Taro FUKUYAMA,H,54,50-54M,JP,,486,a,DNF,FALSE,2354,2017,293,12:00:09,43209,NA,8,6,2025-08-29T15:45:00.000Z
1891,utmb,Nicolas SIERRA,H,41,40-44M,FR,,487,f,Finisher,TRUE,1585,1377,313,46:27:56,167276,19621,144,25,2025-08-29T15:45:00.000Z
1892,utmb,Moana SIMM,F,46,45-49W,NZ,,485,f,Finisher,TRUE,1104,134,23,43:13:57,155637,13043,144,25,2025-08-29T15:45:00.000Z
1893,utmb,Sami ELOLUOTO,H,51,50-54M,FI,Aratpakarat,486,f,Finisher,TRUE,1149,1013,110,43:46:01,157561,6102,144,25,2025-08-29T15:45:00.000Z
1894,utmb,George HARDWICK,H,51,50-54M,GB,,485,f,Finisher,TRUE,1244,1095,127,44:35:57,160557,11535,144,25,2025-08-29T15:45:00.000Z
1895,utmb,Viktoriia BONDALET,F,44,40-44W,UA,,485,f,Finisher,TRUE,1043,127,25,42:39:22,153562,17107,144,25,2025-08-29T15:45:00.000Z
1896,utmb,Veselin BULAJIC,H,48,45-49M,RS,,485,f,Finisher,TRUE,1305,1147,193,44:59:25,161965,10530,144,25,2025-08-29T15:45:00.000Z
1897,utmb,Emmanuel FABLET,H,34,20-34M,FR,,485,f,Finisher,TRUE,1468,1277,268,45:53:34,165214,13168,144,25,2025-08-29T15:45:00.000Z
1898,utmb,Olivier PALLAVICINI,H,50,45-49M,FR,,485,f,Finisher,TRUE,1226,1081,182,44:30:18,160218,12654,144,25,2025-08-29T15:45:00.000Z
1899,utmb,Miguel GONZALEZ,H,32,20-34M,CO,Fusion RC,485,a,DNF,FALSE,1901,1634,323,29:06:22,103758,8954,24,17,2025-08-29T15:45:00.000Z
1900,utmb,Helder AMARAL,H,51,50-54M,PT,Relaxinc,485,f,Finisher,TRUE,974,857,80,42:12:04,151924,13944,144,25,2025-08-29T15:45:00.000Z
1901,utmb,Alejandro OCHOA REYES,H,50,45-49M,MX,,485,f,Finisher,TRUE,1502,1306,228,46:04:25,165865,14551,144,25,2025-08-29T15:45:00.000Z
1902,utmb,Cyrille HUGON,H,54,50-54M,FR,,481,f,Finisher,TRUE,1230,1085,125,44:31:38,160298,13252,144,25,2025-08-29T15:45:00.000Z
1903,utmb,Guillaume BIGAN,H,40,35-39M,FR,,484,f,Finisher,TRUE,1370,1201,243,45:21:25,163285,15612,144,25,2025-08-29T15:45:00.000Z
1904,utmb,Diego BARBIERI,H,49,45-49M,IT,BERGAMO STARS - TRAILORED4YOU,484,f,Finisher,TRUE,1150,1014,164,43:46:11,157571,11663,144,25,2025-08-29T15:45:00.000Z
1905,utmb,Chloe ISSARD,F,33,20-34W,FR,,484,f,Finisher,TRUE,1158,139,40,43:50:02,157802,20343,144,25,2025-08-29T15:45:00.000Z
1906,utmb,Alexander HORTIG,H,56,55-59M,DE,twb2l.de,483,a,DNF,FALSE,2132,1835,106,17:23:48,62628,967,14,11,2025-08-29T15:45:00.000Z
1907,utmb,Cyril PAGES,H,50,45-49M,FR,,484,f,Finisher,TRUE,1165,1026,167,43:55:13,158113,15045,144,25,2025-08-29T15:45:00.000Z
1908,utmb,Cyrus WEIGAND,H,41,40-44M,US,,484,f,Finisher,TRUE,1306,1148,273,44:59:32,161972,17966,144,25,2025-08-29T15:45:00.000Z
1909,utmb,Adriano SCUDIERI,H,54,50-54M,IT,Runaway ASD,484,hd,DNF,FALSE,1995,1718,242,24:29:28,86845,3424,20,14,2025-08-29T15:45:00.000Z
1910,utmb,Raul DI CRISTINA,H,49,45-49M,US,,484,a,DNF,FALSE,2070,1782,303,18:25:23,66323,3851,15,12,2025-08-29T15:45:00.000Z
1911,utmb,Robert MCMURRAY,H,46,45-49M,GB,Park Avenue Hill Runners,477,f,Finisher,TRUE,1503,1307,229,46:04:33,165873,9108,144,25,2025-08-29T15:45:00.000Z
1912,utmb,Stéphane GALLO,H,49,45-49M,FR,La Foulée des Sorgues,480,f,Finisher,TRUE,1408,1230,214,45:35:30,164130,11226,144,25,2025-08-29T15:45:00.000Z
1913,utmb,Thibaud BOUCHE,H,34,20-34M,FR,CAP ATHLE TALMONT,483,f,Finisher,TRUE,537,474,148,37:39:21,135561,9282,144,25,2025-08-29T15:45:00.000Z
1914,utmb,Alexandre LARNIER,H,38,35-39M,FR,,483,a,DNF,FALSE,2129,1832,332,17:21:33,62493,1470,14,11,2025-08-29T15:45:00.000Z
1915,utmb,Andrzej JALOWSKI,H,58,55-59M,PL,INTEC,483,a,DNF,FALSE,1732,1498,79,37:53:12,135670,12843,31,20,2025-08-29T15:45:00.000Z
1916,utmb,Alexandre PICQUIER,H,50,45-49M,FR,01 Outdoor,483,np,Other,FALSE,NA,NA,NA,00:00:00,0,NA,NA,0,2025-08-29T15:45:00.000Z
1917,utmb,Giorgio CHIARAVALLI,H,45,40-44M,IT,,483,f,Finisher,TRUE,1186,1045,243,44:08:25,158905,10890,144,25,2025-08-29T15:45:00.000Z
1918,utmb,Michele VESCOVO,H,44,40-44M,IT,,482,f,Finisher,TRUE,1601,1390,315,46:30:51,167451,8427,144,25,2025-08-29T15:45:00.000Z
1919,utmb,Yao QIU,F,41,40-44W,CN,,483,f,Finisher,TRUE,1292,156,32,44:55:09,161709,12578,144,24,2025-08-29T15:45:00.000Z
1920,utmb,Florent LE PAGE,H,47,45-49M,FR,Mil Pat de l'Aulne,483,f,Finisher,TRUE,1131,996,160,43:38:40,157120,17616,144,25,2025-08-29T15:45:00.000Z
1921,utmb,Tomas BAGDONAS,H,36,35-39M,LT,Amsterdam Trail Runners,483,f,Finisher,TRUE,1514,1317,258,46:06:13,165973,16591,144,25,2025-08-29T15:45:00.000Z
1922,utmb,Caroline FLAMENT,F,56,55-59W,FR,UST Courir à Saint-Tropez,480,a,DNF,FALSE,2296,328,24,10:08:53,36533,NA,8,6,2025-08-29T15:45:00.000Z
1923,utmb,Philip KOOIJMAN,H,49,45-49M,NL,,482,f,Finisher,TRUE,1479,1288,225,45:58:22,165502,13454,144,25,2025-08-29T15:45:00.000Z
1924,utmb,Karin Louise JOUBERT,F,51,50-54W,DK,Trail & Pandelygtesjov/ Team Fizz,482,a,DNF,FALSE,2302,330,35,10:37:48,38268,NA,8,6,2025-08-29T15:45:00.000Z
1925,utmb,Irma GROOTSCHOLTEN,F,50,45-49W,NL,,482,f,Finisher,TRUE,1180,141,24,44:04:49,158689,12229,144,25,2025-08-29T15:45:00.000Z
1926,utmb,Mark BLACKWELL,H,57,55-59M,US,None,481,f,Finisher,TRUE,1398,1222,50,45:33:05,163985,17458,144,25,2025-08-29T15:45:00.000Z
1927,utmb,Mei Ping KWONG,F,56,55-59W,HK,,482,a,DNF,FALSE,2235,315,23,15:23:09,54487,3065,11,8,2025-08-29T15:45:00.000Z
1928,utmb,Rafal GOLEC,H,55,50-54M,PL,,482,a,DNF,FALSE,2312,1982,286,11:08:53,40133,NA,8,6,2025-08-29T15:45:00.000Z
1929,utmb,John SIMS,H,39,35-39M,GB,No Club,482,a,DNF,FALSE,2230,1917,345,14:19:30,50475,2578,11,8,2025-08-29T15:45:00.000Z
1930,utmb,Costa ALIMONOS,H,38,35-39M,US,Kalamata Colorado,482,f,Finisher,TRUE,1202,1060,223,44:18:01,159481,10202,144,25,2025-08-29T15:45:00.000Z
1931,utmb,Jean-Charles GUILHEM,H,71,70-74M,FR,G Team,480,f,Finisher,TRUE,1504,1308,1,46:04:39,165879,16800,144,25,2025-08-29T15:45:00.000Z
1932,utmb,Alexandre METAYER,H,40,35-39M,FR,So Trail Lyon,482,f,Finisher,TRUE,1501,1305,256,46:04:13,165853,10845,144,25,2025-08-29T15:45:00.000Z
1933,utmb,David ZAY,H,41,40-44M,HU,DVTK Orienteering,482,a,DNF,FALSE,2160,1861,409,18:52:26,67946,1122,14,11,2025-08-29T15:45:00.000Z
1934,utmb,Apichet RAKSACHON,H,39,35-39M,TH,,482,a,DNF,FALSE,1734,1500,284,38:18:57,137862,4734,31,19,2025-08-29T15:45:00.000Z
1935,utmb,Victor ARROYAVE,H,40,35-39M,FR,,482,f,Finisher,TRUE,833,733,176,40:48:29,146909,10181,144,25,2025-08-29T15:45:00.000Z
1936,utmb,Jinsong MA,H,49,45-49M,CN,,482,f,Finisher,TRUE,1332,1171,198,45:10:07,162607,10319,144,24,2025-08-29T15:45:00.000Z
1937,utmb,David RICHARDS,H,43,40-44M,US,,481,a,DNF,FALSE,2443,2087,455,05:51:44,21104,NA,4,3,2025-08-29T15:45:00.000Z
1938,utmb,Daniel GONZÁLEZ DOMÈNECH,H,58,55-59M,ES,CAM Parets,481,f,Finisher,TRUE,901,797,21,41:37:28,149848,8930,144,25,2025-08-29T15:45:00.000Z
1939,utmb,David BRINGOLLET,H,51,50-54M,FR,Team Trail Touraine,481,f,Finisher,TRUE,1525,1327,165,46:09:19,166159,15597,144,25,2025-08-29T15:45:00.000Z
1940,utmb,Pui Chi CHAN,F,45,40-44W,HK,Take It Slow~,481,f,Finisher,TRUE,1663,221,51,46:56:00,168960,8759,144,24,2025-08-29T15:45:00.000Z
1941,utmb,Alexis MANDIER,H,34,20-34M,FR,,480,f,Finisher,TRUE,630,553,164,38:44:56,139496,9575,144,25,2025-08-29T15:45:00.000Z
1942,utmb,Ariel BRIONES,H,52,50-54M,PH,Ermitanyo Runners,481,a,DNF,FALSE,1929,1660,228,26:40:00,96000,5429,22,16,2025-08-29T15:45:00.000Z
1943,utmb,Valentin MAURO,H,42,40-44M,FR,,481,f,Finisher,TRUE,1204,1062,249,44:18:32,159512,20685,144,25,2025-08-29T15:45:00.000Z
1944,utmb,Juan Alberto BAUTISTA GARCÍA,H,38,35-39M,MX,El Escuadrón de la Montaña,481,a,DNF,FALSE,2338,2004,359,11:37:53,41873,NA,8,6,2025-08-29T15:45:00.000Z
1945,utmb,Anthony MARTIN,H,52,50-54M,FR,Runner 76,481,f,Finisher,TRUE,1209,1065,116,44:21:09,159669,13570,144,25,2025-08-29T15:45:00.000Z
1946,utmb,Yanis DEBAUD,H,24,20-34M,FR,,481,f,Finisher,TRUE,442,389,131,36:13:08,130388,5427,144,25,2025-08-29T15:45:00.000Z
1947,utmb,Sylvain LAMBERT,H,52,50-54M,FR,Les Vosgiens,478,f,Finisher,TRUE,1213,1069,118,44:23:43,159823,15547,144,25,2025-08-29T15:45:00.000Z
1948,utmb,Masahiro SAITO,H,61,60-64M,JP,Tomo's Pit,480,f,Finisher,TRUE,945,835,6,42:00:15,151215,6766,144,25,2025-08-29T15:45:00.000Z
1949,utmb,Duy Luan DO,H,34,20-34M,VN,Näak Vietnam,480,f,Finisher,TRUE,812,713,200,40:33:33,146013,8593,144,25,2025-08-29T15:45:00.000Z
1950,utmb,Valentin BOUTHREUIL,H,30,20-34M,FR,,478,a,DNF,FALSE,2419,2066,383,05:10:33,18633,NA,4,3,2025-08-29T15:45:00.000Z
1951,utmb,Jean Christophe BERTRAND,H,54,50-54M,FR,CMBM,480,f,Finisher,TRUE,808,709,55,40:31:18,145878,13075,144,25,2025-08-29T15:45:00.000Z
1952,utmb,Jean Baptiste DUMAS,H,52,50-54M,FR,,480,f,Finisher,TRUE,1333,1172,139,45:10:26,162626,11082,144,25,2025-08-29T15:45:00.000Z
1953,utmb,Lionel FAURE,H,63,60-64M,FR,Quintal Running Team,480,f,Finisher,TRUE,1251,1100,12,44:36:55,160615,14212,144,25,2025-08-29T15:45:00.000Z
1954,utmb,Michael TRAUB,H,49,45-49M,US,,480,f,Finisher,TRUE,790,696,104,40:20:20,145220,14579,144,25,2025-08-29T15:45:00.000Z
1955,utmb,Michel POLETTI,H,71,70-74M,FR,UTMB GROUP,483,a,DNF,FALSE,2012,1733,4,24:39:30,86523,5667,20,15,2025-08-29T15:45:00.000Z
1956,utmb,Steven TITO,H,49,45-49M,NL,-,480,a,DNF,FALSE,2241,1925,333,15:31:38,55898,5641,11,8,2025-08-29T15:45:00.000Z
1957,utmb,Rudy JUFFERMANS,H,33,20-34M,NL,,480,f,Finisher,TRUE,927,817,216,41:49:22,150562,8678,144,25,2025-08-29T15:45:00.000Z
1958,utmb,Stefan DANILA,H,38,35-39M,MD,,478,f,Finisher,TRUE,1032,908,203,42:36:02,153362,10371,144,25,2025-08-29T15:45:00.000Z
1959,utmb,David SEBBANE,H,48,45-49M,FR,,480,f,Finisher,TRUE,741,651,98,39:50:07,143407,10850,144,25,2025-08-29T15:45:00.000Z
1960,utmb,Shu DIAO,H,41,40-44M,CN,,480,f,Finisher,TRUE,1433,1248,295,45:45:11,164711,17482,144,25,2025-08-29T15:45:00.000Z
1961,utmb,Ryota KIMURA,H,54,50-54M,JP,,479,f,Finisher,TRUE,1427,1244,148,45:43:08,164588,14592,144,25,2025-08-29T15:45:00.000Z
1962,utmb,Michal APOLLO,H,45,40-44M,PL,KMW,478,f,Finisher,TRUE,1293,1137,270,44:55:39,161739,10421,144,25,2025-08-29T15:45:00.000Z
1963,utmb,Sander JORDANS,H,50,45-49M,NL,Trail-weekend - Trailjunkies,478,f,Finisher,TRUE,1602,1391,248,46:31:25,167485,13781,144,25,2025-08-29T15:45:00.000Z
1964,utmb,Tatsuro AOYAMA,H,54,50-54M,JP,NA,476,a,DNF,FALSE,2381,2038,300,12:49:46,43292,2894,8,6,2025-08-29T15:45:00.000Z
1965,utmb,Kyoko OIDE,F,59,55-59W,JP,,478,f,Finisher,TRUE,1152,137,7,43:47:12,157632,12593,144,25,2025-08-29T15:45:00.000Z
1966,utmb,Luke GAHAN,H,37,35-39M,GB,Rhedwyr Hebog,479,f,Finisher,TRUE,1053,924,207,42:46:10,153970,15201,144,25,2025-08-29T15:45:00.000Z
1967,utmb,Carmela VERGURA,F,63,60-64W,IT,ATLETICA CALVESI/TRAIL MOUNTAIN,480,f,Finisher,TRUE,1366,169,2,45:20:09,163209,10493,144,25,2025-08-29T15:45:00.000Z
1968,utmb,Sianti CANDRA,F,38,35-39W,ID,TRC Indonesia,477,f,Finisher,TRUE,1201,142,31,44:17:58,159478,7710,144,25,2025-08-29T15:45:00.000Z
1969,utmb,Mirco MARABINI,H,53,50-54M,IT,,479,f,Finisher,TRUE,1280,1126,132,44:50:00,161400,12618,144,25,2025-08-29T15:45:00.000Z
1970,utmb,Helen SMITH,F,50,45-49W,GB,Bamford Bimblers,479,f,Finisher,TRUE,1205,143,25,44:18:42,159522,14121,144,25,2025-08-29T15:45:00.000Z
1971,utmb,Bakarne ALMAZAN,F,55,50-54W,ES,,478,f,Finisher,TRUE,917,106,8,41:45:55,150355,13581,144,25,2025-08-29T15:45:00.000Z
1972,utmb,Matt CLAYDON,H,44,40-44M,GB,Town and Country Harriers,476,f,Finisher,TRUE,1436,1251,296,45:46:01,164761,13375,144,25,2025-08-29T15:45:00.000Z
1973,utmb,Cédric DARACTZ,H,43,40-44M,FR,Lacets défaits,478,f,Finisher,TRUE,1314,1155,275,45:04:40,162280,13877,144,25,2025-08-29T15:45:00.000Z
1974,utmb,Wai Kuen KEUNG,H,40,35-39M,HK,R33,477,f,Finisher,TRUE,1376,1206,244,45:21:58,163318,14290,144,25,2025-08-29T15:45:00.000Z
1975,utmb,Jihoon KIM,H,41,40-44M,KR,,478,a,DNF,FALSE,1730,1496,335,37:51:03,132472,11555,31,20,2025-08-29T15:45:00.000Z
1976,utmb,Maximilien GUEROUT,H,42,40-44M,FR,Team ého,478,f,Finisher,TRUE,1603,1392,316,46:31:55,167515,11993,144,25,2025-08-29T15:45:00.000Z
1977,utmb,Brandon BARNES,H,43,40-44M,US,Oly Trailrunners,478,hd,DNF,FALSE,2247,1929,424,16:08:10,58090,NA,11,6,2025-08-29T15:45:00.000Z
1978,utmb,Nathan MARTINEZ,H,38,35-39M,FR,corbeil DB triathlon,478,a,DNF,FALSE,2040,1755,314,24:05:45,86745,3997,19,13,2025-08-29T15:45:00.000Z
1979,utmb,Marc MAULAVÉ,H,45,40-44M,FR,Spondy-court,478,f,Finisher,TRUE,1513,1316,305,46:06:08,165968,12327,144,25,2025-08-29T15:45:00.000Z
1980,utmb,Francesco INVERSINI,H,56,55-59M,IT,RUNNERS LEGNAO SSD,478,a,DNF,FALSE,1729,1495,77,37:17:08,123322,30815,31,20,2025-08-29T15:45:00.000Z
1981,utmb,Martin LEROY,H,33,20-34M,FR,,478,f,Finisher,TRUE,1199,1058,247,44:17:23,159443,8320,144,25,2025-08-29T15:45:00.000Z
1982,utmb,Dylan MORRIS,H,39,35-39M,GB,,476,f,Finisher,TRUE,686,603,149,39:16:07,141367,16202,144,25,2025-08-29T15:45:00.000Z
1983,utmb,Etsuko SUGATA,F,61,60-64W,JP,Tomo’spit,477,a,DNF,FALSE,1703,229,5,40:08:14,144494,8262,33,21,2025-08-29T15:45:00.000Z
1984,utmb,David TICKELL,H,52,50-54M,AU,,477,f,Finisher,TRUE,1115,981,101,43:24:06,156246,15352,144,25,2025-08-29T15:45:00.000Z
1985,utmb,Barbara COLLET,F,49,45-49W,CH,,477,f,Finisher,TRUE,1598,210,43,46:30:22,167422,8673,144,24,2025-08-29T15:45:00.000Z
1986,utmb,Stéphane MÉRAT,H,57,55-59M,FR,,477,f,Finisher,TRUE,1338,1176,46,45:12:06,162726,13344,144,25,2025-08-29T15:45:00.000Z
1987,utmb,Xiaoan WENG,H,45,40-44M,AU,,477,a,DNF,FALSE,1975,1699,378,23:47:27,85229,2492,20,15,2025-08-29T15:45:00.000Z
1988,utmb,Nicolas THÉVENIN,H,53,50-54M,FR,INDESTRUCTEAM,475,hd,DNF,FALSE,1998,1720,243,24:30:29,88229,2764,20,14,2025-08-29T15:45:00.000Z
1989,utmb,Maciej ROGOCZ,H,49,45-49M,PL,Rogasie z Doliny Roztoki,477,a,DNF,FALSE,2327,1995,342,11:34:22,41662,NA,8,6,2025-08-29T15:45:00.000Z
1990,utmb,Thomas BOSC,H,40,35-39M,FR,CRC TEAM BARJOTS,481,f,Finisher,TRUE,1507,1310,257,46:04:52,165892,19808,144,25,2025-08-29T15:45:00.000Z
1991,utmb,Daniel CASTRO NARVAEZ,H,56,55-59M,ES,Independiente,477,f,Finisher,TRUE,1019,896,23,42:29:38,152978,12034,144,25,2025-08-29T15:45:00.000Z
1992,utmb,Davide CEOLIN,H,43,40-44M,IT,,477,a,DNF,FALSE,2199,1893,417,18:17:51,65871,1962,13,10,2025-08-29T15:45:00.000Z
1993,utmb,Franco SORIANO,H,55,50-54M,US,Pinoy Runners NorCal,477,hd,DNF,FALSE,2037,1753,255,25:33:18,91998,2129,20,15,2025-08-29T15:45:00.000Z
1994,utmb,Julien MAITRE,H,41,40-44M,FR,Cyllene ITS,477,f,Finisher,TRUE,1192,1051,246,44:11:46,160906,23951,144,25,2025-08-29T15:45:00.000Z
1995,utmb,Henry Stephen GROSS,H,46,45-49M,US,Run PA,476,f,Finisher,TRUE,1500,1304,227,46:03:52,165832,20513,144,25,2025-08-29T15:45:00.000Z
1996,utmb,Aleksandr STAPRANS,H,34,20-34M,US,,436,f,Finisher,TRUE,913,808,214,41:44:16,150256,11613,144,25,2025-08-29T15:45:00.000Z
1997,utmb,Julien THIBAULT-LIGER,H,55,50-54M,FR,RWF,476,f,Finisher,TRUE,1271,1117,130,44:48:05,161285,18459,144,25,2025-08-29T15:45:00.000Z
1998,utmb,Nina SWEANEY,F,50,45-49W,AU,,476,f,Finisher,TRUE,1319,160,31,45:07:20,162440,9562,144,25,2025-08-29T15:45:00.000Z
1999,utmb,Himagiri MUKKAMALA,H,53,50-54M,US,SoB,476,a,DNF,FALSE,2211,1899,280,18:58:05,68285,887,13,9,2025-08-29T15:45:00.000Z
2000,utmb,Freddy SERVEAUX,H,54,50-54M,FR,,476,a,DNF,FALSE,1781,1540,208,31:20:53,107679,11999,27,18,2025-08-29T15:45:00.000Z
2001,utmb,Leonardo ROSSET,H,36,35-39M,CL,basecamp.run,476,f,Finisher,TRUE,616,542,136,38:37:10,139030,13743,144,25,2025-08-29T15:45:00.000Z
2002,utmb,David VODICKA,H,49,45-49M,CZ,,474,f,Finisher,TRUE,1179,1039,172,44:02:58,158578,13868,144,25,2025-08-29T15:45:00.000Z
2003,utmb,Joshua SEROV,H,38,35-39M,AU,,476,a,DNF,FALSE,2305,1975,352,10:49:36,38976,6047,8,6,2025-08-29T15:45:00.000Z
2004,utmb,Serge MIRZABEKIANTZ,H,51,50-54M,BE,Coaching Zone/MoveSep,479,f,Finisher,TRUE,1622,1409,188,46:34:22,167662,13026,144,25,2025-08-29T15:45:00.000Z
2005,utmb,Anton KINGMA,H,49,45-49M,NL,,475,f,Finisher,TRUE,459,405,50,36:28:56,131336,10386,144,25,2025-08-29T15:45:00.000Z
2006,utmb,Stine HEISELBERG,F,51,50-54W,DK,,475,f,Finisher,TRUE,1439,186,18,45:46:37,164797,13769,144,25,2025-08-29T15:45:00.000Z
2007,utmb,Jérôme CHARVET,H,47,45-49M,FR,Décines Meyzieu Athlétisme,475,f,Finisher,TRUE,908,803,116,41:42:20,150140,16233,144,25,2025-08-29T15:45:00.000Z
2008,utmb,Marc LAFLEUR,H,36,35-39M,CA,,475,f,Finisher,TRUE,1307,1149,234,44:59:45,161985,9628,144,25,2025-08-29T15:45:00.000Z
2009,utmb,Toni MATIĆ,H,47,45-49M,HR,,475,f,Finisher,TRUE,1246,1096,184,44:36:05,160565,15574,144,25,2025-08-29T15:45:00.000Z
2010,utmb,Asia MENCI,F,25,20-34W,IT,Podistica Il Campino / ASICS Frontrunner Italia,475,f,Finisher,TRUE,1552,201,45,46:19:03,166743,10382,144,25,2025-08-29T15:45:00.000Z
2011,utmb,Pier Francesco NUZZI,H,59,55-59M,IT,Circolo Canottieri Aniene,475,a,DNF,FALSE,1902,1635,92,29:10:11,104104,3739,24,16,2025-08-29T15:45:00.000Z
2013,utmb,Valeria CIARELLI,F,41,40-44W,IT,,475,f,Finisher,TRUE,1466,191,44,45:53:32,165212,16190,144,25,2025-08-29T15:45:00.000Z
2014,utmb,Bjørn SJØBERG,H,49,45-49M,DK,,474,f,Finisher,TRUE,1014,893,134,42:27:36,152856,18354,144,25,2025-08-29T15:45:00.000Z
2015,utmb,Yann LIMBOUR,H,56,55-59M,FR,Courir à Fuveau,474,a,DNF,FALSE,2237,1922,112,15:28:17,55697,938,11,7,2025-08-29T15:45:00.000Z
2016,utmb,Matthieu HEBERT,H,56,55-59M,FR,,474,a,DNF,FALSE,2426,2072,124,05:25:59,19559,NA,4,3,2025-08-29T15:45:00.000Z
2017,utmb,Nicolas MAHIETTE,H,47,45-49M,FR,,474,a,DNF,FALSE,1797,1551,270,32:31:48,114159,16476,27,18,2025-08-29T15:45:00.000Z
2018,utmb,Boris DELOCHE,H,41,40-44M,FR,,478,f,Finisher,TRUE,1196,1055,247,44:13:32,159212,9230,144,25,2025-08-29T15:45:00.000Z
2019,utmb,Todd BITTERMAN,H,54,50-54M,US,,440,f,Finisher,TRUE,1132,997,106,43:39:15,157155,11508,144,25,2025-08-29T15:45:00.000Z
2020,utmb,Daniele SANDRI,H,52,50-54M,IT,ASD Magredi Mountain Trail,474,a,DNF,FALSE,1973,1697,237,23:41:26,80604,8662,20,15,2025-08-29T15:45:00.000Z
2021,utmb,Benoit MONTENDRE,H,52,50-54M,FR,,471,np,Other,FALSE,NA,NA,NA,00:00:00,0,NA,NA,0,2025-08-29T15:45:00.000Z
2022,utmb,Maciej JERMAK,H,45,40-44M,PL,ZDROWY PROJEKT,474,d,Other,FALSE,NA,NA,NA,05:18:05,19085,NA,4,3,2025-08-29T15:45:00.000Z
2023,utmb,Fanny GARDYN,F,51,50-54W,FR,,474,f,Finisher,TRUE,1579,207,21,46:25:43,167143,10368,144,25,2025-08-29T15:45:00.000Z
2024,utmb,Yuichi SUMIMOTO,H,46,45-49M,JP,,473,f,Finisher,TRUE,1391,1217,205,45:28:22,163702,12123,144,25,2025-08-29T15:45:00.000Z
2025,utmb,Sam ASCHEBROCK,H,24,20-34M,NZ,,472,f,Finisher,TRUE,914,809,215,41:44:18,150258,13119,144,25,2025-08-29T15:45:00.000Z
2026,utmb,Robert NAYLOR,H,51,50-54M,AU,,473,hd,DNF,FALSE,2016,1737,250,24:40:03,82887,9936,20,15,2025-08-29T15:45:00.000Z
2027,utmb,Piotr WÓJCIK,H,37,35-39M,PL,Żórawski Team,664,f,Finisher,TRUE,1414,1235,248,45:36:23,162383,16326,144,25,2025-08-29T15:45:00.000Z
2028,utmb,Corentin GRAIGNON,H,31,20-34M,FR,KELLUA,473,f,Finisher,TRUE,1367,1198,258,45:20:21,163221,16710,144,25,2025-08-29T15:45:00.000Z
2029,utmb,Rodolphe TURPIN,H,39,35-39M,FR,,473,a,DNF,FALSE,2133,1836,333,17:27:16,62836,727,14,11,2025-08-29T15:45:00.000Z
2030,utmb,Ka Kit LEUNG,H,45,40-44M,HK,,473,a,DNF,FALSE,1889,1623,364,28:33:06,102202,5676,24,17,2025-08-29T15:45:00.000Z
2031,utmb,Elliot BOUR,H,34,20-34M,FR,Falicoun Trail Plaisir / MAIOUNETA ON TOUR,473,f,Finisher,TRUE,1023,900,225,42:32:07,153127,13775,144,25,2025-08-29T15:45:00.000Z
2032,utmb,Thomas GRUHL,H,36,35-39M,DE,Frontier,470,f,Finisher,TRUE,1412,1233,247,45:35:56,164156,15516,144,25,2025-08-29T15:45:00.000Z
2033,utmb,Armand BOSCHIN,H,32,20-34M,FR,SAM Paris 12,472,f,Finisher,TRUE,788,694,195,40:19:58,145198,15100,144,25,2025-08-29T15:45:00.000Z
2034,utmb,Marion BACHELERIE,F,36,35-39W,FR,Raiders2000,472,f,Finisher,TRUE,499,61,16,37:00:10,133210,10067,144,25,2025-08-29T15:45:00.000Z
2035,utmb,Sebastien RUSSIER,H,47,45-49M,FR,,472,f,Finisher,TRUE,1329,1168,196,45:08:57,162537,9157,144,25,2025-08-29T15:45:00.000Z
2036,utmb,Moon Hwan KIM,H,49,45-49M,KR,PRRC/Privatetrail,472,f,Finisher,TRUE,1138,1003,161,43:42:02,157322,13986,144,25,2025-08-29T15:45:00.000Z
2037,utmb,Leoš NAVRÁTIL,H,32,20-34M,CZ,,472,f,Finisher,TRUE,1461,1271,266,45:52:35,165155,17383,144,25,2025-08-29T15:45:00.000Z
2038,utmb,Jean-Baptiste HENRY,H,53,50-54M,FR,AS Orange Cesson,470,f,Finisher,TRUE,1610,1398,185,46:33:14,167594,22840,144,25,2025-08-29T15:45:00.000Z
2039,utmb,Sebastien MESNIER,H,41,40-44M,FR,ROCCOS CLUB,472,f,Finisher,TRUE,932,822,191,41:52:37,150757,13456,144,25,2025-08-29T15:45:00.000Z
2040,utmb,Fatih TOSUN,H,66,65-69M,TR,,456,hd,DNF,FALSE,1670,1448,5,45:11:25,162685,5481,44,24,2025-08-29T15:45:00.000Z
2041,utmb,Thierry CALVEZ,H,55,50-54M,FR,TrailXBeer,472,f,Finisher,TRUE,1542,1343,169,46:15:52,166552,22823,144,25,2025-08-29T15:45:00.000Z
2042,utmb,Susanna RIMAN,F,49,45-49W,SE,BESC,472,a,DNF,FALSE,2164,300,59,19:05:04,68704,2189,14,11,2025-08-29T15:45:00.000Z
2043,utmb,Michal WOJEWODA,H,52,50-54M,PL,KAZIKI,472,a,DNF,FALSE,2333,1999,289,11:35:35,41735,NA,8,6,2025-08-29T15:45:00.000Z
2044,utmb,Chunmei LI,F,50,45-49W,CN,Kunyueye,472,f,Finisher,TRUE,1340,163,33,45:12:38,162758,7793,144,25,2025-08-29T15:45:00.000Z
2045,utmb,Nicolas GUILHERMET,H,41,40-44M,FR,,472,f,Finisher,TRUE,1046,919,222,42:42:08,153728,17079,144,25,2025-08-29T15:45:00.000Z
2046,utmb,Hongbin FU,H,46,45-49M,CN,,472,a,DNF,FALSE,1879,1616,280,28:07:40,99598,7912,24,17,2025-08-29T15:45:00.000Z
2047,utmb,Damien SERRANO Y JIMENEZ,H,42,40-44M,FR,,471,hd,DNF,FALSE,1987,1710,383,24:20:36,85009,8652,20,15,2025-08-29T15:45:00.000Z
2048,utmb,Nga Yuk LIN,F,34,20-34W,HK,Take It Slow,471,a,DNF,FALSE,2324,332,63,11:32:47,41567,NA,8,6,2025-08-29T15:45:00.000Z
2049,utmb,Chak Wah SIU,H,45,40-44M,HK,,471,f,Finisher,TRUE,1018,895,216,42:29:01,152941,14807,144,25,2025-08-29T15:45:00.000Z
2050,utmb,Dhrubajyoti GUHA,H,47,45-49M,IN,KLUGSTER CONSULTING GmbH,471,f,Finisher,TRUE,1393,1218,206,45:28:41,163721,21552,144,25,2025-08-29T15:45:00.000Z
2051,utmb,Chu Keng SEOW,H,43,40-44M,MY,T.H.A.M.,471,f,Finisher,TRUE,1521,1323,306,46:07:58,166078,16152,144,25,2025-08-29T15:45:00.000Z
2052,utmb,Pierre LEBLANC,H,45,40-44M,FR,,471,f,Finisher,TRUE,870,769,175,41:10:52,148252,19653,144,25,2025-08-29T15:45:00.000Z
2053,utmb,Mike SMITH,H,69,65-69M,US,,470,f,Finisher,TRUE,1518,1321,4,46:07:45,166065,7856,144,25,2025-08-29T15:45:00.000Z
2054,utmb,Eric DA CUNHA,H,48,45-49M,FR,,469,a,DNF,FALSE,2421,2068,354,05:11:20,18680,NA,4,3,2025-08-29T15:45:00.000Z
2055,utmb,Ketevan SAMSONADZE,F,35,20-34W,GE,No Club,469,f,Finisher,TRUE,922,108,32,41:48:24,150504,12425,144,25,2025-08-29T15:45:00.000Z
2056,utmb,Yoshiaki TOTOKI,H,48,45-49M,JP,,468,f,Finisher,TRUE,1369,1200,203,45:20:43,163243,12972,144,25,2025-08-29T15:45:00.000Z
2057,utmb,Oliver DAVIES,H,36,35-39M,GB,Dolphin Coast Striders,469,a,DNF,FALSE,2308,1978,353,10:57:11,39431,NA,8,6,2025-08-29T15:45:00.000Z
2058,utmb,Pablo MACHUCA JANINI,H,55,50-54M,ES,,470,f,Finisher,TRUE,1547,1347,170,46:17:57,166677,10931,144,25,2025-08-29T15:45:00.000Z
2059,utmb,Renata SKERSYTE,F,45,40-44W,LT,,468,a,DNF,FALSE,1682,224,52,40:21:18,142177,11961,35,23,2025-08-29T15:45:00.000Z
2060,utmb,Paul-Antoine RUPP,H,62,60-64M,FR,,468,f,Finisher,TRUE,1655,1436,32,46:43:40,168220,10744,144,25,2025-08-29T15:45:00.000Z
2061,utmb,Hui WANG,F,57,55-59W,CN,,468,a,DNF,FALSE,2386,344,27,13:06:50,41696,5514,8,6,2025-08-29T15:45:00.000Z
2063,utmb,Guanqing ZHANG,H,42,40-44M,CN,,468,f,Finisher,TRUE,1304,1146,272,44:58:45,161925,13121,144,24,2025-08-29T15:45:00.000Z
2064,utmb,Ronan TILLY,H,43,40-44M,FR,,468,f,Finisher,TRUE,1267,1114,263,44:44:30,161070,19261,144,25,2025-08-29T15:45:00.000Z
2065,utmb,Matthew VAHEY,H,55,50-54M,US,,447,a,DNF,FALSE,2430,2076,307,05:30:49,19849,NA,4,3,2025-08-29T15:45:00.000Z
2066,utmb,Vasas LEVENTE,H,45,40-44M,HU,,468,f,Finisher,TRUE,1291,1136,269,44:54:58,161698,17121,144,25,2025-08-29T15:45:00.000Z
2067,utmb,Sylvain BOUSSAGUET,H,40,35-39M,FR,,468,f,Finisher,TRUE,1603,1392,264,46:31:55,167515,12859,144,25,2025-08-29T15:45:00.000Z
2068,utmb,Bruno COMBRET,H,61,60-64M,FR,,468,f,Finisher,TRUE,1443,1257,22,45:47:08,164828,11948,144,25,2025-08-29T15:45:00.000Z
2069,utmb,Bruno HENRIC,H,44,40-44M,FR,,467,f,Finisher,TRUE,1262,1109,262,44:40:39,160839,11674,144,25,2025-08-29T15:45:00.000Z
2070,utmb,Sonny NYBERG,H,40,35-39M,SE,Team Nyberg,451,a,DNF,FALSE,1693,1468,275,42:51:51,154311,4430,34,21,2025-08-29T15:45:00.000Z
2071,utmb,Terry PARADELLIS,H,49,45-49M,BE,Grand Besançon Trail Académie,468,f,Finisher,TRUE,1624,1411,251,46:35:18,167718,13866,144,24,2025-08-29T15:45:00.000Z
2072,utmb,Jerome GUHL,H,47,45-49M,CH,,468,f,Finisher,TRUE,1040,915,141,42:38:06,153486,15412,144,24,2025-08-29T15:45:00.000Z
2073,utmb,Nathan BUCHANAN,H,37,35-39M,US,,468,f,Finisher,TRUE,737,648,161,39:47:01,143221,10027,144,25,2025-08-29T15:45:00.000Z
2074,utmb,Arnaud MAIGNAL,H,44,40-44M,FR,,468,a,DNF,FALSE,2243,1926,422,16:03:53,56620,2848,11,7,2025-08-29T15:45:00.000Z
2075,utmb,Benjamin HROVAT,H,42,40-44M,FR,,467,a,DNF,FALSE,2177,1874,412,19:21:08,69668,2814,14,10,2025-08-29T15:45:00.000Z
2076,utmb,Sébastien TROUTOT,H,50,45-49M,CH,Team Glâne - Entremont,467,f,Finisher,TRUE,1549,1349,239,46:18:24,166704,12399,144,25,2025-08-29T15:45:00.000Z
2077,utmb,Fabio SALMISTRARO,H,35,20-34M,FR,Run For Dogs / Golden Goat / Tahitian Bro',467,a,DNF,FALSE,1908,1640,325,29:13:41,103900,6194,24,17,2025-08-29T15:45:00.000Z
2078,utmb,Frederic DESEMERY,H,49,45-49M,FR,The crew,467,f,Finisher,TRUE,1419,1240,215,45:40:13,164413,19356,144,25,2025-08-29T15:45:00.000Z
2079,utmb,Rebecca CROOK,F,38,35-39W,US,,465,a,DNF,FALSE,1782,242,44,31:23:10,112990,7507,27,18,2025-08-29T15:45:00.000Z
2080,utmb,Luciana ALVES BATISTA,F,43,40-44W,BR,Trangoworld,466,a,DNF,FALSE,1934,270,60,25:34:23,92063,6497,22,15,2025-08-29T15:45:00.000Z
2081,utmb,Huanyuan SHENG,H,51,50-54M,US,,466,a,DNF,FALSE,1818,1567,211,33:41:01,117348,9716,27,18,2025-08-29T15:45:00.000Z
2082,utmb,Ryosuke TSUDA,H,53,50-54M,JP,,466,f,Finisher,TRUE,1559,1356,176,46:20:01,166801,14408,144,25,2025-08-29T15:45:00.000Z
2083,utmb,Vladimir ZARKOV,H,57,55-59M,BG,,466,f,Finisher,TRUE,1076,944,28,42:55:31,154531,7771,144,25,2025-08-29T15:45:00.000Z
2084,utmb,Gustav HULTQVIST,H,27,20-34M,SE,,466,a,DNF,FALSE,1791,1547,306,32:13:49,108989,14397,27,18,2025-08-29T15:45:00.000Z
2085,utmb,Ruiyi YANG,F,35,20-34W,CN,Running in the Dark,466,f,Finisher,TRUE,1374,170,42,45:21:39,163299,9201,144,25,2025-08-29T15:45:00.000Z
2086,utmb,Seng Chiew CHEONG,H,39,35-39M,MY,T.H.A.M,464,a,DNF,FALSE,2351,2014,361,11:54:43,42883,NA,8,6,2025-08-29T15:45:00.000Z
2087,utmb,Brice DE BOO,H,39,35-39M,NL,,466,a,DNF,FALSE,1898,1631,306,28:55:43,103763,8262,24,17,2025-08-29T15:45:00.000Z
2088,utmb,Jeremy DI DOMENICO,H,51,50-54M,FR,,465,a,DNF,FALSE,2011,1732,248,24:39:17,84366,9329,20,14,2025-08-29T15:45:00.000Z
2089,utmb,David Andres ROBLES LEAL,H,41,40-44M,CO,Ninguno,463,a,DNF,FALSE,2193,1887,414,17:44:51,63891,1121,13,10,2025-08-29T15:45:00.000Z
2090,utmb,Janis ANDERSONS,H,50,45-49M,LV,Ultrabārda76,461,a,DNF,FALSE,2137,1840,315,17:48:18,64098,4318,14,11,2025-08-29T15:45:00.000Z
2091,utmb,Yulia VENICHENKO,F,35,20-34W,FR,,441,a,DNF,FALSE,2424,354,68,05:24:22,19462,NA,4,3,2025-08-29T15:45:00.000Z
2092,utmb,Zhihao SHI,H,63,60-64M,CN,sen lan,465,a,DNF,FALSE,1675,1453,33,41:07:45,148065,9399,35,23,2025-08-29T15:45:00.000Z
2093,utmb,Jerome BOUTRY,H,52,50-54M,FR,TrailXbeers,465,f,Finisher,TRUE,1066,935,94,42:50:28,154228,20099,144,25,2025-08-29T15:45:00.000Z
2094,utmb,Clare PROUDFOOT,F,45,40-44W,GB,Basel dragons,426,a,DNF,FALSE,2180,304,66,19:26:56,70016,716,14,10,2025-08-29T15:45:00.000Z
2095,utmb,Glen BROWNE,H,53,50-54M,NZ,,464,f,Finisher,TRUE,1139,1004,108,43:42:26,157346,11708,144,25,2025-08-29T15:45:00.000Z
2096,utmb,Olivier LE BIHAN,H,63,60-64M,FR,,464,a,DNF,FALSE,1891,1625,41,28:34:06,101994,6989,24,17,2025-08-29T15:45:00.000Z
2097,utmb,Jay RICHARD,H,49,45-49M,FR,,464,hd,DNF,FALSE,2435,2080,357,05:37:38,20258,NA,4,3,2025-08-29T15:45:00.000Z
2098,utmb,Souichi OHMURA,H,44,40-44M,JP,,462,f,Finisher,TRUE,1623,1410,321,46:34:51,167691,8233,144,25,2025-08-29T15:45:00.000Z
2099,utmb,Patrice GRAVELEAU,H,53,50-54M,FR,Nono's Team,464,f,Finisher,TRUE,1027,903,92,42:34:26,153266,18830,144,25,2025-08-29T15:45:00.000Z
2100,utmb,Frédéric DAPRA,H,55,50-54M,FR,,464,a,DNF,FALSE,2168,1868,275,19:12:44,69164,188,14,10,2025-08-29T15:45:00.000Z
2101,utmb,Salliann POWELL,F,56,55-59W,AU,,464,a,DNF,FALSE,2390,346,28,10:42:52,38572,NA,7,5,2025-08-29T15:45:00.000Z
2102,utmb,Weican ZHANG,H,52,50-54M,CN,,464,a,DNF,FALSE,2382,2039,301,13:02:41,46923,38,8,6,2025-08-29T15:45:00.000Z
2103,utmb,Sonia BOUAICHA,F,44,40-44W,DZ,,463,f,Finisher,TRUE,1404,178,38,45:34:53,164093,13697,144,25,2025-08-29T15:45:00.000Z
2104,utmb,Tsuyoshi KANEKO,H,40,35-39M,JP,,463,f,Finisher,TRUE,1662,1442,270,46:55:05,168905,15308,144,25,2025-08-29T15:45:00.000Z
2105,utmb,Laurent SALVI,H,48,45-49M,FR,,458,f,Finisher,TRUE,1283,1129,190,44:52:02,161522,11021,144,25,2025-08-29T15:45:00.000Z
2106,utmb,Yuchen ZHANG,F,50,45-49W,CN,HuoHuo,463,a,DNF,FALSE,1785,243,45,31:47:20,114440,5194,27,18,2025-08-29T15:45:00.000Z
2107,utmb,Yutaka TAKAHASHI,H,61,60-64M,JP,,463,f,Finisher,TRUE,1587,1379,29,46:27:57,167277,12840,144,25,2025-08-29T15:45:00.000Z
2108,utmb,Enrique FEY,H,61,60-64M,AR,THE BLACK TEAM,463,np,Other,FALSE,NA,NA,NA,00:00:00,0,NA,NA,0,2025-08-29T15:45:00.000Z
2109,utmb,Romuald DORY,H,52,50-54M,FR,Tawny & Zig-Zag,463,f,Finisher,TRUE,1556,1353,174,46:19:43,166783,11316,144,25,2025-08-29T15:45:00.000Z
2110,utmb,Wei CAI,H,58,55-59M,CN,cbn,466,a,DNF,FALSE,2007,1728,98,24:39:02,83485,9720,20,15,2025-08-29T15:45:00.000Z
2111,utmb,Trimech WALID,H,48,45-49M,TN,run in khniss,463,f,Finisher,TRUE,1593,1384,246,46:29:27,167367,12507,144,25,2025-08-29T15:45:00.000Z
2112,utmb,Max NAUGHTON,H,44,40-44M,GB,,463,f,Finisher,TRUE,1218,1073,251,44:25:02,159902,7462,144,25,2025-08-29T15:45:00.000Z
2113,utmb,Guillaume BRENIER,H,40,35-39M,FR,,462,f,Finisher,TRUE,973,856,196,42:11:05,151865,17801,144,25,2025-08-29T15:45:00.000Z
2114,utmb,Benoit FELLMANN,H,44,40-44M,FR,RWF,462,f,Finisher,TRUE,924,816,190,41:49:00,150540,11091,144,25,2025-08-29T15:45:00.000Z
2115,utmb,Jean-Louis BOUVIER,H,71,70-74M,FR,HAUT GIFFRE TRAIL TEAM,462,a,DNF,FALSE,1990,1713,2,24:24:06,87159,4338,20,14,2025-08-29T15:45:00.000Z
2116,utmb,Jim EKSTROEM,H,36,35-39M,SE,Copperpathrunners,462,a,DNF,FALSE,2151,1853,335,18:33:59,66839,1424,14,11,2025-08-29T15:45:00.000Z
2117,utmb,Klaas VAN GEIJN,H,47,45-49M,NL,,462,f,Finisher,TRUE,909,804,117,41:42:34,150154,14619,144,25,2025-08-29T15:45:00.000Z
2118,utmb,Roberto VIGANI,H,59,55-59M,IT,Atletica Villongo,460,f,Finisher,TRUE,1313,1154,44,45:03:34,162214,12249,144,25,2025-08-29T15:45:00.000Z
2119,utmb,Tom KRAJNA,H,68,65-69M,US,K-Team,462,a,DNF,FALSE,2142,1845,7,18:10:08,65408,1526,14,11,2025-08-29T15:45:00.000Z
2120,utmb,Jesse LIBBY,H,43,40-44M,US,,463,f,Finisher,TRUE,1321,1160,277,45:08:15,162495,21666,144,25,2025-08-29T15:45:00.000Z
2121,utmb,Christophe HOFFMANN,H,46,45-49M,FR,UTVB,462,a,DNF,FALSE,2429,2075,356,05:30:34,19834,NA,4,3,2025-08-29T15:45:00.000Z
2122,utmb,Michelle M HO,F,45,40-44W,US,,461,f,Finisher,TRUE,1489,194,45,46:00:43,165643,7955,144,25,2025-08-29T15:45:00.000Z
2124,utmb,Tony ROUCHE,H,54,50-54M,FR,,458,a,DNF,FALSE,2239,1924,282,15:30:11,53475,3453,11,8,2025-08-29T15:45:00.000Z
2125,utmb,Jabes TENORIO,H,62,60-64M,BR,Predadores Ulta Team,460,f,Finisher,TRUE,1187,1046,10,44:09:13,158953,17383,144,25,2025-08-29T15:45:00.000Z
2126,utmb,Belinda STRID,F,52,50-54W,VU,,461,a,DNF,FALSE,2208,311,32,18:47:33,67653,1230,13,9,2025-08-29T15:45:00.000Z
2127,utmb,Masaru KOJIMA,H,58,55-59M,JP,,461,a,DNF,FALSE,1822,1569,86,33:43:41,120594,6303,27,18,2025-08-29T15:45:00.000Z
2128,utmb,Anran REN,F,38,35-39W,CN,,461,hd,DNF,FALSE,2030,283,50,25:10:24,90624,3788,20,15,2025-08-29T15:45:00.000Z
2129,utmb,Kaori TAKAI,F,57,55-59W,JP,Urban Athletics NYC,461,hd,DNF,FALSE,1997,278,22,24:30:01,88136,5826,20,15,2025-08-29T15:45:00.000Z
2130,utmb,Fabiano PETRONI,H,47,45-49M,NZ,Tailwind Nutrition NZ,461,a,DNF,FALSE,2444,2088,361,05:52:07,21127,NA,4,3,2025-08-29T15:45:00.000Z
2131,utmb,Marek POLACH,H,33,20-34M,CZ,SmartMoveUp3,461,f,Finisher,TRUE,1389,1215,261,45:27:11,163631,9748,144,24,2025-08-29T15:45:00.000Z
2132,utmb,Antonio JIMENEZ,H,46,45-49M,ES,,461,f,Finisher,TRUE,1331,1170,197,45:09:05,162545,12996,144,25,2025-08-29T15:45:00.000Z
2133,utmb,Chung Yuan CHEN,H,47,45-49M,TW,熱血玩咖,461,hd,DNF,FALSE,2033,1750,299,25:24:26,91466,4492,20,14,2025-08-29T15:45:00.000Z
2134,utmb,James JOBLING,H,29,20-34M,GB,,461,f,Finisher,TRUE,717,631,180,39:36:53,142613,12351,144,25,2025-08-29T15:45:00.000Z
2135,utmb,Jack PARKER,H,31,20-34M,GB,,461,f,Finisher,TRUE,1106,972,232,43:15:54,155754,14191,144,24,2025-08-29T15:45:00.000Z
2136,utmb,Maciej KUŁACH,H,61,60-64M,PL,Misia Chata Zakopane,460,f,Finisher,TRUE,1200,1059,11,44:17:52,159472,8335,144,25,2025-08-29T15:45:00.000Z
2137,utmb,Vicky OSWALD,F,62,60-64W,US,BARF,460,np,Other,FALSE,NA,NA,NA,00:00:00,0,NA,NA,0,2025-08-29T15:45:00.000Z
2138,utmb,Philippe BOBIN,H,58,55-59M,FR,,460,f,Finisher,TRUE,1443,1257,56,45:47:08,164828,15000,144,25,2025-08-29T15:45:00.000Z
2139,utmb,Jean-Eric PACINI,H,57,55-59M,FR,,442,f,Finisher,TRUE,886,783,20,41:29:28,149368,14946,144,25,2025-08-29T15:45:00.000Z
2140,utmb,Bruno NICEY,H,45,40-44M,FR,021032 - Asptt Dijon Athletisme,460,f,Finisher,TRUE,1276,1122,266,44:49:20,161360,14625,144,25,2025-08-29T15:45:00.000Z
2141,utmb,Pauline JUDEL,F,29,20-34W,FR,,460,f,Finisher,TRUE,1247,151,41,44:36:06,160566,17739,144,25,2025-08-29T15:45:00.000Z
2142,utmb,Daryll NAIDU,H,55,50-54M,CA,,459,a,DNF,FALSE,1910,1642,221,29:13:52,104915,4162,24,17,2025-08-29T15:45:00.000Z
2143,utmb,Shunwu ZHANG,H,57,55-59M,CN,,460,a,DNF,FALSE,2182,1878,109,19:45:00,71100,214,14,10,2025-08-29T15:45:00.000Z
2144,utmb,Jonghee HONG,H,66,65-69M,KR,Team Korea,460,a,DNF,FALSE,2399,2049,17,08:21:44,29374,730,6,4,2025-08-29T15:45:00.000Z
2145,utmb,Grégoire SERVAJEAN-HILST,H,47,45-49M,FR,,460,f,Finisher,TRUE,1114,980,158,43:23:10,156190,19441,144,25,2025-08-29T15:45:00.000Z
2146,utmb,Jan NOUWENS,H,62,60-64M,NL,,460,f,Finisher,TRUE,1560,1357,26,46:20:40,166840,14513,144,25,2025-08-29T15:45:00.000Z
2147,utmb,Jason FOGAROS,H,50,45-49M,US,,459,f,Finisher,TRUE,1315,1156,194,45:04:50,162290,9208,144,25,2025-08-29T15:45:00.000Z
2148,utmb,Yoshie YABU,F,58,55-59W,US,3P,459,a,DNF,FALSE,1795,245,19,32:26:37,111766,10899,27,18,2025-08-29T15:45:00.000Z
2150,utmb,Frédéric GATTEPAILLE,H,50,45-49M,FR,La l'Egrays Club,459,f,Finisher,TRUE,1010,890,132,42:24:28,152668,14121,144,25,2025-08-29T15:45:00.000Z
2151,utmb,Ludwig GOUT,H,54,50-54M,FR,,430,f,Finisher,TRUE,1534,1335,168,46:13:25,166405,7416,144,25,2025-08-29T15:45:00.000Z
2152,utmb,François LASSERRE,H,54,50-54M,FR,,459,a,DNF,FALSE,1979,1703,240,24:06:31,84494,7463,20,15,2025-08-29T15:45:00.000Z
2153,utmb,Eisuke OOKA,H,57,55-59M,JP,,459,a,DNF,FALSE,1802,1555,84,32:43:59,117695,11670,27,18,2025-08-29T15:45:00.000Z
2154,utmb,William JARA,H,38,35-39M,US,,459,a,DNF,FALSE,1806,1559,296,32:44:31,116540,3378,27,18,2025-08-29T15:45:00.000Z
2155,utmb,Min XU,F,57,55-59W,CN,Flamingo,459,a,DNF,FALSE,2451,358,29,06:00:57,21657,NA,4,3,2025-08-29T15:45:00.000Z
2156,utmb,Jean GALPIN,H,35,20-34M,FR,,466,a,DNF,FALSE,1904,1637,324,29:12:29,103754,7434,24,17,2025-08-29T15:45:00.000Z
2157,utmb,Michiko SHIBATA,F,55,50-54W,JP,Tomo’sPit,460,a,DNF,FALSE,1796,246,25,32:31:36,115223,6510,27,18,2025-08-29T15:45:00.000Z
2158,utmb,Tatsuya KONOSHITA,H,54,50-54M,JP,Luc+/Asukano,458,a,DNF,FALSE,2457,2099,310,06:05:34,21934,NA,4,3,2025-08-29T15:45:00.000Z
2159,utmb,Stuart HILL,H,50,45-49M,GB,Bath Bats,458,f,Finisher,TRUE,1221,1076,181,44:26:04,159964,12239,144,25,2025-08-29T15:45:00.000Z
2160,utmb,Stefano CALVI,H,68,65-69M,IT,Atletica Iriense Voghera,458,a,DNF,FALSE,2436,2081,18,05:40:06,20406,NA,4,3,2025-08-29T15:45:00.000Z
2161,utmb,Ying NIE,F,39,35-39W,CN,,458,a,DNF,FALSE,1679,223,37,41:28:25,149305,9625,35,23,2025-08-29T15:45:00.000Z
2162,utmb,Ludovic TABUTAUD,H,51,50-54M,FR,,458,f,Finisher,TRUE,954,842,78,42:05:00,151500,11169,144,25,2025-08-29T15:45:00.000Z
2163,utmb,Sébastien JOUTEUX,H,47,45-49M,FR,CAM Vallée du Cher,458,a,DNF,FALSE,2155,1856,319,18:42:27,67347,1377,14,11,2025-08-29T15:45:00.000Z
2165,utmb,Wil MEERSHOEK,H,62,60-64M,NL,,458,a,DNF,FALSE,1869,1607,40,26:37:33,95853,10110,24,17,2025-08-29T15:45:00.000Z
2166,utmb,Xavi RAMIREZ ABELLA,H,48,45-49M,AD,C.E.SANLÒRIA,458,f,Finisher,TRUE,1550,1350,240,46:18:31,166711,11778,144,24,2025-08-29T15:45:00.000Z
2167,utmb,Jess CRUTCHLEY,F,42,40-44W,GB,DAV Flinkfüßer,458,np,Other,FALSE,NA,NA,NA,00:00:00,0,NA,NA,0,2025-08-29T15:45:00.000Z
2168,utmb,Milton GONZALEZ,H,52,50-54M,MX,TEAM GAYOSSO,455,f,Finisher,TRUE,1523,1325,164,46:08:46,166126,12477,144,24,2025-08-29T15:45:00.000Z
2169,utmb,Cheung Wah Boron CHENG,H,58,55-59M,HK,Crazy Running Club,458,f,Finisher,TRUE,1529,1331,62,46:10:35,166235,14348,144,25,2025-08-29T15:45:00.000Z
2170,utmb,Mgcini MASUKU,H,55,50-54M,ZW,,457,a,DNF,FALSE,1801,1554,209,32:43:33,117615,4388,27,17,2025-08-29T15:45:00.000Z
2171,utmb,Timothy HUNT,H,39,35-39M,GB,,458,hd,DNF,FALSE,2251,1933,347,16:14:10,58450,1759,11,7,2025-08-29T15:45:00.000Z
2172,utmb,Ayako MURASE,F,63,60-64W,JP,,458,hd,DNF,FALSE,2244,318,10,16:06:11,57971,2619,11,8,2025-08-29T15:45:00.000Z
2173,utmb,Stefano CASSIS,H,65,60-64M,IT,Atletica Vigevano,458,a,DNF,FALSE,2150,1852,48,18:29:14,66554,745,14,11,2025-08-29T15:45:00.000Z
2174,utmb,Haiyan JIA,H,58,55-59M,US,BURN,438,f,Finisher,TRUE,866,766,17,41:06:49,148009,8659,144,25,2025-08-29T15:45:00.000Z
2175,utmb,Wataru MASUDA,H,32,20-34M,JP,TEAM OSADA,457,f,Finisher,TRUE,1145,1010,238,43:45:26,157526,9844,144,25,2025-08-29T15:45:00.000Z
2176,utmb,Richard WARD,H,59,55-59M,US,,457,f,Finisher,TRUE,1119,985,31,43:29:06,156546,11146,144,25,2025-08-29T15:45:00.000Z
2177,utmb,Bruno GILLARDIN,H,51,50-54M,BE,,455,np,Other,FALSE,NA,NA,NA,00:00:00,0,NA,NA,0,2025-08-29T15:45:00.000Z
2178,utmb,Ngoc NGUYEN THI BICH,F,32,20-34W,VN,RUNZONE,457,f,Finisher,TRUE,1590,209,48,46:28:26,167306,16159,144,25,2025-08-29T15:45:00.000Z
2179,utmb,Manuel HARTL,H,47,45-49M,DE,twb2l.de,457,a,DNF,FALSE,2130,1833,314,17:22:58,62578,892,14,11,2025-08-29T15:45:00.000Z
2180,utmb,Yaroslav BUZKO,H,44,40-44M,US,,457,np,Other,FALSE,NA,NA,NA,00:00:00,0,NA,NA,0,2025-08-29T15:45:00.000Z
2181,utmb,Jean Baptiste MULLIE,H,36,35-39M,FR,,457,a,DNF,FALSE,1896,1629,305,28:46:21,103376,5656,24,17,2025-08-29T15:45:00.000Z
2182,utmb,Christophe CLAVIER,H,51,50-54M,FR,ESCO ST Andre Des EAUX,457,f,Finisher,TRUE,1491,1297,158,46:01:04,165664,13910,144,25,2025-08-29T15:45:00.000Z
2183,utmb,Rockys AKLI,H,50,45-49M,BJ,TARBES PYRENEES ATHLETISME,457,a,DNF,FALSE,1911,1643,282,29:14:23,103206,7771,24,16,2025-08-29T15:45:00.000Z
2184,utmb,Javier GONZÁLEZ GÓMEZ,H,45,40-44M,ES,C.D. Crater 28N,457,f,Finisher,TRUE,1347,1183,283,45:15:00,162900,12922,144,25,2025-08-29T15:45:00.000Z
2185,utmb,Kim PETERSEN,H,52,50-54M,SE,Altra CHX25 Team,457,f,Finisher,TRUE,1643,1425,194,46:39:27,167967,14220,144,25,2025-08-29T15:45:00.000Z
2186,utmb,Ludovic DEVELAY,H,55,50-54M,FR,UNA CERDANYA PUIGCERDA TEAM,457,f,Finisher,TRUE,1379,1208,144,45:23:46,163426,27399,144,25,2025-08-29T15:45:00.000Z
2187,utmb,Liam SHALDERS,H,46,45-49M,AU,,457,a,DNF,FALSE,1809,1561,274,33:04:54,115312,12035,27,18,2025-08-29T15:45:00.000Z
2188,utmb,Ana BUNGAU,F,36,35-39W,RO,,457,a,DNF,FALSE,2154,299,58,18:39:24,67164,2540,14,11,2025-08-29T15:45:00.000Z
2189,utmb,Patrice ALVERNHES,H,59,55-59M,FR,Védas Endurance,456,a,DNF,FALSE,1738,1504,80,38:51:49,135903,14122,31,19,2025-08-29T15:45:00.000Z
2190,utmb,Tiago LEAL,H,47,45-49M,PT,3PeaksTTPerformance,NA,a,DNF,FALSE,2118,1821,312,16:22:13,58933,1369,14,11,2025-08-29T15:45:00.000Z
2191,utmb,Marc Antoine COLONNA,H,39,35-39M,FR,Harbat,456,f,Finisher,TRUE,1661,1441,269,46:54:19,168859,13527,144,25,2025-08-29T15:45:00.000Z
2192,utmb,Pierre-Baptiste LE BER,H,35,20-34M,FR,Rennes Triathlon,463,f,Finisher,TRUE,1162,1023,242,43:52:18,157938,15922,144,25,2025-08-29T15:45:00.000Z
2193,utmb,Frédéric EYBER,H,64,60-64M,FR,EN PASSANT PAR LA MONTAGNE,456,f,Finisher,TRUE,1524,1326,24,46:09:00,166140,8755,144,24,2025-08-29T15:45:00.000Z
2194,utmb,Bernard HAVEMAN,H,56,55-59M,NL,TRCU,456,f,Finisher,TRUE,1625,1412,69,46:35:34,167734,12461,144,25,2025-08-29T15:45:00.000Z
2195,utmb,Michel CHATILLON,H,60,55-59M,FR,sans,454,a,DNF,FALSE,1808,1560,85,32:48:48,118026,5756,27,18,2025-08-29T15:45:00.000Z
2196,utmb,Rick BREKELMANS,H,40,35-39M,NL,TREE11,466,f,Finisher,TRUE,1264,1111,227,44:43:40,161020,19897,144,25,2025-08-29T15:45:00.000Z
2197,utmb,Florian JUNG,H,45,40-44M,DE,LG Groß-Umstadt / Biergourmets,456,f,Finisher,TRUE,1257,1105,260,44:38:32,160712,11500,144,25,2025-08-29T15:45:00.000Z
2198,utmb,Michel KEROUANTON,H,60,55-59M,FR,,456,f,Finisher,TRUE,1517,1320,61,46:07:08,166028,11875,144,25,2025-08-29T15:45:00.000Z
2199,utmb,Cosmin RUGINA,H,43,40-44M,RO,,455,np,Other,FALSE,NA,NA,NA,00:00:00,0,NA,NA,0,2025-08-29T15:45:00.000Z
2200,utmb,Frederic BOURGAU,H,48,45-49M,FR,,454,f,Finisher,TRUE,1449,1262,218,45:47:40,164860,12342,144,25,2025-08-29T15:45:00.000Z
2201,utmb,Fernando LAFATA DESIO,H,57,55-59M,AR,LOS1220,456,f,Finisher,TRUE,1081,949,29,43:01:49,154909,12312,144,25,2025-08-29T15:45:00.000Z
2202,utmb,Matthieu LABONNE,H,47,45-49M,FR,Asphalt94,453,f,Finisher,TRUE,1212,1068,179,44:23:40,159820,16814,144,25,2025-08-29T15:45:00.000Z
2203,utmb,Mark KILNER,H,53,50-54M,GB,,453,f,Finisher,TRUE,1112,978,100,43:21:18,156078,8638,144,25,2025-08-29T15:45:00.000Z
2204,utmb,Fabien PIERRE,H,42,40-44M,FR,,455,f,Finisher,TRUE,1499,1303,304,46:03:36,165816,9813,144,25,2025-08-29T15:45:00.000Z
2205,utmb,Alexandre MAISONNIER,H,30,20-34M,FR,None,455,f,Finisher,TRUE,695,612,177,39:21:30,141690,15497,144,25,2025-08-29T15:45:00.000Z
2206,utmb,Khalid IGORMAN,H,40,35-39M,MA,,455,f,Finisher,TRUE,1361,1194,242,45:19:16,163156,11486,144,25,2025-08-29T15:45:00.000Z
2207,utmb,Zhi Hong XU,H,62,60-64M,CN,,455,hd,DNF,FALSE,2431,2077,60,05:31:13,19873,NA,4,3,2025-08-29T15:45:00.000Z
2208,utmb,Ibar DINAMPO,H,46,45-49M,PH,Pinoy Runners New York,455,hd,DNF,FALSE,2004,1726,297,24:36:08,88506,842,20,14,2025-08-29T15:45:00.000Z
2209,utmb,Vicente RUIZ MARCHAL,H,62,60-64M,ES,,455,np,Other,FALSE,NA,NA,NA,00:00:00,0,NA,NA,0,2025-08-29T15:45:00.000Z
2210,utmb,Laurent MASSET,H,57,55-59M,FR,Free Run Dampierre,454,f,Finisher,TRUE,1562,1359,64,46:21:09,166869,13244,144,25,2025-08-29T15:45:00.000Z
2211,utmb,Daniel LODER,H,51,50-54M,US,Tower 26,454,f,Finisher,TRUE,1198,1057,115,44:15:15,159315,9775,144,25,2025-08-29T15:45:00.000Z
2212,utmb,Corinne D'ANJOU,F,50,45-49W,FR,Running sport santé,443,f,Finisher,TRUE,1532,199,41,46:12:45,166365,12567,144,25,2025-08-29T15:45:00.000Z
2213,utmb,Jiexin ZHANG,H,39,35-39M,CN,草莓越野,454,f,Finisher,TRUE,1273,1119,229,44:48:17,161297,11438,144,25,2025-08-29T15:45:00.000Z
2214,utmb,Tomasz BIEL,H,47,45-49M,PL,,454,a,DNF,FALSE,2156,1857,320,18:43:37,67417,1273,14,11,2025-08-29T15:45:00.000Z
2215,utmb,Ben BENVIE,H,50,45-49M,CA,M2M,454,f,Finisher,TRUE,587,516,76,38:22:05,138125,10807,144,25,2025-08-29T15:45:00.000Z
2216,utmb,Shimin LI,F,42,40-44W,CN,Australian Chinese Runners Group,454,a,DNF,FALSE,2330,334,77,11:35:12,41690,NA,8,6,2025-08-29T15:45:00.000Z
2217,utmb,Enrico ORSINI,H,41,40-44M,IT,Personal Running Coach,453,f,Finisher,TRUE,1573,1367,312,46:23:35,167015,14655,144,25,2025-08-29T15:45:00.000Z
2218,utmb,Yves SIMON,H,47,45-49M,FR,GALOUPADEN,453,f,Finisher,TRUE,1184,1043,174,44:05:56,158756,13993,144,24,2025-08-29T15:45:00.000Z
2219,utmb,Ho Ming LAU,H,36,35-39M,HK,,451,f,Finisher,TRUE,1450,1263,251,45:48:02,164882,23860,144,25,2025-08-29T15:45:00.000Z
2220,utmb,David DARTOIS,H,56,55-59M,FR,PAS DE CLUB,453,a,DNF,FALSE,2131,1834,105,17:23:47,62627,976,14,11,2025-08-29T15:45:00.000Z
2221,utmb,Martial CROISIER,H,49,45-49M,CH,JC Sports Coaching,451,hd,DNF,FALSE,2248,1930,334,16:10:04,58204,261,11,7,2025-08-29T15:45:00.000Z
2222,utmb,Hiroo TAKANO,H,66,65-69M,JP,Milers Kyoto ,453,a,DNF,FALSE,2326,1994,12,11:34:11,41346,305,8,6,2025-08-29T15:45:00.000Z
2223,utmb,How Wang Savio CHAN,H,52,50-54M,HK,Tottenham Hotspur,452,f,Finisher,TRUE,1665,1444,196,47:05:00,169500,9358,144,25,2025-08-29T15:45:00.000Z
2224,utmb,Sebastien BLONDEAU,H,46,45-49M,FR,,453,f,Finisher,TRUE,1510,1313,232,46:05:29,165929,15978,144,24,2025-08-29T15:45:00.000Z
2225,utmb,Matthew Martin MOK,H,47,45-49M,HK,Victoria 162,453,f,Finisher,TRUE,1463,1273,220,45:53:28,165208,15805,144,25,2025-08-29T15:45:00.000Z
2226,utmb,Giovambattista NOVELLO,H,63,60-64M,IT,Azalai,453,a,DNF,FALSE,2353,2016,55,12:00:02,41864,1338,8,6,2025-08-29T15:45:00.000Z
2227,utmb,Victor YAU,H,31,20-34M,HK,,453,a,DNF,FALSE,1793,1549,307,32:18:35,114901,7884,27,17,2025-08-29T15:45:00.000Z
2228,utmb,Ali PAYNE,F,39,35-39W,AU,,453,f,Finisher,TRUE,1049,129,30,42:44:36,153876,9371,144,25,2025-08-29T15:45:00.000Z
2229,utmb,David Chua TECK CHENG,H,33,20-34M,MY,T.H.A.M,453,a,DNF,FALSE,2340,2005,379,11:37:55,41875,NA,8,6,2025-08-29T15:45:00.000Z
2230,utmb,Cozmin Marian ARDELEAN,H,50,45-49M,RO,360SPORT - Apuseni Ultra Race,452,a,DNF,FALSE,1803,1556,272,32:44:00,117130,8446,27,18,2025-08-29T15:45:00.000Z
2231,utmb,Nicholas Fleischer MUNK,H,29,20-34M,DK,,453,f,Finisher,TRUE,796,700,196,40:23:22,145402,18723,144,25,2025-08-29T15:45:00.000Z
2232,utmb,Valentin RUPPLI,H,32,20-34M,FR,,449,f,Finisher,TRUE,700,617,178,39:28:02,142082,11616,144,25,2025-08-29T15:45:00.000Z
2234,utmb,Kristina KOTLEBOVA,F,34,20-34W,SK,,452,a,DNF,FALSE,2192,306,59,16:33:06,59586,1369,13,10,2025-08-29T15:45:00.000Z
2235,utmb,Jean-Baptiste LACOSTE,H,38,35-39M,FR,,453,a,DNF,FALSE,2047,1762,317,21:54:16,78110,8691,18,13,2025-08-29T15:45:00.000Z
2236,utmb,Jonathan TOWNROW,H,47,45-49M,GB,,451,a,DNF,FALSE,1926,1657,283,26:42:45,96165,4248,22,15,2025-08-29T15:45:00.000Z
2237,utmb,Régis GUINEMENT,H,47,45-49M,FR,AS ORANGE CESSON / ORANGE PRESSéS,452,f,Finisher,TRUE,1610,1398,249,46:33:14,167594,14718,144,25,2025-08-29T15:45:00.000Z
2238,utmb,Huu Tri NGUYEN,H,43,40-44M,VN,AYP Adventure,452,f,Finisher,TRUE,1422,1242,294,45:40:38,164438,8055,144,25,2025-08-29T15:45:00.000Z
2239,utmb,Antonio GARCÍA PICADO,H,54,50-54M,PT,100% Trail Murcia,452,a,DNF,FALSE,1912,1644,222,29:18:36,105455,3456,24,16,2025-08-29T15:45:00.000Z
2240,utmb,Cristian GIACONI,H,53,50-54M,CL,,452,f,Finisher,TRUE,953,841,77,42:04:40,151480,11435,144,25,2025-08-29T15:45:00.000Z
2241,utmb,Pyongkyun PARK,H,61,60-64M,KR,,452,f,Finisher,TRUE,1135,1000,9,43:40:24,157224,10879,144,25,2025-08-29T15:45:00.000Z
2242,utmb,Kristiina ETELÄMÄKI,F,57,55-59W,FI,Samba Trail Running Club,452,f,Finisher,TRUE,1148,136,6,43:45:59,157559,12711,144,25,2025-08-29T15:45:00.000Z
2243,utmb,Romano BRAGUTTI,H,48,45-49M,IT,,452,a,DNF,FALSE,1980,1704,293,24:10:07,86818,4307,20,14,2025-08-29T15:45:00.000Z
2244,utmb,Carolina RUBIO MACWRIGHT,F,45,40-44W,NL,"Touching Land Brooklyn, Soma Foxes",452,f,Finisher,TRUE,1351,166,35,45:15:58,162958,15224,144,25,2025-08-29T15:45:00.000Z
2245,utmb,Laurent THILLAYE DU BOULLAY,H,42,40-44M,FR,,451,f,Finisher,TRUE,811,712,162,40:33:28,146008,11475,144,25,2025-08-29T15:45:00.000Z
2246,utmb,Guillaume ENGRAND,H,51,50-54M,FR,,451,hd,DNF,FALSE,1698,1471,203,39:31:03,142263,16647,33,21,2025-08-29T15:45:00.000Z
2247,utmb,Emilien VIGREUX,H,42,40-44M,FR,EA CREIL,451,f,Finisher,TRUE,1092,960,232,43:09:24,155364,12323,144,25,2025-08-29T15:45:00.000Z
2248,utmb,Miguel Angel ARANA,H,55,50-54M,AR,Gustatrail,451,f,Finisher,TRUE,1003,883,88,42:22:34,152554,14680,144,25,2025-08-29T15:45:00.000Z
2249,utmb,Joao REBELO,H,45,40-44M,PT,,451,a,DNF,FALSE,2061,1775,395,19:29:16,70156,2985,15,11,2025-08-29T15:45:00.000Z
2250,utmb,Boguslawa PROYER,F,38,35-39W,PL,,450,f,Finisher,TRUE,1245,150,34,44:35:58,160558,13490,144,25,2025-08-29T15:45:00.000Z
2251,utmb,Benjamin PROYER,H,35,20-34M,DE,,450,f,Finisher,TRUE,1242,1093,250,44:35:54,160554,14049,144,25,2025-08-29T15:45:00.000Z
2252,utmb,Zhong GE,H,44,40-44M,CN,,451,a,DNF,FALSE,2169,1869,411,19:13:39,69219,317,14,10,2025-08-29T15:45:00.000Z
2253,utmb,Matthew OLSCHNER,H,45,40-44M,US,2GetherWeLive,458,f,Finisher,TRUE,1255,1103,259,44:37:42,160662,18252,144,25,2025-08-29T15:45:00.000Z
2254,utmb,Wu Chuan FOO,H,36,35-39M,MY,Ysandals Malaysia,475,a,DNF,FALSE,1819,1568,297,33:41:09,118177,9141,27,18,2025-08-29T15:45:00.000Z
2255,utmb,Jason MATSUOKA,H,45,40-44M,US,,451,a,DNF,FALSE,1880,1617,362,28:08:32,94895,11045,24,17,2025-08-29T15:45:00.000Z
2256,utmb,Hubert MAIER,H,59,55-59M,DE,LAUFTEAM MAIER HOLZBAU,450,f,Finisher,TRUE,1216,1071,38,44:24:32,159872,14768,144,25,2025-08-29T15:45:00.000Z
2257,utmb,Xiaoli CAI,F,64,60-64W,US,,450,a,DNF,FALSE,1694,226,4,42:52:00,154320,6617,34,22,2025-08-29T15:45:00.000Z
2258,utmb,Mickaël GILBERT,H,41,40-44M,FR,Courir A Port Brillet,450,f,Finisher,TRUE,955,843,201,42:05:05,151505,5424,144,25,2025-08-29T15:45:00.000Z
2259,utmb,Bruno BOURGUIGNON,H,62,60-64M,BE,RCB,450,a,DNF,FALSE,1778,1537,37,30:53:30,110737,6866,27,18,2025-08-29T15:45:00.000Z
2260,utmb,Ben LEE,H,57,55-59M,US,,450,a,DNF,FALSE,1678,1456,75,41:27:34,149254,8443,35,23,2025-08-29T15:45:00.000Z
2261,utmb,Natthakul SRISAN,H,44,40-44M,TH,DSARG,450,a,DNF,FALSE,1928,1659,369,26:36:48,95808,3444,22,15,2025-08-29T15:45:00.000Z
2262,utmb,Vincent MICHEL,H,52,50-54M,FR,Aix Athlé Provence,450,hd,DNF,FALSE,2032,1749,253,25:23:16,91396,1094,20,15,2025-08-29T15:45:00.000Z
2263,utmb,Zuye WENG,H,43,40-44M,CN,TCMC,450,f,Finisher,TRUE,1325,1164,279,45:08:30,162510,20278,144,25,2025-08-29T15:45:00.000Z
2264,utmb,Adrian GHIGI,H,62,60-64M,AR,,450,f,Finisher,TRUE,1386,1212,18,45:25:19,163519,11754,144,25,2025-08-29T15:45:00.000Z
2265,utmb,Jose Manuel RIVERA DIAZ,H,46,45-49M,PR,Los Rivera,449,a,DNF,FALSE,2428,2074,355,05:27:39,19659,NA,4,3,2025-08-29T15:45:00.000Z
2266,utmb,Emilie DARNAND,F,46,45-49W,FR,Kiprun,449,f,Finisher,TRUE,1453,188,38,45:49:57,164997,13306,144,24,2025-08-29T15:45:00.000Z
2267,utmb,Robert FRANCZYK,H,52,50-54M,PL,,449,f,Finisher,TRUE,899,795,69,41:36:15,149775,12799,144,25,2025-08-29T15:45:00.000Z
2268,utmb,Polly TAYLOR,F,66,65-69W,NZ,Christchurch,448,a,DNF,FALSE,2339,335,3,11:37:54,41874,NA,8,6,2025-08-29T15:45:00.000Z
2269,utmb,Emanuele PERO,H,48,45-49M,IT,rensen sport team asd,449,a,DNF,FALSE,2342,2007,345,11:39:38,41315,663,8,6,2025-08-29T15:45:00.000Z
2270,utmb,Joseph PELKY,H,40,35-39M,US,,449,f,Finisher,TRUE,1528,1330,259,46:10:31,166231,12752,144,25,2025-08-29T15:45:00.000Z
2271,utmb,Marcin LATOS,H,51,50-54M,PL,,449,f,Finisher,TRUE,1470,1279,156,45:53:52,165232,14853,144,25,2025-08-29T15:45:00.000Z
2272,utmb,Michael JAMES,H,54,50-54M,AU,Sydney Striders,447,a,DNF,FALSE,1914,1646,224,29:20:34,105315,3369,24,16,2025-08-29T15:45:00.000Z
2273,utmb,Jérémy SCHMITT,H,47,45-49M,FR,,448,f,Finisher,TRUE,1326,1165,195,45:08:33,162513,13421,144,25,2025-08-29T15:45:00.000Z
2274,utmb,Marcel MAGERMANS,H,61,60-64M,NL,LESSEAU ,448,a,DNF,FALSE,2422,2069,58,05:17:35,19055,NA,4,3,2025-08-29T15:45:00.000Z
2275,utmb,Marek MARKOWSKI,H,46,45-49M,PL,,448,hd,DNF,FALSE,2195,1889,327,18:04:14,65054,3165,13,10,2025-08-29T15:45:00.000Z
2276,utmb,Kym SCHNARRENBERGER,H,43,40-44M,CH,,448,f,Finisher,TRUE,1527,1329,307,46:10:27,166227,18832,144,25,2025-08-29T15:45:00.000Z
2277,utmb,Egbert ALLEMA,H,40,35-39M,NL,Lionitas,447,f,Finisher,TRUE,786,692,169,40:19:07,145147,18216,144,25,2025-08-29T15:45:00.000Z
2278,utmb,Karen ZHONG,F,60,55-59W,US,,447,a,DNF,FALSE,1925,269,21,26:39:11,95951,2405,22,15,2025-08-29T15:45:00.000Z
2279,utmb,Philipp ROTH,H,32,20-34M,DE,Trail Angels,447,np,Other,FALSE,NA,NA,NA,00:00:00,0,NA,NA,0,2025-08-29T15:45:00.000Z
2280,utmb,Guangjun SUN,H,56,55-59M,CN,Laoniao,447,a,DNF,FALSE,1731,1497,78,37:51:36,135551,12229,31,20,2025-08-29T15:45:00.000Z
2281,utmb,Jim GOWLAND,H,55,50-54M,US,,439,hd,DNF,FALSE,1690,1465,200,42:22:31,152551,13147,34,22,2025-08-29T15:45:00.000Z
2282,utmb,Haijiang LI,H,52,50-54M,CN,ECUST,447,np,Other,FALSE,NA,NA,NA,00:00:00,0,NA,NA,0,2025-08-29T15:45:00.000Z
2283,utmb,Mauricio Ezequiel MORABITO,H,49,45-49M,IT,,447,hd,DNF,FALSE,2022,1740,298,24:57:23,89843,1180,20,14,2025-08-29T15:45:00.000Z
2284,utmb,Juan Jose GONZALEZ CHACON,H,45,40-44M,ES,CD TRAIL MAQUINAS TRAGAMILLAS,447,a,DNF,FALSE,2328,1996,445,11:34:49,41668,NA,8,6,2025-08-29T15:45:00.000Z
2285,utmb,Peter BARRETT,H,64,60-64M,GB,,447,a,DNF,FALSE,1697,1470,35,44:31:52,160312,3751,34,22,2025-08-29T15:45:00.000Z
2286,utmb,Laurent ROCHER,H,51,50-54M,FR,ASASPP,447,f,Finisher,TRUE,1639,1422,192,46:38:37,167917,10355,144,24,2025-08-29T15:45:00.000Z
2287,utmb,Kyoko YAMAMOTO,F,43,40-44W,JP,,446,a,DNF,FALSE,2329,333,76,11:35:08,41684,NA,8,6,2025-08-29T15:45:00.000Z
2288,utmb,Jérôme TERRETTAZ,H,53,50-54M,CH,,446,f,Finisher,TRUE,1116,982,102,43:24:18,156258,20492,144,25,2025-08-29T15:45:00.000Z
2289,utmb,Weixing WU,H,50,45-49M,CN,CMCC Running Club,443,f,Finisher,TRUE,1591,1382,245,46:28:35,167315,11089,144,25,2025-08-29T15:45:00.000Z
2290,utmb,Xiaonan ZHANG,H,58,55-59M,CN,,445,a,DNF,FALSE,1883,1619,90,28:28:11,97689,12257,24,17,2025-08-29T15:45:00.000Z
2291,utmb,Hiroyuki MURAKOSHI,H,56,55-59M,JP,,445,a,DNF,FALSE,1828,1574,87,27:40:49,99649,8537,24,17,2025-08-29T15:45:00.000Z
2292,utmb,Soon Saam LEE,H,40,35-39M,MY,,494,hd,DNF,FALSE,1673,1451,272,45:48:12,164892,20996,44,24,2025-08-29T15:45:00.000Z
2293,utmb,Javier Marcelo MONTANO DURAN,H,56,55-59M,BO,Xtreme Team Panama / Peru Trail Lab,445,f,Finisher,TRUE,1645,1427,70,46:39:33,167973,12010,144,25,2025-08-29T15:45:00.000Z
2294,utmb,Marco D'ANGELO,H,56,55-59M,IT,,445,f,Finisher,TRUE,852,752,16,41:00:32,147632,16266,144,25,2025-08-29T15:45:00.000Z
2295,utmb,Damaris CARDOSO DE OLIVEIRA JESUS,F,56,55-59W,BR,FETTER,445,f,Finisher,TRUE,1480,192,12,45:58:46,165526,5949,144,25,2025-08-29T15:45:00.000Z
2296,utmb,José Fernando PÉREZ CHÚ,H,53,50-54M,PE,Civa Endurance Club,445,f,Finisher,TRUE,1454,1266,153,45:50:29,165029,15907,144,25,2025-08-29T15:45:00.000Z
2297,utmb,Mark KAUFFMAN,H,56,55-59M,US,,444,hd,DNF,FALSE,1996,1719,96,24:29:42,88182,5608,20,15,2025-08-29T15:45:00.000Z
2298,utmb,Christopher RUSE,H,42,40-44M,FR,Olympique club thiervillois,444,f,Finisher,TRUE,1621,1408,320,46:34:21,167661,10545,144,24,2025-08-29T15:45:00.000Z
2299,utmb,Quentin STOKER,H,41,40-44M,US,,444,f,Finisher,TRUE,1617,1405,319,46:33:44,167624,9736,144,25,2025-08-29T15:45:00.000Z
2300,utmb,Cyril SABARDU,H,54,50-54M,FR,,444,a,DNF,FALSE,1964,1689,235,23:20:44,82339,7611,20,15,2025-08-29T15:45:00.000Z
2301,utmb,Eliana KOTLIREVSKY,F,50,45-49W,AR,Correrayuda,444,a,DNF,FALSE,1981,277,54,24:12:07,86956,2110,20,14,2025-08-29T15:45:00.000Z
2302,utmb,Herve WASLET,H,56,55-59M,FR,Racing Club Charleville Montcéen,443,f,Finisher,TRUE,1102,969,30,43:13:15,155595,13732,144,25,2025-08-29T15:45:00.000Z
2303,utmb,Kamila AWIZEN,F,45,40-44W,PL,Girls R Osom,444,a,DNF,FALSE,1885,266,59,28:29:11,102273,3664,24,17,2025-08-29T15:45:00.000Z
2304,utmb,Sergio PÉREZ FARIÑA,H,40,35-39M,ES,C.D. Crater 28N,444,f,Finisher,TRUE,1348,1184,241,45:15:01,162901,12489,144,25,2025-08-29T15:45:00.000Z
2305,utmb,Sébastien FESQUET,H,56,55-59M,FR,,444,a,DNF,FALSE,1792,1548,82,32:15:20,114053,10866,27,18,2025-08-29T15:45:00.000Z
2306,utmb,Lajos NAGY,H,52,50-54M,HU,Pilis Trail,444,a,DNF,FALSE,2364,2024,295,12:11:36,43896,NA,8,6,2025-08-29T15:45:00.000Z
2307,utmb,Enzo AMATO,H,50,45-49M,BR,Jornal Corrida / Enzo Amato Assessoria Esportiva,444,f,Finisher,TRUE,1580,1373,243,46:25:59,167159,12477,144,25,2025-08-29T15:45:00.000Z
2308,utmb,Stephen CLARK,H,41,40-44M,AU,,444,f,Finisher,TRUE,1335,1173,281,45:10:29,162629,13347,144,25,2025-08-29T15:45:00.000Z
2309,utmb,Ai MOTOIKE,F,43,40-44W,JP,Meisokai,443,a,DNF,FALSE,2200,307,67,18:18:24,65904,1383,13,9,2025-08-29T15:45:00.000Z
2310,utmb,Christophe MICHEL,H,51,50-54M,BE,,442,hd,DNF,FALSE,1704,1475,204,40:10:01,144601,2802,33,20,2025-08-29T15:45:00.000Z
2311,utmb,Jongwon SUN,H,43,40-44M,KR,nothing,443,np,Other,FALSE,NA,NA,NA,00:00:00,0,NA,NA,0,2025-08-29T15:45:00.000Z
2312,utmb,Maki OZAKI,F,60,55-59W,JP,,443,f,Finisher,TRUE,1629,215,14,46:36:41,167801,10531,144,25,2025-08-29T15:45:00.000Z
2313,utmb,Karen ONG,F,42,40-44W,US,,442,f,Finisher,TRUE,1554,202,47,46:19:12,166752,11308,144,24,2025-08-29T15:45:00.000Z
2314,utmb,Horacio GALANTI,H,56,55-59M,CA,,442,a,DNF,FALSE,2141,1844,107,18:07:25,65245,3257,14,11,2025-08-29T15:45:00.000Z
2315,utmb,Christian BOURBON,H,76,75-79M,FR,TDR BOURGOIN/ARSL ROCHE,442,a,DNF,FALSE,2389,2044,1,13:07:05,47203,NA,8,6,2025-08-29T15:45:00.000Z
2316,utmb,Yuji SASAKI,H,59,55-59M,JP,,442,a,DNF,FALSE,1676,1454,74,41:05:37,147937,10366,35,23,2025-08-29T15:45:00.000Z
2317,utmb,Percy KIRKMAN,H,50,45-49M,GB,4vallees4saisons.com,439,a,DNF,FALSE,2149,1851,318,18:28:47,66527,2594,14,11,2025-08-29T15:45:00.000Z
2318,utmb,Gwénolé GORREC,H,46,45-49M,FR,Les traces du Louet,442,f,Finisher,TRUE,1188,1047,175,44:10:15,159015,9848,144,25,2025-08-29T15:45:00.000Z
2319,utmb,Jacky MICHARD,H,58,55-59M,FR,Mil Pattes Vitré,439,f,Finisher,TRUE,1052,923,25,42:45:58,153958,12087,144,25,2025-08-29T15:45:00.000Z
2320,utmb,Becca WILDE,F,35,20-34W,GB,,442,f,Finisher,TRUE,1037,125,37,42:36:57,153417,9204,144,25,2025-08-29T15:45:00.000Z
2321,utmb,Anthony NAVARRO,H,50,45-49M,FR,,442,f,Finisher,TRUE,1220,1075,180,44:25:36,159936,13458,144,25,2025-08-29T15:45:00.000Z
2322,utmb,Govinda AWALE,H,52,50-54M,US,,442,f,Finisher,TRUE,1553,1352,173,46:19:06,166746,12292,144,24,2025-08-29T15:45:00.000Z
2324,utmb,Svatava WRIGHT,F,42,40-44W,CZ,Charlie/Josie/Daddy’s Team,441,f,Finisher,TRUE,1460,190,43,45:52:27,165147,11669,144,25,2025-08-29T15:45:00.000Z
2325,utmb,Atsuo FUNABASHI,H,66,65-69M,JP,Kyoto MILERS,441,a,DNF,FALSE,1915,1647,6,29:21:13,105392,2649,24,17,2025-08-29T15:45:00.000Z
2326,utmb,Jerome AUDOUIN,H,50,45-49M,FR,,441,a,DNF,FALSE,1699,1472,260,39:32:17,142337,11896,33,21,2025-08-29T15:45:00.000Z
2327,utmb,Fabrice DUMAINE,H,50,45-49M,FR,FAST FIVE,441,f,Finisher,TRUE,1493,1299,226,46:02:09,165729,13816,144,25,2025-08-29T15:45:00.000Z
2328,utmb,Eric COMBRET,H,60,55-59M,FR,,439,f,Finisher,TRUE,1443,1257,56,45:47:08,164828,12250,144,25,2025-08-29T15:45:00.000Z
2329,utmb,Benoît MAIGNIEN,H,57,55-59M,FR,FOULEES DE ST GERMAIN EN LAYE,440,a,DNF,FALSE,2310,1980,116,11:04:39,39879,NA,8,6,2025-08-29T15:45:00.000Z
2330,utmb,Jimmy VANDIERENDONCK,H,45,40-44M,BE,,441,a,DNF,FALSE,1810,1562,345,33:06:41,114456,9959,27,18,2025-08-29T15:45:00.000Z
2331,utmb,Priscille COLLET,F,31,20-34W,FR,,458,f,Finisher,TRUE,1024,124,36,42:33:58,153238,15256,144,25,2025-08-29T15:45:00.000Z
2332,utmb,Rosie Nanette GAGNON,F,53,50-54W,US,,440,f,Finisher,TRUE,1565,204,20,46:21:48,166908,3542,144,24,2025-08-29T15:45:00.000Z
2333,utmb,Mario DUPONT,H,56,55-59M,BE,Trek and Trail Bertrix,441,f,Finisher,TRUE,1477,1286,60,45:57:46,165466,14989,144,25,2025-08-29T15:45:00.000Z
2334,utmb,Wilson GOH LIAN BOON,H,48,45-49M,SG,Team Tauhuay,441,a,DNF,FALSE,2454,2096,363,06:02:13,21733,NA,4,3,2025-08-29T15:45:00.000Z
2335,utmb,Laurent CATHERINNE,H,50,45-49M,FR,,440,f,Finisher,TRUE,1652,1433,253,46:43:31,168211,8824,144,25,2025-08-29T15:45:00.000Z
2336,utmb,Changyue QIN,F,34,20-34W,CN,,440,hd,DNF,FALSE,2182,305,58,19:45:00,71100,235,14,10,2025-08-29T15:45:00.000Z
2337,utmb,Francois PEROLD,H,66,65-69M,GB,,440,hd,DNF,FALSE,2186,1881,9,19:55:00,71700,646,14,10,2025-08-29T15:45:00.000Z
2338,utmb,Nani HIDAYAH,F,46,45-49W,ID,Bali trail running,440,a,DNF,FALSE,1816,250,46,33:37:26,118724,4975,27,18,2025-08-29T15:45:00.000Z
2339,utmb,Christopher KADIMA,H,37,35-39M,FR,,440,a,DNF,FALSE,2319,1989,357,11:26:27,40893,294,8,6,2025-08-29T15:45:00.000Z
2340,utmb,Daniela MASCARUCCI,F,56,55-59W,CH,,440,f,Finisher,TRUE,1384,173,10,45:24:37,163477,7634,144,24,2025-08-29T15:45:00.000Z
2341,utmb,Rheinhardt SCHULZE,H,43,40-44M,ZA,,440,f,Finisher,TRUE,1278,1124,267,44:49:38,161378,7166,144,24,2025-08-29T15:45:00.000Z
2342,utmb,Patanapol RATANASOPHAK,H,49,45-49M,TH,Surat100miles,440,np,Other,FALSE,NA,NA,NA,00:00:00,0,NA,NA,0,2025-08-29T15:45:00.000Z
2343,utmb,Wenjun ZHANG,H,44,40-44M,CN,,440,f,Finisher,TRUE,1481,1289,300,45:59:08,165548,5450,144,25,2025-08-29T15:45:00.000Z
2344,utmb,Gabriela ARAMAYO,F,47,45-49W,AR,Saga Training Lab,437,f,Finisher,TRUE,1270,154,28,44:47:19,161239,14230,144,25,2025-08-29T15:45:00.000Z
2345,utmb,Enrique GAMIO,H,59,55-59M,PE,Buena Vibra,439,f,Finisher,TRUE,1473,1282,59,45:56:25,165385,7605,144,24,2025-08-29T15:45:00.000Z
2346,utmb,Wan LIU,H,55,50-54M,GB,London City Runners,438,f,Finisher,TRUE,1619,1406,187,46:34:07,167647,14774,144,25,2025-08-29T15:45:00.000Z
2347,utmb,Damien PINAULT,H,54,50-54M,US,,405,a,DNF,FALSE,2420,2067,306,05:11:17,18677,NA,4,3,2025-08-29T15:45:00.000Z
2348,utmb,Jaehyun PARK,H,40,35-39M,KR,,439,a,DNF,FALSE,2396,2046,364,08:17:58,29733,145,6,4,2025-08-29T15:45:00.000Z
2349,utmb,Franck PERON,H,55,50-54M,FR,KEMPERLE TRIATHLON,439,a,DNF,FALSE,1913,1645,223,29:20:22,105622,3780,24,16,2025-08-29T15:45:00.000Z
2350,utmb,Kyoungwon LEE,F,63,60-64W,KR,Team Korea,439,a,DNF,FALSE,2206,310,9,18:33:09,66789,647,13,10,2025-08-29T15:45:00.000Z
2351,utmb,Pierre COUGNENC,H,36,35-39M,FR,,439,f,Finisher,TRUE,1494,1300,255,46:02:22,165742,11836,144,24,2025-08-29T15:45:00.000Z
2352,utmb,Fernando ANDRADE,H,46,45-49M,BR,OMEGA ASSESSORIA ESPORTIVA,439,f,Finisher,TRUE,1078,946,147,42:57:55,154675,16901,144,25,2025-08-29T15:45:00.000Z
2353,utmb,Byeung Sik AHN,H,53,50-54M,KR,,439,a,DNF,FALSE,2346,2010,292,11:43:44,42224,NA,8,6,2025-08-29T15:45:00.000Z
2354,utmb,Damien RABY,H,47,45-49M,FR,ESSAR'TRACE,439,f,Finisher,TRUE,1558,1355,241,46:19:54,166794,5958,144,25,2025-08-29T15:45:00.000Z
2355,utmb,David ALVAREZ,H,38,35-39M,CO,,439,a,DNF,FALSE,2464,2105,371,06:11:34,22294,NA,4,3,2025-08-29T15:45:00.000Z
2356,utmb,Ching Ching Kit LAM,F,57,55-59W,HK,N.A.,439,f,Finisher,TRUE,1626,214,13,46:35:38,167738,13481,144,24,2025-08-29T15:45:00.000Z
2357,utmb,Florent BONNET,H,46,45-49M,FR,,439,f,Finisher,TRUE,1456,1267,219,45:51:29,165089,13244,144,24,2025-08-29T15:45:00.000Z
2358,utmb,Pascal ROLLIN,H,59,55-59M,FR,,438,f,Finisher,TRUE,1371,1202,49,45:21:29,163289,15248,144,25,2025-08-29T15:45:00.000Z
2359,utmb,Ronghuang FENG,H,48,45-49M,CN,QINGYE,438,f,Finisher,TRUE,1401,1224,209,45:34:37,164077,17198,144,25,2025-08-29T15:45:00.000Z
2360,utmb,David LINDSAY,H,54,50-54M,GB,,437,a,DNF,FALSE,2127,1830,269,17:18:04,62284,3632,14,11,2025-08-29T15:45:00.000Z
2361,utmb,Fabien FAVREAU,H,52,50-54M,FR,MMAC,438,a,DNF,FALSE,2122,1825,267,16:46:47,60407,865,14,11,2025-08-29T15:45:00.000Z
2362,utmb,Andry HARYANTO,H,43,40-44M,ID,,437,f,Finisher,TRUE,1646,1428,323,46:39:34,167974,8466,144,25,2025-08-29T15:45:00.000Z
2363,utmb,Christophe CLÉMOT,H,57,55-59M,FR,,437,a,DNF,FALSE,2337,2003,118,11:37:26,41846,NA,8,6,2025-08-29T15:45:00.000Z
2364,utmb,Luca LEONE,H,56,55-59M,IT,,413,f,Finisher,TRUE,1597,1388,68,46:30:21,167421,20137,144,25,2025-08-29T15:45:00.000Z
2365,utmb,Leo CAM,H,41,40-44M,VN,Zegal,437,f,Finisher,TRUE,882,780,177,41:23:47,149027,20346,144,25,2025-08-29T15:45:00.000Z
2366,utmb,Shiyi ZHU,F,49,45-49W,CN,,437,a,DNF,FALSE,2343,336,64,11:41:38,42098,NA,8,6,2025-08-29T15:45:00.000Z
2367,utmb,Nicolas BOCHE,H,51,50-54M,FR,Biber Club,437,d,Other,FALSE,NA,NA,NA,05:13:24,18804,NA,4,3,2025-08-29T15:45:00.000Z
2368,utmb,Jonathan ENNIS-KING,H,59,55-59M,AU,Victorian Ultra Runners,437,f,Finisher,TRUE,1561,1358,63,46:21:08,166868,6630,144,25,2025-08-29T15:45:00.000Z
2369,utmb,Sabrina PACE-HUMPHREYS,F,48,45-49W,GB,Black Trail Runners,437,a,DNF,FALSE,1820,252,47,33:41:59,119374,6811,27,18,2025-08-29T15:45:00.000Z
2371,utmb,Yvette CASALLAS,F,43,40-44W,GB,Westbury Harriers,437,f,Finisher,TRUE,1377,171,37,45:22:06,163326,16449,144,25,2025-08-29T15:45:00.000Z
2372,utmb,Yann HERROUIN,H,59,55-59M,FR,,436,f,Finisher,TRUE,1243,1094,40,44:35:55,160555,10518,144,25,2025-08-29T15:45:00.000Z
2373,utmb,Sabrina MENG,F,56,55-59W,CA,,434,f,Finisher,TRUE,1350,165,9,45:15:15,162915,18209,144,25,2025-08-29T15:45:00.000Z
2374,utmb,Seung Woo SUH,H,63,60-64M,KR,,436,a,DNF,FALSE,2167,1867,51,19:12:14,69134,377,14,10,2025-08-29T15:45:00.000Z
2375,utmb,John SCOTT,H,53,50-54M,US,,436,a,DNF,FALSE,2148,1850,272,18:28:22,66502,2058,14,11,2025-08-29T15:45:00.000Z
2376,utmb,Robas Bondia HECTOR,H,42,40-44M,ES,,436,f,Finisher,TRUE,962,848,204,42:07:36,151656,11207,144,25,2025-08-29T15:45:00.000Z
2377,utmb,Nicki THOMAS,F,45,40-44W,AU,(SSO) Salisbury Stupid Oclock Runners,436,a,DNF,FALSE,2373,342,78,12:30:41,45041,NA,8,6,2025-08-29T15:45:00.000Z
2378,utmb,John GRON LAURSEN,H,61,60-64M,DK,Tejn IF,434,a,DNF,FALSE,2136,1839,46,17:36:29,63389,573,14,11,2025-08-29T15:45:00.000Z
2379,utmb,Akiko KOFUKU,F,62,60-64W,JP,,436,hd,DNF,FALSE,2477,362,12,04:20:29,15629,NA,3,2,2025-08-29T15:45:00.000Z
2380,utmb,Tareq ALBHLAL,H,56,55-59M,SA,no,433,a,DNF,FALSE,2212,1900,111,19:21:11,69671,331,13,9,2025-08-29T15:45:00.000Z
2381,utmb,Teodoro MARTINA,H,46,45-49M,IT,,429,np,Other,FALSE,NA,NA,NA,00:00:00,0,NA,NA,0,2025-08-29T15:45:00.000Z
2382,utmb,Yannis DARTOIS,H,52,50-54M,FR,,435,f,Finisher,TRUE,1557,1354,175,46:19:51,166791,11228,144,25,2025-08-29T15:45:00.000Z
2383,utmb,Hideki SUDO,H,53,50-54M,JP,,435,f,Finisher,TRUE,1627,1413,189,46:35:46,167746,9418,144,25,2025-08-29T15:45:00.000Z
2384,utmb,Krzysztof CHLEBOWSKI,H,41,40-44M,PL,zUltraDystansem,435,f,Finisher,TRUE,1109,975,233,43:18:59,155939,6596,144,25,2025-08-29T15:45:00.000Z
2385,utmb,Matt BRADLEY,H,32,20-34M,ZA,,435,f,Finisher,TRUE,1595,1386,280,46:30:00,167400,7909,144,25,2025-08-29T15:45:00.000Z
2386,utmb,Fabien CARPENTIER,H,53,50-54M,FR,,435,f,Finisher,TRUE,1592,1383,182,46:28:58,167338,14084,144,24,2025-08-29T15:45:00.000Z
2387,utmb,Sébastien MOSTOSI,H,35,20-34M,FR,,435,a,DNF,FALSE,2318,1988,378,11:24:38,41078,NA,8,6,2025-08-29T15:45:00.000Z
2388,utmb,Alban AUBREE,H,49,45-49M,FR,,435,f,Finisher,TRUE,1085,953,148,43:02:47,154967,16749,144,25,2025-08-29T15:45:00.000Z
2389,utmb,Fatima PAINDA,F,32,20-34W,AF,Painda Fitness,435,f,Finisher,TRUE,1659,220,49,46:50:40,168640,3844,144,24,2025-08-29T15:45:00.000Z
2390,utmb,Lodewijck FOORTHUIS,H,31,20-34M,NL,AV de Koplopers,434,f,Finisher,TRUE,1616,1404,282,46:33:30,167610,8230,144,25,2025-08-29T15:45:00.000Z
2391,utmb,David DUMONT,H,36,35-39M,FR,Sans club,434,a,DNF,FALSE,2315,1985,355,11:18:52,40732,NA,8,6,2025-08-29T15:45:00.000Z
2392,utmb,Michael WANG,H,36,35-39M,US,Asian Trail Mix,434,f,Finisher,TRUE,1657,1438,267,46:43:57,168237,10870,144,25,2025-08-29T15:45:00.000Z
2393,utmb,Jon EMIS,H,45,40-44M,US,,434,f,Finisher,TRUE,1628,1414,322,46:35:54,167754,7304,144,25,2025-08-29T15:45:00.000Z
2394,utmb,Ai Dong LIU,F,57,55-59W,CA,,433,hd,DNF,FALSE,1667,222,17,45:01:29,161869,14648,44,24,2025-08-29T15:45:00.000Z
2395,utmb,Lionel BLANC,H,51,50-54M,FR,La Foulée Muroise,434,a,DNF,FALSE,1903,1636,219,29:10:29,104210,5476,24,17,2025-08-29T15:45:00.000Z
2396,utmb,Koji OKADA,H,55,50-54M,JP,,434,f,Finisher,TRUE,1368,1199,141,45:20:40,163240,11315,144,25,2025-08-29T15:45:00.000Z
2397,utmb,Anne-Sophie BONNISSEAU,F,46,45-49W,FR,,421,a,DNF,FALSE,2172,302,61,19:17:22,69442,2659,14,11,2025-08-29T15:45:00.000Z
2398,utmb,Bradley FINN,H,44,40-44M,US,Recovery Strong,433,a,DNF,FALSE,2198,1892,416,18:12:31,65551,479,13,10,2025-08-29T15:45:00.000Z
2399,utmb,David CALLIGARIS,H,46,45-49M,FR,TARC,433,a,DNF,FALSE,1932,1663,284,26:41:55,96115,3987,22,15,2025-08-29T15:45:00.000Z
2400,utmb,Justin CHOI,H,26,20-34M,HK,,433,f,Finisher,TRUE,1620,1407,283,46:34:12,167652,13582,144,25,2025-08-29T15:45:00.000Z
2401,utmb,Michael PALFREMAN,H,52,50-54M,GB,,433,a,DNF,FALSE,2062,1776,258,19:30:30,70230,5598,15,12,2025-08-29T15:45:00.000Z
2402,utmb,Guillaume RIGAUD,H,47,45-49M,FR,ULTRA MARIN CLUB,433,a,DNF,FALSE,2376,2034,348,12:38:30,45488,NA,8,6,2025-08-29T15:45:00.000Z
2403,utmb,Paola QUATTRINI,F,51,50-54W,IT,,432,f,Finisher,TRUE,1600,211,22,46:30:49,167449,7714,144,25,2025-08-29T15:45:00.000Z
2404,utmb,Jordan WHITTINGTON,H,34,20-34M,AU,Trails & Ales Dandes,433,a,DNF,FALSE,2059,1773,344,17:47:26,64046,2209,15,12,2025-08-29T15:45:00.000Z
2405,utmb,Jolijn MULDERS,F,46,45-49W,NL,,432,f,Finisher,TRUE,1341,164,34,45:13:12,162792,14083,144,25,2025-08-29T15:45:00.000Z
2406,utmb,Jianping CHEN,F,56,55-59W,CN,,432,a,DNF,FALSE,2372,341,26,12:28:56,44936,NA,8,6,2025-08-29T15:45:00.000Z
2407,utmb,Daniel GABOUT,H,65,60-64M,FR,ASCORI,432,a,DNF,FALSE,2357,2018,56,12:06:58,43618,NA,8,6,2025-08-29T15:45:00.000Z
2408,utmb,Peng DU,H,35,20-34M,CN,,432,f,Finisher,TRUE,1516,1319,275,46:06:42,166002,10464,144,25,2025-08-29T15:45:00.000Z
2409,utmb,Anthony HUI,H,67,65-69M,HK,,432,a,DNF,FALSE,2370,2030,15,12:26:20,44780,NA,8,5,2025-08-29T15:45:00.000Z
2410,utmb,Mika KAURAHARJU,H,51,50-54M,FI,Aurejärven Nutsaaja,432,a,DNF,FALSE,1812,1563,210,33:10:48,119254,7856,27,18,2025-08-29T15:45:00.000Z
2412,utmb,Jacques CANON,H,65,60-64M,FR,Billère Athletic Triathlon,431,a,DNF,FALSE,1787,1544,38,31:58:31,112809,9618,27,18,2025-08-29T15:45:00.000Z
2413,utmb,Stephane GARDY,H,45,40-44M,FR,,431,f,Finisher,TRUE,1141,1006,238,43:42:38,157358,15637,144,25,2025-08-29T15:45:00.000Z
2415,utmb,Fernando NUNEZ,H,48,45-49M,EC,Basel Running Club,436,a,DNF,FALSE,1799,1553,271,32:41:42,117420,9326,27,18,2025-08-29T15:45:00.000Z
2416,utmb,Kyungho LEE,H,47,45-49M,KR,Team Korea,431,hd,DNF,FALSE,2440,2085,359,05:44:39,20679,NA,4,3,2025-08-29T15:45:00.000Z
2417,utmb,Jean-Paul MATTIELLO,H,62,60-64M,FR,USALV Team Trail Luberon,431,f,Finisher,TRUE,1434,1249,20,45:45:42,164742,9379,144,25,2025-08-29T15:45:00.000Z
2418,utmb,Jerome DANI,H,47,45-49M,FR,,431,a,DNF,FALSE,2048,1763,300,22:06:05,79141,1562,18,13,2025-08-29T15:45:00.000Z
2419,utmb,Andrew ROBINSON,H,42,40-44M,GB,,430,f,Finisher,TRUE,982,865,211,42:16:22,152182,13702,144,25,2025-08-29T15:45:00.000Z
2420,utmb,Adrian CATALAN,H,41,40-44M,GT,Uphill,430,a,DNF,FALSE,1824,1571,347,33:48:13,121562,2227,27,17,2025-08-29T15:45:00.000Z
2421,utmb,Ge JIN,H,45,40-44M,CN,,429,f,Finisher,TRUE,1486,1293,302,46:00:29,165629,7079,144,24,2025-08-29T15:45:00.000Z
2422,utmb,Hongyuan CHENG,H,56,55-59M,CN,,430,f,Finisher,TRUE,1413,1234,52,45:36:08,164168,10062,144,25,2025-08-29T15:45:00.000Z
2423,utmb,John Yoong Ying CHUNG,H,50,45-49M,MY,,430,a,DNF,FALSE,2458,2100,365,06:06:08,21968,NA,4,3,2025-08-29T15:45:00.000Z
2424,utmb,Yasuo IWANE,H,64,60-64M,JP,,429,hd,DNF,FALSE,2250,1932,53,16:12:17,58337,219,11,8,2025-08-29T15:45:00.000Z
2425,utmb,Charles TEE,H,42,40-44M,GB,,428,f,Finisher,TRUE,992,874,213,42:20:23,152423,11606,144,25,2025-08-29T15:45:00.000Z
2426,utmb,Gustavo ARANGO,H,71,70-74M,CO,,429,a,DNF,FALSE,2309,1979,5,11:04:23,39863,NA,8,6,2025-08-29T15:45:00.000Z
2427,utmb,Wing Pan LAU,H,56,55-59M,HK,,429,f,Finisher,TRUE,1584,1376,66,46:27:13,167233,6652,144,24,2025-08-29T15:45:00.000Z
2428,utmb,Ewelina KASKA-ŁOBODOWSKA,F,42,40-44W,PL,FIT&JOY,425,hd,DNF,FALSE,2035,284,62,25:25:05,91505,851,20,14,2025-08-29T15:45:00.000Z
2429,utmb,Jean Philippe QUATTROCCHI,H,53,50-54M,FR,,428,np,Other,FALSE,NA,NA,NA,00:00:00,0,NA,NA,0,2025-08-29T15:45:00.000Z
2430,utmb,Matthew TONG,H,58,55-59M,HK,,428,f,Finisher,TRUE,1647,1429,71,46:39:46,167986,7682,144,24,2025-08-29T15:45:00.000Z
2431,utmb,Pak Hang LEUNG,H,55,50-54M,HK,,428,a,DNF,FALSE,2371,2031,298,12:26:38,44798,NA,8,6,2025-08-29T15:45:00.000Z
2434,utmb,Liu YANG,F,43,40-44W,CN,Cai Yuanzi/Veg Gdn,428,a,DNF,FALSE,1811,249,55,33:10:30,118177,5769,27,17,2025-08-29T15:45:00.000Z
2435,utmb,Alexis Gabriel SORIA,H,52,50-54M,AR,Gordiola Corredores,426,f,Finisher,TRUE,1569,1365,178,46:22:36,166956,18300,144,24,2025-08-29T15:45:00.000Z
2436,utmb,Caio BOWEN,H,31,20-34M,GB,Mynyddywyr De Cymru,427,hd,DNF,FALSE,2018,1738,338,24:42:58,88978,3081,20,15,2025-08-29T15:45:00.000Z
2437,utmb,Diego RUGGERI,H,48,45-49M,AR,,427,a,DNF,FALSE,2325,1993,341,11:34:09,40688,961,8,6,2025-08-29T15:45:00.000Z
2439,utmb,Lukasz BIEL,H,43,40-44M,PL,Vege Runners,427,a,DNF,FALSE,2157,1858,407,18:43:43,67423,1275,14,11,2025-08-29T15:45:00.000Z
2440,utmb,Romain HEUDE,H,39,35-39M,FR,,426,f,Finisher,TRUE,1288,1134,231,44:54:00,161640,10561,144,24,2025-08-29T15:45:00.000Z
2441,utmb,Antonio MARIS,H,65,60-64M,FR,ASSOCIATION TRAIL DES FORGES,426,a,DNF,FALSE,2347,2011,54,11:49:53,42593,NA,8,6,2025-08-29T15:45:00.000Z
2442,utmb,Jean-François JOYE,H,54,50-54M,FR,,426,f,Finisher,TRUE,1642,1424,193,46:39:15,167955,11318,144,25,2025-08-29T15:45:00.000Z
2443,utmb,Marie LARDANS,F,44,40-44W,FR,CMBM,426,f,Finisher,TRUE,1352,167,36,45:16:19,162979,15186,144,25,2025-08-29T15:45:00.000Z
2444,utmb,Roland MANTA,H,60,55-59M,CH,,425,a,DNF,FALSE,1900,1633,91,28:57:39,102218,6931,24,17,2025-08-29T15:45:00.000Z
2445,utmb,Romain COLLEDANI,H,29,20-34M,FR,Nutricode Run Club,425,f,Finisher,TRUE,1634,1418,285,46:37:48,167868,9465,144,25,2025-08-29T15:45:00.000Z
2446,utmb,Jacob MOONEY,H,46,45-49M,US,Locals Run Club,425,a,DNF,FALSE,2197,1891,328,18:11:23,65483,3532,13,10,2025-08-29T15:45:00.000Z
2447,utmb,Jacco MIKKERS,H,45,40-44M,NL,,425,a,DNF,FALSE,2301,1972,441,10:25:21,37521,NA,8,6,2025-08-29T15:45:00.000Z
2448,utmb,Jean-Michel JUDEX,H,63,60-64M,BE,RCNAMUR,423,a,DNF,FALSE,2439,2084,61,05:44:06,20646,NA,4,3,2025-08-29T15:45:00.000Z
2449,utmb,Reiko KITAMURA,F,62,60-64W,JP,,424,a,DNF,FALSE,2446,357,11,05:54:05,21245,NA,4,3,2025-08-29T15:45:00.000Z
2450,utmb,Ca NGUYEN TRUNG,H,32,20-34M,VN,BIDVRunners,424,hd,DNF,FALSE,2023,1741,340,24:58:37,89917,559,20,14,2025-08-29T15:45:00.000Z
2451,utmb,Krzysztof MAĆKOWIAK,H,44,40-44M,PL,Maćkowiak Team,424,a,DNF,FALSE,2159,1860,408,18:51:57,67917,614,14,11,2025-08-29T15:45:00.000Z
2452,utmb,Jie LIU,H,50,45-49M,CN,,424,a,DNF,FALSE,2335,2001,343,11:36:38,41798,NA,8,6,2025-08-29T15:45:00.000Z
2453,utmb,Wanyi YANG,H,31,20-34M,CN,QINGYE,424,f,Finisher,TRUE,1466,1276,267,45:53:32,165212,18502,144,25,2025-08-29T15:45:00.000Z
2454,utmb,Nutthanon AURJONGMANEE,H,36,35-39M,TH,Debsirin Running,424,a,DNF,FALSE,2375,2033,363,12:31:14,45074,NA,8,6,2025-08-29T15:45:00.000Z
2455,utmb,Jean-Marc MAURY,H,57,55-59M,FR,,427,f,Finisher,TRUE,1159,1020,34,43:50:31,157831,13132,144,25,2025-08-29T15:45:00.000Z
2456,utmb,Natalie SILVER,F,22,20-34W,US,,456,f,Finisher,TRUE,1071,132,39,42:51:37,154297,10857,144,25,2025-08-29T15:45:00.000Z
2457,utmb,Olivier IMBERT,H,60,55-59M,FR,Fombes Trail Team,423,hd,DNF,FALSE,2034,1751,100,25:24:58,91498,5360,20,15,2025-08-29T15:45:00.000Z
2458,utmb,Delphine DUBE,F,50,45-49W,FR,AC Pays Ancenis,423,a,DNF,FALSE,2415,352,66,04:59:37,17977,NA,4,3,2025-08-29T15:45:00.000Z
2459,utmb,Xiaofang AN,F,44,40-44W,CN,金融街马帮,423,f,Finisher,TRUE,1420,180,39,45:40:25,164425,12497,144,25,2025-08-29T15:45:00.000Z
2460,utmb,Adelino Augusto DE SOUZA,H,45,40-44M,MO,Trailman100 Macao,422,a,DNF,FALSE,2402,2052,452,08:28:26,30506,NA,6,4,2025-08-29T15:45:00.000Z
2461,utmb,Jonathan MOSQUEDA,H,38,35-39M,US,,424,f,Finisher,TRUE,1465,1275,252,45:53:31,165211,13072,144,25,2025-08-29T15:45:00.000Z
2462,utmb,Laurent CHARLES,H,50,45-49M,FR,Ultra du Trail,421,f,Finisher,TRUE,1472,1281,223,45:55:13,165313,11638,144,25,2025-08-29T15:45:00.000Z
2463,utmb,Qing ZHANG,H,54,50-54M,CN,,422,f,Finisher,TRUE,1574,1368,179,46:23:43,167023,12476,144,25,2025-08-29T15:45:00.000Z
2464,utmb,Samir FAZLAGIC,H,63,60-64M,BA,Sarajevo Running Club - SRC,421,hd,DNF,FALSE,2179,1876,52,19:22:58,69778,1052,14,10,2025-08-29T15:45:00.000Z
2465,utmb,Zelko KRAJCAR,H,55,50-54M,SE,,421,np,Other,FALSE,NA,NA,NA,00:00:00,0,NA,NA,0,2025-08-29T15:45:00.000Z
2466,utmb,Nicolas MARSANDE,H,39,35-39M,FR,Loisir,412,a,DNF,FALSE,2316,1986,356,11:22:12,39412,1520,8,6,2025-08-29T15:45:00.000Z
2467,utmb,Denis JEANCEL,H,65,60-64M,FR,Védas Endurance,420,hd,DNF,FALSE,1700,1473,36,39:47:26,143246,13202,33,21,2025-08-29T15:45:00.000Z
2468,utmb,Henglin YANG,H,61,60-64M,CN,,420,a,DNF,FALSE,1894,1627,42,28:40:11,102342,6214,24,16,2025-08-29T15:45:00.000Z
2469,utmb,Tsuyoshi YAMADA,H,47,45-49M,JP,TARC,420,f,Finisher,TRUE,1664,1443,257,46:57:24,169044,12875,144,24,2025-08-29T15:45:00.000Z
2470,utmb,Raffaella ESPOSITO,F,57,55-59W,IT,AC/DC ASD,418,a,DNF,FALSE,2348,337,25,11:52:07,42307,420,8,6,2025-08-29T15:45:00.000Z
2471,utmb,Cedric LEVASSEUR,H,40,35-39M,FR,Aucun,420,a,DNF,FALSE,2009,1730,312,24:39:12,83927,12606,20,15,2025-08-29T15:45:00.000Z
2472,utmb,Jason YAU HON KEONG,H,39,35-39M,MY,Baby trc,418,a,DNF,FALSE,2054,1768,320,22:09:17,78107,6368,18,13,2025-08-29T15:45:00.000Z
2473,utmb,Etienne VIEMONT,H,47,45-49M,FR,,419,f,Finisher,TRUE,1533,1334,235,46:12:47,166367,12821,144,25,2025-08-29T15:45:00.000Z
2474,utmb,Rachel HELSBY,F,36,35-39W,GB,,419,f,Finisher,TRUE,1505,197,36,46:04:47,165887,9588,144,25,2025-08-29T15:45:00.000Z
2475,utmb,Nicolas GODIN,H,50,45-49M,FR,Annonay Jogging Club,419,a,DNF,FALSE,1993,1716,296,24:27:29,87344,4222,20,15,2025-08-29T15:45:00.000Z
2476,utmb,Ronald PERSAN,H,67,65-69M,CZ,,419,a,DNF,FALSE,2153,1855,8,18:38:56,67136,852,14,10,2025-08-29T15:45:00.000Z
2477,utmb,Marimuthu SATHASIVAM,H,41,40-44M,IN,,419,a,DNF,FALSE,2140,1843,406,17:57:59,64679,1244,14,11,2025-08-29T15:45:00.000Z
2478,utmb,Jonathan MOODY,H,42,40-44M,US,,419,np,Other,FALSE,NA,NA,NA,00:00:00,0,NA,NA,0,2025-08-29T15:45:00.000Z
2479,utmb,Stefano CARREL,H,56,55-59M,IT,Esprit Carrel,422,a,DNF,FALSE,1876,1614,89,27:39:48,99104,9185,24,17,2025-08-29T15:45:00.000Z
2480,utmb,Chris JOHNSON,H,33,20-34M,GB,,432,a,DNF,FALSE,2249,1931,367,16:11:24,54913,4914,11,8,2025-08-29T15:45:00.000Z
2481,utmb,Disco MEISCH,F,44,40-44W,US,,419,a,DNF,FALSE,2242,317,70,16:01:06,56760,2286,11,7,2025-08-29T15:45:00.000Z
2482,utmb,Jose Paulo VELOZA,H,37,35-39M,ZA,Tuesday Trail,418,f,Finisher,TRUE,1492,1298,254,46:02:01,165721,5859,144,24,2025-08-29T15:45:00.000Z
2483,utmb,Tudor CONSTANTINESCU,H,28,20-34M,RO,,418,a,DNF,FALSE,1805,1558,309,32:44:25,115992,6121,27,17,2025-08-29T15:45:00.000Z
2485,utmb,Nicolas FOUILLE,H,46,45-49M,FR,Team Trail Paris,418,f,Finisher,TRUE,918,812,119,41:46:13,150373,9567,144,25,2025-08-29T15:45:00.000Z
2486,utmb,Seung Jik LEE,H,52,50-54M,KR,,418,a,DNF,FALSE,2384,2041,302,13:04:52,43462,3630,8,6,2025-08-29T15:45:00.000Z
2487,utmb,Rick BROWN,H,54,50-54M,CA,,410,f,Finisher,TRUE,1452,1265,152,45:49:55,164995,14766,144,25,2025-08-29T15:45:00.000Z
2488,utmb,Stéphane CAZAUX,H,53,50-54M,FR,Muret AC,416,f,Finisher,TRUE,1577,1371,180,46:25:22,167122,13852,144,25,2025-08-29T15:45:00.000Z
2489,utmb,Petros KYRIAZIS,H,57,55-59M,GR,,417,a,DNF,FALSE,2367,2027,121,12:22:47,44567,NA,8,6,2025-08-29T15:45:00.000Z
2490,utmb,Guillaume DAGENAIS,H,31,20-34M,CA,,416,a,DNF,FALSE,2238,1923,366,15:30:05,54311,2924,11,8,2025-08-29T15:45:00.000Z
2491,utmb,Silvina Mercedes VELAZQUEZ,F,49,45-49W,AR,MANTTRA SPORT,422,f,Finisher,TRUE,1485,193,39,46:00:28,165628,9898,144,25,2025-08-29T15:45:00.000Z
2492,utmb,Raphaelle CORTET DECHELOTTE,F,48,45-49W,FR,,416,f,Finisher,TRUE,1308,159,30,45:00:57,162057,13906,144,25,2025-08-29T15:45:00.000Z
2493,utmb,Michael SMITH,H,42,40-44M,AU,,416,hd,DNF,FALSE,1671,1449,325,45:38:09,164289,9636,44,24,2025-08-29T15:45:00.000Z
2494,utmb,Jihoon PARK,H,50,45-49M,KR,,416,f,Finisher,TRUE,1383,1211,204,45:24:32,163472,12975,144,25,2025-08-29T15:45:00.000Z
2495,utmb,Mark STOREY,H,36,35-39M,AU,,416,f,Finisher,TRUE,1410,1231,246,45:35:35,164135,23220,144,25,2025-08-29T15:45:00.000Z
2496,utmb,Ulises Daniel FLEITAS,H,40,35-39M,PY,,416,a,DNF,FALSE,2331,1997,358,11:35:14,41692,NA,8,6,2025-08-29T15:45:00.000Z
2497,utmb,Dayeon CHOI,F,39,35-39W,KR,,416,a,DNF,FALSE,1906,268,47,29:12:56,103679,6881,24,17,2025-08-29T15:45:00.000Z
2498,utmb,Adam SZLICHT,H,37,35-39M,AU,,415,a,DNF,FALSE,2314,1984,354,11:17:39,39269,1390,8,6,2025-08-29T15:45:00.000Z
2499,utmb,Clara VIKLUND BORG,F,47,45-49W,SE,,414,a,DNF,FALSE,1881,264,51,28:12:35,100734,5914,24,17,2025-08-29T15:45:00.000Z
2500,utmb,Jiaxu LIAO,H,53,50-54M,CN,,415,a,DNF,FALSE,1691,1466,201,42:26:41,152801,6725,34,22,2025-08-29T15:45:00.000Z
2501,utmb,Vladislav ONISCHENKO,H,51,50-54M,IL,DWC,414,f,Finisher,TRUE,1462,1272,155,45:52:50,165170,15010,144,25,2025-08-29T15:45:00.000Z
2502,utmb,Chuanhao LIU,H,38,35-39M,CN,UTO,413,f,Finisher,TRUE,1607,1395,265,46:32:01,167521,11346,144,25,2025-08-29T15:45:00.000Z
2503,utmb,Rudi ROMAIN,H,59,55-59M,BE,,406,f,Finisher,TRUE,1588,1380,67,46:28:06,167286,7565,144,25,2025-08-29T15:45:00.000Z
2504,utmb,Dan Peter LINDGREN LAURITZSON,H,39,35-39M,SE,TMP,438,a,DNF,FALSE,2120,1823,331,16:36:10,59770,2607,14,11,2025-08-29T15:45:00.000Z
2505,utmb,Sze Chun FONG,H,51,50-54M,HK,N/A,413,hd,DNF,FALSE,2036,1752,254,25:27:20,91640,2648,20,15,2025-08-29T15:45:00.000Z
2506,utmb,Stan TURCU,H,78,75-79M,RO,ACS Trupa lui Fane,410,a,DNF,FALSE,2433,2078,2,05:36:51,20211,NA,4,3,2025-08-29T15:45:00.000Z
2508,utmb,Yan WANG,H,48,45-49M,CN,,413,a,DNF,FALSE,2455,2097,364,06:02:21,21741,NA,4,3,2025-08-29T15:45:00.000Z
2509,utmb,Yannick LEDUC,H,54,50-54M,FR,,412,a,DNF,FALSE,1985,1708,241,24:17:25,86825,6241,20,15,2025-08-29T15:45:00.000Z
2510,utmb,Dimitri TEXIER,H,31,20-34M,FR,Aucun,412,f,Finisher,TRUE,1286,1132,253,44:53:11,161591,15128,144,24,2025-08-29T15:45:00.000Z
2511,utmb,Jinlei LI,H,43,40-44M,CN,none,412,np,Other,FALSE,NA,NA,NA,00:00:00,0,NA,NA,0,2025-08-29T15:45:00.000Z
2512,utmb,Clement CHIPOT,H,29,20-34M,FR,,412,a,DNF,FALSE,2471,2111,385,03:38:05,13085,NA,3,2,2025-08-29T15:45:00.000Z
2513,utmb,Arnaud MALLET,H,40,35-39M,FR,,412,f,Finisher,TRUE,984,867,197,42:17:40,152260,6548,144,25,2025-08-29T15:45:00.000Z
2515,utmb,Gustavo PIGNONATO,H,52,50-54M,BR,D-RUN.,411,f,Finisher,TRUE,1609,1397,184,46:32:54,167574,17161,144,25,2025-08-29T15:45:00.000Z
2516,utmb,Pascal LÉTÉ,H,66,65-69M,BE,ESM,411,a,DNF,FALSE,2377,2035,16,12:41:47,45547,160,8,6,2025-08-29T15:45:00.000Z
2517,utmb,Junko KUMAZAWA,F,67,65-69W,JP,,411,a,DNF,FALSE,2394,350,4,08:14:31,29671,NA,6,4,2025-08-29T15:45:00.000Z
2518,utmb,Franck DUCERF,H,61,60-64M,FR,,410,np,Other,FALSE,NA,NA,NA,00:00:00,0,NA,NA,0,2025-08-29T15:45:00.000Z
2519,utmb,Jonas SVENSSON,H,54,50-54M,SE,,410,f,Finisher,TRUE,1497,1301,159,46:03:18,165798,10979,144,25,2025-08-29T15:45:00.000Z
2520,utmb,Woon Sun CHAN,H,56,55-59M,HK,,409,hd,DNF,FALSE,2002,1724,97,24:35:33,88192,1630,20,14,2025-08-29T15:45:00.000Z
2521,utmb,Yueming CHU,H,60,55-59M,CN,Flamingo,409,hd,DNF,FALSE,1669,1447,73,45:08:58,162538,12956,44,24,2025-08-29T15:45:00.000Z
2522,utmb,Laura BAUER,F,58,55-59W,US,#bergziegenHD,409,f,Finisher,TRUE,1639,218,16,46:38:37,167917,6204,144,24,2025-08-29T15:45:00.000Z
2523,utmb,Chris WILLIAMS,H,51,50-54M,GB,,409,f,Finisher,TRUE,1438,1253,151,45:46:29,164789,14162,144,25,2025-08-29T15:45:00.000Z
2524,utmb,Claude PARENT,H,68,65-69M,CA,,408,hd,DNF,FALSE,2245,1927,10,16:06:48,58008,64,11,7,2025-08-29T15:45:00.000Z
2525,utmb,Saé KAWAI,F,67,65-69W,JP,,407,a,DNF,FALSE,2300,329,2,10:23:32,37412,NA,8,6,2025-08-29T15:45:00.000Z
2526,utmb,Maria VON SCHMALENSEE,F,53,50-54W,SE,Trailrun4Fun,408,a,DNF,FALSE,2461,359,38,06:09:30,22170,NA,4,3,2025-08-29T15:45:00.000Z
2527,utmb,Nathan THOMPSON,H,42,40-44M,GB,,408,a,DNF,FALSE,2297,1969,440,10:12:31,36751,NA,8,6,2025-08-29T15:45:00.000Z
2528,utmb,András WAGNER,H,73,70-74M,HU,,408,a,DNF,FALSE,2359,2020,6,12:08:10,43690,NA,8,6,2025-08-29T15:45:00.000Z
2529,utmb,Plamen LAZAROV,H,43,40-44M,BG,R.F.R.,500,f,Finisher,TRUE,1536,1337,308,46:14:07,166447,22124,144,25,2025-08-29T15:45:00.000Z
2530,utmb,Tao YANG,H,66,65-69M,US,None,407,a,DNF,FALSE,2323,1992,11,11:32:11,41531,NA,8,6,2025-08-29T15:45:00.000Z
2531,utmb,Sejie TAKAKI,H,51,50-54M,JP,INVICTUS,407,f,Finisher,TRUE,1299,1143,134,44:57:57,161877,19077,144,25,2025-08-29T15:45:00.000Z
2532,utmb,Guoping XIE,F,61,60-64W,CN,,407,a,DNF,FALSE,1829,255,8,28:34:20,102860,1269,24,17,2025-08-29T15:45:00.000Z
2533,utmb,Moufid DRIDI BOUNAJAA,H,49,45-49M,FR,CIVC Chevreuse,427,f,Finisher,TRUE,1540,1341,237,46:15:07,166507,19966,144,25,2025-08-29T15:45:00.000Z
2534,utmb,Aurore IMBERT,F,32,20-34W,FR,,406,f,Finisher,TRUE,1581,208,47,46:26:12,167172,6795,144,24,2025-08-29T15:45:00.000Z
2535,utmb,Nicholas MCKAY,H,46,45-49M,GB,,406,f,Finisher,TRUE,1660,1440,256,46:53:46,168826,12854,144,25,2025-08-29T15:45:00.000Z
2536,utmb,Feng JIANG,H,56,55-59M,CA,Buffalo Chips,406,f,Finisher,TRUE,1469,1278,58,45:53:41,165221,8912,144,25,2025-08-29T15:45:00.000Z
2537,utmb,Michel LEBOT,H,72,70-74M,FR,ouest trail reunion,407,hd,DNF,FALSE,2008,1729,3,24:39:05,88467,4929,20,15,2025-08-29T15:45:00.000Z
2538,utmb,Anthony CARLE,H,54,50-54M,FR,,405,hd,DNF,FALSE,2003,1725,246,24:35:43,88312,3732,20,15,2025-08-29T15:45:00.000Z
2539,utmb,John HAWORTH,H,61,60-64M,GB,,405,f,Finisher,TRUE,1563,1360,27,46:21:17,166877,12683,144,25,2025-08-29T15:45:00.000Z
2540,utmb,Akira KONUMA,H,53,50-54M,JP,,405,a,DNF,FALSE,1686,1461,198,41:54:33,150873,7940,34,22,2025-08-29T15:45:00.000Z
2541,utmb,Kojiro YOSHIDA,H,47,45-49M,JP,,404,f,Finisher,TRUE,1652,1433,253,46:43:31,168211,9175,144,25,2025-08-29T15:45:00.000Z
2542,utmb,Han-Ching YANG,H,39,35-39M,TW,,404,f,Finisher,TRUE,1658,1439,268,46:44:03,168243,10696,144,25,2025-08-29T15:45:00.000Z
2543,utmb,Hideki TACHIBANA,H,61,60-64M,JP,,404,hd,DNF,FALSE,2479,2117,64,04:21:15,15675,NA,3,2,2025-08-29T15:45:00.000Z
2544,utmb,David KORNMANN,H,58,55-59M,US,,403,a,DNF,FALSE,2456,2098,125,06:02:27,21747,NA,4,3,2025-08-29T15:45:00.000Z
2545,utmb,Silke JEMLICH,F,38,35-39W,DE,Ultrafriesen e.V.,403,a,DNF,FALSE,2063,287,52,19:31:18,70278,363,15,11,2025-08-29T15:45:00.000Z
2546,utmb,Ludovic JULLIEN,H,49,45-49M,FR,,403,f,Finisher,TRUE,1464,1274,221,45:53:30,165210,8548,144,24,2025-08-29T15:45:00.000Z
2547,utmb,William HELMAN,H,58,55-59M,US,-,402,a,DNF,FALSE,2194,1888,110,18:00:45,64845,1234,13,9,2025-08-29T15:45:00.000Z
2548,utmb,Russell BUSST,H,64,60-64M,GB,,402,hd,DNF,FALSE,2424,2071,59,05:24:22,19462,NA,4,3,2025-08-29T15:45:00.000Z
2549,utmb,Donna JIANG,F,63,60-64W,AU,,402,a,DNF,FALSE,1817,251,6,33:40:40,120665,5885,27,18,2025-08-29T15:45:00.000Z
2550,utmb,Takyuen CHUNG,H,44,40-44M,HK,,402,a,DNF,FALSE,1740,1506,336,39:32:14,138609,7754,31,20,2025-08-29T15:45:00.000Z
2551,utmb,Marco DOMINE,H,60,55-59M,DE,Vegan Runners Magdeburg,400,hd,DNF,FALSE,2484,2121,128,04:36:40,16600,NA,3,2,2025-08-29T15:45:00.000Z
2552,utmb,Juan Esteban CAZARRE,H,61,60-64M,AR,cebra team pilar,403,a,DNF,FALSE,1815,1566,39,33:27:06,115667,8300,27,17,2025-08-29T15:45:00.000Z
2553,utmb,Raphael GUIGLI,H,42,40-44M,FR,,401,a,DNF,FALSE,2196,1890,415,18:08:44,65324,800,13,9,2025-08-29T15:45:00.000Z
2554,utmb,Maria Luisa SALAZAR,F,55,50-54W,PE,Buena Vibra,401,a,DNF,FALSE,2355,338,36,12:03:11,43391,NA,8,6,2025-08-29T15:45:00.000Z
2555,utmb,Alec CAMPBELL,H,24,20-34M,AU,ADFRAA,401,f,Finisher,TRUE,1596,1387,281,46:30:13,167413,9749,144,25,2025-08-29T15:45:00.000Z
2556,utmb,Phonrawee CHAIINTA,H,35,20-34M,TH,Trait To Trail : สันดอนตามสันดาน,401,a,DNF,FALSE,1927,1658,328,26:36:45,95805,4066,22,16,2025-08-29T15:45:00.000Z
2557,utmb,Takao YAMAYA,H,68,65-69M,JP,,398,a,DNF,FALSE,2462,2103,20,06:09:52,22192,NA,4,3,2025-08-29T15:45:00.000Z
2558,utmb,Bin ZHANG,H,45,40-44M,CN,,400,f,Finisher,TRUE,1478,1287,299,45:58:08,165488,11255,144,25,2025-08-29T15:45:00.000Z
2559,utmb,Liujie LI,H,48,45-49M,CN,,400,f,Finisher,TRUE,1440,1254,217,45:46:51,164811,7084,144,25,2025-08-29T15:45:00.000Z
2560,utmb,Stéphane MARCHAL,H,53,50-54M,FR,UA Versailles,399,hd,DNF,FALSE,2182,1878,277,19:45:00,71100,338,14,10,2025-08-29T15:45:00.000Z
2561,utmb,Nobuo KISHI,H,70,65-69M,JP,,399,a,DNF,FALSE,2361,2021,14,12:09:26,43766,NA,8,6,2025-08-29T15:45:00.000Z
2562,utmb,Dejan BANKOVIĆ,H,39,35-39M,RS,Delta Running Club,397,a,DNF,FALSE,2049,1764,318,22:09:04,79167,2200,18,12,2025-08-29T15:45:00.000Z
2563,utmb,Hayden DEANGELIS,H,26,20-34M,US,Midnight Runners Boston,399,a,DNF,FALSE,2292,1965,375,09:59:13,35932,NA,8,6,2025-08-29T15:45:00.000Z
2564,utmb,Antonio ALVES,H,55,50-54M,PT,We Run,399,f,Finisher,TRUE,1328,1167,138,45:08:41,162521,8404,144,25,2025-08-29T15:45:00.000Z
2565,utmb,Monica Soledad VÁZQUEZ BARRÓN,F,38,35-39W,MX,PROTRAIL,399,a,DNF,FALSE,2005,279,49,24:37:04,88624,1031,20,14,2025-08-29T15:45:00.000Z
2566,utmb,Chi Hang Frederick TAI,H,52,50-54M,HK,,398,a,DNF,FALSE,2377,2035,299,12:41:47,45566,141,8,6,2025-08-29T15:45:00.000Z
2567,utmb,Zihou CHENG,H,27,20-34M,CN,,397,hd,DNF,FALSE,2013,1734,337,24:39:37,88558,9867,20,15,2025-08-29T15:45:00.000Z
2568,utmb,Morten PLANNTHIN,H,46,45-49M,DK,,396,a,DNF,FALSE,2322,1991,340,11:30:07,41407,NA,8,6,2025-08-29T15:45:00.000Z
2570,utmb,Usman RAFI,H,40,35-39M,PK,,396,a,DNF,FALSE,1924,1656,308,26:33:06,95586,6165,22,16,2025-08-29T15:45:00.000Z
2571,utmb,Damien BOUVARD,H,53,50-54M,FR,,391,a,DNF,FALSE,2041,1756,256,24:17:41,87461,4042,19,13,2025-08-29T15:45:00.000Z
2572,utmb,Ignacio PEREZ GONZALEZ,H,52,50-54M,ES,,395,a,DNF,FALSE,1922,1654,227,26:10:30,94230,8286,22,16,2025-08-29T15:45:00.000Z
2573,utmb,Orquidea CHONG,F,53,50-54W,MX,Escuadron de la montaña,395,hd,DNF,FALSE,2476,361,39,04:19:35,15575,NA,3,2,2025-08-29T15:45:00.000Z
2574,utmb,Lin KUANG,F,61,60-64W,CN,,395,f,Finisher,TRUE,1648,219,3,46:40:02,168002,6408,144,25,2025-08-29T15:45:00.000Z
2575,utmb,Sik Kwan LAU,H,42,40-44M,HK,,395,a,DNF,FALSE,1692,1467,329,42:34:32,153272,10164,34,22,2025-08-29T15:45:00.000Z
2576,utmb,Kazuo HASHIUCHI,H,57,55-59M,JP,,395,a,DNF,FALSE,2365,2025,120,12:17:40,44260,NA,8,6,2025-08-29T15:45:00.000Z
2577,utmb,Sin Tak LAM,H,47,45-49M,HK,,395,a,DNF,FALSE,1823,1570,275,33:47:07,119375,7479,27,18,2025-08-29T15:45:00.000Z
2578,utmb,Michael KING,H,69,65-69M,GB,The Family Mountain Goat,394,a,DNF,FALSE,2475,2115,21,04:07:32,14852,NA,3,2,2025-08-29T15:45:00.000Z
2579,utmb,Calvin CHEUNG,H,47,45-49M,US,,394,a,DNF,FALSE,2175,1872,325,19:19:02,69542,2238,14,10,2025-08-29T15:45:00.000Z
2580,utmb,Wai Man CHAN,H,56,55-59M,HK,,394,hd,DNF,FALSE,2465,2106,126,06:16:16,22576,NA,4,3,2025-08-29T15:45:00.000Z
2581,utmb,Ka Lok LAM,H,41,40-44M,HK,,393,f,Finisher,TRUE,1451,1264,298,45:48:30,164910,19901,144,25,2025-08-29T15:45:00.000Z
2582,utmb,Sebastián VILLAVERDE,H,24,20-34M,GT,,394,f,Finisher,TRUE,1153,1016,239,43:47:55,157675,22828,144,25,2025-08-29T15:45:00.000Z
2583,utmb,Paola FRASCA,F,55,50-54W,IT,BRONTOLO RUNNING,392,a,DNF,FALSE,2210,312,33,18:54:43,68083,187,13,9,2025-08-29T15:45:00.000Z
2584,utmb,Kensuke KATO,H,46,45-49M,JP,ASK 16,392,f,Finisher,TRUE,1189,1048,176,44:11:00,159060,13818,144,25,2025-08-29T15:45:00.000Z
2586,utmb,Sylvain MOREL,H,42,40-44M,FR,orangerun,391,f,Finisher,TRUE,1541,1342,311,46:15:11,166511,17575,144,25,2025-08-29T15:45:00.000Z
2587,utmb,Maciej MAKOWSKI,H,62,60-64M,PL,,391,a,DNF,FALSE,2158,1859,49,18:47:57,67677,895,14,11,2025-08-29T15:45:00.000Z
2588,utmb,Jin HU,H,42,40-44M,CN,,404,hd,DNF,FALSE,2015,1736,389,24:39:54,88571,4012,20,15,2025-08-29T15:45:00.000Z
2589,utmb,Jee Hee LEE,F,41,40-44W,KR,TEAM GGR,390,f,Finisher,TRUE,1637,217,50,46:38:16,167896,5159,144,24,2025-08-29T15:45:00.000Z
2590,utmb,Jose Arivonaldo De OLIVEIRA,H,54,50-54M,BR,,390,hd,DNF,FALSE,2031,1748,252,25:10:30,90630,1459,20,14,2025-08-29T15:45:00.000Z
2591,utmb,Laurent MENAGER,H,61,60-64M,FR,,389,f,Finisher,TRUE,1651,1432,31,46:43:25,168205,10486,144,25,2025-08-29T15:45:00.000Z
2592,utmb,Fred WERNECK,H,47,45-49M,CH,Clarmondial AG,389,f,Finisher,TRUE,1423,1243,216,45:41:10,164470,23091,144,25,2025-08-29T15:45:00.000Z
2593,utmb,Yoshimi MARUTA,F,62,60-64W,JP,futakotamagawa-rc,389,hd,DNF,FALSE,2480,363,13,04:21:48,15708,NA,3,2,2025-08-29T15:45:00.000Z
2594,utmb,Pratchaya KULTHAMRONG,H,45,40-44M,TH,ThailandOutdoor,389,hd,DNF,FALSE,2481,2118,460,04:23:36,15816,NA,3,2,2025-08-29T15:45:00.000Z
2595,utmb,Gustavo VICECONTI,H,57,55-59M,AR,Trail Run Rosario,388,a,DNF,FALSE,1905,1638,93,29:12:39,104624,2825,24,16,2025-08-29T15:45:00.000Z
2596,utmb,Sébastien GOBET,H,52,50-54M,FR,,388,a,DNF,FALSE,1933,1664,229,26:43:48,96228,3899,22,16,2025-08-29T15:45:00.000Z
2597,utmb,Tsugio SASAKI,H,75,70-74M,JP,,387,hd,DNF,FALSE,2478,2116,8,04:20:51,15651,NA,3,2,2025-08-29T15:45:00.000Z
2598,utmb,Gaëtan BODIN,H,34,20-34M,FR,#lebonsudiste,388,hd,DNF,FALSE,2185,1880,357,19:50:00,71400,1775,14,11,2025-08-29T15:45:00.000Z
2599,utmb,Adrian DOYLE,H,40,35-39M,GB,Watford Joggers,387,a,DNF,FALSE,2042,1757,315,24:17:42,87462,4519,19,13,2025-08-29T15:45:00.000Z
2600,utmb,Jonghyun CHOI,H,54,50-54M,KR,드림써브쓰리마라톤클럽,386,a,DNF,FALSE,2362,2022,294,12:09:35,43775,NA,8,6,2025-08-29T15:45:00.000Z
2601,utmb,Wei chao WANG,H,59,55-59M,CN,,385,a,DNF,FALSE,2042,1757,102,24:17:42,87462,5668,19,14,2025-08-29T15:45:00.000Z
2602,utmb,Adrien TYLEK,H,56,55-59M,FR,Team du caillou,384,a,DNF,FALSE,2386,2043,122,13:06:50,46268,942,8,6,2025-08-29T15:45:00.000Z
2603,utmb,Dainen PEARCE,H,39,35-39M,AU,,383,a,DNF,FALSE,2363,2023,362,12:10:58,43858,NA,8,6,2025-08-29T15:45:00.000Z
2604,utmb,Pascal STIEVENARD,H,60,55-59M,FR,MOBITEACH,382,a,DNF,FALSE,2350,2013,119,11:54:05,42666,179,8,6,2025-08-29T15:45:00.000Z
2605,utmb,Andrea FERREIRA,F,49,45-49W,BR,Mont Blanc Assessoria Esportiva,382,a,DNF,FALSE,2143,298,58,18:16:10,65770,679,14,11,2025-08-29T15:45:00.000Z
2606,utmb,Mathieu KREMETH,H,30,20-34M,CH,Nutricode Run Club,381,f,Finisher,TRUE,1635,1419,286,46:37:49,167869,9790,144,25,2025-08-29T15:45:00.000Z
2607,utmb,Vincent VIALETTE,H,56,55-59M,FR,,393,a,DNF,FALSE,1687,1462,76,41:59:27,151167,9825,34,22,2025-08-29T15:45:00.000Z
2608,utmb,Feng LAI,H,58,55-59M,CN,,381,a,DNF,FALSE,2397,2047,123,08:19:58,29802,196,6,4,2025-08-29T15:45:00.000Z
2609,utmb,Jeongmi YANG,F,54,50-54W,KR,드림써브쓰리마라톤클럽,379,a,DNF,FALSE,2360,340,37,12:09:23,43763,NA,8,6,2025-08-29T15:45:00.000Z
2610,utmb,Pierre-Henri BOUISSET,H,56,55-59M,FR,Type 1 Running Team,379,hd,DNF,FALSE,2038,1754,101,25:36:11,92171,3423,20,14,2025-08-29T15:45:00.000Z
2611,utmb,Laurent JOLY,H,54,50-54M,FR,,378,f,Finisher,TRUE,1171,1031,112,43:59:02,158342,15209,144,25,2025-08-29T15:45:00.000Z
2612,utmb,John JOASS,H,74,70-74M,AU,UpCoaching,376,a,DNF,FALSE,2395,2045,7,08:17:41,29861,NA,6,4,2025-08-29T15:45:00.000Z
2613,utmb,Boram LEE,H,47,45-49M,KR,Team GGR,376,f,Finisher,TRUE,1641,1423,252,46:38:43,167923,3205,144,24,2025-08-29T15:45:00.000Z
2614,utmb,Christophe ROBERT,H,50,45-49M,FR,Issou Running Trail,376,hd,DNF,FALSE,2187,1882,326,19:59:00,71940,451,14,10,2025-08-29T15:45:00.000Z
2615,utmb,John SHUM,H,51,50-54M,HK,,375,f,Finisher,TRUE,1605,1394,183,46:32:00,167520,9020,144,25,2025-08-29T15:45:00.000Z
2616,utmb,Tomomi HITAKA,H,45,40-44M,JP,bockle mountain,375,a,DNF,FALSE,2369,2029,448,12:23:05,44585,NA,8,6,2025-08-29T15:45:00.000Z
2617,utmb,Andrew OLSON,H,63,60-64M,GB,,374,a,DNF,FALSE,2453,2095,63,06:01:56,21716,NA,4,3,2025-08-29T15:45:00.000Z
2618,utmb,Bruno MARTIN,H,69,65-69M,FR,,373,a,DNF,FALSE,2358,2019,13,12:07:21,43641,NA,8,6,2025-08-29T15:45:00.000Z
2619,utmb,Gerardo GAYTAN DELGADO,H,48,45-49M,MX,MMI,369,a,DNF,FALSE,2380,2037,349,12:41:49,44744,965,8,6,2025-08-29T15:45:00.000Z
2620,utmb,Amy WINTERS,F,54,50-54W,US,NA,371,a,DNF,FALSE,2205,309,31,18:33:00,66780,1045,13,9,2025-08-29T15:45:00.000Z
2621,utmb,Youngpyo HONG,H,63,60-64M,KR,Team KOREA,370,a,DNF,FALSE,1899,1632,43,28:57:36,102556,8317,24,17,2025-08-29T15:45:00.000Z
2622,utmb,Aurélien CANIAUX,H,39,35-39M,FR,,369,a,DNF,FALSE,2470,2110,372,03:33:50,12830,NA,3,2,2025-08-29T15:45:00.000Z
2623,utmb,Chi Kit CHEN,H,44,40-44M,HK,,369,a,DNF,FALSE,2383,2040,449,13:04:31,47071,NA,8,6,2025-08-29T15:45:00.000Z
2624,utmb,Daniel Alberto CARASSO,H,54,50-54M,AR,,369,a,DNF,FALSE,2368,2028,297,12:22:51,44571,256,8,6,2025-08-29T15:45:00.000Z
2625,utmb,Sachi MIYOSHI,F,45,40-44W,JP,,369,a,DNF,FALSE,2072,289,63,19:30:40,70240,720,15,11,2025-08-29T15:45:00.000Z
2626,utmb,Ge LI,H,39,35-39M,CN,,368,a,DNF,FALSE,2349,2012,360,11:52:50,42770,NA,8,6,2025-08-29T15:45:00.000Z
2627,utmb,Hua AN,H,55,50-54M,CN,TCMC,367,f,Finisher,TRUE,1551,1351,172,46:18:47,166727,14876,144,25,2025-08-29T15:45:00.000Z
2628,utmb,Parthomwud SAKULTHAM,H,49,45-49M,TH,DSATri,367,a,DNF,FALSE,2374,2032,347,12:31:01,45061,NA,8,6,2025-08-29T15:45:00.000Z
2629,utmb,Junichiro TAMORI,H,47,45-49M,JP,,367,a,DNF,FALSE,2161,1862,321,18:58:00,68280,1249,14,10,2025-08-29T15:45:00.000Z
2630,utmb,Ke ZHANG,H,37,35-39M,CN,,365,a,DNF,FALSE,1923,1655,307,26:07:12,94032,5588,22,16,2025-08-29T15:45:00.000Z
2631,utmb,Vesa VÄLIPIRTTI,H,63,60-64M,FI,Northern Trail Runners,363,a,DNF,FALSE,1990,1713,44,24:24:06,87571,2513,20,15,2025-08-29T15:45:00.000Z
2632,utmb,Thuan HUYNH PHUOC,H,43,40-44M,VN,,363,a,DNF,FALSE,2398,2048,451,08:20:18,29733,285,6,4,2025-08-29T15:45:00.000Z
2633,utmb,Mikaela BAKER,F,33,20-34W,AU,,362,f,Finisher,TRUE,1571,205,46,46:23:11,166991,8969,144,24,2025-08-29T15:45:00.000Z
2634,utmb,Vladimir JOVANOVIĆ,H,33,20-34M,RS,Ultra trkač Srbija,360,f,Finisher,TRUE,1185,1044,245,44:06:04,158764,9532,144,25,2025-08-29T15:45:00.000Z
2635,utmb,Marie-Charlotte DUHAMEL,F,47,45-49W,FR,,357,a,DNF,FALSE,2173,303,62,19:17:45,69465,113,14,10,2025-08-29T15:45:00.000Z
2636,utmb,Yong QIN,H,40,35-39M,CN,,357,np,Other,FALSE,NA,NA,NA,00:00:00,0,NA,NA,0,2025-08-29T15:45:00.000Z
2637,utmb,Kwantana KWAMUANGPAN,F,48,45-49W,TH,,350,a,DNF,FALSE,2377,343,65,12:41:47,45621,86,8,6,2025-08-29T15:45:00.000Z
2638,utmb,Marius KATILIUS,H,49,45-49M,LT,,345,f,Finisher,TRUE,1013,892,133,42:27:24,152844,14695,144,25,2025-08-29T15:45:00.000Z
2639,utmb,Jean-Stéphane VILAIN,H,52,50-54M,FR,Unirun,345,f,Finisher,TRUE,1638,1421,191,46:38:19,167899,8570,144,25,2025-08-29T15:45:00.000Z
2640,utmb,Lewis MATHESON,H,44,40-44M,GB,,342,hd,DNF,FALSE,1994,1717,386,24:29:21,87408,3964,20,15,2025-08-29T15:45:00.000Z
2641,utmb,Rui JIANG,H,35,20-34M,CN,,342,hd,DNF,FALSE,2463,2104,384,06:10:36,22236,NA,4,3,2025-08-29T15:45:00.000Z
2642,utmb,Chi Veng HO,H,66,65-69M,MO,,341,a,DNF,FALSE,2450,2093,19,05:58:22,21502,NA,4,3,2025-08-29T15:45:00.000Z
2643,utmb,Julien DUHAMEL,H,41,40-44M,FR,,341,a,DNF,FALSE,1886,1620,363,28:29:44,101200,9885,24,17,2025-08-29T15:45:00.000Z
2644,utmb,Bruno GAHERI,H,51,50-54M,FR,,334,f,Finisher,TRUE,1515,1318,162,46:06:24,165984,15571,144,25,2025-08-29T15:45:00.000Z
2645,utmb,Sabine GALPIN OSSONCE,F,35,20-34W,FR,,330,a,DNF,FALSE,2386,344,65,13:06:50,41401,5809,8,6,2025-08-29T15:45:00.000Z
2646,utmb,Michael FRAIN,H,44,40-44M,IE,,NA,a,DNF,FALSE,2317,1987,443,11:24:32,40079,993,8,6,2025-08-29T15:45:00.000Z
2647,utmb,James YEARDLEY,H,53,50-54M,GB,Liss Runners,NA,f,Finisher,TRUE,907,802,71,41:41:31,150091,11883,144,25,2025-08-29T15:45:00.000Z
2648,utmb,Tristan BOSSARD,H,39,35-39M,FR,,NA,f,Finisher,TRUE,373,325,92,34:47:32,125252,4951,144,25,2025-08-29T15:45:00.000Z
2649,utmb,Sandra GAYRAL,F,44,40-44W,FR,Cercle des Triathlètes de Nouvelle-Calédonie (CTNC),NA,f,Finisher,TRUE,1618,213,49,46:33:57,167637,17584,144,25,2025-08-29T15:45:00.000Z
2650,utmb,Christophe FLAVIN,H,58,55-59M,FR,,NA,f,Finisher,TRUE,1310,1151,43,45:01:53,162113,13328,144,25,2025-08-29T15:45:00.000Z
2652,utmb,Daniel HAIGHT,H,51,50-54M,US,None,476,f,Finisher,TRUE,1512,1315,161,46:06:07,165967,8193,144,25,2025-08-29T15:45:00.000Z
2653,utmb,Manuel GIL CASTELLÓ,H,55,50-54M,ES,KIPRUN,NA,a,DNF,FALSE,2416,2064,305,05:01:20,18080,NA,4,3,2025-08-29T15:45:00.000Z
2654,utmb,Vojtech SMID,H,44,40-44M,CZ,Sexy Guru ULTRA,NA,a,DNF,FALSE,2468,2108,457,03:28:41,12521,NA,3,2,2025-08-29T15:45:00.000Z
2655,utmb,Lazaros SOFOKLEOUS,H,46,45-49M,CY,,NA,a,DNF,FALSE,1804,1557,273,32:44:08,117603,6774,27,18,2025-08-29T15:45:00.000Z
2656,utmb,Joseph D'ALESSIO,H,50,45-49M,US,,NA,f,Finisher,TRUE,934,824,122,41:57:26,151046,17413,144,25,2025-08-29T15:45:00.000Z
2657,utmb,Christelle STURTZ FROEHLICHER,F,48,45-49W,FR,MIA,514,f,Finisher,TRUE,1519,198,40,46:07:46,166066,12329,144,25,2025-08-29T15:45:00.000Z
2658,utmb,Thibaut XIMENES,H,38,35-39M,FR,,NA,f,Finisher,TRUE,683,600,148,39:14:17,141257,16713,144,25,2025-08-29T15:45:00.000Z
2659,utmb,Konrad VAN VALKENHOEF,H,38,35-39M,NL,,NA,a,DNF,FALSE,1780,1539,293,31:05:11,106421,11445,27,18,2025-08-29T15:45:00.000Z
2660,utmb,Alex ROLAND,H,36,35-39M,AU,Elevate Running and Fitness,NA,f,Finisher,TRUE,1578,1372,262,46:25:30,167130,12284,144,25,2025-08-29T15:45:00.000Z
2661,utmb,José Miguel CARMONA JIMÉNEZ,H,41,40-44M,ES,Wild sports,NA,f,Finisher,TRUE,1020,897,217,42:30:12,153012,14408,144,25,2025-08-29T15:45:00.000Z
2662,utmb,Prithvi KHADKA,H,31,20-34M,NP,Runderbolt,NA,f,Finisher,TRUE,1488,1295,272,46:00:39,165639,16753,144,25,2025-08-29T15:45:00.000Z
2663,utmb,Xavier JACQUEL,H,42,40-44M,FR,Kikourou,528,f,Finisher,TRUE,989,872,212,42:19:11,152351,12687,144,25,2025-08-29T15:45:00.000Z
2664,utmb,Jean Baptiste LEVESQUE,H,41,40-44M,FR,,412,a,DNF,FALSE,1931,1662,370,26:36:41,95801,4757,22,16,2025-08-29T15:45:00.000Z
2665,utmb,Ingrid TRINDADE,F,44,40-44W,BR,,489,f,Finisher,TRUE,1320,161,34,45:07:48,162468,10305,144,24,2025-08-29T15:45:00.000Z
2666,utmb,Omar Jesus MENDOZA NUÑO,H,40,35-39M,MX,Sense8,NA,f,Finisher,TRUE,569,501,129,38:05:51,137151,8082,144,25,2025-08-29T15:45:00.000Z
