bib,fullname,sex,age,category,country_code,club,utmb_index,rank_scratch,rank_sex,rank_cat,race_time,diff_to_first,is_finisher,status,start_time,profile_url,race_time_seconds,total_rest_time,total_rest_time_seconds,n_passings
6,Ben DHIMAN,H,35,35-39M,US,Asics Trail,946,1,1,1,18:16:29,00:00:00,TRUE,f,2026-08-28T17:48:12.000Z,https://utmb.world/runner/1409387.ben.dhiman,65789.98,0:09:23,563.24,27
25,Baptiste CHASSAGNE,H,33,20-34M,FR,TEAM ON,926,2,2,1,18:47:38,00:31:09,TRUE,f,2026-08-28T17:48:12.000Z,https://utmb.world/runner/1250019.baptiste.chassagne,67658.6,0:14:02,842.4499999999999,27
8,Caleb OLSON,H,31,20-34M,US,All Conditions Racing Department,945,3,3,2,18:48:24,00:31:55,TRUE,f,2026-08-28T17:48:12.000Z,https://utmb.world/runner/2574519.caleb.olson,67704.51,0:12:38,758.22,27
101,Virgile MORISET,H,25,20-34M,FR,ASICS TRAIL,879,4,4,3,19:00:23,00:43:54,TRUE,f,2026-08-28T17:48:12.000Z,https://utmb.world/runner/3586861.virgile.moriset,68423.89,0:14:22,861.6569999999999,27
41,Joaquin LOPEZ,H,34,20-34M,EC,Kailas FUGA,912,5,5,4,19:06:48,00:50:19,TRUE,f,2026-08-28T17:48:12.000Z,https://utmb.world/runner/243895.joaquin.lopez,68808.07,0:10:43,642.6600000000001,27
10,Hannes NAMBERGER,H,37,35-39M,DE,Dynafit,941,6,6,2,19:13:51,00:57:22,TRUE,f,2026-08-28T17:48:12.000Z,https://utmb.world/runner/1008473.hannes.namberger,69231.76,0:11:09,668.8900000000001,27
73,Gautier BONNECARRERE,H,34,20-34M,FR,La Sportiva,888,7,7,5,19:23:16,01:06:47,TRUE,f,2026-08-28T17:48:12.000Z,https://utmb.world/runner/2481427.gautier.bonnecarrere,69796.97,0:12:49,769.47,27
43,Antoine CHARVOLIN,H,29,20-34M,FR,ON trail team,910,8,8,6,19:40:33,01:24:04,TRUE,f,2026-08-28T17:48:12.000Z,https://utmb.world/runner/1610627.antoine.charvolin,70833.26,0:09:51,591.12,27
51,Yannick NOËL,H,40,40-44M,FR,Inov8,905,9,9,1,19:51:42,01:35:13,TRUE,f,2026-08-28T17:48:12.000Z,https://utmb.world/runner/1312055.yannick.noel,71502.89,0:20:15,1215.1999999999998,27
53,Jean-Philippe TSCHUMI,H,44,40-44M,CH,KAILAS FUGA,905,10,10,2,19:58:24,01:41:55,TRUE,f,2026-08-28T17:48:12.000Z,https://utmb.world/runner/970923.jeanphilippe.tschumi,71904.44,0:10:20,620.43,27
131,Pablo VILLA,H,38,35-39M,ES,adidas,864,11,11,3,20:15:37,01:59:08,TRUE,f,2026-08-28T17:48:12.000Z,https://utmb.world/runner/140937.pablo.villa,72937.94,0:15:53,953.4899999999999,27
31,Drew HOLMEN,H,34,20-34M,US,Nike ACG & The Feed,920,12,12,7,20:24:49,02:08:20,TRUE,f,2026-08-28T17:48:12.000Z,https://utmb.world/runner/1030827.drew.holmen,73489.37,0:20:27,1227.1100000000001,27
35,Raul Octaviu BUTACI,H,41,40-44M,RO,Mount to Coast,913,13,13,3,20:26:46,02:10:17,TRUE,f,2026-08-28T17:48:12.000Z,https://utmb.world/runner/669176.rauloctaviu.butaci,73606.05,0:29:51,1790.67,27
85,Andreas RIEDER,H,40,40-44M,AT,BROOKS TRAILRUNNERS,881,14,14,4,20:33:24,02:16:55,TRUE,f,2026-08-28T17:48:12.000Z,https://utmb.world/runner/3034585.andreas.rieder,74004.49,0:23:23,1403.1599999999999,27
117,Cody LIND,H,31,20-34M,US,ADIDAS,869,15,15,8,20:37:25,02:20:56,TRUE,f,2026-08-28T17:48:12.000Z,https://utmb.world/runner/2667843.cody.lind,74245.4,0:15:30,929.58,27
255,Jérémy NION,H,39,35-39M,FR,CRRA,832,16,16,4,20:48:28,02:31:59,TRUE,f,2026-08-28T17:48:12.000Z,https://utmb.world/runner/1029095.jeremy.nion,74908.7,0:30:38,1838.3,27
119,Kamil LEŚNIAK,H,33,20-34M,PL,Hoka Garmin Team,868,17,17,9,20:56:49,02:40:20,TRUE,f,2026-08-28T17:48:12.000Z,https://utmb.world/runner/107261.kamil.lesniak,75409.86,0:14:54,894.4300000000001,27
121,Aubin FERRARI,H,29,20-34M,FR,ALTRA RUNNING EUROPE,867,18,18,10,20:56:53,02:40:24,TRUE,f,2026-08-28T17:48:12.000Z,https://utmb.world/runner/904167.aubin.ferrari,75413.96,0:20:52,1252.3899999999999,27
127,Andy SYMONDS,H,45,45-49M,GB,SCOTT RUNNING,865,19,19,1,20:59:58,02:43:29,TRUE,f,2026-08-28T17:48:12.000Z,https://utmb.world/runner/5960.andy.symonds,75598.4,0:14:20,859.6600000000001,27
115,Santos Gabriel RUEDA,H,35,35-39M,AR,COLUMBIA,870,20,20,5,21:04:23,02:47:54,TRUE,f,2026-08-28T17:48:12.000Z,https://utmb.world/runner/439618.santosgabriel.rueda,75863.12,0:17:42,1061.61,27
195,Daniel CLAASSEN,H,33,20-34M,ZA,ASICS,833,21,21,11,21:23:44,03:07:15,TRUE,f,2026-08-28T17:48:12.000Z,https://utmb.world/runner/2514861.daniel.claassen,77024.29,0:22:59,1379.45,27
137,Theo LE BOUDEC,H,26,20-34M,FR,CIMALP,860,22,22,12,21:27:37,03:11:08,TRUE,f,2026-08-28T17:48:12.000Z,https://utmb.world/runner/4197488.theo.leboudec,77257.36,0:18:25,1105.3100000000002,27
77,Baptiste COATANTIEC,H,29,20-34M,FR,Nike ACG,887,23,23,13,21:31:21,03:14:52,TRUE,f,2026-08-28T17:48:12.000Z,https://utmb.world/runner/4301813.baptiste.coatantiec,77481.35,0:20:17,1216.754,27
279,Nicolas JACOB,H,32,20-34M,FR,Lyon Athle,812,24,24,14,21:34:01,03:17:32,TRUE,f,2026-08-28T17:48:12.000Z,https://utmb.world/runner/4703266.nicolas.jacob,77641.51,0:12:31,750.86,27
109,Ferdinand AIRAULT,H,34,20-34M,FR,T8 x Aravaipa - The Magic Runner,873,25,25,15,21:44:37,03:28:08,TRUE,f,2026-08-28T17:48:12.000Z,https://utmb.world/runner/2654475.ferdinand.airault,78277.34,0:23:49,1429.1599999999999,27
15,Blandine L HIRONDEL,F,35,35-39W,FR,Kiprun,807,26,1,1,21:54:49,03:38:20,TRUE,f,2026-08-28T17:48:12.000Z,https://utmb.world/runner/1053595.blandine.lhirondel,78889.17,0:21:41,1300.52,27
257,Kevin ROUX,H,36,35-39M,FR,Trail club St Gervais les bains,815,27,26,6,21:59:18,03:42:49,TRUE,f,2026-08-28T17:48:12.000Z,https://utmb.world/runner/4189482.kevin.roux,79158.95,0:29:01,1740.8799999999999,27
251,Dimitri SOLTYSIAK,H,37,35-39M,FR,Team Trail Nord Horizon,818,28,27,7,22:04:24,03:47:55,TRUE,f,2026-08-28T17:48:12.000Z,https://utmb.world/runner/4451118.dimitri.soltysiak,79464.5,0:37:14,2234.2400000000002,27
165,Tom JOLY,H,35,35-39M,GB,Kailas Fuga,844,29,28,8,22:09:40,03:53:11,TRUE,f,2026-08-28T17:48:12.000Z,https://utmb.world/runner/1524473.tom.joly,79780.58,0:24:15,1454.79,27
245,Yoann LECAUCHOIS,H,44,40-44M,FR,NA,833,30,29,5,22:09:50,03:53:21,TRUE,f,2026-08-28T17:48:12.000Z,https://utmb.world/runner/388657.yoann.lecauchois,79790.94,0:25:39,1538.83,27
235,Alexandre BERAUD,H,36,35-39M,FR,Team Merrell France,816,31,30,9,22:13:49,03:57:20,TRUE,f,2026-08-28T17:48:12.000Z,https://utmb.world/runner/427004.alexandre.beraud,80029.54,0:21:35,1294.73,27
34,Rachel ENTREKIN,F,35,35-39W,US,Norda,781,32,2,2,22:15:54,03:59:25,TRUE,f,2026-08-28T17:48:12.000Z,https://utmb.world/runner/234329.rachel.entrekin,80154.93,0:12:33,753.0699999999999,27
78,Emily SCHMITZ,F,45,45-49W,US,HOKA,739,33,3,1,22:17:28,04:00:59,TRUE,f,2026-08-28T17:48:12.000Z,https://utmb.world/runner/1929711.emily.schmitz,80248.26,0:19:33,1173.28,27
383,François GUYON,H,37,35-39M,FR,EPA,785,34,31,10,22:25:01,04:08:32,TRUE,f,2026-08-28T17:48:12.000Z,https://utmb.world/runner/1021017.francois.guyon,80701.74,0:18:50,1130.1399999999999,27
161,Emmanuel CAUTY,H,33,20-34M,FR,WISE Ultra Running/Run Aventure Lorient,846,35,32,16,22:26:18,04:09:49,TRUE,f,2026-08-28T17:48:12.000Z,https://utmb.world/runner/4560814.emmanuel.cauty,80778.64,0:41:13,2473.2799999999997,27
567,Luke NICHOLS,H,38,35-39M,AU,NA,741,36,33,11,22:27:59,04:11:30,TRUE,f,2026-08-28T17:49:00.420Z,https://utmb.world/runner/4919902.luke.nichols,80879.44,0:44:30,2669.84,27
299,Jules GERBER,H,26,20-34M,FR,BTR - Besançon Trail Running,804,37,34,17,22:30:47,04:14:18,TRUE,f,2026-08-28T17:48:12.000Z,https://utmb.world/runner/4538690.jules.gerber,81047.21,0:21:56,1316.0300000000002,27
69,Bartosz GORCZYCA,H,35,35-39M,PL,Grupa Luktrans,891,38,35,12,22:37:01,04:20:32,TRUE,f,2026-08-28T17:48:12.000Z,https://utmb.world/runner/354924.bartosz.gorczyca,81421.45,0:25:08,1507.96,27
331,Loan LE ROHELLEC,H,29,20-34M,FR,ESCLOPS D'AZUN,806,39,36,18,22:38:26,04:21:57,TRUE,f,2026-08-28T17:48:12.000Z,https://utmb.world/runner/950055.loan.lerohellec,81506.61,0:27:31,1651.11,27
390,Matthew DUNN,H,39,35-39M,AU,aprc,784,40,37,13,22:39:26,04:22:57,TRUE,f,2026-08-28T17:48:12.000Z,https://utmb.world/runner/3104413.matthew.dunn,81566.18,0:26:26,1585.51,27
544,Clement TRUFFAULT,H,37,35-39M,FR,ASICS/CMBM/EMHM,754,41,38,14,22:44:42,04:28:13,TRUE,f,2026-08-28T17:48:33.540Z,https://utmb.world/runner/110217.clement.truffault,81881.81,0:21:42,1301.6599999999999,27
319,Riccardo PIANESI,H,35,35-39M,IT,SPACE RUNNING ASD,801,42,39,15,22:46:12,04:29:43,TRUE,f,2026-08-28T17:48:12.000Z,https://utmb.world/runner/2195185.riccardo.pianesi,81972.18,0:12:42,762.17,27
205,Bastien ENJALBERT,H,29,20-34M,FR,Clermont Sport Endurance,828,43,40,19,22:48:14,04:31:45,TRUE,f,2026-08-28T17:48:12.000Z,https://utmb.world/runner/5275100.bastien.enjalbert,82094.76,0:40:01,2400.67,27
277,Aymeric DAMOUR,H,35,35-39M,FR,ESL Pierre Bénite,816,43,40,16,22:48:14,04:31:45,TRUE,f,2026-08-28T17:48:12.000Z,https://utmb.world/runner/1610709.aymeric.damour,82094.31,0:26:05,1564.67,27
373,Arnaud DELÉPINE,H,45,45-49M,FR,NA,786,45,42,2,22:48:16,04:31:47,TRUE,f,2026-08-28T17:48:12.000Z,https://utmb.world/runner/196126.arnaud.delepine,82096.81,0:39:39,2378.5599999999995,27
149,Tommy SULLIVAN,H,33,20-34M,US,CRAFT,857,46,43,20,22:48:45,04:32:16,TRUE,f,2026-08-28T17:48:12.000Z,https://utmb.world/runner/4396220.tommy.sullivan,82125.63,0:23:47,1427.36,27
65,Guomin DENG,H,37,35-39M,CN,KOLON SPORT  & SUUNTO,896,47,44,17,22:55:42,04:39:13,TRUE,f,2026-08-28T17:48:12.000Z,https://utmb.world/runner/804475.guomin.deng,82542.33,0:22:26,1346.01,27
213,Paul ZUNINO,H,32,20-34M,FR,NA,827,48,45,21,22:59:23,04:42:54,TRUE,f,2026-08-28T17:48:12.000Z,https://utmb.world/runner/3127995.paul.zunino,82763.16,0:20:12,1211.5,27
399,Sébastien CAPUS,H,37,35-39M,FR,JDK Racing Team,781,49,46,18,23:04:14,04:47:45,TRUE,f,2026-08-28T17:48:12.000Z,https://utmb.world/runner/1815055.sebastien.capus,83054.43,0:28:12,1691.63,27
552,Yohan BUGNION,H,35,35-39M,CH,NA,749,50,47,19,23:04:40,04:48:11,TRUE,f,2026-08-28T17:51:29.920Z,https://utmb.world/runner/4957859.yohan.bugnion,83079.4,0:25:00,1499.77,27
48,Careth ARNOLD,F,36,35-39W,US,Altra,766,51,4,3,23:05:20,04:48:51,TRUE,f,2026-08-28T17:48:12.000Z,https://utmb.world/runner/4571846.careth.arnold,83120.23,0:17:37,1056.6499999999999,27
395,Arnaud COLLOUD,H,37,35-39M,FR,Mammut - Chablais Mountain Runners,782,52,48,20,23:06:42,04:50:13,TRUE,f,2026-08-28T17:48:12.000Z,https://utmb.world/runner/410687.arnaud.colloud,83202.38,0:44:14,2654.3,27
81,Marcos RAMOS GONZALEZ,H,37,35-39M,ES,ASICS Trail Team,885,53,49,21,23:09:54,04:53:25,TRUE,f,2026-08-28T17:48:12.000Z,https://utmb.world/runner/707262.marcos.ramosgonzalez,83394.14,0:23:19,1399.14,27
259,Jiqian WANG,H,38,35-39M,CN,THE NORTH FACE,815,54,50,22,23:18:02,05:01:33,TRUE,f,2026-08-28T17:48:12.000Z,https://utmb.world/runner/1210767.jiqian.wang,83882.55,0:44:18,2658.38,27
273,Jack CHAMBERLAIN,H,36,35-39M,GB,Kailas Fuga,813,55,51,23,23:20:59,05:04:30,TRUE,f,2026-08-28T17:48:12.000Z,https://utmb.world/runner/4248936.jack.chamberlain,84059.31,0:21:44,1303.9499999999998,27
44,Jazmine LOWTHER,F,34,20-34W,CA,Arc'teryx,772,56,5,1,23:21:55,05:05:26,TRUE,f,2026-08-28T17:48:12.000Z,https://utmb.world/runner/4272257.jazmine.lowther,84115.48,0:33:52,2031.9600000000003,27
50,Katarzyna DOMBROWSKA,F,36,35-39W,PL,On Trail Team,764,57,6,4,23:27:34,05:11:05,TRUE,f,2026-08-28T17:48:12.000Z,https://utmb.world/runner/1099697.katarzyna.dombrowska,84454.68,0:39:15,2355.47,27
329,Pablo NADALEZ,H,40,40-44M,AR,Nadalez Team,799,58,52,6,23:35:19,05:18:50,TRUE,f,2026-08-28T17:48:12.000Z,https://utmb.world/runner/1929925.pablo.nadalez,84919.88,0:27:27,1647.24,27
349,Mathieu CLÉMENT,H,31,20-34M,CH,Team Asics Trail,792,59,53,22,23:38:08,05:21:39,TRUE,f,2026-08-28T17:48:12.000Z,https://utmb.world/runner/764508.mathieu.clement,85088.18,0:33:49,2028.5200000000002,27
105,Arthur JOYEUX-BOUILLON,H,32,20-34M,FR,ON RUUNING,876,60,54,23,23:38:10,05:21:41,TRUE,f,2026-08-28T17:48:12.000Z,https://utmb.world/runner/1440463.arthur.joyeuxbouillon,85090.59,0:28:37,1717.19,27
397,Jose David LUTZARDO BARROSO,H,43,40-44M,ES,Tenerife Outdoor,782,61,55,7,23:41:55,05:25:26,TRUE,f,2026-08-28T17:48:12.000Z,https://utmb.world/runner/11750.josedavid.lutzardobarroso,85315.88,0:48:14,2893.8,27
381,Brieuc LAMY,H,27,20-34M,FR,Adidas / Alltricks / Team Provence Endurance,785,62,56,24,23:43:01,05:26:32,TRUE,f,2026-08-28T17:48:12.000Z,https://utmb.world/runner/2693193.brieuc.lamy,85381.25,0:26:46,1605.8,27
17,Lucy BARTHOLOMEW,F,30,20-34W,AU,Salomon,799,63,7,2,23:44:29,05:28:00,TRUE,f,2026-08-28T17:48:12.000Z,https://utmb.world/runner/211181.lucy.bartholomew,85469.54,0:21:51,1310.8199999999997,27
506,Nicolas PINSARD,H,32,20-34M,FR,NA,777,64,57,25,23:46:28,05:29:59,TRUE,f,2026-08-28T17:48:54.690Z,https://utmb.world/runner/4200274.nicolas.pinsard,85587.48,0:30:16,1816.06,27
385,Raphaël DEVANTAY,H,40,40-44M,CH,NA,785,65,58,8,23:47:09,05:30:40,TRUE,f,2026-08-28T17:48:12.000Z,https://utmb.world/runner/3966983.raphael.devantay,85629.21,0:39:23,2363.1200000000003,27
24,Antonina IUSHINA,F,33,20-34W,AN,,791,66,8,3,23:49:58,05:33:29,TRUE,f,2026-08-28T17:48:12.000Z,https://utmb.world/runner/1070695.antonina.iushina,85798.55,0:23:59,1438.8700000000001,27
371,Hyacinthe SALMON,H,26,20-34M,FR,NA,787,67,59,26,23:50:40,05:34:11,TRUE,f,2026-08-28T17:48:12.000Z,https://utmb.world/runner/1947363.hyacinthe.salmon,85840.03,1:19:28,4767.660000000001,27
389,Renaud DOBY,H,42,40-44M,FR,Pyrénées personal training,784,68,60,9,23:52:05,05:35:36,TRUE,f,2026-08-28T17:48:12.000Z,https://utmb.world/runner/196467.renaud.doby,85925.92,0:34:45,2085.2,27
359,Benoit RIBEIRO,H,38,35-39M,FR,Le gars en rouge,791,69,61,24,23:53:33,05:37:04,TRUE,f,2026-08-28T17:48:12.000Z,https://utmb.world/runner/844448.benoit.ribeiro,86013.78,0:44:37,2677.04,27
533,Song LI,H,36,35-39M,CN,Team VIBRAM,761,70,62,25,23:59:58,05:43:29,TRUE,f,2026-08-28T17:50:07.410Z,https://utmb.world/runner/1621953.song.li,86398.43,0:34:46,2085.77,27
59,Théo DETIENNE,H,27,20-34M,FR,NA,903,71,63,27,24:00:41,05:44:12,TRUE,f,2026-08-28T17:48:12.000Z,https://utmb.world/runner/1494315.theo.detienne,86441.92,0:41:18,2477.68,27
72,Anne Cécile THÉVENOT,F,40,40-44W,FR,TEAM MAC SPORT,741,72,9,1,24:02:00,05:45:31,TRUE,f,2026-08-28T17:48:12.000Z,https://utmb.world/runner/644234.annececile.thevenot,86520.33,0:21:51,1311.43,27
361,Maxime BISSON,H,34,20-34M,FR,Fuga Montain Club,790,73,64,28,24:04:25,05:47:56,TRUE,f,2026-08-28T17:48:12.000Z,https://utmb.world/runner/317303.maxime.bisson,86665.01,0:37:33,2253.2599999999998,27
136,Anne-Sofie POLLESTAD,F,41,40-44W,NO,Nordre Ål løpeklubb,710,74,10,2,24:04:56,05:48:27,TRUE,f,2026-08-28T17:48:12.000Z,https://utmb.world/runner/4131603.annesofie.pollestad,86696.87,0:20:44,1243.69,27
339,David RYAN,H,41,40-44M,IE,FUGA Mountain Club,792,75,65,10,24:05:37,05:49:08,TRUE,f,2026-08-28T17:48:12.000Z,https://utmb.world/runner/4295801.david.ryan,86737.13,0:33:07,1987.17,27
532,Chris MCAULIFFE,H,40,40-44M,AU,Victorian Ultra Runners,761,76,66,11,24:09:31,05:53:02,TRUE,f,2026-08-28T17:49:18.250Z,https://utmb.world/runner/4743286.christopher.mcauliffe,86971.1,0:52:03,3122.96,27
199,Pau CAPELL,H,35,35-39M,ES,THE NORTH FACE,830,77,67,26,24:09:33,05:53:04,TRUE,f,2026-08-28T17:48:12.000Z,https://utmb.world/runner/381419.pau.capell,86973.4,0:29:31,1771.31,27
570,Valentin BRICQUET,H,32,20-34M,FR,A Suarellaise,769,78,68,29,24:16:31,06:00:02,TRUE,f,2026-08-28T17:48:59.550Z,https://utmb.world/runner/1357819.valentin.bricquet,87390.76,0:43:53,2633.15,27
269,Alexandre BOUCHEIX,H,35,35-39M,FR,CASQUETTE VERTE,813,79,69,27,24:17:31,06:01:02,TRUE,f,2026-08-28T17:48:12.000Z,https://utmb.world/runner/758585.alexandre.boucheix,87451.82,0:24:26,1466.24,27
128,Amanda BASHAM,F,37,35-39W,US,"Altra, Buff, Garmin",715,80,11,5,24:18:09,06:01:40,TRUE,f,2026-08-28T17:48:12.000Z,https://utmb.world/runner/610967.amanda.basham,87489.57,0:27:48,1667.9299999999998,27
68,Leah YINGLING,F,35,35-39W,US,lululemon,749,81,12,6,24:18:16,06:01:47,TRUE,f,2026-08-28T17:48:12.000Z,https://utmb.world/runner/1041977.leah.yingling,87496.57,0:31:49,1908.72,27
558,Matija MEŠTRIĆ,H,29,20-34M,HR,BK Maraton Novi Marof,744,82,70,30,24:19:14,06:02:45,TRUE,f,2026-08-28T17:50:03.520Z,https://utmb.world/runner/4142876.matija.mestric,87554.46,0:42:59,2579.09,27
353,Bastien GUEGUEN,H,31,20-34M,FR,NA,793,83,71,31,24:19:39,06:03:10,TRUE,f,2026-08-28T17:48:12.000Z,https://utmb.world/runner/2528555.bastien.gueguen,87579.15,0:19:28,1168.2,27
355,Tomasz KIK,H,44,40-44M,SK,Mount to Coast,792,84,72,12,24:19:50,06:03:21,TRUE,f,2026-08-28T17:48:12.000Z,https://utmb.world/runner/1574529.tomasz.kik,87590.92,0:42:59,2578.66,27
335,Jean-Adrien MICHEL,H,32,20-34M,FR,Run Aventure,797,85,73,32,24:24:29,06:08:00,TRUE,f,2026-08-28T17:48:12.000Z,https://utmb.world/runner/1115561.jeanadrien.michel,87869.81,0:37:10,2230.0699999999997,27
201,Alex MOLIN PRADEL,H,27,20-34M,FR,Annecy Athlétisme,828,86,74,33,24:29:46,06:13:17,TRUE,f,2026-08-28T17:48:12.000Z,https://utmb.world/runner/4438090.alex.molinpradel,88186.98,1:14:28,4467.860000000001,27
283,Ugo FERRARI,H,34,20-34M,FR,Team Altra Europe,812,87,75,34,24:32:04,06:15:35,TRUE,f,2026-08-28T17:48:12.000Z,https://utmb.world/runner/448424.ugo.ferrari,88324.08,0:30:27,1826.56,27
365,Francesco Claudio GALLO,H,31,20-34M,IT,NA,788,87,75,34,24:32:04,06:15:35,TRUE,f,2026-08-28T17:48:12.000Z,https://utmb.world/runner/4515990.francescoclaudio.gallo,88324.26,0:24:19,1459.35,27
578,Stephen ASTIER,H,38,35-39M,FR,TRAIL CLUB OLLIOULES,735,87,75,28,24:32:04,06:15:35,TRUE,f,2026-08-28T17:49:08.600Z,https://utmb.world/runner/4866113.stephen.astier,88324.16,0:37:20,2239.7,27
932,Julien DAUPLAIS,H,34,20-34M,CA,NA,614,87,75,34,24:32:04,06:15:35,TRUE,f,2026-08-28T17:49:03.890Z,https://utmb.world/runner/4184707.julien.dauplais,88323.8,0:37:02,2221.91,27
551,Ulysse HOFFMANN,H,42,40-44M,FR,RUNNING CONSEIL AUBAGNE / LE LIEVRE ET LA TORTUE,750,91,79,13,24:32:52,06:16:23,TRUE,f,2026-08-28T17:48:52.530Z,https://utmb.world/runner/914711.ulysse.hoffmann,88371.83,0:52:42,3162,27
512,Sebastian ENEROS RILLING,H,38,35-39M,CL,NA,774,92,80,29,24:33:45,06:17:16,TRUE,f,2026-08-28T17:49:06.670Z,https://utmb.world/runner/1588485.sebastian.enerosrilling,88424.96,0:34:59,2099.17,27
171,Arnau SEGUÍ MOLL,H,28,20-34M,ES,C.A. Bèrnia,842,93,81,37,24:34:19,06:17:50,TRUE,f,2026-08-28T17:48:12.000Z,https://utmb.world/runner/1866039.arnau.seguimoll,88459.83,0:41:41,2501.2799999999997,27
337,Kristian JOERGENSEN,H,42,40-44M,DK,T8,796,94,82,14,24:37:15,06:20:46,TRUE,f,2026-08-28T17:48:12.000Z,https://utmb.world/runner/735298.kristian.joergensen,88635.13,0:51:28,3088.06,27
398,Charly GUERIN,H,36,35-39M,FR,TEAM ASAO,780,95,83,30,24:40:27,06:23:58,TRUE,f,2026-08-28T17:48:12.000Z,https://utmb.world/runner/875325.charly.guerin,88827.2,0:52:04,3124.02,27
555,Nicolas SCHRAPP,H,49,45-49M,FR,Pérols Footing,747,96,84,3,24:42:48,06:26:19,TRUE,f,2026-08-28T17:48:55.630Z,https://utmb.world/runner/816757.nicolas.schrapp,88967.62,0:46:06,2765.84,27
325,Mario MENDOZA JR,H,40,40-44M,US,Team Brooks,800,97,85,15,24:43:02,06:26:33,TRUE,f,2026-08-28T17:48:12.000Z,https://utmb.world/runner/162799.mario.mendozajr,88982.11,0:23:01,1380.75,27
253,Ryan WHELAN,H,40,40-44M,GB,T8,814,98,86,16,24:43:56,06:27:27,TRUE,f,2026-08-28T17:48:12.000Z,https://utmb.world/runner/599327.ryan.whelan,89036.6,0:30:16,1816.44,27
603,Alexandre BECKERS,H,32,20-34M,BE,NA,718,99,87,38,24:46:13,06:29:44,TRUE,f,2026-08-28T17:49:06.960Z,https://utmb.world/runner/6528135.alexandre.beckers,89172.36,0:32:16,1935.54,27
569,Louis DESPRES,H,29,20-34M,FR,Mamie Jo running club,742,100,88,39,24:46:39,06:30:10,TRUE,f,2026-08-28T17:49:00.460Z,https://utmb.world/runner/5320324.louis.despres,89198.63,0:32:06,1926.4,27
402,Dorian LOUVET,H,37,35-39M,FR,Asics,784,101,89,31,24:48:02,06:31:33,TRUE,f,2026-08-28T17:48:12.000Z,https://utmb.world/runner/4318794.dorian.louvet,89282.33,0:55:49,3349.42,27
548,Adrian DE LA NOUGEREDE,H,41,40-44M,GB,NA,751,102,90,17,24:48:35,06:32:06,TRUE,f,2026-08-28T17:51:01.650Z,https://utmb.world/runner/2423617.adrian.delanougerede,89315.04,0:25:58,1558.4099999999999,27
247,Andrej VISTICA,H,43,40-44M,HR,Biokovo Running Club,819,103,91,18,24:51:07,06:34:38,TRUE,f,2026-08-28T17:48:12.000Z,https://utmb.world/runner/2593285.andrej.vistica,89467.25,1:05:24,3923.62,27
636,Charles CAI,H,32,20-34M,US,NA,702,104,92,40,24:55:58,06:39:29,TRUE,f,2026-08-28T17:49:03.470Z,https://utmb.world/runner/1381179.charles.cai,89757.64,0:31:50,1910.13,27
323,Roberto MASTROTTO,H,39,35-39M,IT,Team La Sportiva,771,105,93,32,24:57:37,06:41:08,TRUE,f,2026-08-28T17:48:12.000Z,https://utmb.world/runner/672897.roberto.mastrotto,89857.38,0:45:18,2717.98,27
179,Nelson SANTOS,H,49,45-49M,PT,Runners do Demo,839,106,94,4,24:59:54,06:43:25,TRUE,f,2026-08-28T17:48:12.000Z,https://utmb.world/runner/1264523.nelson.santos,89994.24,1:24:41,5081.23,27
663,Edouard GODINEAU,H,46,45-49M,FR,Les Voisins Traileurs | Duc Army,692,107,95,5,25:02:40,06:46:11,TRUE,f,2026-08-28T17:48:57.920Z,https://utmb.world/runner/423842.edouard.godineau,90159.14,0:49:46,2986.27,27
229,Ales SEDLAK,H,38,35-39M,CZ,TJ Magla/ROCK POINT,824,108,96,33,25:03:15,06:46:46,TRUE,f,2026-08-28T17:48:12.000Z,https://utmb.world/runner/674350.ales.sedlak,90195.12,0:34:34,2074.25,27
151,Baptiste PETITJEAN,H,31,20-34M,FR,Millet/MounttoCoast ,856,109,97,41,25:05:16,06:48:47,TRUE,f,2026-08-28T17:48:12.000Z,https://utmb.world/runner/4653028.baptiste.petitjean,90316.16,0:41:07,2466.91,27
5,Riley BRADY,F,31,20-34W,US,Nike ACG,826,110,13,4,25:16:54,07:00:25,TRUE,f,2026-08-28T17:48:12.000Z,https://utmb.world/runner/739258.riley.brady,91014.19,0:32:30,1949.51,27
791,Andrew DORAIS,H,46,45-49M,US,NA,652,111,98,6,25:17:01,07:00:32,TRUE,f,2026-08-28T17:48:59.110Z,https://utmb.world/runner/4908533.andrew.dorais,91021.11,0:44:09,2648.72,27
32,Lin CHEN,F,35,35-39W,CN,Adidas TERREX,782,112,14,7,25:21:43,07:05:14,TRUE,f,2026-08-28T17:48:12.000Z,https://utmb.world/runner/2414677.lin.chen,91303.09,0:28:04,1683.74,27
678,Martin SAENZ,H,47,45-49M,EC,Explorer BET,685,113,99,7,25:21:57,07:05:28,TRUE,f,2026-08-28T17:49:06.550Z,https://utmb.world/runner/162665.martin.saenz,91317.14,0:38:53,2332.73,27
538,Jean SEGUELAS,H,30,20-34M,FR,NA,756,114,100,42,25:28:09,07:11:40,TRUE,f,2026-08-28T17:49:23.600Z,https://utmb.world/runner/3801893.jean.seguelas,91689.36,0:59:52,3592.21,27
351,Arnaud LEJEUNE,H,47,45-49M,FR,NA,787,115,101,8,25:32:55,07:16:26,TRUE,f,2026-08-28T17:48:12.000Z,https://utmb.world/runner/7.arnaud.lejeune,91975.48,0:36:29,2188.6000000000004,27
563,Édouard SIMON,H,31,20-34M,US,NA,743,116,102,43,25:33:52,07:17:23,TRUE,f,2026-08-28T17:48:57.310Z,https://utmb.world/runner/5766134.edouard.simon,92032.01,0:54:34,3273.9799999999996,27
168,Céline FINAS,F,41,40-44W,FR,KIPRUN WOMEN TEAM,693,117,15,3,25:33:56,07:17:27,TRUE,f,2026-08-28T17:48:12.000Z,https://utmb.world/runner/828336.celine.finas,92036.16,0:32:43,1963.3400000000001,27
597,Michal LESNIAK,H,38,35-39M,PL,Mude Team,725,118,103,34,25:35:13,07:18:44,TRUE,f,2026-08-28T17:51:24.310Z,https://utmb.world/runner/569465.michal.lesniak,92113.57,0:48:04,2884.17,27
377,Corey KALLEMBACH,H,38,35-39M,US,NA,785,119,104,35,25:36:53,07:20:24,TRUE,f,2026-08-28T17:48:12.000Z,https://utmb.world/runner/3794569.corey.kallembach,92213.87,0:28:34,1714.46,27
684,Georges-Adrien NAUDIN,H,32,20-34M,FR,RCB - GAL,707,120,105,44,25:41:13,07:24:44,TRUE,f,2026-08-28T17:49:30.290Z,https://utmb.world/runner/3225117.georgesadrien.naudin,92472.9,0:51:41,3100.51,27
521,Rémi THIVOLLE,H,32,20-34M,FR,NA,768,121,106,45,25:41:18,07:24:49,TRUE,f,2026-08-28T17:48:54.210Z,https://utmb.world/runner/390324.remi.thivolle,92478.39,0:51:21,3081.0499999999997,27
516,Liam THIERENS,H,37,35-39M,NZ,NA,770,122,107,36,25:43:09,07:26:40,TRUE,f,2026-08-28T17:49:24.320Z,https://utmb.world/runner/4058321.liam.thierens,92588.8,1:01:16,3676.24,27
248,Julia REZZI,F,37,35-39W,FR,TOR,659,123,16,8,25:44:55,07:28:26,TRUE,f,2026-08-28T17:48:12.000Z,https://utmb.world/runner/1807405.julia.rezzi,92695.52,0:26:14,1574.26,27
668,Borja ARIAS,H,50,50-54M,ES,Corremontes,689,124,108,1,25:44:57,07:28:28,TRUE,f,2026-08-28T17:49:10.610Z,https://utmb.world/runner/1548503.borja.arias,92697.31,0:41:33,2493.41,27
616,Alexandre PROTIN,H,36,35-39M,FR,NA,755,125,109,37,25:45:38,07:29:09,TRUE,f,2026-08-28T17:49:37.020Z,https://utmb.world/runner/2123675.alexandre.protin,92738.66,1:44:18,6258.21,27
617,Kamil DĄBROWSKI,H,38,35-39M,PL,Marcin Świerc TEAM / La Sportiva Polska,713,126,110,38,25:48:26,07:31:57,TRUE,f,2026-08-28T17:50:49.070Z,https://utmb.world/runner/548124.kamil.dabrowski,92906.91,0:33:15,1995.11,27
297,Martin GRAF,H,44,40-44M,IT,Ssv Pichl/Gsies,804,127,111,19,25:49:14,07:32:45,TRUE,f,2026-08-28T17:48:12.000Z,https://utmb.world/runner/4005163.martin.graf,92954,0:40:18,2418.37,27
562,Antoine BIARD,H,33,20-34M,FR,Apy training,741,128,112,46,25:49:30,07:33:01,TRUE,f,2026-08-28T17:48:51.930Z,https://utmb.world/runner/366230.antoine.biard,92969.42,0:54:16,3256.3599999999997,27
716,Theo PEROSINO-GRAVALLON,H,29,20-34M,FR,NA,674,129,113,47,25:52:06,07:35:37,TRUE,f,2026-08-28T17:50:03.090Z,https://utmb.world/runner/6063785.theo.perosinogravallon,93126.53,0:31:27,1886.8000000000002,27
204,Stacey MARION,F,37,35-39W,US,NA,678,130,17,9,25:52:51,07:36:22,TRUE,f,2026-08-28T17:48:12.000Z,https://utmb.world/runner/709584.stacey.marion,93171.44,0:33:34,2013.9600000000003,27
142,Oana MARINA,F,28,20-34W,RO,NA,708,131,18,5,25:52:56,07:36:27,TRUE,f,2026-08-28T17:48:12.000Z,https://utmb.world/runner/3833505.oana.marina,93176.02,0:22:40,1359.8700000000001,27
367,Jesus ALVAREZ MORALES,H,47,45-49M,ES,Centre Muntanyec de Sant Llorenç,788,132,114,9,25:54:51,07:38:22,TRUE,f,2026-08-28T17:48:12.000Z,https://utmb.world/runner/125515.jesus.alvarezmorales,93291.01,1:07:46,4066.06,27
60,Emilie MANN,F,34,20-34W,CA,Merrell,756,133,19,6,25:55:29,07:39:00,TRUE,f,2026-08-28T17:48:12.000Z,https://utmb.world/runner/1625237.emilie.mann,93329.11,0:39:09,2348.8999999999996,27
401,Benjamin MULLER,H,35,35-39M,CH,LC Frauenfeld / Megajoule,779,134,115,39,25:55:36,07:39:07,TRUE,f,2026-08-28T17:48:12.000Z,https://utmb.world/runner/307024.benjamin.muller,93336.34,0:27:37,1657.16,27
305,Christian MALMSTRÖM,H,46,45-49M,SE,Team Blekinge,804,135,116,10,25:56:34,07:40:05,TRUE,f,2026-08-28T17:48:12.000Z,https://utmb.world/runner/1243141.christian.malmstrom,93394.7,0:43:07,2586.61,27
287,Matthew CREHAN,H,41,40-44M,AU,La Sportiva Australia,811,136,117,20,25:57:27,07:40:58,TRUE,f,2026-08-28T17:48:12.000Z,https://utmb.world/runner/1583491.matthew.crehan,93447.53,0:52:32,3151.7599999999998,27
219,Camille THOMINET,H,36,35-39M,FR,JSFG,830,137,118,40,26:01:00,07:44:31,TRUE,f,2026-08-28T17:48:12.000Z,https://utmb.world/runner/754031.camille.thominet,93660.93,1:49:39,6578.75,27
400,Thomas BARTOLUCCI,H,34,20-34M,FR,Team Hunter Running Sport 2000 / Kookabarra,781,137,118,48,26:01:00,07:44:31,TRUE,f,2026-08-28T17:48:12.000Z,https://utmb.world/runner/1959837.thomas.bartolucci,93660.99,1:22:55,4975.200000000001,27
631,Wouter WAGENAAR,H,41,40-44M,NL,NA,704,139,120,21,26:07:14,07:50:45,TRUE,f,2026-08-28T17:48:58.810Z,https://utmb.world/runner/4671658.wouter.wagenaar,94033.64,0:54:05,3245.3199999999997,27
392,Kensuke YOSHIMURA,H,42,40-44M,JP,Team 100 mile,783,140,121,22,26:10:43,07:54:14,TRUE,f,2026-08-28T17:48:12.000Z,https://utmb.world/runner/558620.kensuke.yoshimura,94243.88,0:40:39,2438.92,27
503,Ronan MCNALLY,H,44,40-44M,IE,NA,778,141,122,23,26:14:24,07:57:55,TRUE,f,2026-08-28T17:49:19.880Z,https://utmb.world/runner/3838491.ronan.mcnally,94463.35,0:59:18,3557.5799999999995,27
200,Kristi KNECHT,F,43,40-44W,US,NA,679,142,20,4,26:15:30,07:59:01,TRUE,f,2026-08-28T17:48:12.000Z,https://utmb.world/runner/708503.kristi.knecht,94530.14,1:10:23,4222.65,27
139,Richard LOCKWOOD,H,39,35-39M,US,Norda,860,143,123,41,26:18:32,08:02:03,TRUE,f,2026-08-28T17:48:12.000Z,https://utmb.world/runner/1441765.richard.lockwood,94712.13,1:48:34,6514.45,27
293,Baptiste DEROUIN,H,28,20-34M,FR,FUGA MOUNTAIN CLUB,805,143,123,49,26:18:32,08:02:03,TRUE,f,2026-08-28T17:48:12.000Z,https://utmb.world/runner/4740054.baptiste.derouin,94712.73,0:23:39,1419.0599999999997,27
701,Tom WOOLLEY,H,44,40-44M,GB,NA,680,145,125,24,26:20:11,08:03:42,TRUE,f,2026-08-28T17:49:09.230Z,https://utmb.world/runner/4717036.tom.woolley,94811.65,0:33:46,2025.8100000000002,27
584,Peter HRISTOV,H,37,35-39M,BG,ASICS Frontrunner,730,146,126,42,26:20:23,08:03:54,TRUE,f,2026-08-28T17:52:19.420Z,https://utmb.world/runner/4740686.peter.hristov,94823.36,1:07:28,4047.73,27
614,Martial POTTIER,H,37,35-39M,FR,Cop'Ain de Trail,715,147,127,43,26:20:47,08:04:18,TRUE,f,2026-08-28T17:50:17.210Z,https://utmb.world/runner/2525273.martial.pottier,94847.76,0:50:13,3012.81,27
645,Yann MORIN,H,40,40-44M,FR,on sait jamais!,700,148,128,25,26:20:57,08:04:28,TRUE,f,2026-08-28T17:50:20.570Z,https://utmb.world/runner/3891147.yann.morin,94856.71,0:42:58,2578.0399999999995,27
572,Grant BRISBIN,H,44,40-44M,AU,,739,149,129,26,26:21:22,08:04:53,TRUE,f,2026-08-28T17:51:57.540Z,https://utmb.world/runner/891453.grant.brisbin,94882.09,0:32:25,1944.87,27
104,Mélanie DELASOIE,F,36,35-39W,CH,La Sportiva,729,150,21,10,26:24:01,08:07:32,TRUE,f,2026-08-28T17:48:12.000Z,https://utmb.world/runner/3750855.melanie.delasoie,95041.35,0:28:10,1690.3999999999999,27
13,Abby HALL,F,36,35-39W,US,adidas,808,151,22,11,26:24:58,08:08:29,TRUE,f,2026-08-28T17:48:12.000Z,https://utmb.world/runner/980211.abby.hall,95098.46,0:27:07,1627.1299999999999,27
629,Jean BURNET,H,46,45-49M,FR,Myneral,720,152,130,11,26:25:37,08:09:08,TRUE,f,2026-08-28T17:49:00.670Z,https://utmb.world/runner/29991.jean.burnet,95136.52,0:41:28,2488.07,27
535,Tangi TATON,H,34,20-34M,FR,NA,758,153,131,50,26:26:24,08:09:55,TRUE,f,2026-08-28T17:49:51.790Z,https://utmb.world/runner/639882.tangi.taton,95183.35,1:26:38,5197.62,27
231,Xingzhi BAI,H,40,40-44M,CN,VIBRAM,824,154,132,27,26:27:55,08:11:26,TRUE,f,2026-08-28T17:48:12.000Z,https://utmb.world/runner/1225025.xingzhi.bai,95275.59,0:29:55,1794.6000000000001,27
209,Ramon Nicolas SÁNCHEZ FERNÁNDEZ,H,46,45-49M,ES,UECANOIA,827,155,133,12,26:29:00,08:12:31,TRUE,f,2026-08-28T17:48:12.000Z,https://utmb.world/runner/3371469.ramonnicolas.sanchezfernandez,95340.77,0:23:35,1414.65,27
126,Manon GRAS,F,31,20-34W,FR,Mizuno Oxsitis,717,156,23,7,26:31:16,08:14:47,TRUE,f,2026-08-28T17:48:12.000Z,https://utmb.world/runner/3871819.manon.gras,95476.43,0:37:32,2252.29,27
522,Christophe GRIFGNEE,H,38,35-39M,BE,12.30/RespireSports,768,157,134,44,26:31:22,08:14:53,TRUE,f,2026-08-28T17:49:02.360Z,https://utmb.world/runner/481160.christophe.grifgnee,95482.01,0:31:36,1895.6999999999998,27
633,Thomas GAUDINAUD,H,36,35-39M,FR,NA,704,158,135,45,26:31:36,08:15:07,TRUE,f,2026-08-28T17:49:04.590Z,https://utmb.world/runner/3392793.thomas.gaudinaud,95496.04,0:56:20,3380.21,27
640,Aubin LE ROUX,H,28,20-34M,FR,VMA,702,159,136,51,26:32:00,08:15:31,TRUE,f,2026-08-28T17:48:51.920Z,https://utmb.world/runner/1795605.aubin.leroux,95519.09,0:51:17,3077.1899999999996,27
653,Carlo PISANO,H,41,40-44M,IT,Olympia Villacidro ASD,696,160,137,28,26:33:00,08:16:31,TRUE,f,2026-08-28T17:49:48.530Z,https://utmb.world/runner/5206426.carlo.pisano,95580.13,1:15:53,4553.42,27
144,Michaela LISHAKOVA,F,38,35-39W,SK,NA,702,161,24,12,26:35:33,08:19:04,TRUE,f,2026-08-28T17:48:12.000Z,https://utmb.world/runner/5532064.michaela.lishakova,95733.62,0:29:31,1771.05,27
607,Sven VAN OTTEN,H,46,45-49M,BE,RTT,722,162,138,13,26:35:59,08:19:30,TRUE,f,2026-08-28T17:49:23.600Z,https://utmb.world/runner/4127162.sven.vanotten,95758.91,1:06:02,3962.35,27
511,Andrea VISINONI,H,26,20-34M,IT,INRUN,772,163,139,52,26:39:09,08:22:40,TRUE,f,2026-08-28T17:50:00.100Z,https://utmb.world/runner/4482889.andrea.visinoni,95949.36,1:06:23,3982.5499999999997,27
30,Rachel DRAKE,F,35,35-39W,US,NIKE ACG,786,164,25,13,26:42:39,08:26:10,TRUE,f,2026-08-28T17:48:12.000Z,https://utmb.world/runner/732222.rachel.drake,96159.09,0:56:28,3387.87,27
637,Florian ROIRON,H,31,20-34M,FR,NA,702,165,140,53,26:42:43,08:26:14,TRUE,f,2026-08-28T17:49:02.780Z,https://utmb.world/runner/4409962.florian.roiron,96162.84,0:47:35,2854.7700000000004,27
747,Christian VANBLOMMESTEIN,H,45,45-49M,US,NA,664,166,141,14,26:43:02,08:26:33,TRUE,f,2026-08-28T17:49:26.450Z,https://utmb.world/runner/5350533.christian.vanblommestein,96182.47,0:41:46,2506.06,27
585,Cédric GOLEA,H,46,45-49M,FR,NORDA,731,167,142,15,26:43:50,08:27:21,TRUE,f,2026-08-28T17:48:55.950Z,https://utmb.world/runner/573565.cedric.golea,96229.39,1:01:13,3673.02,27
180,Ingrid M DUE-GUNDERSEN,F,47,45-49W,NO,Fossum IF,689,168,26,2,26:44:42,08:28:13,TRUE,f,2026-08-28T17:48:12.000Z,https://utmb.world/runner/5138570.ingridm.duegundersen,96282.15,0:39:31,2371.1900000000005,27
52,Anna LOUDEN,F,33,20-34W,US,Brooks Trail Runners,763,169,27,8,26:44:55,08:28:26,TRUE,f,2026-08-28T17:48:12.000Z,https://utmb.world/runner/4104096.anna.louden,96295.32,0:23:33,1413.1399999999999,27
672,Benoît THOMYRE,H,38,35-39M,FR,Treillières Run,688,170,143,46,26:45:55,08:29:26,TRUE,f,2026-08-28T17:49:08.820Z,https://utmb.world/runner/244204.benoit.thomyre,96354.22,1:12:25,4344.83,27
798,Damien RENEL,H,44,40-44M,FR,2ep,648,171,144,29,26:47:19,08:30:50,TRUE,f,2026-08-28T17:49:12.270Z,https://utmb.world/runner/1038547.damien.renel,96439.37,0:49:31,2971.3799999999997,27
550,Alexandre URBINA RUBIO,H,37,35-39M,ES,UECANOIA ,749,172,145,47,26:48:26,08:31:57,TRUE,f,2026-08-28T17:49:22.870Z,https://utmb.world/runner/393891.alexandre.urbinarubio,96505.86,0:51:50,3109.8599999999997,27
54,Katie ASMUTH,F,40,40-44W,US,HOKA,761,173,28,5,26:49:59,08:33:30,TRUE,f,2026-08-28T17:48:12.000Z,https://utmb.world/runner/1872115.katie.asmuth,96599.91,0:24:25,1465.17,27
691,Laurynas REMEIKA,H,41,40-44M,LT,love streams running,693,174,146,30,26:50:30,08:34:01,TRUE,f,2026-08-28T17:49:08.600Z,https://utmb.world/runner/3553471.laurynas.remeika,96629.42,0:35:36,2136.2300000000005,27
156,Ingrid TERRIER,F,39,35-39W,FR,NA,697,175,29,14,26:50:46,08:34:17,TRUE,f,2026-08-28T17:48:12.000Z,https://utmb.world/runner/386042.ingrid.terrier,96646.1,0:34:52,2092.34,27
226,Julie LESAGE,F,40,40-44W,CA,NA,668,176,30,6,26:54:32,08:38:03,TRUE,f,2026-08-28T17:48:12.000Z,https://utmb.world/runner/4207179.julie.lesage,96872.69,0:41:27,2486.81,27
146,Kimino MIYAZAKI,F,38,35-39W,JP,HOKA,695,177,31,15,26:55:14,08:38:45,TRUE,f,2026-08-28T17:48:12.000Z,https://utmb.world/runner/664800.kimino.miyazaki,96914.42,0:52:12,3131.8999999999996,27
647,Arthur DESALEUX,H,34,20-34M,FR,Etoile Pujols Olympique,699,178,147,54,26:58:12,08:41:43,TRUE,f,2026-08-28T17:48:52.370Z,https://utmb.world/runner/1424985.arthur.desaleux,97091.78,0:53:21,3201.27,27
502,Simon JONET,H,26,20-34M,FR,NA,779,179,148,55,26:59:06,08:42:37,TRUE,f,2026-08-28T17:49:05.530Z,https://utmb.world/runner/5337680.simon.jonet,97145.52,1:08:58,4138.47,27
803,Benjamin WILSON,H,41,40-44M,AU,Mountain Goat Trail Runners,669,180,149,31,27:00:08,08:43:39,TRUE,f,2026-08-28T17:50:03.100Z,https://utmb.world/runner/1855409.benjamin.wilson,97208.66,0:59:08,3547.6099999999997,27
609,Clément MICHY,H,34,20-34M,FR,OFFTRACE,720,181,150,56,27:00:30,08:44:01,TRUE,f,2026-08-28T17:49:14.600Z,https://utmb.world/runner/4901012.clement.michy,97230.03,1:00:29,3629.16,27
689,Maximilien VANICATTE,H,40,40-44M,FR,TDR Lyon,682,182,151,32,27:03:02,08:46:33,TRUE,f,2026-08-28T17:50:13.710Z,https://utmb.world/runner/1175155.maximilien.vanicatte,97381.64,0:53:36,3216.0899999999997,27
586,Tuomas TERVO,H,43,40-44M,FI,Sajaniemen Sonnit,696,183,152,33,27:06:48,08:50:19,TRUE,f,2026-08-28T17:51:25.360Z,https://utmb.world/runner/2041409.tuomas.tervo,97608.23,0:43:39,2619.33,27
520,Satoshi SUGIMOTO,H,41,40-44M,JP,Alp ski team/noskohzo,769,184,153,34,27:09:28,08:52:59,TRUE,f,2026-08-28T17:49:07.880Z,https://utmb.world/runner/741176.satoshi.sugimoto,97767.29,0:44:54,2693.7299999999996,27
594,Damien LEMASSON,H,33,20-34M,FR,NA,726,185,154,57,27:10:54,08:54:25,TRUE,f,2026-08-28T17:49:50.430Z,https://utmb.world/runner/2173903.damien.lemasson,97854.11,1:10:00,4200.23,27
122,Eevi BENGS,F,36,35-39W,FI,Team Altra,719,186,32,16,27:13:01,08:56:32,TRUE,f,2026-08-28T17:48:12.000Z,https://utmb.world/runner/4583132.eevi.bengs,97981.58,0:47:55,2875.0099999999998,27
588,Jaime BLACK,H,34,20-34M,AU,NA,729,187,155,58,27:15:19,08:58:50,TRUE,f,2026-08-28T17:49:15.270Z,https://utmb.world/runner/3010339.jaime.black,98118.84,0:37:44,2263.8900000000003,27
788,Alexandre ARNOUX,H,37,35-39M,FR,So Trail Annecy,652,188,156,48,27:15:32,08:59:03,TRUE,f,2026-08-28T17:50:29.490Z,https://utmb.world/runner/644810.alexandre.arnoux,98131.67,1:26:37,5196.5599999999995,27
605,Rhys LAWLER,H,43,40-44M,AU,NA,720,189,157,35,27:15:54,08:59:25,TRUE,f,2026-08-28T17:48:51.660Z,https://utmb.world/runner/5081541.rhys.lawler,98153.79,0:55:07,3307,27
58,Anna LI,F,33,20-34W,CN,HOKA,758,190,33,9,27:17:03,09:00:34,TRUE,f,2026-08-28T17:48:12.000Z,https://utmb.world/runner/4836984.anna.li,98223.98,0:28:53,1733.41,27
634,Alessandro ROSTAGNO,H,48,45-49M,IT,ASD Baudenasca / Team Arduua,702,191,158,16,27:17:57,09:01:28,TRUE,f,2026-08-28T17:49:05.820Z,https://utmb.world/runner/3386263.alessandro.rostagno,98276.57,0:57:51,3470.62,27
662,Romain ADAM,H,36,35-39M,FR,RunMotion Team,693,192,159,49,27:19:32,09:03:03,TRUE,f,2026-08-28T17:49:05.530Z,https://utmb.world/runner/1939295.romain.adam,98371.5,1:16:38,4598.139999999999,27
674,Hunyoung CHOI,H,40,40-44M,KR,NA,686,193,160,36,27:20:30,09:04:01,TRUE,f,2026-08-28T17:48:53.010Z,https://utmb.world/runner/4258082.hunyoung.choi,98430.76,1:01:10,3670.3700000000003,27
681,Pepe RIGAU,H,45,45-49M,ES,Next Challenge,684,194,161,17,27:21:13,09:04:44,TRUE,f,2026-08-28T17:48:58.810Z,https://utmb.world/runner/381829.pepe.rigau,98472.5,1:15:23,4523.21,27
743,Théophile MEUNIER,H,30,20-34M,FR,Mount to Coast - OFFTRACK Club,664,195,162,59,27:21:46,09:05:17,TRUE,f,2026-08-28T17:48:53.830Z,https://utmb.world/runner/864031.theophile.meunier,98505.94,1:41:48,6107.709999999999,27
870,Hugo NÚÑEZ GONZÁLEZ,H,40,40-44M,ES,Iru Mountain,634,196,163,37,27:23:20,09:06:51,TRUE,f,2026-08-28T17:49:08.330Z,https://utmb.world/runner/3141027.hugo.nunezgonzalez,98599.95,1:02:58,3778.3100000000004,27
599,Robin THOMAS,H,25,20-34M,FR,NA,723,197,164,60,27:25:18,09:08:49,TRUE,f,2026-08-28T17:49:12.990Z,https://utmb.world/runner/2622753.robin.thomas,98717.83,0:31:44,1903.5700000000002,27
130,Nicolette Kaylin GRIFFIOEN,F,34,20-34W,ZA,Suunto,715,198,34,10,27:26:55,09:10:26,TRUE,f,2026-08-28T17:48:12.000Z,https://utmb.world/runner/143013.nicolettekaylin.griffioen,98815.55,0:46:41,2801.46,27
154,Aurélie GRANGE-PAUL,F,40,40-44W,FR,TEAM CIMALP,697,199,35,7,27:27:51,09:11:22,TRUE,f,2026-08-28T17:48:12.000Z,https://utmb.world/runner/3422011.aurelie.grangepaul,98871.2,0:54:22,3262.1099999999997,27
526,Sylvain LEJEUNE,H,39,35-39M,BE,oufteam,766,200,165,50,27:28:14,09:11:45,TRUE,f,2026-08-28T17:48:53.350Z,https://utmb.world/runner/1388339.sylvain.lejeune,98894.3,1:30:49,5449.03,27
655,Simon BERLAND,H,35,35-39M,FR,NA,695,201,166,51,27:31:18,09:14:49,TRUE,f,2026-08-28T17:50:41.190Z,https://utmb.world/runner/864409.simon.berland,99078.43,1:40:17,6016.789999999999,27
1627,George HOLT,H,30,20-34M,GB,Preston Harriers,535,202,167,61,27:31:49,09:15:20,TRUE,f,2026-08-28T17:49:34.480Z,https://utmb.world/runner/5531768.george.holt,99109.16,1:26:07,5167.240000000001,27
150,Natalie TAYLOR,F,42,40-44W,GB,Brecon AC,698,203,36,8,27:33:00,09:16:31,TRUE,f,2026-08-28T17:48:12.000Z,https://utmb.world/runner/210823.natalie.taylor,99180.05,0:25:16,1516.19,27
537,Tatsuya SAGUCHI,H,46,45-49M,JP,saguchi.k.s,757,204,168,18,27:33:58,09:17:29,TRUE,f,2026-08-28T17:48:56.350Z,https://utmb.world/runner/1602201.tatsuya.saguchi,99238.16,1:14:58,4497.84,27
604,Jerome TREIGNIER,H,40,40-44M,CA,NA,719,205,169,38,27:34:19,09:17:50,TRUE,f,2026-08-28T17:49:10.400Z,https://utmb.world/runner/5738231.jerome.treignier,99258.99,0:50:54,3054.14,27
638,Boris JORDAN,H,43,40-44M,FR,CAEN ATHLETIC CLUB,700,206,170,39,27:39:20,09:22:51,TRUE,f,2026-08-28T17:48:59.110Z,https://utmb.world/runner/837306.boris.jordan,99560.54,1:04:53,3893.3,27
695,Tom CARTWRIGHT,H,44,40-44M,GB,NA,681,207,171,40,27:47:30,09:31:01,TRUE,f,2026-08-28T17:51:47.950Z,https://utmb.world/runner/6083624.tom.cartwright,100049.61,1:52:57,6777.0199999999995,27
671,Matthieu HARDY,H,38,35-39M,FR,Morvan Oxygène,688,208,172,52,27:47:55,09:31:26,TRUE,f,2026-08-28T17:49:41.380Z,https://utmb.world/runner/2182183.matthieu.hardy,100075.02,0:46:30,2789.5699999999997,27
748,Simon MICHELLIER,H,42,40-44M,FR,NA,663,209,173,41,27:48:37,09:32:08,TRUE,f,2026-08-28T17:48:57.280Z,https://utmb.world/runner/448430.simon.michellier,100116.83,0:31:53,1912.9,27
853,Gerhard KNAPP,H,36,35-39M,IT,Club Gerus,638,210,174,53,27:48:56,09:32:27,TRUE,f,2026-08-28T17:51:19.460Z,https://utmb.world/runner/6725305.gerhard.knapp,100136.35,0:43:45,2625.47,27
541,Nhon DO TRONG,H,31,20-34M,VN,KILOMET RUNNING CLUB,751,211,175,62,27:49:45,09:33:16,TRUE,f,2026-08-28T17:49:47.190Z,https://utmb.world/runner/3293683.nhon.dotrong,100185.68,1:12:15,4335.12,27
900,Matt NEAL,H,30,20-34M,GB,STRIDE Taunton,627,212,176,63,27:50:12,09:33:43,TRUE,f,2026-08-28T17:50:00.830Z,https://utmb.world/runner/5505191.matt.neal,100211.48,1:15:03,4503.04,27
602,William WEIDMAN,H,43,40-44M,US,NA,718,213,177,42,27:52:11,09:35:42,TRUE,f,2026-08-28T17:49:29.650Z,https://utmb.world/runner/1053929.william.weidman,100330.81,0:57:06,3426.1600000000003,27
886,Hugo MONNIN,H,28,20-34M,FR,NA,630,214,178,64,27:52:36,09:36:07,TRUE,f,2026-08-28T17:51:27.520Z,https://utmb.world/runner/4850503.hugo.monnin,100355.95,1:26:17,5176.670000000001,27
910,Tim CHIU,H,51,50-54M,AU,NA,626,215,179,2,28:04:03,09:47:34,TRUE,f,2026-08-28T17:50:03.780Z,https://utmb.world/runner/5507319.tim.chiu,101042.75,0:46:28,2788.2599999999998,27
702,Jerome GOUAN,H,51,50-54M,FR,NA,679,216,180,3,28:05:43,09:49:14,TRUE,f,2026-08-28T17:49:02.780Z,https://utmb.world/runner/196243.jerome.gouan,101142.36,0:35:49,2149.2299999999996,27
656,Benjamin DELATTRE,H,38,35-39M,FR,NA,695,217,181,54,28:07:19,09:50:50,TRUE,f,2026-08-28T17:49:39.330Z,https://utmb.world/runner/246556.benjamin.delattre,101239.42,1:13:13,4392.55,27
769,Clément BECQUET,H,39,35-39M,FR,NA,658,218,182,55,28:07:40,09:51:11,TRUE,f,2026-08-28T17:49:23.080Z,https://utmb.world/runner/1175349.clement.becquet,101260.86,1:37:49,5868.5599999999995,27
649,Freek HENDRIKS,H,43,40-44M,NL,NA,699,219,183,43,28:08:08,09:51:39,TRUE,f,2026-08-28T17:50:21.290Z,https://utmb.world/runner/4199115.freek.hendriks,101288.18,1:11:56,4315.99,27
545,Shaun BURKE,H,39,35-39M,US,NA,753,220,184,56,28:10:47,09:54:18,TRUE,f,2026-08-28T17:52:13.880Z,https://utmb.world/runner/287510.shaun.burke,101446.2,0:56:28,3388.38,27
686,Jeff VAN DER SANDE LACOSTE,H,39,35-39M,NZ,NA,681,221,185,57,28:11:40,09:55:11,TRUE,f,2026-08-28T17:50:29.650Z,https://utmb.world/runner/4969658.jeff.vandersandelacoste,101499.54,1:01:50,3710.08,27
222,Charlotte FISHER,F,33,20-34W,GB,NA,667,222,37,11,28:14:45,09:58:16,TRUE,f,2026-08-28T17:48:12.000Z,https://utmb.world/runner/5423176.charlotte.fisher,101685.43,0:28:51,1731.3100000000002,27
266,Sarah PAGE,F,46,45-49W,GB,Mount To Coast,651,222,37,3,28:14:45,09:58:16,TRUE,f,2026-08-28T17:48:12.000Z,https://utmb.world/runner/1511003.sarah.page,101685.31,0:52:33,3152.59,27
26,Shea AQUILANO,F,25,20-34W,US,nike/acg,789,224,39,12,28:14:46,09:58:17,TRUE,f,2026-08-28T17:48:12.000Z,https://utmb.world/runner/4081167.shea.aquilano,101686.75,1:17:38,4657.53,27
882,Julien GERMANN,H,41,40-44M,FR,Annecy Athlétisme,631,225,186,44,28:14:52,09:58:23,TRUE,f,2026-08-28T17:49:03.270Z,https://utmb.world/runner/2146523.julien.germann,101692.33,1:04:13,3852.8900000000003,27
622,Raphaël SCHIESTEL,H,30,20-34M,FR,SR Obernai,710,226,187,65,28:15:08,09:58:39,TRUE,f,2026-08-28T17:50:23.510Z,https://utmb.world/runner/3143527.raphael.schiestel,101708,0:52:06,3125.6000000000004,27
393,Akihiro MAEDA,H,36,35-39M,JP,INNER FACT,783,227,188,58,28:15:55,09:59:26,TRUE,f,2026-08-28T17:48:12.000Z,https://utmb.world/runner/4055839.akihiro.maeda,101755.94,0:47:02,2821.6800000000003,27
749,Fabien GOBY,H,45,45-49M,FR,Plauzat Sport Nature,663,228,189,19,28:17:14,10:00:45,TRUE,f,2026-08-28T17:49:41.890Z,https://utmb.world/runner/341796.fabien.goby,101833.76,1:18:49,4728.88,27
304,Laura HUET,F,30,20-34W,FR,NA,636,229,40,13,28:19:04,10:02:35,TRUE,f,2026-08-28T17:48:12.000Z,https://utmb.world/runner/4442376.laura.huet,101944.89,0:39:37,2377.32,27
554,Jeremy CHARPIGNY,H,34,20-34M,FR,Appeldescimes,748,230,190,66,28:19:32,10:03:03,TRUE,f,2026-08-28T17:48:57.920Z,https://utmb.world/runner/4027701.jeremy.charpigny,101971.13,1:28:43,5322.93,27
913,Dolf DHAENENS,H,32,20-34M,BE,Kortrijk Running Crew,626,231,191,67,28:19:49,10:03:20,TRUE,f,2026-08-28T17:49:38.620Z,https://utmb.world/runner/902531.dolf.dhaenens,101988.61,1:05:59,3958.59,27
806,Jose Carlos CORCHERO CABELLO,H,54,50-54M,ES,SAC CORBERA,646,232,192,4,28:21:10,10:04:41,TRUE,f,2026-08-28T17:51:31.680Z,https://utmb.world/runner/4855436.josecarlos.corcherocabello,102069.76,1:26:36,5195.570000000001,27
214,Rachel SPAULDING,F,31,20-34W,US,NA,671,233,41,14,28:21:18,10:04:49,TRUE,f,2026-08-28T17:48:12.000Z,https://utmb.world/runner/3646151.rachel.spaulding,102078.85,1:07:53,4072.59,27
664,Nathan SIGAUD,H,29,20-34M,FR,NA,691,234,193,68,28:21:25,10:04:56,TRUE,f,2026-08-28T17:49:06.720Z,https://utmb.world/runner/4436354.nathan.sigaud,102084.52,1:03:28,3808.39,27
758,Antoine FALCONNIER,H,46,45-49M,CH,NA,661,235,194,20,28:25:12,10:08:43,TRUE,f,2026-08-28T17:49:25.940Z,https://utmb.world/runner/4657580.antoine.falconnier,102311.07,1:02:47,3766.7799999999997,27
784,Geoffrey MATHON,H,46,45-49M,FR,spuc lasterka,642,236,195,21,28:25:19,10:08:50,TRUE,f,2026-08-28T17:49:07.010Z,https://utmb.world/runner/2192353.geoffrey.mathon,102319.39,1:25:36,5136.25,27
112,Stephanie AUSTON,F,35,35-39W,AU,NA,724,237,42,17,28:25:51,10:09:22,TRUE,f,2026-08-28T17:48:12.000Z,https://utmb.world/runner/1048895.stephanie.auston,102351.94,0:40:19,2419.07,27
513,Patrick STANGBYE,H,36,35-39M,NO,Untold Movement/ Portal,774,238,196,59,28:28:04,10:11:35,TRUE,f,2026-08-28T17:48:49.190Z,https://utmb.world/runner/1616141.patrick.stangbye,102484.6,0:53:23,3203.21,27
643,Ruben RODRIGUES,H,26,20-34M,FR,27BCA,701,239,197,69,28:29:10,10:12:41,TRUE,f,2026-08-28T17:49:53.900Z,https://utmb.world/runner/6528813.ruben.rodrigues,102549.91,1:01:32,3692.2000000000003,27
718,Sean CANNING,H,36,35-39M,IE,NA,673,240,198,60,28:30:08,10:13:39,TRUE,f,2026-08-28T17:49:16.000Z,https://utmb.world/runner/5644555.sean.canning,102608.32,0:52:39,3158.6099999999997,27
737,Gerald HEMETSBERGER,H,44,40-44M,AT,Austrian Skyrunnning & Trailrunning Association,666,241,199,45,28:30:14,10:13:45,TRUE,f,2026-08-28T17:50:47.190Z,https://utmb.world/runner/5231449.gerald.hemetsberger,102613.9,1:20:19,4818.5,27
176,Magdalena KRASZPULSKA,F,39,35-39W,PL,ODLO,691,242,43,18,28:31:59,10:15:30,TRUE,f,2026-08-28T17:48:12.000Z,https://utmb.world/runner/6083834.magdalena.kraszpulska,102719.83,2:03:01,7381.48,27
968,Alexandre VILLANUEVA,H,38,35-39M,FR,NA,615,243,200,61,28:33:38,10:17:09,TRUE,f,2026-08-28T17:49:02.370Z,https://utmb.world/runner/3834303.alexandre.villanueva,102817.68,1:18:29,4708.83,27
542,Daniel HALL,H,37,35-39M,AU,NA,754,244,201,62,28:36:09,10:19:40,TRUE,f,2026-08-28T17:49:34.630Z,https://utmb.world/runner/3104813.daniel.hall,102968.99,1:16:13,4572.73,27
757,Serafin MORENO MANZANO,H,53,50-54M,ES,CD JAÉN TRAIL,662,245,202,5,28:36:38,10:20:09,TRUE,f,2026-08-28T17:49:04.830Z,https://utmb.world/runner/4469399.serafin.morenomanzano,102997.35,0:56:46,3406.21,27
256,Ellen CHEETHAM,F,31,20-34W,GB,Clapham Chasers,654,246,44,15,28:37:06,10:20:37,TRUE,f,2026-08-28T17:48:12.000Z,https://utmb.world/runner/5253716.ellen.cheetham,103026.29,0:39:46,2385.52,27
919,Oliver PAGE,H,46,45-49M,AU,NA,625,247,203,22,28:37:51,10:21:22,TRUE,f,2026-08-28T17:50:02.280Z,https://utmb.world/runner/637299.oliver.page,103071.18,1:08:43,4122.84,27
644,Sébastien LESCUYER,H,28,20-34M,FR,NA,698,248,204,70,28:39:17,10:22:48,TRUE,f,2026-08-28T17:49:07.710Z,https://utmb.world/runner/3811171.sebastien.lescuyer,103156.64,1:17:45,4665.469999999999,27
1025,Alexandre SAILLARD,H,32,20-34M,FR,Dérapage Running Club,610,249,205,71,28:39:36,10:23:07,TRUE,f,2026-08-28T17:51:20.880Z,https://utmb.world/runner/6354416.alexandre.saillard,103175.78,1:44:39,6278.740000000001,27
1351,Pablo SANCHEZ FERNANDEZ,H,32,20-34M,FR,NA,563,249,205,71,28:39:36,10:23:07,TRUE,f,2026-08-28T17:51:20.030Z,https://utmb.world/runner/5012591.pablo.sanchezfernandez,103176.87,1:20:23,4822.96,27
568,Antoine MONNOT,H,28,20-34M,FR,ConsciousContinuity,741,251,207,73,28:42:20,10:25:51,TRUE,f,2026-08-28T17:49:06.340Z,https://utmb.world/runner/895947.antoine.monnot,103339.79,1:22:47,4967.14,27
539,Raphaël NIEDERHAUSER,H,34,20-34M,CH,NA,755,252,208,74,28:43:57,10:27:28,TRUE,f,2026-08-28T17:50:08.880Z,https://utmb.world/runner/2244375.raphael.niederhauser,103436.72,1:23:37,5017.11,27
708,Oscar MONJE,H,43,40-44M,ES,ASHI TEAM,677,253,209,46,28:45:36,10:29:07,TRUE,f,2026-08-28T17:48:54.150Z,https://utmb.world/runner/271059.oscar.monje,103536.78,0:43:34,2613.79,27
711,Maxence CURDY,H,35,35-39M,FR,NA,676,254,210,63,28:46:38,10:30:09,TRUE,f,2026-08-28T17:49:40.240Z,https://utmb.world/runner/1321525.maxence.curdy,103598.6,0:59:25,3564.8099999999995,27
986,Oliver MORGADE,H,40,40-44M,ES,NA,615,255,211,47,28:46:58,10:30:29,TRUE,f,2026-08-28T17:50:35.070Z,https://utmb.world/runner/6167921.oliver.morgade,103618.28,1:06:20,3979.7699999999995,27
565,Jean-Baptiste DESBREST,H,31,20-34M,FR,CTT,742,256,212,75,28:49:15,10:32:46,TRUE,f,2026-08-28T17:52:23.720Z,https://utmb.world/runner/305294.jeanbaptiste.desbrest,103754.33,1:57:21,7041.4,27
722,Pierre BRUNET,H,33,20-34M,FR,Foulées Rodez,672,257,213,76,28:50:21,10:33:52,TRUE,f,2026-08-28T17:50:27.730Z,https://utmb.world/runner/1875863.pierre.brunet,103820.61,1:14:10,4450.120000000001,27
212,Simone HAASTRUP,F,33,20-34W,DK,NA,671,258,45,16,28:51:43,10:35:14,TRUE,f,2026-08-28T17:48:12.000Z,https://utmb.world/runner/2363645.simone.haastrup,103903.27,0:37:48,2268.02,27
736,Daniel GARCIA PALAZON,H,52,50-54M,ES,CLUB DE ESCALADA LOS MACHACAS PIEDRAS,667,259,214,6,28:52:52,10:36:23,TRUE,f,2026-08-28T17:49:16.860Z,https://utmb.world/runner/3686897.daniel.garciapalazon,103971.54,1:02:33,3753.48,27
515,Daved SIMPAT,H,44,40-44M,MY,KAILAS FUGA,788,260,215,48,28:53:04,10:36:35,TRUE,f,2026-08-28T17:49:11.090Z,https://utmb.world/runner/154582.daved.simpat,103984.08,1:05:07,3907.4900000000002,27
246,Sabrina VERJEE,F,45,45-49W,GB,La Sportiva,656,261,46,4,28:53:28,10:36:59,TRUE,f,2026-08-28T17:48:12.000Z,https://utmb.world/runner/560857.sabrina.verjee,104008.21,1:09:20,4159.639999999999,27
564,Yannick BERNARD,H,39,35-39M,CA,NA,742,262,216,64,28:55:11,10:38:42,TRUE,f,2026-08-28T17:50:02.610Z,https://utmb.world/runner/2111153.yannick.bernard,104111.23,1:31:32,5492.240000000001,27
561,Simone TUCCI,H,49,45-49M,IT,Disagiati On The Road+/Run4People,744,263,217,23,28:55:28,10:38:59,TRUE,f,2026-08-28T17:50:31.140Z,https://utmb.world/runner/541983.simone.tucci,104128.31,1:35:53,5752.890000000001,27
612,Pete VALE,H,54,50-54M,GB,Mercia Fell Runners,718,264,218,7,28:56:40,10:40:11,TRUE,f,2026-08-28T17:49:05.620Z,https://utmb.world/runner/70464.pete.vale,104200.07,1:13:13,4392.66,27
836,Pablo UREÑA VEGA,H,30,20-34M,CR,Chase running community,641,265,219,77,29:01:40,10:45:11,TRUE,f,2026-08-28T17:49:13.400Z,https://utmb.world/runner/3903163.pablo.urenavega,104500.22,1:03:01,3781.46,27
648,Josep CASADO FERRUS,H,47,45-49M,ES,Fisioterapia Ferran- Picossa Trail,696,266,220,24,29:02:24,10:45:55,TRUE,f,2026-08-28T17:49:15.100Z,https://utmb.world/runner/4585802.josep.casadoferrus,104544.61,0:59:18,3558.1900000000005,27
770,Florian BONHOURE,H,30,20-34M,FR,NA,660,267,221,78,29:03:03,10:46:34,TRUE,f,2026-08-28T17:49:02.160Z,https://utmb.world/runner/1918169.florian.bonhoure,104583.11,1:33:04,5583.93,27
946,Jean Baptiste FINEL,H,41,40-44M,FR,Duc d'Anjou,620,268,222,49,29:05:06,10:48:37,TRUE,f,2026-08-28T17:49:11.570Z,https://utmb.world/runner/2258221.jeanbaptiste.finel,104706.11,1:17:38,4658.11,27
234,Karolina WIERZCHOWIAK,F,34,20-34W,PL,NA,664,269,47,17,29:08:18,10:51:49,TRUE,f,2026-08-28T17:48:12.000Z,https://utmb.world/runner/1864811.karolina.wierzchowiak,104898.58,0:56:09,3369.45,27
975,Basile PERRIN-REYMOND,H,35,35-39M,FR,NA,653,270,223,65,29:12:42,10:56:13,TRUE,f,2026-08-28T17:49:40.240Z,https://utmb.world/runner/4903058.basile.perrinreymond,105161.97,1:01:28,3688.16,27
857,Jacques CHEN,H,30,20-34M,FR,Besançon trail running,637,271,224,79,29:12:47,10:56:18,TRUE,f,2026-08-28T17:50:24.640Z,https://utmb.world/runner/4227911.jacques.chen,105167.27,1:39:16,5956.3,27
727,Arthur LOYE,H,34,20-34M,FR,NA,724,272,225,80,29:12:54,10:56:25,TRUE,f,2026-08-28T17:49:13.850Z,https://utmb.world/runner/4211955.arthur.loye,105173.41,2:09:16,7756.16,27
827,Jean-Baptiste BOUCHOUX,H,37,35-39M,FR,NA,642,273,226,66,29:15:29,10:59:00,TRUE,f,2026-08-28T17:51:28.250Z,https://utmb.world/runner/4402390.jeanbaptiste.bouchoux,105329.42,1:06:10,3970.35,27
581,Yu-Hsiang HUANG,H,29,20-34M,TW,NA,733,274,227,81,29:15:40,10:59:11,TRUE,f,2026-08-28T17:49:41.890Z,https://utmb.world/runner/5740556.yuhsiang.huang,105339.75,0:51:20,3079.98,27
290,Katie WRIGHT,F,39,35-39W,NZ,La Sportiva,642,275,48,19,29:16:10,10:59:41,TRUE,f,2026-08-28T17:48:12.000Z,https://utmb.world/runner/2432893.katie.wright,105370.34,0:25:36,1535.51,27
753,Baptiste LEFEVRE,H,30,20-34M,FR,Avia,660,276,228,82,29:17:39,11:01:10,TRUE,f,2026-08-28T17:49:09.820Z,https://utmb.world/runner/3422421.baptiste.lefevre,105459.03,1:50:17,6617.1,27
598,Clément FONTENAY,H,34,20-34M,FR,Physionline,723,277,229,83,29:19:38,11:03:09,TRUE,f,2026-08-28T17:48:58.820Z,https://utmb.world/runner/3689911.clement.fontenay,105577.55,1:41:47,6106.69,27
802,Marc-Antoine FORAND,H,36,35-39M,CA,The North Face,648,278,230,67,29:21:19,11:04:50,TRUE,f,2026-08-28T17:48:59.740Z,https://utmb.world/runner/3454111.marcantoine.forand,105678.77,1:01:33,3693.0699999999997,27
374,Justine ROUVEYROL,F,38,35-39W,FR,AC TASSIN,605,279,49,20,29:21:24,11:04:55,TRUE,f,2026-08-28T17:48:12.000Z,https://utmb.world/runner/1608227.justine.rouveyrol,105684.31,0:44:07,2646.89,27
960,Marc BEHRINGER,H,34,20-34M,FR,NA,618,280,231,84,29:21:36,11:05:07,TRUE,f,2026-08-28T17:50:15.600Z,https://utmb.world/runner/3153511.marc.behringer,105695.86,0:53:41,3221.22,27
742,Adrien LEYRONAS,H,31,20-34M,FR,NA,665,281,232,85,29:22:02,11:05:33,TRUE,f,2026-08-28T17:52:26.530Z,https://utmb.world/runner/4902400.adrien.leyronas,105722.11,2:04:54,7493.63,27
624,Antoine PORTETELLE,H,35,35-39M,BE,Trakks,705,282,233,68,29:23:00,11:06:31,TRUE,f,2026-08-28T17:49:34.040Z,https://utmb.world/runner/1620253.antoine.portetelle,105780.47,0:49:37,2977,27
580,Luigi PECORA,H,43,40-44M,IT,Fuga Mountain Club,734,283,234,50,29:23:12,11:06:43,TRUE,f,2026-08-28T17:48:55.880Z,https://utmb.world/runner/4003768.luigi.pecora,105791.77,1:10:27,4227.03,27
1125,Tsen Tsz CHZHAN,H,32,20-34M,CA,NA,594,284,235,86,29:23:51,11:07:22,TRUE,f,2026-08-28T17:48:51.380Z,https://utmb.world/runner/6513641.tsentsz.chzhan,105831.22,1:51:07,6666.8,27
735,Tobias BOGNER,H,36,35-39M,DE,NA,667,285,236,69,29:24:15,11:07:46,TRUE,f,2026-08-28T17:49:36.320Z,https://utmb.world/runner/511429.tobias.bogner,105855.59,1:49:28,6567.62,27
697,Donatien COTINET,H,34,20-34M,FR,NA,680,286,237,87,29:25:29,11:09:00,TRUE,f,2026-08-28T17:49:25.310Z,https://utmb.world/runner/5890420.donatien.cotinet,105929.54,1:58:21,7101.2,27
606,Pierre JORDAAN,H,37,35-39M,ZA,Suunto,720,287,238,70,29:25:47,11:09:18,TRUE,f,2026-08-28T17:49:47.200Z,https://utmb.world/runner/1163355.pierre.jordaan,105946.8,1:31:58,5517.87,27
670,Jacopo FIASCHI,H,45,45-49M,IT,Il ponte scandicci ASD,689,288,239,25,29:25:55,11:09:26,TRUE,f,2026-08-28T17:49:04.360Z,https://utmb.world/runner/1662077.jacopo.fiaschi,105954.84,1:01:54,3714.21,27
1082,Savinien LEGELEUX,H,32,20-34M,FR,NA,600,289,240,88,29:25:56,11:09:27,TRUE,f,2026-08-28T17:48:56.110Z,https://utmb.world/runner/4351716.savinien.legeleux,105955.96,2:03:00,7379.7300000000005,27
944,Hugo ESNAULT,H,28,20-34M,FR,US PUTANGES HANDBALL,621,290,241,89,29:27:28,11:10:59,TRUE,f,2026-08-28T17:49:23.000Z,https://utmb.world/runner/4017525.hugo.esnault,106048.07,0:58:07,3487.12,27
800,Grégory FRENNET,H,42,40-44M,BE,Movinity,648,291,242,51,29:28:13,11:11:44,TRUE,f,2026-08-28T17:51:46.750Z,https://utmb.world/runner/4198906.gregory.frennet,106092.95,1:40:27,6027.14,27
1486,Julien MAREC,H,43,40-44M,FR,Team Bouconne,550,292,243,52,29:29:23,11:12:54,TRUE,f,2026-08-28T17:48:56.120Z,https://utmb.world/runner/5394391.julien.marec,106163.58,1:57:52,7071.63,27
815,Fabien BORNES,H,47,45-49M,FR,Aurillac Athlétisme,645,293,244,26,29:31:25,11:14:56,TRUE,f,2026-08-28T17:48:53.010Z,https://utmb.world/runner/3080559.fabien.bornes,106285.14,1:22:35,4954.93,27
360,Aleksandra VOROBEVA,F,36,35-39W,DE,Trailrunning Débauche,612,294,50,21,29:32:13,11:15:44,TRUE,f,2026-08-28T17:48:12.000Z,https://utmb.world/runner/1088697.aleksandra.vorobeva,106333.75,0:38:53,2332.89,27
692,Benjamin FIGUERAS,H,42,40-44M,FR,NA,681,295,245,53,29:32:26,11:15:57,TRUE,f,2026-08-28T17:51:55.450Z,https://utmb.world/runner/1374131.benjamin.figueras,106345.88,1:29:18,5358.09,27
575,Koki SEITA,H,40,40-44M,JP,SC-TanzawaHadano,736,296,246,54,29:33:24,11:16:55,TRUE,f,2026-08-28T17:51:28.930Z,https://utmb.world/runner/1557805.koki.seita,106403.4,0:58:45,3524.6800000000003,27
1540,Vincent BAUDOT,H,29,20-34M,FR,NÉVÉ,544,297,247,90,29:34:13,11:17:44,TRUE,f,2026-08-28T17:49:07.000Z,https://utmb.world/runner/1413805.vincent.baudot,106453.77,0:52:27,3147.31,27
979,Dave KANIA,H,48,45-49M,US,NA,615,298,248,27,29:35:51,11:19:22,TRUE,f,2026-08-28T17:50:03.610Z,https://utmb.world/runner/4257161.dave.kania,106550.99,1:01:41,3700.6499999999996,27
657,Andrew CLARKSON,H,35,35-39M,AU,NA,695,299,249,71,29:36:17,11:19:48,TRUE,f,2026-08-28T17:49:22.170Z,https://utmb.world/runner/5071393.andrew.clarkson,106576.97,1:48:18,6498.31,27
591,Yuya OKADA,H,50,50-54M,JP,Ssessionzz,728,300,250,8,29:38:36,11:22:07,TRUE,f,2026-08-28T17:49:18.690Z,https://utmb.world/runner/238353.yuya.okada,106715.38,1:43:42,6221.84,27
528,Jisu KIM,H,49,45-49M,KR,Kolonsport,764,301,251,28,29:39:05,11:22:36,TRUE,f,2026-08-28T17:51:27.670Z,https://utmb.world/runner/939661.jisu.kim,106744.61,0:45:12,2712,27
282,Corine KAGERER,F,52,50-54W,CH,NA,646,302,51,1,29:40:41,11:24:12,TRUE,f,2026-08-28T17:48:12.000Z,https://utmb.world/runner/65628.corine.kagerer,106841.33,1:03:20,3800.1,27
744,Alberto OJEDA CASADO,H,46,45-49M,ES,None,664,303,252,29,29:40:49,11:24:20,TRUE,f,2026-08-28T17:49:24.050Z,https://utmb.world/runner/560309.alberto.ojedacasado,106849.14,1:31:21,5480.93,27
766,Paulo Sergio ROSADO BATISTA,H,53,50-54M,PT,NA,659,304,253,9,29:40:50,11:24:21,TRUE,f,2026-08-28T17:49:23.940Z,https://utmb.world/runner/522699.paulosergio.rosadobatista,106849.13,1:37:50,5870.21,27
1215,Jean Michel GROGNUX,H,52,50-54M,FR,NA,641,304,253,9,29:40:50,11:24:21,TRUE,f,2026-08-28T17:49:15.100Z,https://utmb.world/runner/2176563.jeanmichel.grognux,106850,1:35:52,5751.83,27
754,Olivier CATONI,H,46,45-49M,FR,A SQUADRA MANTINIM,663,306,255,30,29:41:04,11:24:35,TRUE,f,2026-08-28T17:49:16.650Z,https://utmb.world/runner/671327.olivier.catoni,106863.67,1:04:17,3856.7400000000007,27
699,Guillaume GRIMA,H,28,20-34M,FR,Cimalp,694,307,256,91,29:42:37,11:26:08,TRUE,f,2026-08-28T17:49:04.320Z,https://utmb.world/runner/1040657.guillaume.grima,106957.44,1:11:55,4315.360000000001,27
751,Jonathan LATTION,H,33,20-34M,CH,NA,663,308,257,92,29:46:11,11:29:42,TRUE,f,2026-08-28T17:50:47.180Z,https://utmb.world/runner/498827.jonathan.lattion,107171.46,1:09:53,4192.5599999999995,27
225,Takuya IKEHATA,H,34,20-34M,JP,LUC＋,825,309,258,93,29:47:18,11:30:49,TRUE,f,2026-08-28T17:48:12.000Z,https://utmb.world/runner/3169375.takuya.ikehata,107238.02,1:54:29,6869.27,27
593,Luciano PILATTI,H,37,35-39M,AR,Weis/coros/saucony,727,310,259,72,29:47:53,11:31:24,TRUE,f,2026-08-28T17:50:09.350Z,https://utmb.world/runner/477704.luciano.pilatti,107273.38,1:21:52,4911.57,27
957,Charles-Andre POETE,H,34,20-34M,FR,EVIAN OFF COURSE,619,311,260,94,29:48:02,11:31:33,TRUE,f,2026-08-28T17:50:41.430Z,https://utmb.world/runner/4888768.charlesandre.poete,107282.34,1:10:23,4222.87,27
819,Benjamin ATKINS,H,53,50-54M,GB,NA,644,312,261,11,29:49:33,11:33:04,TRUE,f,2026-08-28T17:49:22.160Z,https://utmb.world/runner/686848.benjamin.atkins,107372.96,1:24:35,5075.000000000001,27
188,Hannah MCRAE,F,32,20-34W,AU,NA,683,313,52,18,29:50:33,11:34:04,TRUE,f,2026-08-28T17:48:12.000Z,https://utmb.world/runner/854313.hannah.mcrae,107433.1,1:16:28,4588.45,27
832,Thomas LAFFERS,H,30,20-34M,FR,Lyon Mountain Trail,633,314,262,95,29:51:23,11:34:54,TRUE,f,2026-08-28T17:49:29.230Z,https://utmb.world/runner/3816191.thomas.laffers,107483.43,0:57:33,3452.83,27
527,Christopher SOBIE,H,39,35-39M,US,NA,763,315,263,73,29:52:32,11:36:03,TRUE,f,2026-08-28T17:48:58.820Z,https://utmb.world/runner/4647520.christopher.sobie,107551.88,1:24:32,5071.9,27
197,Guillaume DENEFFE,H,43,40-44M,BE,Trakks Belgium,832,316,264,55,29:57:54,11:41:25,TRUE,f,2026-08-28T17:48:12.000Z,https://utmb.world/runner/1383203.guillaume.deneffe,107874.69,3:21:02,12061.88,27
829,David LONCKE,H,35,35-39M,FR,RUN IN CLUB,642,317,265,74,29:57:58,11:41:29,TRUE,f,2026-08-28T17:52:09.210Z,https://utmb.world/runner/5240336.david.loncke,107877.84,0:59:59,3598.6000000000004,27
70,Madison LIECHTY,F,28,20-34W,US,NA,742,318,53,19,29:58:51,11:42:22,TRUE,f,2026-08-28T17:48:12.000Z,https://utmb.world/runner/5140954.madison.liechty,107931.64,0:54:56,3296.25,27
334,Madison HART,F,29,20-34W,US,NA,622,319,54,20,29:58:52,11:42:23,TRUE,f,2026-08-28T17:48:12.000Z,https://utmb.world/runner/1708123.madison.hart,107932.01,0:56:10,3370.2600000000007,27
1034,Florian PREHU,H,38,35-39M,FR,NA,597,320,266,75,29:59:43,11:43:14,TRUE,f,2026-08-28T17:50:28.410Z,https://utmb.world/runner/978401.florian.prehu,107982.98,2:09:55,7794.500000000001,27
132,Nicol GUIDOLIN,F,43,40-44W,IT,FUGA Mountain Club,712,321,55,9,30:00:07,11:43:38,TRUE,f,2026-08-28T17:48:12.000Z,https://utmb.world/runner/830541.nicol.guidolin,108007.07,0:58:52,3531.58,27
683,Jonathan TRIFIN,H,43,40-44M,BE,ATHOIS D'COURIR,684,322,267,56,30:02:13,11:45:44,TRUE,f,2026-08-28T17:51:53.340Z,https://utmb.world/runner/481025.jonathan.trifin,108133.11,1:06:15,3975.47,27
774,Lorenzo SOLIGO,H,49,45-49M,IT,NA,657,323,268,31,30:02:43,11:46:14,TRUE,f,2026-08-28T17:50:29.650Z,https://utmb.world/runner/60340.lorenzo.soligo,108162.42,1:41:30,6089.84,27
262,Julie MARINI,F,38,35-39W,FR,RC Furiani / I-Run,653,324,56,22,30:04:11,11:47:42,TRUE,f,2026-08-28T17:48:12.000Z,https://utmb.world/runner/2029507.julie.marini,108251.33,0:55:34,3334.16,27
608,Felix NICOLE,H,27,20-34M,FR,NA,719,325,269,96,30:07:00,11:50:31,TRUE,f,2026-08-28T17:49:06.340Z,https://utmb.world/runner/4496702.felix.nicole,108420.53,0:57:55,3475.01,27
326,Laura BERRUER,F,26,20-34W,FR,Team Trail Running Lab,624,326,57,21,30:07:49,11:51:20,TRUE,f,2026-08-28T17:48:12.000Z,https://utmb.world/runner/2621627.laura.berruer,108469.07,1:09:04,4143.71,27
328,Mariana FERNANDEZ,F,30,20-34W,AR,NA,624,327,58,22,30:09:50,11:53:21,TRUE,f,2026-08-28T17:48:12.000Z,https://utmb.world/runner/4080135.mariana.fernandez,108590.66,1:09:31,4171.4,27
1183,Pere MONGAY MONTESO,H,56,55-59M,ES,TGCBINN,586,328,270,1,30:11:45,11:55:16,TRUE,f,2026-08-28T17:51:23.390Z,https://utmb.world/runner/192496.pere.mongaymonteso,108705.29,1:19:45,4785.39,27
630,Mike STAINTHORPE,H,49,45-49M,GB,NA,707,329,271,32,30:12:26,11:55:57,TRUE,f,2026-08-28T17:50:00.170Z,https://utmb.world/runner/4471959.mike.stainthorpe,108746.38,1:30:41,5440.94,27
723,Daniel SCHNEIDER,H,42,40-44M,DE,NA,672,330,272,57,30:13:21,11:56:52,TRUE,f,2026-08-28T17:49:05.530Z,https://utmb.world/runner/5064993.daniel.schneider,108801.14,1:38:22,5901.65,27
866,Philippe CELLE,H,47,45-49M,FR,NA,635,331,273,33,30:14:40,11:58:11,TRUE,f,2026-08-28T17:48:56.810Z,https://utmb.world/runner/4008213.philippe.celle,108879.62,1:59:44,7184.129999999999,27
799,Alexandre VELUT,H,49,45-49M,FR,Tos Athletisme,648,332,274,34,30:19:33,12:03:04,TRUE,f,2026-08-28T17:49:31.890Z,https://utmb.world/runner/218188.alexandre.velut,109172.96,1:32:10,5529.99,27
966,Paul SZYNDRALEWICZ,H,33,20-34M,FR,https://www.strava.com/clubs/1270615?oq=gree,617,333,275,97,30:22:02,12:05:33,TRUE,f,2026-08-28T17:51:05.820Z,https://utmb.world/runner/4163043.paul.szyndralewicz,109322.05,2:03:31,7410.9800000000005,27
725,Edouard PETITPIERRE,H,29,20-34M,FR,Altra,671,334,276,98,30:22:19,12:05:50,TRUE,f,2026-08-28T17:50:22.190Z,https://utmb.world/runner/1898489.edouard.petitpierre,109339.6,1:40:08,6008.409999999999,27
1083,Jules CAILLOT,H,36,35-39M,FR,BAMBOCHE,600,335,277,76,30:22:51,12:06:22,TRUE,f,2026-08-28T17:52:01.770Z,https://utmb.world/runner/4592398.jules.caillot,109371.08,1:55:08,6908.220000000001,27
330,Mariela VIGLIOCCO,F,47,45-49W,AR,NA,621,336,59,5,30:23:06,12:06:37,TRUE,f,2026-08-28T17:48:12.000Z,https://utmb.world/runner/889391.mariela.vigliocco,109386.09,1:05:09,3908.66,27
964,Alexis CALLEWAERT,H,38,35-39M,FR,JSFertegaucher,618,337,278,77,30:26:59,12:10:30,TRUE,f,2026-08-28T17:50:53.330Z,https://utmb.world/runner/1157959.alexis.callewaert,109618.78,1:19:19,4758.79,27
698,Hadrien DEVALLOIS,H,37,35-39M,FR,LonGo TraiL,680,338,279,78,30:28:49,12:12:20,TRUE,f,2026-08-28T17:49:16.770Z,https://utmb.world/runner/4177284.hadrien.devallois,109728.37,2:01:06,7266.339999999999,27
270,Huiping ZHANG,F,40,40-44W,CN,Kailas FUGA,651,339,60,10,30:29:30,12:13:01,TRUE,f,2026-08-28T17:48:12.000Z,https://utmb.world/runner/2109771.huiping.zhang,109770.71,0:49:40,2979.82,27
654,Damien MITAULT,H,33,20-34M,FR,NA,696,340,280,99,30:33:07,12:16:38,TRUE,f,2026-08-28T17:49:35.860Z,https://utmb.world/runner/5241524.damien.mitault,109986.25,2:03:45,7424.540000000001,27
809,Gentian LIKAJ,H,39,35-39M,XK,KTRA-KOSOVO TRAIL RUNNING ASSOCIATION,646,341,281,79,30:34:29,12:18:00,TRUE,f,2026-08-28T17:49:01.610Z,https://utmb.world/runner/2695747.gentian.likaj,110068.85,2:07:30,7650.4800000000005,27
312,Natalie JOHNSTON,F,31,20-34W,CA,NA,631,342,61,23,30:35:50,12:19:21,TRUE,f,2026-08-28T17:48:12.000Z,https://utmb.world/runner/5453436.natalie.johnston,110150.79,1:58:30,7110.3099999999995,27
610,Quentin FECHTER,H,40,40-44M,FR,Craft Team France,719,343,282,58,30:36:42,12:20:13,TRUE,f,2026-08-28T17:49:28.500Z,https://utmb.world/runner/4402338.quentin.fechter,110201.9,1:44:49,6289.04,27
874,Pierre-Alexandre PUJOL,H,37,35-39M,FR,NA,633,344,283,80,30:37:13,12:20:44,TRUE,f,2026-08-28T17:50:11.400Z,https://utmb.world/runner/6554358.pierrealexandre.pujol,110232.93,1:50:18,6618.3499999999995,27
733,Daniel GUERRERO NISTAL,H,51,50-54M,ES,UEC Bagà,665,345,284,12,30:39:22,12:22:53,TRUE,f,2026-08-28T17:50:18.470Z,https://utmb.world/runner/995681.daniel.guerreronistal,110362.13,2:30:43,9042.529999999999,27
673,Lars GYSIN,H,25,20-34M,CH,NA,687,346,285,100,30:40:10,12:23:41,TRUE,f,2026-08-28T17:49:02.600Z,https://utmb.world/runner/6391455.lars.gysin,110409.4,2:02:34,7354.08,27
1080,Jérome THOLLET,H,48,45-49M,FR,NA,601,347,286,35,30:42:28,12:25:59,TRUE,f,2026-08-28T17:49:15.460Z,https://utmb.world/runner/4351966.jerome.thollet,110548.29,1:15:48,4547.79,27
942,Sylvain LE CORRE,H,39,35-39M,FR,NA,621,348,287,81,30:43:10,12:26:41,TRUE,f,2026-08-28T17:50:19.760Z,https://utmb.world/runner/1008065.sylvain.lecorre,110589.85,1:51:13,6672.789999999999,27
796,Joaquín CASADO PULPEIRO,H,33,20-34M,ES,NA,667,349,288,101,30:43:43,12:27:14,TRUE,f,2026-08-28T17:49:24.310Z,https://utmb.world/runner/4224453.joaquin.casadopulpeiro,110623.68,0:56:49,3408.6399999999994,27
822,Vincent DUPUIS,H,38,35-39M,FR,NA,642,350,289,82,30:45:30,12:29:01,TRUE,f,2026-08-28T17:50:44.840Z,https://utmb.world/runner/3391031.vincent.dupuis,110729.38,1:57:43,7063.47,27
759,Guilhem JOUVE,H,42,40-44M,FR,Clermont Endurance / les sonneurs,661,351,290,59,30:47:32,12:31:03,TRUE,f,2026-08-28T17:49:57.070Z,https://utmb.world/runner/4182922.guilhem.jouve,110852.28,1:29:32,5371.539999999999,27
690,Marcin GWIŻDŻ,H,53,50-54M,PL,NA,682,352,291,13,30:49:13,12:32:44,TRUE,f,2026-08-28T17:50:32.940Z,https://utmb.world/runner/1733025.marcin.gwizdz,110952.62,1:08:31,4110.740000000001,27
834,Guilhem VAGNY,H,39,35-39M,FR,Fan club Kikinette,640,353,292,83,30:52:15,12:35:46,TRUE,f,2026-08-28T17:49:50.880Z,https://utmb.world/runner/4501370.guilhem.vagny,111134.23,1:48:30,6510.35,27
382,Justine HULL,F,29,20-34W,CA,NA,601,354,62,24,30:52:39,12:36:10,TRUE,f,2026-08-28T17:48:12.000Z,https://utmb.world/runner/6868421.justine.hull,111159.5,1:03:45,3825.4,27
954,Alexandre FERNANDES,H,38,35-39M,FR,NA,619,355,293,84,30:52:50,12:36:21,TRUE,f,2026-08-28T17:49:46.960Z,https://utmb.world/runner/5694484.alexandre.fernandes,111169.85,2:54:11,10450.94,27
190,Isla SMITH,F,32,20-34W,NZ,Malift MallorcaTrail,685,356,63,25,30:54:57,12:38:28,TRUE,f,2026-08-28T17:48:12.000Z,https://utmb.world/runner/4318102.isla.smith,111297.38,1:16:55,4614.5999999999995,27
324,Ruth EAGLES,F,48,45-49W,AU,NA,625,357,64,6,30:55:42,12:39:13,TRUE,f,2026-08-28T17:48:12.000Z,https://utmb.world/runner/5086544.ruth.eagles,111342.63,1:30:06,5405.81,27
1568,Pierre-Henry COPPERE,H,42,40-44M,FR,NA,541,358,294,60,30:56:23,12:39:54,TRUE,f,2026-08-28T17:50:20.570Z,https://utmb.world/runner/179412.pierrehenry.coppere,111382.97,1:45:08,6307.889999999999,27
1189,Philippe BETEND,H,38,35-39M,FR,Arvicyclette,586,359,295,85,30:56:49,12:40:20,TRUE,f,2026-08-28T17:51:57.870Z,https://utmb.world/runner/4234695.philippe.betend,111408.6,2:35:03,9303.05,27
536,Sam WOOD,H,30,20-34M,US,NA,758,360,296,102,30:58:35,12:42:06,TRUE,f,2026-08-28T17:51:29.920Z,https://utmb.world/runner/6450533.sam.wood,111514.38,1:02:37,3757.1800000000003,27
1146,Janis UKASS,H,40,40-44M,LV,VSK Burkanciems&CO,591,361,297,61,31:01:16,12:44:47,TRUE,f,2026-08-28T17:50:55.180Z,https://utmb.world/runner/5409474.janis.ukass,111675.82,1:16:23,4583.23,27
1070,Vincent ROBERT,H,47,45-49M,CH,NA,602,362,298,36,31:03:45,12:47:16,TRUE,f,2026-08-28T17:49:23.610Z,https://utmb.world/runner/20792.vincent.robert,111824.82,1:37:50,5869.8,27
680,David PARKER,H,45,45-49M,GB,Acronyms,682,363,299,37,31:09:01,12:52:32,TRUE,f,2026-08-28T17:49:25.260Z,https://utmb.world/runner/4375538.david.parker,112141.51,0:58:02,3481.5,27
705,Nicolas ZALEJSKI,H,37,35-39M,FR,Macadam 07,679,364,300,86,31:09:37,12:53:08,TRUE,f,2026-08-28T17:49:19.960Z,https://utmb.world/runner/329675.nicolas.zalejski,112176.07,2:38:12,9491.78,27
573,Adrien PATRAS,H,36,35-39M,FR,KS Endurance Training,740,365,301,87,31:10:50,12:54:21,TRUE,f,2026-08-28T17:49:13.690Z,https://utmb.world/runner/268074.adrien.patras,112250.15,2:36:09,9369.18,27
667,Guillaume AUTHIER,H,40,40-44M,FR,perso,690,366,302,62,31:11:34,12:55:05,TRUE,f,2026-08-28T17:50:51.880Z,https://utmb.world/runner/132677.guillaume.authier,112293.34,1:38:15,5894.97,27
839,Zsolt KERCSÓ ANDRÁSI,H,43,40-44M,HU,NA,640,367,303,63,31:11:39,12:55:10,TRUE,f,2026-08-28T17:50:21.020Z,https://utmb.world/runner/4352522.zsolt.kercsoandrasi,112298.98,1:14:57,4496.57,27
623,Norihito GOTO,H,48,45-49M,JP,the kijitoras,696,368,304,38,31:13:40,12:57:11,TRUE,f,2026-08-28T17:49:01.400Z,https://utmb.world/runner/498045.norihito.goto,112419.99,1:18:24,4703.63,27
1438,Christophe BOUZY,H,28,20-34M,FR,Les Bornés,553,369,305,103,31:15:08,12:58:39,TRUE,f,2026-08-28T17:50:07.920Z,https://utmb.world/runner/4925869.christophe.bouzy,112507.27,1:18:22,4701.88,27
524,Tom PAYTON,H,31,20-34M,AU,NA,767,370,306,104,31:16:36,13:00:07,TRUE,f,2026-08-28T17:49:19.640Z,https://utmb.world/runner/5077203.tom.payton,112596.04,1:53:03,6783.42,27
789,Frédéric ESMILAIRE,H,44,40-44M,FR,SCUF,651,371,307,64,31:18:24,13:01:55,TRUE,f,2026-08-28T17:51:52.430Z,https://utmb.world/runner/766670.frederic.esmilaire,112704.41,2:32:40,9159.839999999998,27
660,Henri VANSTRACEELE,H,27,20-34M,FR,NTP // COS VILLERS,693,372,308,105,31:19:20,13:02:51,TRUE,f,2026-08-28T17:51:54.510Z,https://utmb.world/runner/4452078.henri.vanstraceele,112759.59,2:32:08,9128.32,27
635,Baptiste VANGREVELYNGHE,H,29,20-34M,FR,NA,703,373,309,106,31:19:21,13:02:52,TRUE,f,2026-08-28T17:51:54.230Z,https://utmb.world/runner/6286858.baptiste.vangrevelynghe,112761.02,2:37:24,9443.67,27
867,Ross MICHELL,H,35,35-39M,AU,NA,635,374,310,88,31:19:52,13:03:23,TRUE,f,2026-08-28T17:49:57.730Z,https://utmb.world/runner/4134761.ross.michell,112791.36,2:21:28,8487.74,27
922,Julian CAILLET,H,30,20-34M,FR,ASTRE,625,375,311,107,31:23:00,13:06:31,TRUE,f,2026-08-28T17:49:06.550Z,https://utmb.world/runner/3860117.julian.caillet,112980.16,2:36:28,9388.310000000001,27
1199,Florian CASTEL,H,30,20-34M,FR,NA,585,376,312,108,31:23:05,13:06:36,TRUE,f,2026-08-28T17:49:01.440Z,https://utmb.world/runner/3487175.florian.castel,112985.27,2:46:11,9970.57,27
982,Marc-Antoine JACQZ,H,41,40-44M,FR,NA,615,377,313,65,31:23:16,13:06:47,TRUE,f,2026-08-28T17:50:07.690Z,https://utmb.world/runner/652944.marcantoine.jacqz,112995.94,1:42:13,6132.589999999999,27
851,Guillaume FLEURY,H,37,35-39M,FR,Bresse Saône Running,638,378,314,89,31:24:12,13:07:43,TRUE,f,2026-08-28T17:50:53.740Z,https://utmb.world/runner/1805795.guillaume.fleury,113051.27,1:53:54,6834.360000000001,27
557,Guillaume LENON,H,33,20-34M,FR,NA,743,379,315,109,31:25:08,13:08:39,TRUE,f,2026-08-28T17:48:53.810Z,https://utmb.world/runner/585386.guillaume.lenon,113107.22,1:45:07,6306.65,27
892,Luca CORNOLTI,H,46,45-49M,IT,FdT,631,380,316,39,31:26:19,13:09:50,TRUE,f,2026-08-28T17:51:12.020Z,https://utmb.world/runner/1673813.luca.cornolti,113179.48,2:10:39,7839.340000000001,27
1003,Eric SANS,H,42,40-44M,FR,CARCASSONNE SPORT POLICE,613,381,317,66,31:26:48,13:10:19,TRUE,f,2026-08-28T17:50:14.300Z,https://utmb.world/runner/4020418.eric.sans,113208.24,2:50:56,10255.92,27
865,Nicolas PEDRETTI,H,38,35-39M,FR,#RUNPROVENCE,636,382,318,90,31:28:16,13:11:47,TRUE,f,2026-08-28T17:50:45.730Z,https://utmb.world/runner/4500750.nicolas.pedretti,113295.52,2:00:53,7253.02,27
724,Mark RABAIOTTI,H,41,40-44M,GB,Team NFT,670,383,319,67,31:29:28,13:12:59,TRUE,f,2026-08-28T17:50:43.640Z,https://utmb.world/runner/3274195.mark.rabaiotti,113367.55,0:29:19,1759.2700000000002,27
805,Rémy GUICHARD,H,38,35-39M,FR,Aucun,647,384,320,91,31:29:51,13:13:22,TRUE,f,2026-08-28T17:49:41.380Z,https://utmb.world/runner/5614012.remy.guichard,113391.46,2:38:21,9500.59,27
738,Teddy BRESSON,H,36,35-39M,FR,Team Trail Aix les Bains,666,385,321,92,31:30:52,13:14:23,TRUE,f,2026-08-28T17:51:05.990Z,https://utmb.world/runner/3597163.teddy.bresson,113451.6,2:26:27,8787.17,27
583,Mathieu SANGUINETTI,H,39,35-39M,FR,Xrun,732,386,322,93,31:33:06,13:16:37,TRUE,f,2026-08-28T17:49:42.440Z,https://utmb.world/runner/5045890.mathieu.sanguinetti,113585.78,2:36:17,9377.48,27
1257,Freddy PAILLARD,H,42,40-44M,FR,KWA | Solutions Bien-Être,579,387,323,68,31:33:16,13:16:47,TRUE,f,2026-08-28T17:49:40.400Z,https://utmb.world/runner/4317439.freddy.paillard,113596.03,1:45:21,6320.73,27
278,Johanna BYGDELL,F,44,40-44W,SE,CRAFt run team/Öbacka LK,651,388,65,11,31:35:30,13:19:01,TRUE,f,2026-08-28T17:48:12.000Z,https://utmb.world/runner/665723.johanna.bygdell,113730.79,1:51:57,6717.160000000001,27
242,Jenny ABEGG,F,42,40-44W,US,Patagonia,660,389,66,12,31:35:53,13:19:24,TRUE,f,2026-08-28T17:48:12.000Z,https://utmb.world/runner/4595376.jenny.abegg,113753.21,1:43:08,6187.51,27
215,Simon WITHERS,H,31,20-34M,GB,Southsea Fell Runners,826,390,324,110,31:38:14,13:21:45,TRUE,f,2026-08-28T17:48:12.000Z,https://utmb.world/runner/5000444.simon.withers,113894.9,3:44:25,13464.52,27
316,Ann ANDRIES,F,54,50-54W,BE,"KBF, KKS",624,391,67,2,31:39:06,13:22:37,TRUE,f,2026-08-28T17:48:12.000Z,https://utmb.world/runner/3996821.ann.andries,113946.32,1:44:23,6263.4000000000005,27
1073,Alexandre LE VERGER,H,34,20-34M,FR,Tonton Outdoor,603,392,325,111,31:43:21,13:26:52,TRUE,f,2026-08-28T17:52:47.300Z,https://utmb.world/runner/5324484.alexandre.leverger,114201.11,3:02:30,10950.300000000001,27
863,Stefan DELIBAS,H,28,20-34M,RO,Trail Running Academy,636,393,326,112,31:43:24,13:26:55,TRUE,f,2026-08-28T17:50:20.280Z,https://utmb.world/runner/4532310.stefan.delibas,114203.84,2:16:52,8212.38,27
625,Guillaume SCHAEFFER,H,46,45-49M,FR,AMADEUS,709,394,327,40,31:45:21,13:28:52,TRUE,f,2026-08-28T17:51:39.410Z,https://utmb.world/runner/701852.guillaume.schaeffer,114321.44,2:34:38,9278.47,27
1015,Franck BAUDOUIN,H,34,20-34M,FR,NA,610,395,328,113,31:46:35,13:30:06,TRUE,f,2026-08-28T17:50:19.380Z,https://utmb.world/runner/5449120.franck.baudouin,114395.43,1:04:32,3871.5999999999995,27
675,Mark BEZZINA,H,44,40-44M,MT,Ultra MALTA Trail,686,396,329,69,31:46:38,13:30:09,TRUE,f,2026-08-28T17:49:22.360Z,https://utmb.world/runner/4372538.mark.bezzina,114398.57,1:57:49,7068.97,27
244,Lenka HIKLOVÁ,F,46,45-49W,SK,Slovak Ultra Trail / Karate klub Púchov,659,397,68,7,31:46:59,13:30:30,TRUE,f,2026-08-28T17:48:12.000Z,https://utmb.world/runner/4248308.lenka.hiklova,114419.76,0:53:27,3207.3900000000003,27
775,Alessandro ROLFINI,H,36,35-39M,IT,Gli Orchi Trailers ASD,663,398,330,94,31:48:29,13:32:00,TRUE,f,2026-08-28T17:51:38.390Z,https://utmb.world/runner/1499747.alessandro.rolfini,114509.16,1:24:09,5048.59,27
875,Alexandru NIMARA,H,37,35-39M,RO,Team Run,633,399,331,95,31:50:12,13:33:43,TRUE,f,2026-08-28T17:49:32.590Z,https://utmb.world/runner/231851.alexandru.nimara,114612.04,1:15:28,4528.33,27
1144,Igor KARPINSKI,H,36,35-39M,FR,NA,592,400,332,96,31:50:15,13:33:46,TRUE,f,2026-08-28T17:51:24.310Z,https://utmb.world/runner/4231073.igor.karpinski,114615.66,2:33:38,9217.619999999999,27
903,Matevz SLAPNICAR,H,57,55-59M,SI,NA,627,401,333,2,31:50:18,13:33:49,TRUE,f,2026-08-28T17:49:08.600Z,https://utmb.world/runner/267414.matevz.slapnicar,114617.42,1:12:34,4354.06,27
811,Maxime SORBIER,H,44,40-44M,FR,Grizzli,646,402,334,70,31:54:11,13:37:42,TRUE,f,2026-08-28T17:49:51.970Z,https://utmb.world/runner/4986932.maxime.sorbier,114850.1,2:55:51,10550.900000000001,27
1059,Laurent LARUELLE,H,38,35-39M,BE,Les Gars Lactiques,658,403,335,97,31:54:56,13:38:27,TRUE,f,2026-08-28T17:49:57.500Z,https://utmb.world/runner/3030375.laurent.laruelle,114895.73,1:40:50,6049.58,27
1454,Morgan QUÉTIN,H,32,20-34M,FR,CA CAUCHOIS,553,404,336,114,31:55:17,13:38:48,TRUE,f,2026-08-28T17:52:18.530Z,https://utmb.world/runner/6125932.morgan.quetin,114916.8,2:06:02,7561.68,27
1086,David LAURIERE,H,32,20-34M,FR,NA,598,405,337,115,31:57:27,13:40:58,TRUE,f,2026-08-28T17:49:28.270Z,https://utmb.world/runner/5042204.david.lauriere,115047.52,1:19:15,4754.5,27
912,Lambert FERRON,H,30,20-34M,FR,NA,625,406,338,116,31:58:41,13:42:12,TRUE,f,2026-08-28T17:50:34.080Z,https://utmb.world/runner/6287004.lambert.ferron,115121.86,2:02:16,7336.1,27
955,Martin BRUNEAU,H,42,40-44M,FR,NA,619,407,339,71,31:58:54,13:42:25,TRUE,f,2026-08-28T17:49:19.640Z,https://utmb.world/runner/2988805.martin.bruneau,115134.05,1:44:24,6264.47,27
693,Julien CAZORLA,H,48,45-49M,FR,Serpentine,681,408,340,41,31:59:24,13:42:55,TRUE,f,2026-08-28T17:49:07.900Z,https://utmb.world/runner/3980956.julien.cazorla,115163.88,1:13:38,4417.960000000001,27
1042,Francesco CARBONE,H,34,20-34M,IT,ASD INRUN,594,409,341,117,31:59:34,13:43:05,TRUE,f,2026-08-28T17:49:53.350Z,https://utmb.world/runner/4672580.francesco.carbone,115174.18,0:30:57,1857.15,27
1104,Peter CHAPMAN,H,44,40-44M,US,NA,597,410,342,72,31:59:59,13:43:30,TRUE,f,2026-08-28T17:50:42.930Z,https://utmb.world/runner/2063611.peter.chapman,115198.45,1:38:19,5899.219999999999,27
340,Milagros RIVAS,F,44,40-44W,AR,nadalez team,628,411,69,13,32:00:53,13:44:24,TRUE,f,2026-08-28T17:48:12.000Z,https://utmb.world/runner/4287518.milagros.rivas,115253.09,1:21:52,4911.99,27
1002,Julien CONTE,H,45,45-49M,CA,NA,608,412,343,42,32:06:38,13:50:09,TRUE,f,2026-08-28T17:49:07.180Z,https://utmb.world/runner/3554401.julien.conte,115598.43,2:38:16,9495.619999999999,27
825,Sébastien DEPASSE,H,30,20-34M,FR,NA,642,413,344,118,32:12:16,13:55:47,TRUE,f,2026-08-28T17:52:27.000Z,https://utmb.world/runner/4314489.sebastien.depasse,115936.7,2:15:44,8144.259999999999,27
596,Thomas BRENNEVAL,H,31,20-34M,FR,Trailers du Môle,725,414,345,119,32:13:04,13:56:35,TRUE,f,2026-08-28T17:49:12.820Z,https://utmb.world/runner/4877116.thomas.brenneval,115983.78,1:38:46,5925.95,27
627,Wing Yam MAN,H,40,40-44M,HK,Team Columbia,709,415,346,73,32:13:07,13:56:38,TRUE,f,2026-08-28T17:50:51.920Z,https://utmb.world/runner/795992.wingyam.man,115986.66,2:32:15,9134.56,27
991,Nicolas ROUSSEAU,H,44,40-44M,FR,NA,615,416,347,74,32:13:29,13:57:00,TRUE,f,2026-08-28T17:50:18.830Z,https://utmb.world/runner/3231247.nicolas.rousseau,116008.17,2:00:45,7245.19,27
210,Marisa ROMEO,F,32,20-34W,US,NA,673,417,70,26,32:18:01,14:01:32,TRUE,f,2026-08-28T17:48:12.000Z,https://utmb.world/runner/3646155.marisa.romeo,116281.96,1:56:34,6993.72,27
1250,Loïc ANGENARD,H,44,40-44M,FR,NA,578,418,348,75,32:18:23,14:01:54,TRUE,f,2026-08-28T17:52:37.450Z,https://utmb.world/runner/4402310.loic.angenard,116302.55,2:35:00,9299.72,27
732,Martin MARVIE,H,28,20-34M,FR,01 OUTDOOR,661,419,349,120,32:19:26,14:02:57,TRUE,f,2026-08-28T17:50:31.110Z,https://utmb.world/runner/1608189.martin.marvie,116366.42,1:59:26,7165.97,27
929,Marcus RODRE,H,43,40-44M,SE,Duveds IF,619,420,350,76,32:20:41,14:04:12,TRUE,f,2026-08-28T17:50:12.740Z,https://utmb.world/runner/1553615.marcus.rodre,116440.44,2:18:40,8319.75,27
707,Jared PENTECOST,H,33,20-34M,AU,Vipers RC,677,421,351,121,32:22:28,14:05:59,TRUE,f,2026-08-28T17:49:18.690Z,https://utmb.world/runner/4158220.jared.pentecost,116547.62,2:51:06,10265.82,27
626,Llyr Bryn WILLIAMS,H,32,20-34M,GB,NA,709,422,352,122,32:24:11,14:07:42,TRUE,f,2026-08-28T17:50:35.530Z,https://utmb.world/runner/3271381.llyrbryn.williams,116651.23,2:02:57,7376.5199999999995,27
308,Maria DALZOT,F,38,35-39W,US,La Sportiva NA,635,423,71,23,32:24:48,14:08:19,TRUE,f,2026-08-28T17:48:12.000Z,https://utmb.world/runner/325544.maria.dalzot,116688.79,1:52:41,6761.42,27
358,Pollee BROOKINGS,F,39,35-39W,US,NA,613,424,72,24,32:25:10,14:08:41,TRUE,f,2026-08-28T17:48:12.000Z,https://utmb.world/runner/2393783.pollee.brookings,116710.25,2:00:50,7250.24,27
1193,Max HELLIN,H,45,45-49M,BE,NA,586,425,353,43,32:25:57,14:09:28,TRUE,f,2026-08-28T17:49:50.200Z,https://utmb.world/runner/4278831.max.hellin,116756.81,1:06:57,4016.6600000000003,27
1341,Alfred SANDVIG,H,33,20-34M,NO,Haugesund Sprettballklubb,564,426,354,123,32:26:08,14:09:39,TRUE,f,2026-08-28T17:50:22.840Z,https://utmb.world/runner/4212312.alfred.sandvig,116767.81,2:01:02,7261.999999999999,27
1220,Matthieu SEROUART,H,42,40-44M,FR,Team Chouquette,581,427,355,77,32:26:11,14:09:42,TRUE,f,2026-08-28T17:52:15.540Z,https://utmb.world/runner/4451490.matthieu.serouart,116770.6,2:44:08,9848.159999999998,27
1113,Jamie FUNNELL,H,36,35-39M,GB,Springfield Striders RC,602,428,356,98,32:29:22,14:12:53,TRUE,f,2026-08-28T17:51:06.960Z,https://utmb.world/runner/510187.jamie.funnell,116961.88,1:46:05,6365.339999999999,27
1480,Nicolas BIDAULT,H,34,20-34M,FR,Team Creuse l'Ecart,546,429,357,124,32:31:16,14:14:47,TRUE,f,2026-08-28T17:50:25.340Z,https://utmb.world/runner/4051662.nicolas.bidault,117075.91,2:12:37,7956.880000000001,27
797,Conran BOYTON,H,32,20-34M,GB,NA,649,430,358,125,32:32:09,14:15:40,TRUE,f,2026-08-28T17:49:14.600Z,https://utmb.world/runner/4570288.conran.boyton,117128.79,2:28:15,8894.55,27
1062,Eymeric BOURGIER,H,37,35-39M,FR,SMRT,604,431,359,99,32:33:23,14:16:54,TRUE,f,2026-08-28T17:49:34.430Z,https://utmb.world/runner/4243161.eymeric.bourgier,117203.26,1:25:38,5138.46,27
661,Tanguy EPALE,H,50,50-54M,FR,NA,689,432,360,14,32:35:49,14:19:20,TRUE,f,2026-08-28T17:50:18.390Z,https://utmb.world/runner/6669.tanguy.epale,117349.03,1:21:14,4874.32,27
719,Ryan MAIZE,H,32,20-34M,US,Wednesday Night Run Club,673,433,361,126,32:36:27,14:19:58,TRUE,f,2026-08-28T17:50:50.720Z,https://utmb.world/runner/3132275.ryan.maize,117387.13,1:33:28,5607.92,27
943,Hakim SAHRAOUI,H,48,45-49M,FR,Running Conseil Annemasse / Team Sahraoui/VALLOIRE,619,434,362,44,32:39:25,14:22:56,TRUE,f,2026-08-28T17:49:06.550Z,https://utmb.world/runner/410705.hakim.sahraoui,117564.61,2:11:08,7868.249999999999,27
669,Thorbjørn PATSCHEIDER,H,35,35-39M,DK,,689,435,363,100,32:39:45,14:23:16,TRUE,f,2026-08-28T17:52:19.460Z,https://utmb.world/runner/5292127.thorbjorn.patscheider,117584.54,1:45:20,6320.38,27
764,Justin LANGEVIN,H,34,20-34M,CA,NA,660,436,364,127,32:40:58,14:24:29,TRUE,f,2026-08-28T17:50:23.760Z,https://utmb.world/runner/4574660.justin.langevin,117657.99,2:24:56,8696.37,27
868,Emmanuel GAUTIER,H,38,35-39M,FR,E MUVRE BALANINE,654,437,365,101,32:40:59,14:24:30,TRUE,f,2026-08-28T17:49:22.180Z,https://utmb.world/runner/2524957.emmanuel.gautier,117659.49,1:57:15,7035.259999999999,27
726,Robin SIPS,H,40,40-44M,BE,NA,670,438,366,78,32:41:03,14:24:34,TRUE,f,2026-08-28T17:51:32.720Z,https://utmb.world/runner/404034.robin.sips,117662.63,2:14:16,8055.5599999999995,27
765,Thomas BESNIER,H,34,20-34M,FR,NA,660,439,367,128,32:42:36,14:26:07,TRUE,f,2026-08-28T17:49:06.550Z,https://utmb.world/runner/1424717.thomas.besnier,117755.48,3:16:21,11780.8,27
1181,Jessica SCHLUTER,F,46,45-49W,AU,NA,602,440,73,8,32:43:06,14:26:37,TRUE,f,2026-08-28T17:49:56.620Z,https://utmb.world/runner/171304.jessica.schluter,117786.02,1:53:55,6834.52,27
750,Emmanuel DENIS,H,51,50-54M,FR,DAGT,662,441,368,15,32:43:50,14:27:21,TRUE,f,2026-08-28T17:49:08.080Z,https://utmb.world/runner/8131.emmanuel.denis,117830.45,2:18:00,8279.79,27
1273,Eric WINTENBERGER,H,50,50-54M,FR,NA,575,442,369,16,32:43:51,14:27:22,TRUE,f,2026-08-28T17:50:13.570Z,https://utmb.world/runner/179939.eric.wintenberger,117831.41,2:19:57,8397.02,27
224,Marie Laure THIEUX,F,43,40-44W,FR,TEAM QUEYRAS TRAIL - DURANCE ATHLE TRAIL RUNNING,666,443,74,14,32:44:41,14:28:12,TRUE,f,2026-08-28T17:48:12.000Z,https://utmb.world/runner/1759023.marielaure.thieux,117881.7,2:16:08,8168.2300000000005,27
1153,Rebecka FORSBERG,F,34,20-34W,SE,Hippos RC,590,444,75,27,32:45:18,14:28:49,TRUE,f,2026-08-28T17:49:52.250Z,https://utmb.world/runner/3638119.rebecka.forsberg,117918.65,1:26:34,5194.110000000001,27
706,Nick LUDEN,H,44,40-44M,US,HPL Endurance,677,445,370,79,32:47:17,14:30:48,TRUE,f,2026-08-28T17:50:49.560Z,https://utmb.world/runner/618902.nick.luden,118037.05,2:30:33,9033.28,27
1291,Thomas WATSON,H,38,35-39M,NZ,NA,571,446,371,102,32:48:50,14:32:21,TRUE,f,2026-08-28T17:49:20.190Z,https://utmb.world/runner/809141.thomas.watson,118130.01,1:05:15,3914.62,27
762,Ján SAMELIAK,H,44,40-44M,SK,Nitra,658,447,372,80,32:49:23,14:32:54,TRUE,f,2026-08-28T17:52:06.440Z,https://utmb.world/runner/2333505.jan.sameliak,118162.66,1:03:12,3791.649999999999,27
1622,Vincent NELSON,H,42,40-44M,FR,NA,535,448,373,81,32:49:41,14:33:12,TRUE,f,2026-08-28T17:49:18.940Z,https://utmb.world/runner/196529.vincent.nelson,118180.74,1:25:10,5110.26,27
641,Kazushi SAKURADA,H,50,50-54M,JP,no,701,449,374,17,32:50:07,14:33:38,TRUE,f,2026-08-28T17:49:17.510Z,https://utmb.world/runner/1164957.kazushi.sakurada,118206.53,1:28:34,5313.6,27
1101,Steve ROWBURY,H,59,55-59M,GB,Donner Party Mountain Runners,599,450,375,3,32:50:09,14:33:40,TRUE,f,2026-08-28T17:49:44.990Z,https://utmb.world/runner/751033.steve.rowbury,118208.28,1:54:39,6878.789999999999,27
1786,Jean-Baptiste JULIEN,H,50,50-54M,FR,Ensam,517,451,376,18,32:55:28,14:38:59,TRUE,f,2026-08-28T17:52:14.820Z,https://utmb.world/runner/1708431.jeanbaptiste.julien,118527.25,1:33:38,5618.2300000000005,27
855,Eelco SCHULLER,H,40,40-44M,NL,NA,674,452,377,82,32:59:56,14:43:27,TRUE,f,2026-08-28T17:49:25.310Z,https://utmb.world/runner/5415810.eelco.schuller,118796.62,2:29:05,8944.859999999999,27
1232,Lammert VRIELING,H,58,55-59M,NL,Trail Club Saint Gervais Mont Blanc,580,453,378,4,33:00:55,14:44:26,TRUE,f,2026-08-28T17:49:02.260Z,https://utmb.world/runner/3101703.lammert.vrieling,118855.36,2:08:32,7711.92,27
1005,Damien BERTRAND,H,35,35-39M,FR,NA,612,454,379,103,33:01:15,14:44:46,TRUE,f,2026-08-28T17:51:48.380Z,https://utmb.world/runner/480466.damien.bertrand,118874.74,1:46:41,6400.839999999999,27
1251,Jérémie BALLET-BAZ,H,43,40-44M,FR,NA,575,454,379,83,33:01:15,14:44:46,TRUE,f,2026-08-28T17:51:49.060Z,https://utmb.world/runner/433725.jeremie.balletbaz,118875.27,1:46:53,6413.25,27
1152,Jarkko PALONIEMI,H,46,45-49M,FI,NA,590,456,381,45,33:01:24,14:44:55,TRUE,f,2026-08-28T17:52:31.080Z,https://utmb.world/runner/4179797.jarkko.paloniemi,118884.81,1:06:13,3973,27
927,Jeremy GAUME,H,44,40-44M,FR,runninGraz,624,457,382,84,33:02:20,14:45:51,TRUE,f,2026-08-28T17:49:09.830Z,https://utmb.world/runner/4231963.jeremy.gaume,118939.91,2:04:32,7472.37,27
639,Michael KOLLY,H,34,20-34M,CH,NA,712,458,383,129,33:04:02,14:47:33,TRUE,f,2026-08-28T17:50:18.900Z,https://utmb.world/runner/5585665.michael.kolly,119041.83,1:25:27,5126.57,27
2255,Tom KUBICZ,H,48,45-49M,US,NA,468,459,384,46,33:05:39,14:49:10,TRUE,f,2026-08-28T17:50:08.380Z,https://utmb.world/runner/15457.tom.kubicz,119138.74,1:21:17,4876.89,27
1227,Clément DIAZ,H,33,20-34M,FR,Zoom Volt Runners,580,460,385,130,33:07:15,14:50:46,TRUE,f,2026-08-28T17:52:50.730Z,https://utmb.world/runner/1424339.clement.diaz,119235.1,1:41:21,6081.300000000001,27
679,Dongkuk JANG,H,50,50-54M,KR,NA,685,461,386,19,33:07:41,14:51:12,TRUE,f,2026-08-28T17:48:52.530Z,https://utmb.world/runner/4265092.dongkuk.jang,119260.73,1:33:27,5607.09,27
889,Sebastian STIER,H,44,40-44M,DE,2Unlimited,630,462,387,85,33:08:52,14:52:23,TRUE,f,2026-08-28T17:49:13.670Z,https://utmb.world/runner/699378.sebastian.stier,119331.78,2:33:52,9232.380000000001,27
745,Tyler BURKE,H,41,40-44M,US,NA,663,463,388,86,33:09:54,14:53:25,TRUE,f,2026-08-28T17:52:14.300Z,https://utmb.world/runner/287511.tyler.burke,119394.63,1:44:06,6246.46,27
973,Albert COTS ROSIÑOL,H,54,50-54M,ES,Mountain Runners del Berguedà,616,464,389,20,33:10:09,14:53:40,TRUE,f,2026-08-28T17:49:12.290Z,https://utmb.world/runner/1681355.albert.cotsrosinol,119409.61,2:25:33,8733.19,27
696,Nicolas DE SCHRYVER,H,44,40-44M,BE,NA,680,465,390,87,33:10:56,14:54:27,TRUE,f,2026-08-28T17:50:03.110Z,https://utmb.world/runner/2312105.nicolas.deschryver,119456.09,2:26:30,8790.44,27
994,Tomasz NOWAK,H,43,40-44M,PL,Activlab,615,466,391,88,33:11:20,14:54:51,TRUE,f,2026-08-28T17:51:35.060Z,https://utmb.world/runner/1413261.tomasz.nowak,119480.62,1:47:25,6445.139999999999,27
989,Éric LEPRIEUR,H,49,45-49M,FR,NA,615,467,392,47,33:11:29,14:55:00,TRUE,f,2026-08-28T17:50:03.780Z,https://utmb.world/runner/885785.eric.leprieur,119489.02,2:45:10,9909.55,27
1140,Jules ISERENTANT,H,40,40-44M,FR,NA,592,468,393,89,33:12:34,14:56:05,TRUE,f,2026-08-28T17:52:18.000Z,https://utmb.world/runner/844134.jules.iserentant,119554.14,1:39:44,5984.199999999999,27
1084,Łukasz RÓŻANOWSKI,H,41,40-44M,PL,NA,600,469,394,90,33:16:22,14:59:53,TRUE,f,2026-08-28T17:52:23.970Z,https://utmb.world/runner/6597647.lukasz.rozanowski,119781.98,1:04:30,3870.42,27
1309,Emmanuel VERRIERE,H,60,60-64M,FR,rc vichy,563,470,395,1,33:17:27,15:00:58,TRUE,f,2026-08-28T17:50:21.800Z,https://utmb.world/runner/8946.emmanuel.verriere,119847.17,1:52:31,6751.04,27
1268,Logann LÉPINE,H,32,20-34M,FR,NA,576,471,396,131,33:17:34,15:01:05,TRUE,f,2026-08-28T17:49:01.440Z,https://utmb.world/runner/6091921.logann.lepine,119854.19,1:46:08,6367.549999999999,27
1412,Vincent LANCHEC,H,42,40-44M,FR,NA,557,472,397,91,33:17:42,15:01:13,TRUE,f,2026-08-28T17:51:13.100Z,https://utmb.world/runner/1888527.vincent.lanchec,119862.26,2:39:46,9585.68,27
1527,Kevin TUYBENS,H,36,35-39M,FR,ULTRA SPORTEAM PEVELE,546,473,398,104,33:20:17,15:03:48,TRUE,f,2026-08-28T17:51:04.150Z,https://utmb.world/runner/408638.kevin.tuybens,120017.42,2:07:05,7625.33,27
350,Catherine CASTRO VILLICAÑA,F,35,35-39W,MX,Adidas Terrex,615,474,76,25,33:20:57,15:04:28,TRUE,f,2026-08-28T17:48:12.000Z,https://utmb.world/runner/4807308.catherine.castrovillicana,120057.84,1:18:07,4687.29,27
1075,Jose Alberto ESTRADA ARAGON,H,43,40-44M,ES,Scott ,601,475,399,92,33:21:55,15:05:26,TRUE,f,2026-08-28T17:49:47.150Z,https://utmb.world/runner/3710095.josealberto.estrada,120114.93,2:09:52,7792.41,27
842,Thomas MAIRE,H,46,45-49M,FR,Team Trail Aix Les Bains,639,476,400,48,33:22:34,15:06:05,TRUE,f,2026-08-28T17:50:47.920Z,https://utmb.world/runner/112921.thomas.maire,120153.11,2:51:36,10296.1,27
1272,Nicolas MONJOU,H,46,45-49M,FR,Dévoluy - UTOBI,575,477,401,49,33:23:34,15:07:05,TRUE,f,2026-08-28T17:49:05.630Z,https://utmb.world/runner/3192321.nicolas.monjou,120214.13,2:14:42,8081.610000000001,27
547,Luc GENTIAL,H,47,45-49M,FR,NA,751,478,402,50,33:25:32,15:09:03,TRUE,f,2026-08-28T17:48:51.690Z,https://utmb.world/runner/240654.luc.gential,120331.39,1:39:02,5942.05,27
924,Ben SMITH,H,45,45-49M,GB,Dulwich Runners AC,625,479,403,51,33:30:21,15:13:52,TRUE,f,2026-08-28T17:51:37.450Z,https://utmb.world/runner/115122.ben.smith,120621.4,1:51:30,6690.4,27
828,Markus HANGLER,H,41,40-44M,AT,Richimountain Runners,642,480,404,93,33:30:47,15:14:18,TRUE,f,2026-08-28T17:49:10.410Z,https://utmb.world/runner/1479529.markus.hangler,120647.12,2:16:24,8183.590000000001,27
688,Martin HUDAK,H,53,50-54M,SK,Enjoy it,682,481,405,21,33:31:11,15:14:42,TRUE,f,2026-08-28T17:49:17.710Z,https://utmb.world/runner/2339669.martin.hudak,120670.87,1:57:20,7040.299999999999,27
1361,David VAVASSEUR,H,48,45-49M,FR,NA,562,482,406,52,33:32:41,15:16:12,TRUE,f,2026-08-28T17:50:30.150Z,https://utmb.world/runner/274529.david.vavasseur,120761.71,1:12:42,4361.8,27
1216,Gaspard SCHMITT,H,46,45-49M,FR,Les trailers décadents,581,483,407,53,33:33:35,15:17:06,TRUE,f,2026-08-28T17:49:55.560Z,https://utmb.world/runner/4957711.gaspard.schmitt,120814.63,1:35:56,5755.9400000000005,27
981,Arnaud ROSSION,H,33,20-34M,BE,Trakks Ambasseur / TLMC,615,484,408,132,33:34:16,15:17:47,TRUE,f,2026-08-28T17:49:25.050Z,https://utmb.world/runner/4266538.arnaud.rossion,120856.01,1:27:04,5223.5,27
1095,Philippe ERNST,H,47,45-49M,FR,None,598,485,409,54,33:34:31,15:18:02,TRUE,f,2026-08-28T17:51:18.310Z,https://utmb.world/runner/2588475.philippe.ernst,120870.92,1:59:14,7153.75,27
987,Brett ANDREWS,H,42,40-44M,AU,NA,615,486,410,94,33:35:03,15:18:34,TRUE,f,2026-08-28T17:50:17.550Z,https://utmb.world/runner/4847652.brett.andrews,120902.96,1:28:59,5338.92,27
1068,Julien LE GARREC,H,48,45-49M,FR,Footing Airvaudais trail,602,487,411,55,33:35:09,15:18:40,TRUE,f,2026-08-28T17:50:21.020Z,https://utmb.world/runner/3542031.julien.legarrec,120909.39,1:59:57,7197.29,27
864,Romain BRET,H,39,35-39M,FR,NA,636,488,412,105,33:36:04,15:19:35,TRUE,f,2026-08-28T17:50:37.650Z,https://utmb.world/runner/1802711.romain.bret,120964.18,2:16:12,8172.11,27
838,Simon BIGOT,H,51,50-54M,FR,Team Foulées,640,489,413,22,33:37:17,15:20:48,TRUE,f,2026-08-28T17:49:12.560Z,https://utmb.world/runner/710823.simon.bigot,121037.32,3:33:50,12829.76,27
1443,Martin PLONER,H,60,60-64M,CH,NA,554,490,414,2,33:37:37,15:21:08,TRUE,f,2026-08-28T17:50:49.050Z,https://utmb.world/runner/991661.martin.ploner,121057.34,1:50:38,6637.5999999999995,27
1325,David MIAO,H,62,60-64M,US,Misty Mountains Runners,566,491,415,3,33:40:03,15:23:34,TRUE,f,2026-08-28T17:51:23.390Z,https://utmb.world/runner/3043379.david.miao,121202.94,1:49:16,6555.89,27
787,Antoine OLIVIER,H,32,20-34M,FR,NA,652,492,416,133,33:42:45,15:26:16,TRUE,f,2026-08-28T17:51:20.110Z,https://utmb.world/runner/1792437.antoine.olivier,121365.82,3:20:52,12051.590000000002,27
2282,Maximilian HIRSCH,H,34,20-34M,DE,NA,622,493,417,134,33:43:22,15:26:53,TRUE,f,2026-08-28T17:51:51.720Z,https://utmb.world/runner/5147007.maximilian.hirsch,121401.99,2:37:48,9468.24,27
891,Loïc MASSÉ,H,42,40-44M,FR,NA,630,494,418,95,33:44:53,15:28:24,TRUE,f,2026-08-28T17:51:42.860Z,https://utmb.world/runner/2655549.loic.masse,121492.41,2:22:29,8548.89,27
952,Clement SERRES,H,30,20-34M,FR,NA,620,495,419,135,33:44:54,15:28:25,TRUE,f,2026-08-28T17:49:40.240Z,https://utmb.world/runner/5035504.clement.serres,121493.79,3:23:06,12185.9,27
611,Tamás BELUS,H,46,45-49M,HU,Rudy Project Hungary / Hoka Runners Hungary,719,496,420,56,33:46:02,15:29:33,TRUE,f,2026-08-28T17:49:59.400Z,https://utmb.world/runner/220895.tamas.belus,121561.85,2:25:10,8709.789999999999,27
852,Thibault VERDONCKT,H,40,40-44M,FR,NCS Trailéman,638,497,421,96,33:46:39,15:30:10,TRUE,f,2026-08-28T17:52:13.270Z,https://utmb.world/runner/949615.thibault.verdonckt,121599.31,2:36:40,9399.550000000001,27
971,Matt SCHULMAN,H,32,20-34M,US,NA,617,498,422,136,33:48:14,15:31:45,TRUE,f,2026-08-28T17:50:25.910Z,https://utmb.world/runner/5502329.matt.schulman,121693.89,1:30:17,5416.78,27
1323,Roger BRUNET ROIG,H,49,45-49M,ES,Unio Excursionista Urgellenca,567,499,423,57,33:48:40,15:32:11,TRUE,f,2026-08-28T17:50:41.200Z,https://utmb.world/runner/4235225.roger.brunetroig,121720,3:09:01,11341.03,27
1366,Mathieu CASAS,H,50,50-54M,FR,Ginestas X-TRAIL,562,500,424,23,33:48:45,15:32:16,TRUE,f,2026-08-28T17:50:00.820Z,https://utmb.world/runner/3313311.mathieu.casas,121724.53,1:29:00,5340.209999999999,27
1335,Benoit CHARACHE,H,53,50-54M,FR,NA,565,501,425,24,33:49:13,15:32:44,TRUE,f,2026-08-28T17:51:24.580Z,https://utmb.world/runner/4497276.benoit.charache,121752.82,1:50:19,6618.680000000001,27
869,Cyrille MULSANT,H,38,35-39M,FR,NA,635,502,426,106,33:50:53,15:34:24,TRUE,f,2026-08-28T17:49:59.230Z,https://utmb.world/runner/1226051.cyrille.mulsant,121853.62,3:30:08,12607.630000000001,27
988,David FARJOT,H,45,45-49M,FR,MILOTRAIL,615,503,427,58,33:51:08,15:34:39,TRUE,f,2026-08-28T17:52:23.130Z,https://utmb.world/runner/555988.david.farjot,121868.06,2:35:56,9355.74,27
974,Brian MARTIN,H,33,20-34M,US,NA,616,504,428,137,33:51:22,15:34:53,TRUE,f,2026-08-28T17:50:56.790Z,https://utmb.world/runner/6861873.brian.martin,121881.29,4:27:37,16057.070000000003,27
779,Omar EL SAWY,H,37,35-39M,EG,Ultrabedu,654,505,429,107,33:51:50,15:35:21,TRUE,f,2026-08-28T17:50:50.950Z,https://utmb.world/runner/4203611.omar.elsawy,121909.08,3:14:15,11655.069999999998,27
1122,Meng Yun TUNG,F,38,35-39W,TW,GFRC,595,506,77,26,33:52:44,15:36:15,TRUE,f,2026-08-28T17:50:14.250Z,https://utmb.world/runner/4078463.mengyun.tung,121964.37,1:17:05,4624.59,27
1038,Jacek BARANOWSKI,H,46,45-49M,PL,JacekBiega Running Team,608,507,430,59,33:54:11,15:37:42,TRUE,f,2026-08-28T17:52:26.540Z,https://utmb.world/runner/547922.jacek.baranowski,122051.25,3:55:31,14131.23,27
940,Martin BREMHOLM,H,46,45-49M,DK,Aarhus 1900 Kick,622,508,431,60,33:57:50,15:41:21,TRUE,f,2026-08-28T17:49:28.510Z,https://utmb.world/runner/215601.martin.bremholm,122270.29,1:35:23,5722.79,27
1242,Florent LEGEAY,H,39,35-39M,FR,NA,579,509,432,108,33:57:52,15:41:23,TRUE,f,2026-08-28T17:52:21.860Z,https://utmb.world/runner/658913.florent.legeay,122271.24,1:45:47,6346.56,27
813,Raphael LANCHON DALMARD,H,38,35-39M,FR,Trailers du Môle,651,510,433,109,33:57:57,15:41:28,TRUE,f,2026-08-28T17:51:51.450Z,https://utmb.world/runner/1732769.raphael.lanchondalmard,122277.52,3:27:04,12423.79,27
185,Léon FAVIER,H,27,20-34M,FR,Côte Roannaise Raid Aventure,836,511,434,138,33:59:03,15:42:34,TRUE,f,2026-08-28T17:48:12.000Z,https://utmb.world/runner/1258007.leon.favier,122343.67,3:55:20,14119.779999999999,27
996,Loic LE BRUN,H,32,20-34M,FR,NA,613,511,434,138,33:59:03,15:42:34,TRUE,f,2026-08-28T17:52:33.070Z,https://utmb.world/runner/4545964.loic.lebrun,122343.29,2:27:16,8836.12,27
1204,Salim MOHAMED,H,59,55-59M,GB,NA,584,513,436,5,34:01:30,15:45:01,TRUE,f,2026-08-28T17:50:46.950Z,https://utmb.world/runner/2515481.salim.mohamed,122489.7,1:50:45,6644.6,27
846,Julien DAMESIN,H,50,50-54M,FR,Perols Footing,639,514,437,25,34:03:42,15:47:13,TRUE,f,2026-08-28T17:49:40.880Z,https://utmb.world/runner/335987.julien.damesin,122621.67,1:42:11,6130.62,27
1029,Maxime JONVAL,H,30,20-34M,FR,TTC,609,515,438,140,34:04:10,15:47:41,TRUE,f,2026-08-28T17:49:52.530Z,https://utmb.world/runner/4230679.maxime.jonval,122649.82,1:49:20,6559.79,27
1110,Amber HOULE,F,36,35-39W,CA,SFRC,596,516,78,27,34:07:56,15:51:27,TRUE,f,2026-08-28T17:50:26.290Z,https://utmb.world/runner/4167720.amber.houle,122876.66,1:44:58,6298.14,27
1063,Franck MARECAUX,H,36,35-39M,FR,TEAM BROTHER,601,517,439,110,34:08:29,15:52:00,TRUE,f,2026-08-28T17:49:08.980Z,https://utmb.world/runner/1486237.franck.marecaux,122908.82,3:29:06,12545.78,27
1214,Ronen LIND,H,52,50-54M,CH,NA,582,518,440,26,34:08:46,15:52:17,TRUE,f,2026-08-28T17:49:14.770Z,https://utmb.world/runner/1719989.ronen.lind,122925.97,2:25:24,8724.06,27
1017,David O'DWYER,H,43,40-44M,GB,NA,637,519,441,97,34:10:16,15:53:47,TRUE,f,2026-08-28T17:50:07.990Z,https://utmb.world/runner/203629.david.odwyer,123015.18,2:51:36,10296.350000000002,27
953,Julien ROBERTON,H,39,35-39M,FR,Aucun,619,520,442,111,34:10:19,15:53:50,TRUE,f,2026-08-28T17:49:44.410Z,https://utmb.world/runner/3232521.julien.roberton,123018.96,2:17:51,8271.310000000001,27
1238,Benjamin DUBOIS,H,36,35-39M,FR,CAB,580,521,443,112,34:11:51,15:55:22,TRUE,f,2026-08-28T17:50:23.600Z,https://utmb.world/runner/4171737.benjamin.dubois,123111.07,2:12:06,7925.820000000001,27
824,Sergey SHELKOVOY,H,41,40-44M,NL,THE.TRAIL,643,522,444,98,34:14:38,15:58:09,TRUE,f,2026-08-28T17:49:13.710Z,https://utmb.world/runner/1444273.sergey.shelkovoy,123278.02,2:22:17,8536.75,27
1010,Noé VIDONNE,H,34,20-34M,FR,NA,609,523,445,141,34:14:45,15:58:16,TRUE,f,2026-08-28T17:49:46.960Z,https://utmb.world/runner/1487411.noe.vidonne,123284.83,1:21:40,4899.79,27
878,Joël OPPLIGER,H,39,35-39M,CH,NA,628,524,446,113,34:16:59,16:00:30,TRUE,f,2026-08-28T17:49:52.250Z,https://utmb.world/runner/996455.joel.oppliger,123419.2,3:25:31,12330.82,27
844,Brice JACQUOT,H,46,45-49M,FR,HOKA,639,525,447,61,34:17:54,16:01:25,TRUE,f,2026-08-28T17:48:49.020Z,https://utmb.world/runner/144801.brice.jacquot,123474.71,3:23:20,12200.23,27
694,Loïc MASCRÉ,H,33,20-34M,BE,U-Trail Limal,681,526,448,142,34:21:49,16:05:20,TRUE,f,2026-08-28T17:51:19.470Z,https://utmb.world/runner/4834418.loic.mascre,123709.2,2:00:43,7243.380000000001,27
306,Melissa OSTASZEWSKI,F,35,35-39W,US,NA,633,527,79,28,34:22:18,16:05:49,TRUE,f,2026-08-28T17:48:12.000Z,https://utmb.world/runner/850740.melissa.ostaszewski,123738.29,2:47:00,10019.72,27
721,Matthieu LAFFORT,H,29,20-34M,FR,petite gazelle,673,528,449,143,34:22:37,16:06:08,TRUE,f,2026-08-28T17:49:26.460Z,https://utmb.world/runner/4788784.matthieu.laffort,123756.87,2:41:41,9701.17,27
1185,Gustavo REYES,H,48,45-49M,AR,GR Team,587,529,450,62,34:22:49,16:06:20,TRUE,f,2026-08-28T17:52:18.110Z,https://utmb.world/runner/11751.gustavo.reyes,123769.82,1:58:42,7122.39,27
908,Carlo CARRARO,H,38,35-39M,IT,NA,627,530,451,114,34:23:46,16:07:17,TRUE,f,2026-08-28T17:51:51.460Z,https://utmb.world/runner/4132209.carlo.carraro,123825.63,2:51:15,10274.92,27
1018,Michael COLLOT,H,35,35-39M,FR,NA,610,531,452,115,34:23:57,16:07:28,TRUE,f,2026-08-28T17:49:13.690Z,https://utmb.world/runner/4704468.michael.collot,123836.49,1:58:23,7103.280000000001,27
972,Istvan SZILAGYI,H,38,35-39M,HU,CoachT és az Elvetemültek,617,532,453,116,34:24:18,16:07:49,TRUE,f,2026-08-28T17:50:02.630Z,https://utmb.world/runner/3526113.istvan.szilagyi,123857.93,2:03:03,7383.299999999999,27
777,Klodian JAHO,H,46,45-49M,AL,Pol.Rinascita Montevarchi,654,533,454,63,34:24:48,16:08:19,TRUE,f,2026-08-28T17:49:02.350Z,https://utmb.world/runner/4910576.klodian.jaho,123887.83,3:22:06,12125.98,27
933,Deliang LI,H,42,40-44M,CN,NA,622,534,455,99,34:25:21,16:08:52,TRUE,f,2026-08-28T17:51:11.560Z,https://utmb.world/runner/3048187.deliang.li,123920.64,3:06:02,11161.859999999999,27
148,Anne-Lise LE QUÉRÉ,F,35,35-39W,FR,FUGA MOUNTAIN CLUB,700,535,80,29,34:25:33,16:09:04,TRUE,f,2026-08-28T17:48:12.000Z,https://utmb.world/runner/1926903.annelise.lequere,123933.35,1:31:18,5477.969999999999,27
1491,Jay HADDLEY,H,41,40-44M,GB,Chester Triathlon Club,549,536,456,100,34:25:35,16:09:06,TRUE,f,2026-08-28T17:52:39.860Z,https://utmb.world/runner/4400136.jay.haddley,123934.67,2:40:37,9636.92,27
2463,Marc SAUVOUREL,H,42,40-44M,FR,BAZTANDARRAK,436,537,457,101,34:26:07,16:09:38,TRUE,f,2026-08-28T17:51:26.060Z,https://utmb.world/runner/244237.marc.sauvourel,123967.41,1:19:50,4790.490000000001,27
1693,Micah SHERMAN,H,40,40-44M,US,NA,527,538,458,102,34:26:51,16:10:22,TRUE,f,2026-08-28T17:48:59.130Z,https://utmb.world/runner/6500607.micah.sherman,124011.29,3:02:56,10975.550000000003,27
761,Michael GARNEAU,H,39,35-39M,CA,NA,661,539,459,117,34:27:42,16:11:13,TRUE,f,2026-08-28T17:50:24.910Z,https://utmb.world/runner/1336977.michael.garneau,124061.15,2:41:35,9695.01,27
871,Yann BELLENGUEZ,H,37,35-39M,FR,Faucigny Athletic Club (Cluses) et Esprit run (Amiens),639,540,460,118,34:28:08,16:11:39,TRUE,f,2026-08-28T17:50:42.480Z,https://utmb.world/runner/5764274.yann.bellenguez,124088.21,2:09:35,7775.41,27
1192,Laura LAGIER,F,32,20-34W,FR,POSITIVE TRAIL CLUB,586,541,81,28,34:28:13,16:11:44,TRUE,f,2026-08-28T17:50:21.240Z,https://utmb.world/runner/5383456.laura.lagier,124093.57,3:22:49,12169.470000000001,27
1066,William SIGGERS,H,38,35-39M,GB,NA,602,542,461,119,34:28:36,16:12:07,TRUE,f,2026-08-28T17:52:34.500Z,https://utmb.world/runner/5505209.william.siggers,124116.48,2:57:45,10665.11,27
835,Andres MORNET,H,34,20-34M,FR,NA,641,543,462,144,34:30:51,16:14:22,TRUE,f,2026-08-28T17:49:25.290Z,https://utmb.world/runner/4269390.andres.mornet,124251.13,2:24:38,8677.689999999999,27
206,Ivania RAMBO,F,42,40-44W,BR,Go On Outdoor / Columbia,678,544,82,15,34:33:04,16:16:35,TRUE,f,2026-08-28T17:48:12.000Z,https://utmb.world/runner/3087203.ivania.rambo,124384.54,1:20:52,4852.44,27
1119,Nicolas ROBLES,H,44,40-44M,FR,Les Chamois du Lac,595,545,463,103,34:34:19,16:17:50,TRUE,f,2026-08-28T17:49:38.120Z,https://utmb.world/runner/352180.nicolas.robles,124459.2,3:09:52,11391.669999999998,27
1928,Nasser HAKAMI,H,41,40-44M,SA,R7 RUN CLUB,503,546,464,104,34:35:04,16:18:35,TRUE,f,2026-08-28T17:50:14.900Z,https://utmb.world/runner/4470965.nasser.hakami,124503.54,2:32:56,9176.279999999999,27
1752,Yves MOREAU,H,50,50-54M,BE,Kikourou UBBC,520,547,465,27,34:37:06,16:20:37,TRUE,f,2026-08-28T17:49:12.820Z,https://utmb.world/runner/110562.yves.moreau,124625.39,1:50:59,6658.63,27
332,Kit Ying SO,F,35,35-39W,HK,Crazy Running Club,628,548,83,30,34:37:13,16:20:44,TRUE,f,2026-08-28T17:48:12.000Z,https://utmb.world/runner/1824411.kitying.so,124633.87,2:41:20,9680.29,27
1391,Thibault COMPAIN,H,29,20-34M,FR,ALPV,559,549,466,145,34:39:05,16:22:36,TRUE,f,2026-08-28T17:49:50.420Z,https://utmb.world/runner/714378.thibault.compain,124744.61,2:22:55,8574.5,27
1197,Patrick SCHRYBURT,H,57,55-59M,CA,NA,585,550,467,6,34:39:59,16:23:30,TRUE,f,2026-08-28T17:50:59.180Z,https://utmb.world/runner/2245243.patrick.schryburt,124799.76,0:34:02,2041.8000000000002,27
760,Albert GRIMAU,H,37,35-39M,ES,AE Mountain Runners Berguedà,657,551,468,120,34:43:13,16:26:44,TRUE,f,2026-08-28T17:49:31.440Z,https://utmb.world/runner/680033.albert.grimau,124993.11,1:27:05,5224.86,27
1562,Cynthia GAY,F,31,20-34W,CH,Reaching Summits,545,552,84,29,34:44:02,16:27:33,TRUE,f,2026-08-28T17:51:54.250Z,https://utmb.world/runner/7151335.cynthia.gay,125042.47,1:32:59,5578.5599999999995,27
1108,François HINAULT,H,39,35-39M,FR,Grand Raid du Finistère,596,553,469,121,34:44:26,16:27:57,TRUE,f,2026-08-28T17:48:56.800Z,https://utmb.world/runner/854073.francois.hinault,125065.38,2:59:31,10770.62,27
1655,Mohammad ZARGHAMI,H,48,45-49M,CA,NA,529,554,470,64,34:44:31,16:28:02,TRUE,f,2026-08-28T17:52:44.400Z,https://utmb.world/runner/5475486.mohammad.zarghami,125071.55,0:54:40,3280.13,27
1404,Guillem PELISSIER,H,46,45-49M,FR,NA,560,555,471,65,34:45:36,16:29:07,TRUE,f,2026-08-28T17:50:58.440Z,https://utmb.world/runner/726146.guillem.pelissier,125136.15,2:08:53,7732.839999999999,27
380,Nisachon MORGAN,F,45,45-49W,TH,XREAL TROOP,603,556,85,9,34:45:51,16:29:22,TRUE,f,2026-08-28T17:48:12.000Z,https://utmb.world/runner/3982061.nisachon.morgan,125151.63,2:14:01,8041.15,27
1388,Nikolai QUIGLEY,H,31,20-34M,US,NA,559,557,472,146,34:49:58,16:33:29,TRUE,f,2026-08-28T17:52:27.000Z,https://utmb.world/runner/5585986.nikolai.quigley,125398.22,1:54:39,6879.499999999999,27
1039,Léo GALLET,H,32,20-34M,FR,NA,608,558,473,147,34:50:38,16:34:09,TRUE,f,2026-08-28T17:49:24.530Z,https://utmb.world/runner/5510840.leo.gallet,125437.83,3:11:24,11483.97,27
1123,Jordan BOUTHERIN,H,35,35-39M,FR,NA,595,559,474,122,34:50:47,16:34:18,TRUE,f,2026-08-28T17:49:30.330Z,https://utmb.world/runner/3420673.jordan.boutherin,125447.24,4:02:52,14572.050000000001,27
785,Johann VAILLANT,H,40,40-44M,FR,Team C-RAIDE,653,560,475,105,34:52:45,16:36:16,TRUE,f,2026-08-28T17:50:58.920Z,https://utmb.world/runner/987397.johann.vaillant,125564.46,2:07:50,7670.16,27
1276,Jean Baptiste HANTON,H,50,50-54M,FR,ECSA,575,561,476,28,34:55:19,16:38:50,TRUE,f,2026-08-28T17:50:22.230Z,https://utmb.world/runner/244403.jeanbaptiste.hanton,125719.45,2:50:40,10239.83,27
896,David GUILLIER,H,41,40-44M,FR,NA,628,562,477,106,34:59:47,16:43:18,TRUE,f,2026-08-28T17:49:23.810Z,https://utmb.world/runner/4007595.david.guillier,125987,2:19:04,8343.89,27
1016,Harry MURDOCH,H,34,20-34M,AU,NA,610,563,478,148,34:59:56,16:43:27,TRUE,f,2026-08-28T17:52:32.410Z,https://utmb.world/runner/4158223.harry.murdoch,125996.49,1:52:37,6757.4,27
1244,Nicolas GOSSET,H,40,40-44M,FR,NA,579,564,479,107,35:00:57,16:44:28,TRUE,f,2026-08-28T17:51:57.330Z,https://utmb.world/runner/4901194.nicolas.gosset,126056.87,3:23:01,12180.83,27
856,Tim AITKEN,H,51,50-54M,AU,NA,637,565,480,29,35:03:44,16:47:15,TRUE,f,2026-08-28T17:49:49.740Z,https://utmb.world/runner/5718705.tim.aitken,126223.5,3:17:22,11841.710000000001,27
1209,Brandon LAI,H,33,20-34M,FR,NA,584,566,481,149,35:04:31,16:48:02,TRUE,f,2026-08-28T17:51:53.340Z,https://utmb.world/runner/4289169.brandon.lai,126271.38,1:40:18,6017.6,27
1245,Laurent PARDON,H,40,40-44M,BE,VICTOR HADRIEN CHARLES,579,567,482,108,35:05:14,16:48:45,TRUE,f,2026-08-28T17:52:03.860Z,https://utmb.world/runner/1010239.laurent.pardon,126313.87,3:32:26,12746.499999999998,27
1651,Benoit DESACHY,H,57,55-59M,FR,Lyon,532,568,483,7,35:07:14,16:50:45,TRUE,f,2026-08-28T17:50:05.360Z,https://utmb.world/runner/177732.benoit.desachy,126434.12,2:13:40,8019.91,27
194,Cecilia MATTAS,F,35,35-39W,AU,NA,682,569,86,31,35:09:27,16:52:58,TRUE,f,2026-08-28T17:48:12.000Z,https://utmb.world/runner/3104419.cecilia.mattas,126567.92,3:13:16,11595.68,27
1001,Eric BRANDT,H,56,55-59M,US,NA,613,570,484,8,35:10:17,16:53:48,TRUE,f,2026-08-28T17:50:05.720Z,https://utmb.world/runner/853389.eric.brandt,126616.83,2:23:11,8590.851,27
1023,Riccardo MALACRIDA,H,39,35-39M,IT,DU Coaching,610,571,485,123,35:11:26,16:54:57,TRUE,f,2026-08-28T17:51:05.780Z,https://utmb.world/runner/3308533.riccardo.malacrida,126685.37,1:31:44,5504.129999999999,27
1316,Tiago MACHADO,H,54,50-54M,PT,Monsanto Running Team,568,572,486,30,35:11:42,16:55:13,TRUE,f,2026-08-28T17:52:18.000Z,https://utmb.world/runner/773372.tiago.machado,126702.63,3:10:20,11420.28,27
1485,Alan GAVARIN,H,37,35-39M,FR,Barbell Union,582,573,487,124,35:12:48,16:56:19,TRUE,f,2026-08-28T17:51:42.870Z,https://utmb.world/runner/851090.alan.gavarin,126767.68,2:38:05,9484.5,27
338,Junko YANO,F,52,50-54W,JP,Team100mile,621,574,87,3,35:12:52,16:56:23,TRUE,f,2026-08-28T17:48:12.000Z,https://utmb.world/runner/2215069.junko.yano,126772.07,1:46:29,6389.16,27
1314,Alexandre BRIOT,H,47,45-49M,FR,Total Technical Touch Telecom Trail Team,568,575,488,66,35:13:13,16:56:44,TRUE,f,2026-08-28T17:50:41.640Z,https://utmb.world/runner/6020.alexandre.briot,126793.19,3:25:11,12310.89,27
1187,Nicola CLOS,H,43,40-44M,CH,Team Kipfmuller,586,576,489,109,35:13:19,16:56:50,TRUE,f,2026-08-28T17:49:50.200Z,https://utmb.world/runner/6453886.nicola.clos,126799.7,2:00:46,7246.379999999999,27
1088,Arturo GARCIA-HUIDOBRO PRIETO,H,48,45-49M,CL,Hampstead Heath Huevones,600,577,490,67,35:15:36,16:59:07,TRUE,f,2026-08-28T17:50:45.730Z,https://utmb.world/runner/2170249.arturo.garciahuidobroprieto,126935.99,2:33:28,9208.289999999999,27
1321,Julien MENDES,H,40,40-44M,FR,SAFRAN / UPTB,567,578,491,110,35:16:28,16:59:59,TRUE,f,2026-08-28T17:50:28.000Z,https://utmb.world/runner/1907841.julien.mendes,126988.75,1:31:20,5479.620000000001,27
646,Kevin MONCELLI,H,28,20-34M,FR,NA,700,579,492,150,35:16:39,17:00:10,TRUE,f,2026-08-28T17:48:55.860Z,https://utmb.world/runner/5544256.kevin.moncelli,126998.16,1:12:22,4341.5999999999995,27
1589,Giles NEWMARCH,H,46,45-49M,GB,NA,539,580,493,68,35:16:44,17:00:15,TRUE,f,2026-08-28T17:52:44.920Z,https://utmb.world/runner/5825511.giles.newmarch,127003.13,1:03:26,3805.57,27
916,Nicolas ZARADZKI,H,41,40-44M,FR,NA,625,581,494,111,35:16:56,17:00:27,TRUE,f,2026-08-28T17:49:02.960Z,https://utmb.world/runner/3771739.nicolas.zaradzki,127015.13,2:44:09,9849.34,27
1111,Roser NICOLAU,F,49,45-49W,ES,15 CUMBRES,602,582,88,10,35:18:35,17:02:06,TRUE,f,2026-08-28T17:51:53.140Z,https://utmb.world/runner/1338983.roser.nicolau,127115.85,2:09:33,7773.16,27
1178,Vittorio SILVA,H,40,40-44M,IT,Atletica Franciacorta,588,583,495,112,35:20:23,17:03:54,TRUE,f,2026-08-28T17:49:19.180Z,https://utmb.world/runner/999351.vittorio.silva,127223.05,1:58:24,7104.13,27
731,Antonio KARANFILOSKI,H,30,20-34M,MK,I don't have,669,584,496,151,35:20:25,17:03:56,TRUE,f,2026-08-28T17:50:52.810Z,https://utmb.world/runner/1639357.antonio.karanfiloski,127224.72,1:27:30,5250.01,27
1759,Ben BATE,H,44,40-44M,GB,NA,520,585,497,113,35:20:48,17:04:19,TRUE,f,2026-08-28T17:51:04.840Z,https://utmb.world/runner/5531458.ben.bate,127247.19,1:56:46,7006.139999999999,27
1307,Loic LEGRAS,H,43,40-44M,FR,US CAMON,569,586,498,114,35:21:15,17:04:46,TRUE,f,2026-08-28T17:52:26.220Z,https://utmb.world/runner/4443094.loic.legras,127275.72,2:04:57,7496.549999999999,27
650,Nicolas VRAUNAT,H,41,40-44M,FR,copenor running,699,587,499,115,35:21:16,17:04:47,TRUE,f,2026-08-28T17:50:02.610Z,https://utmb.world/runner/344871.nicolas.vraunat,127275.82,3:22:32,12152.390000000001,27
888,Jacinto GONZALEZ SAENZ,H,55,55-59M,ES,GANGUREN M.T.,630,588,500,9,35:21:37,17:05:08,TRUE,f,2026-08-28T17:49:32.840Z,https://utmb.world/runner/172629.jacinto.gonzalezsaenz,127296.73,1:46:14,6373.679999999999,27
1607,Gregory LARSON,H,59,55-59M,US,NA,603,589,501,10,35:21:41,17:05:12,TRUE,f,2026-08-28T17:51:14.110Z,https://utmb.world/runner/6852639.gregory.larson,127301.56,1:10:46,4245.7300000000005,27
934,Olivier LAFARGE,H,49,45-49M,FR,NA,621,590,502,69,35:22:32,17:06:03,TRUE,f,2026-08-28T17:48:57.360Z,https://utmb.world/runner/4943357.olivier.lafarge,127351.69,2:57:28,10648.32,27
1560,Yannick JANSEN,H,41,40-44M,FR,NA,541,591,503,116,35:22:38,17:06:09,TRUE,f,2026-08-28T17:50:59.190Z,https://utmb.world/runner/5316146.yannick.jansen,127357.98,0:57:43,3463.32,27
1175,Vitor DINIZ,H,55,55-59M,PT,Clube de Atletismo de Ferreira do Zêzere,588,592,504,11,35:22:51,17:06:22,TRUE,f,2026-08-28T17:51:19.130Z,https://utmb.world/runner/2406877.vitor.diniz,127371.04,2:57:18,10638,27
1531,Maurane DE VROEY,F,30,20-34W,BE,Sportex Team,545,593,89,30,35:23:50,17:07:21,TRUE,f,2026-08-28T17:50:17.320Z,https://utmb.world/runner/4250075.maurane.devroey,127430.26,1:31:31,5491.280000000001,27
1106,Iñaki SANCHO DE LA GARZA,H,42,40-44M,ES,GANERANTZ M.T.,597,594,505,117,35:24:46,17:08:17,TRUE,f,2026-08-28T17:50:38.130Z,https://utmb.world/runner/740181.inaki.sanchodelagarza,127485.87,2:59:59,10798.630000000001,27
1156,Damien CARFANTAN,H,39,35-39M,FR,Team LASA,590,595,506,125,35:24:53,17:08:24,TRUE,f,2026-08-28T17:52:21.650Z,https://utmb.world/runner/941467.damien.carfantan,127492.93,4:01:04,14464.37,27
2105,Sofiane SROUTTA-PAILLUSSEAU,H,43,40-44M,FR,NA,485,596,507,118,35:25:39,17:09:10,TRUE,f,2026-08-28T17:50:04.090Z,https://utmb.world/runner/178013.sofiane.srouttapaillusseau,127539.71,1:47:26,6446.369999999999,27
1150,Thibaud SIMONNET,H,35,35-39M,FR,NA,591,597,508,126,35:28:32,17:12:03,TRUE,f,2026-08-28T17:49:09.930Z,https://utmb.world/runner/4473235.thibaud.simonnet,127711.44,2:34:52,9292.470000000001,27
1439,Eduardo AMBROSIO,H,44,40-44M,BR,JVM Trail Run,554,598,509,119,35:28:45,17:12:16,TRUE,f,2026-08-28T17:51:14.420Z,https://utmb.world/runner/4915151.eduardo.ambrosio,127725.27,2:53:25,10404.960000000001,27
1453,Wai Kei LAM,H,52,50-54M,HK,Follow Me,553,599,510,31,35:29:20,17:12:51,TRUE,f,2026-08-28T17:49:43.810Z,https://utmb.world/runner/1244561.waikei.lam,127759.59,1:51:05,6665.25,27
935,Simon CHIFFOLEAU,H,31,20-34M,FR,NA,622,600,511,152,35:29:25,17:12:56,TRUE,f,2026-08-28T17:49:27.430Z,https://utmb.world/runner/4674471.simon.chiffoleau,127764.93,2:21:08,8468.23,27
1021,Sébastien LEDIG,H,42,40-44M,FR,Team Kiprun,610,601,512,120,35:30:10,17:13:41,TRUE,f,2026-08-28T17:49:15.270Z,https://utmb.world/runner/4015230.sebastien.ledig,127810.1,2:48:35,10114.61,27
877,Matt PEHARDA,H,38,35-39M,US,NA,632,602,513,127,35:30:14,17:13:45,TRUE,f,2026-08-28T17:49:45.360Z,https://utmb.world/runner/367892.matt.peharda,127814.03,3:04:38,11078.210000000001,27
993,Aurélien MUSY,H,34,20-34M,FR,Duc Army / MSN73,615,603,514,153,35:33:33,17:17:04,TRUE,f,2026-08-28T17:49:42.430Z,https://utmb.world/runner/4654816.aurelien.musy,128012.89,3:28:14,12494.35,27
1109,Juliane HOFMANN,F,38,35-39W,DE,NA,660,604,90,32,35:33:53,17:17:24,TRUE,f,2026-08-28T17:52:27.990Z,https://utmb.world/runner/2501101.juliane.hofmann,128032.07,4:23:20,15799.939999999999,27
1308,Mickael DI COSTANZO,H,44,40-44M,FR,Le bol d'air gignacois/ team Torquebiau,569,605,515,121,35:36:27,17:19:58,TRUE,f,2026-08-28T17:49:13.240Z,https://utmb.world/runner/2150225.mickael.dicostanzo,128187.09,2:26:45,8804.65,27
1588,Valentin BOURGEOIS,H,49,45-49M,FR,NA,538,606,516,70,35:38:48,17:22:19,TRUE,f,2026-08-28T17:51:00.050Z,https://utmb.world/runner/243345.valentin.bourgeois,128328.34,3:44:35,13475.210000000001,27
1246,Davide DONINA,H,52,50-54M,IT,ASD 3SantiTrail,581,607,517,32,35:40:15,17:23:46,TRUE,f,2026-08-28T17:49:41.610Z,https://utmb.world/runner/525111.davide.donina,128415.28,3:14:07,11646.629999999997,27
756,Abdulkadir TOPKARAOGLU,H,37,35-39M,TR,Turkish Airlines Running Club,659,608,518,128,35:40:30,17:24:01,TRUE,f,2026-08-28T17:51:02.350Z,https://utmb.world/runner/4168357.abdulkadir.topkaraoglu,128430.26,2:00:38,7238.129999999999,27
1360,Claude FAGOUET,H,47,45-49M,FR,Haltsu Team,562,609,519,71,35:40:45,17:24:16,TRUE,f,2026-08-28T17:49:49.750Z,https://utmb.world/runner/1522255.claude.fagouet,128444.28,1:34:41,5681.410000000001,27
1428,Andre STUDER,H,48,45-49M,CH,NA,562,610,520,72,35:41:00,17:24:31,TRUE,f,2026-08-28T17:50:45.260Z,https://utmb.world/runner/2292835.andre.studer,128460.38,2:36:57,9416.9,27
652,Yongkang ZHOU,H,35,35-39M,CN,NA,698,611,521,129,35:41:16,17:24:47,TRUE,f,2026-08-28T17:51:35.790Z,https://utmb.world/runner/3490075.yongkang.zhou,128475.47,3:03:24,11003.58,27
1333,Jean Pascal BERNARD HERVE,H,50,50-54M,FR,Armée du Salut - Team Autour Du Trail,564,612,522,33,35:41:47,17:25:18,TRUE,f,2026-08-28T17:49:10.900Z,https://utmb.world/runner/553798.jeanpascal.bernardherve,128506.25,1:37:17,5837.18,27
540,Jorge MARAVILLA,H,49,45-49M,US,Annecy Athletisme,756,613,523,73,35:42:33,17:26:04,TRUE,f,2026-08-28T17:48:54.210Z,https://utmb.world/runner/4686.jorge.maravilla,128553.57,2:47:01,10020.92,27
1171,Pablo Sebastian BONILLA,H,48,45-49M,AR,NA,589,613,523,73,35:42:33,17:26:04,TRUE,f,2026-08-28T17:50:56.170Z,https://utmb.world/runner/1784635.pablosebastian.bonilla,128553.67,1:00:54,3653.7900000000004,27
356,Pamela NIEVAS,F,44,40-44W,AR,OSKY TEAM,613,615,91,16,35:42:42,17:26:13,TRUE,f,2026-08-28T17:48:12.000Z,https://utmb.world/runner/2480375.pamela.nievas,128562.01,1:00:25,3625.1,27
915,Michael GEORGET,H,49,45-49M,FR,Dragons de la Forge/JCR,626,616,525,75,35:42:53,17:26:24,TRUE,f,2026-08-28T17:50:42.080Z,https://utmb.world/runner/3883675.michael.georget,128573.56,1:05:46,3946.06,27
1071,Frédéric PIQUET,H,41,40-44M,FR,sas Indukraft,601,617,526,122,35:43:14,17:26:45,TRUE,f,2026-08-28T17:49:14.060Z,https://utmb.world/runner/4327294.frederic.piquet,128594.76,2:24:59,8698.81,27
918,Andres SÁNCHEZ PEREZ,H,39,35-39M,ES,CD montaña Vergara,625,618,527,130,35:44:14,17:27:45,TRUE,f,2026-08-28T17:50:11.230Z,https://utmb.world/runner/4387816.andres.sanchezperez,128654.67,2:49:06,10145.93,27
976,Benoit LEROY,H,31,20-34M,FR,Duc Army,616,619,528,154,35:44:25,17:27:56,TRUE,f,2026-08-28T17:49:42.430Z,https://utmb.world/runner/2320407.benoit.leroy,128664.62,3:29:15,12554.56,27
1582,Pierre CARRIÉ,H,45,45-49M,FR,-,537,620,529,76,35:45:20,17:28:51,TRUE,f,2026-08-28T17:49:59.040Z,https://utmb.world/runner/3207179.pierre.carrie,128720.25,3:29:40,12580.229999999998,27
1196,Nicolas BECK,H,31,20-34M,DE,Running-Point Germany,585,621,530,155,35:45:35,17:29:06,TRUE,f,2026-08-28T17:49:58.010Z,https://utmb.world/runner/3235543.nicolas.beck,128735.53,2:42:13,9733.05,27
1041,Lorenzo MORSIANI,H,32,20-34M,IT,MyPace,608,622,531,156,35:46:11,17:29:42,TRUE,f,2026-08-28T17:49:55.700Z,https://utmb.world/runner/4833388.lorenzo.morsiani,128770.68,1:52:22,6742.469999999999,27
1255,Jeremy DESPREAUX,H,47,45-49M,FR,KIPRUN,577,623,532,77,35:46:35,17:30:06,TRUE,f,2026-08-28T17:48:52.870Z,https://utmb.world/runner/656288.jeremy.despreaux,128794.88,1:21:37,4896.610000000001,27
768,Jonas SIBER,H,37,35-39M,FR,NA,658,624,533,131,35:49:08,17:32:39,TRUE,f,2026-08-28T17:50:44.400Z,https://utmb.world/runner/435822.jonas.siber,128948.41,2:11:40,7900.4000000000015,27
1789,Marco NONNI,H,41,40-44M,IT,United Trail Running,523,625,534,123,35:50:14,17:33:45,TRUE,f,2026-08-28T17:50:56.080Z,https://utmb.world/runner/4525316.marco.nonni,129014.72,2:31:51,9111.310000000001,27
509,Vladimir SHATROV,H,48,45-49M,AU,RUNLAB,775,626,535,78,35:50:17,17:33:48,TRUE,f,2026-08-28T17:48:56.350Z,https://utmb.world/runner/891437.vladimir.shatrov,129017.61,3:20:12,12012.25,27
236,Reika ITABASHI,F,28,20-34W,JP,NA,664,627,92,31,35:51:22,17:34:53,TRUE,f,2026-08-28T17:48:12.000Z,https://utmb.world/runner/4025277.reika.itabashi,129082.95,2:22:26,8545.99,27
1848,Valéry BEMELMANS,H,48,45-49M,BE,NA,511,628,536,79,35:51:37,17:35:08,TRUE,f,2026-08-28T17:50:37.180Z,https://utmb.world/runner/3687931.valery.bemelmans,129097.51,2:17:27,8247.18,27
1348,Carolina PALICIO VARELA,F,43,40-44W,ES,G.M. Cumbre  LLangreu,566,629,93,17,35:51:49,17:35:20,TRUE,f,2026-08-28T17:51:50.890Z,https://utmb.world/runner/1209811.carolina.paliciovarela,129108.28,1:19:50,4790.379999999999,27
804,Ondřej ZÁBOJNÍK,H,36,35-39M,CZ,IZOLACE IZOP s.r.o.,647,630,537,132,35:52:08,17:35:39,TRUE,f,2026-08-28T17:51:03.260Z,https://utmb.world/runner/5538237.ondrej.zabojnik,129128.69,2:16:10,8170.459999999999,27
1159,Leonie HASENAUER,F,31,20-34W,AT,LC Oberpinzgau,597,631,94,32,35:53:52,17:37:23,TRUE,f,2026-08-28T17:49:46.270Z,https://utmb.world/runner/3311679.leonie.hasenauer,129232.48,2:04:11,7450.94,27
1127,David LAULHEY,H,53,50-54M,FR,NA,593,632,538,34,35:53:54,17:37:25,TRUE,f,2026-08-28T17:49:11.340Z,https://utmb.world/runner/128197.david.laulhey,129234.1,2:43:06,9785.640000000001,27
1960,Julien TOURIGNY,H,41,40-44M,FR,NA,501,633,539,124,35:55:30,17:39:01,TRUE,f,2026-08-28T17:49:17.300Z,https://utmb.world/runner/4490384.julien.tourigny,129330.67,2:45:21,9920.720000000001,27
386,Amédine MONTANVERT,F,36,35-39W,FR,Taillefer Trail Team,600,634,95,33,35:55:50,17:39:21,TRUE,f,2026-08-28T17:48:12.000Z,https://utmb.world/runner/4292767.amedine.montanvert,129350.57,3:03:47,11026.500000000002,27
1060,Charles HELLO,H,31,20-34M,FR,NA,604,635,540,157,35:57:04,17:40:35,TRUE,f,2026-08-28T17:50:28.410Z,https://utmb.world/runner/5147477.charles.hello,129424.39,3:55:02,14101.55,27
1545,Rima VILIUNIENE,F,55,55-59W,LT,Love Streams Running,543,636,96,1,35:57:22,17:40:53,TRUE,f,2026-08-28T17:51:20.570Z,https://utmb.world/runner/1472125.rima.viliuniene,129442.21,1:19:29,4768.87,27
1024,Ruben ESQUERDA ROLDAN,H,50,50-54M,ES,Vegantrail,610,637,541,35,35:57:42,17:41:13,TRUE,f,2026-08-28T17:49:34.230Z,https://utmb.world/runner/1343015.ruben.esquerdaroldan,129461.85,4:00:22,14422.25,27
740,Stanislas EBRARD,H,41,40-44M,FR,NA,665,638,542,125,35:59:48,17:43:19,TRUE,f,2026-08-28T17:48:58.480Z,https://utmb.world/runner/3222609.stanislas.ebrard,129587.68,5:11:29,18689.33,27
1363,Luca BASSI,H,39,35-39M,IT,NA,607,639,543,133,36:00:10,17:43:41,TRUE,f,2026-08-28T17:52:05.640Z,https://utmb.world/runner/5378664.luca.bassi,129609.59,2:29:27,8966.94,27
1974,Aleksandr ELISEEV,H,32,20-34M,AN,NA,500,640,544,158,36:00:35,17:44:06,TRUE,f,2026-08-28T17:52:19.250Z,https://utmb.world/runner/7275506.aleksandr.eliseev,129635.03,1:39:13,5953.05,27
1685,Mary TAYLOR,F,32,20-34W,US,NA,527,641,97,33,36:01:20,17:44:51,TRUE,f,2026-08-28T17:52:08.760Z,https://utmb.world/runner/4104077.mary.taylor,129679.33,3:48:10,13689.64,27
1518,Meixiong YANG,F,50,50-54W,CN,Paomaren,546,642,98,4,36:01:22,17:44:53,TRUE,f,2026-08-28T17:49:43.130Z,https://utmb.world/runner/1939863.meixiong.yang,129682.24,2:00:39,7238.61,27
1037,Yvan CHARITA,H,53,50-54M,FR,Jogg'Attitude Vals,608,643,545,36,36:01:43,17:45:14,TRUE,f,2026-08-28T17:50:17.210Z,https://utmb.world/runner/1464901.yvan.charita,129703.46,2:06:33,7593.36,27
983,Mason PARKER,H,27,20-34M,US,NA,629,644,546,159,36:04:02,17:47:33,TRUE,f,2026-08-28T17:52:23.520Z,https://utmb.world/runner/6496069.mason.parker,129841.76,5:36:44,20203.559999999998,27
592,Mauro Martin QUIMARE,H,28,20-34M,MX,Rarámuri,727,645,547,160,36:04:49,17:48:20,TRUE,f,2026-08-28T17:51:42.590Z,https://utmb.world/runner/7779491.mauromartin.quimare,129888.82,1:53:19,6798.910000000001,27
642,Reyes Giltro SATEBO SARABEACHI,H,43,40-44M,MX,NA,701,646,548,126,36:04:53,17:48:24,TRUE,f,2026-08-28T17:51:38.270Z,https://utmb.world/runner/7802483.reyesgiltro.satevosarabeachi,129893.62,1:31:36,5496.0599999999995,27
950,Fabien BOUYER,H,52,50-54M,FR,NA,620,647,549,37,36:05:21,17:48:52,TRUE,f,2026-08-28T17:49:04.150Z,https://utmb.world/runner/429297.fabien.bouyer,129921.41,2:50:01,10200.820000000002,27
1298,Thomas CARREZ,H,45,45-49M,FR,Les Chamois du Lac,570,648,550,80,36:08:22,17:51:53,TRUE,f,2026-08-28T17:49:20.730Z,https://utmb.world/runner/834733.thomas.carrez,130101.37,2:51:13,10272.65,27
1184,Fernando ALMEIDA,H,50,50-54M,PT,Nocturnos de Paredes,586,649,551,38,36:09:38,17:53:09,TRUE,f,2026-08-28T17:50:22.830Z,https://utmb.world/runner/1055783.fernando.almeida,130177.7,2:46:25,9984.65,27
1658,Yuki NITTA,H,33,20-34M,JP,ndmc neurosurgery,531,650,552,161,36:10:09,17:53:40,TRUE,f,2026-08-28T17:49:02.160Z,https://utmb.world/runner/6359444.yuki.nitta,130209.25,1:34:12,5652.38,27
961,Jacob HACKER,H,32,20-34M,AU,NA,618,651,553,162,36:10:11,17:53:42,TRUE,f,2026-08-28T17:52:32.420Z,https://utmb.world/runner/5506433.jacob.hacker,130210.86,3:29:59,12599.16,27
1408,Lingyi HE,F,35,35-39W,CN,NA,569,652,99,34,36:10:15,17:53:46,TRUE,f,2026-08-28T17:49:31.740Z,https://utmb.world/runner/6191142.lingyi.he,130214.91,1:21:01,4861.210000000001,27
1212,Wout DEMIN,H,28,20-34M,BE,NA,583,653,554,163,36:10:16,17:53:47,TRUE,f,2026-08-28T17:49:14.080Z,https://utmb.world/runner/5669835.wout.demin,130216.76,1:47:45,6464.92,27
1726,Takahiro MOCHINO,H,48,45-49M,JP,NA,524,654,555,81,36:10:59,17:54:30,TRUE,f,2026-08-28T17:51:03.700Z,https://utmb.world/runner/1031207.takahiro.mochino,130258.66,1:36:46,5805.630000000001,27
1382,Vincent MISCOPAIN,H,42,40-44M,FR,Sporting Club Dudu,560,655,556,127,36:11:30,17:55:01,TRUE,f,2026-08-28T17:49:39.040Z,https://utmb.world/runner/4291431.vincent.miscopain,130290.2,2:47:01,10021.16,27
907,Carlos Eduardo LOURENÇO,H,58,55-59M,PT,CCM Trail,627,656,557,12,36:12:27,17:55:58,TRUE,f,2026-08-28T17:49:16.360Z,https://utmb.world/runner/561523.carloseduardo.lourenco,130347.07,3:46:56,13615.98,27
776,Laurent LABIT,H,51,50-54M,FR,CAROUX X-TRAIL,655,657,558,39,36:12:55,17:56:26,TRUE,f,2026-08-28T17:51:18.000Z,https://utmb.world/runner/24119.laurent.labit,130375.86,3:07:16,11235.73,27
1210,Aaron PEREZ DE LA PEÑA,H,41,40-44M,ES,Mountain Runners Del Berguedà,584,658,559,128,36:13:15,17:56:46,TRUE,f,2026-08-28T17:50:36.480Z,https://utmb.world/runner/4374442.aaron.perezdelapena,130395.29,3:00:33,10832.830000000002,27
967,Eirik UTHEIM,H,40,40-44M,NO,Hell Ultraløperklubb,617,659,560,129,36:14:16,17:57:47,TRUE,f,2026-08-28T17:52:32.880Z,https://utmb.world/runner/4151379.eirik.utheim,130455.72,2:26:11,8771.089999999998,27
1130,Nicolas TOURNILLON,H,44,40-44M,FR,club 26 allan,594,660,561,130,36:14:47,17:58:18,TRUE,f,2026-08-28T17:51:32.200Z,https://utmb.world/runner/4266653.nicolas.tournillon,130487.71,3:24:08,12247.890000000001,27
810,Erik ENG,H,48,45-49M,SE,NA,646,661,562,82,36:15:24,17:58:55,TRUE,f,2026-08-28T17:49:40.240Z,https://utmb.world/runner/438604.erik.eng,130523.81,1:49:39,6579.360000000001,27
1662,Farley RIMON,H,27,20-34M,NL,Run Far / Running Junkies,527,662,563,164,36:17:02,18:00:33,TRUE,f,2026-08-28T17:50:51.890Z,https://utmb.world/runner/5688965.farley.rimon,130621.61,3:16:31,11790.660000000002,27
1520,Meisha STRYKOWSKI,F,47,45-49W,AU,NA,546,663,100,11,36:17:22,18:00:53,TRUE,f,2026-08-28T17:50:04.010Z,https://utmb.world/runner/4805146.meisha.strykowski,130642.7,2:40:04,9604.189999999999,27
1224,Baptiste LIGUORI,H,33,20-34M,FR,Jean-Michel,581,664,564,165,36:18:08,18:01:39,TRUE,f,2026-08-28T17:51:54.010Z,https://utmb.world/runner/4314345.baptiste.liguori,130688.58,2:07:31,7651.219999999999,27
1772,Leo CAM,H,41,40-44M,VN,NA,518,665,565,131,36:18:40,18:02:11,TRUE,f,2026-08-28T17:49:00.250Z,https://utmb.world/runner/2634189.leo.cam,130720.34,1:39:54,5994.22,27
571,Arthur MORONVAL,H,30,20-34M,FR,TOR,738,666,566,166,36:19:10,18:02:41,TRUE,f,2026-08-28T17:48:57.770Z,https://utmb.world/runner/913101.arthur.moronval,130749.24,2:50:20,10219.61,27
1516,Vivien MALAVIELLE,H,44,40-44M,FR,Bol d'Air Gignacois,547,667,567,132,36:19:16,18:02:47,TRUE,f,2026-08-28T17:52:43.260Z,https://utmb.world/runner/151071.vivien.malavielle,130756.3,2:53:40,10419.85,27
947,Sébastien FINEL,H,44,40-44M,FR,NA,623,668,568,133,36:21:39,18:05:10,TRUE,f,2026-08-28T17:49:11.810Z,https://utmb.world/runner/2258225.sebastien.finel,130898.41,2:36:43,9402.67,27
1026,Eric BUFFET,H,47,45-49M,FR,ESL Francheville,609,669,569,83,36:22:52,18:06:23,TRUE,f,2026-08-28T17:52:05.780Z,https://utmb.world/runner/110492.eric.buffet,130971.58,2:00:35,7234.799999999999,27
1206,Stephane BARRAILLER,H,46,45-49M,FR,NA,584,669,569,83,36:22:52,18:06:23,TRUE,f,2026-08-28T17:52:05.640Z,https://utmb.world/runner/110490.stephane.barrailler,130971.59,2:14:46,8086.329999999999,27
1254,Jeremy COURTIN,H,42,40-44M,FR,Brissac Loire Aubance Athlétisme,607,671,571,134,36:23:06,18:06:37,TRUE,f,2026-08-28T17:49:46.310Z,https://utmb.world/runner/4793996.jeremy.courtin,130985.9,3:35:54,12954.239999999998,27
2128,Nicolas PARVEDY,H,40,40-44M,FR,anjou raid oxygen,483,672,572,135,36:23:09,18:06:40,TRUE,f,2026-08-28T17:49:46.270Z,https://utmb.world/runner/153339.nicolas.parvedy,130989.59,3:36:10,12970.269999999999,27
1169,Benjamin DEYZERALD,H,39,35-39M,FR,NA,589,673,573,134,36:24:04,18:07:35,TRUE,f,2026-08-28T17:49:22.360Z,https://utmb.world/runner/4057272.benjamin.deyzerald,131044.14,3:58:58,14338.46,27
995,Rocco ADDANTE,H,40,40-44M,US,NA,614,674,574,136,36:24:28,18:07:59,TRUE,f,2026-08-28T17:49:44.080Z,https://utmb.world/runner/5504541.rocco.addante,131068.44,1:41:50,6110.14,27
1228,Maria Belen PACCHIOTTI,F,45,45-49W,AR,FUN RUNNERS CLUB ESPORTIU,580,675,101,12,36:25:23,18:08:54,TRUE,f,2026-08-28T17:49:44.170Z,https://utmb.world/runner/4310037.mariabelen.pacchiotti,131122.85,2:51:20,10279.800000000001,27
2046,Paolo BOSONIN,H,41,40-44M,IT,NA,493,676,575,137,36:25:53,18:09:24,TRUE,f,2026-08-28T17:49:35.300Z,https://utmb.world/runner/5754993.paolo.bosonin,131153.48,3:55:36,14135.8,27
1194,Ioannis OIKONOMAKIS,H,44,40-44M,GR,TrailGoats -Rethymno,585,677,576,138,36:26:11,18:09:42,TRUE,f,2026-08-28T17:51:41.360Z,https://utmb.world/runner/1746915.ioannis.oikonomakis,131171.4,2:34:50,9289.609999999999,27
1819,Erwann DONARD,H,30,20-34M,FR,Vert.run,513,678,577,167,36:26:24,18:09:55,TRUE,f,2026-08-28T17:49:41.890Z,https://utmb.world/runner/4404424.erwann.donard,131183.51,2:15:42,8142.470000000001,27
1447,Ronan LE MORTELLEC,H,47,45-49M,FR,NA,554,679,578,85,36:26:36,18:10:07,TRUE,f,2026-08-28T17:49:24.550Z,https://utmb.world/runner/4242469.ronan.lemortellec,131195.89,3:04:40,11079.98,27
1076,Samuel DERIEZ GRANGER,H,43,40-44M,FR,Paris Racing Cluc,602,680,579,139,36:28:13,18:11:44,TRUE,f,2026-08-28T17:50:29.380Z,https://utmb.world/runner/3132591.samuel.deriezgranger,131293.38,1:59:44,7183.960000000001,27
1241,Maciej ZAMBRZYCKI,H,47,45-49M,PL,NA,616,681,580,86,36:29:27,18:12:58,TRUE,f,2026-08-28T17:50:42.750Z,https://utmb.world/runner/1583025.maciej.zambrzycki,131366.91,3:10:49,11449.230000000001,27
2086,Brent BOZARTH,H,34,20-34M,US,NA,488,682,581,168,36:32:41,18:16:12,TRUE,f,2026-08-28T17:52:42.820Z,https://utmb.world/runner/4257166.brent.bozarth,131560.33,2:10:01,7800.66,27
843,Pablo SOLER GONZALEZ,H,35,35-39M,ES,RUNNERS ALCOI,639,683,582,135,36:36:29,18:20:00,TRUE,f,2026-08-28T17:50:50.560Z,https://utmb.world/runner/2012197.pablo.solergonzalez,131788.87,2:33:22,9202.41,27
1414,Arthur LANOS,H,31,20-34M,FR,NA,557,684,583,169,36:37:29,18:21:00,TRUE,f,2026-08-28T17:52:22.060Z,https://utmb.world/runner/3858323.arthur.lanos,131849.27,1:59:10,7150.49,27
620,Rafael BERTOMEU CARRASCOSA,H,37,35-39M,ES,GREEN POWER SPORTS TEAM,711,685,584,136,36:37:36,18:21:07,TRUE,f,2026-08-28T17:50:22.840Z,https://utmb.world/runner/3607151.rafael.bertomeucarrascosa,131855.18,3:32:55,12775.220000000001,27
713,Daniel ALMONACID VICTORIANO,H,46,45-49M,ES,Mount To Coast,673,686,585,87,36:37:37,18:21:08,TRUE,f,2026-08-28T17:50:21.290Z,https://utmb.world/runner/878321.daniel.almonacidvictoriano,131857.39,4:15:20,15320.14,27
1426,Baptiste GRILLET-AUBERT,H,32,20-34M,FR,Golden Running Co.,555,687,586,170,36:37:50,18:21:21,TRUE,f,2026-08-28T17:52:24.650Z,https://utmb.world/runner/4678132.baptiste.grilletaubert,131870.32,4:03:57,14637.24,27
1506,Roberta WONG,F,41,40-44W,HK,NA,548,688,102,18,36:39:26,18:22:57,TRUE,f,2026-08-28T17:50:36.770Z,https://utmb.world/runner/2654653.roberta.wong,131965.23,1:18:48,4727.74,27
899,Weiguang JI,H,44,40-44M,CN,NA,628,689,587,140,36:40:40,18:24:11,TRUE,f,2026-08-28T17:52:48.500Z,https://utmb.world/runner/4646722.weiguang.ji,132039.57,2:56:28,10587.619999999999,27
658,Xiaoming YE,H,47,45-49M,CN,Paomaren,694,690,588,88,36:40:44,18:24:15,TRUE,f,2026-08-28T17:49:42.080Z,https://utmb.world/runner/863526.xiaoming.ye,132044.78,4:39:54,16794.1,27
928,Jean-Baptiste RENAUDIE,H,41,40-44M,FR,NA,624,691,589,141,36:41:43,18:25:14,TRUE,f,2026-08-28T17:49:22.050Z,https://utmb.world/runner/4943507.jeanbaptiste.renaudie,132103.63,2:05:31,7530.67,27
949,Paul RENAUDIE,H,36,35-39M,FR,NA,620,692,590,137,36:41:50,18:25:21,TRUE,f,2026-08-28T17:49:21.110Z,https://utmb.world/runner/4943505.paul.renaudie,132110.85,2:06:48,7608.449999999999,27
1501,Alessandro PAOLUCCI,H,31,20-34M,IT,NA,546,693,591,171,36:42:01,18:25:32,TRUE,f,2026-08-28T17:50:37.620Z,https://utmb.world/runner/4588854.alessandro.paolucci,132120.72,3:39:29,13168.880000000001,27
1653,Sylvain LUCHINI,H,30,20-34M,FR,NA,532,694,592,172,36:43:17,18:26:48,TRUE,f,2026-08-28T17:49:23.080Z,https://utmb.world/runner/2239513.sylvain.luchini,132196.95,2:41:14,9673.949999999999,27
1295,Sonia POUTREL,F,35,35-39W,FR,NA,570,695,103,35,36:43:40,18:27:11,TRUE,f,2026-08-28T17:52:04.900Z,https://utmb.world/runner/1338367.sonia.poutrel,132219.79,1:03:20,3800.4599999999996,27
2700,Vincent BIVILLE,H,44,40-44M,FR,Sébio,568,696,593,142,36:43:50,18:27:21,TRUE,f,2026-08-28T17:52:40.140Z,https://utmb.world/runner/2366743.vincent.biville,132229.96,1:38:18,5898.2699999999995,27
1164,Clément ESTEVE,H,31,20-34M,FR,NA,589,697,594,173,36:44:09,18:27:40,TRUE,f,2026-08-28T17:52:10.440Z,https://utmb.world/runner/4163485.clement.esteve,132249.03,3:24:20,12260.42,27
1697,Luca PASCAL,H,54,50-54M,IT,NA,533,698,595,40,36:44:18,18:27:49,TRUE,f,2026-08-28T17:51:03.700Z,https://utmb.world/runner/3460091.luca.pascal,132257.82,2:06:06,7566.049999999999,27
1630,Eric MARECAUX,H,41,40-44M,FR,TEAM BROTHER,534,699,596,143,36:44:31,18:28:02,TRUE,f,2026-08-28T17:49:04.550Z,https://utmb.world/runner/1486271.eric.marecaux,132270.76,4:20:58,15658,27
1065,Manabu INOUE,H,46,45-49M,JP,NA,603,700,597,89,36:44:36,18:28:07,TRUE,f,2026-08-28T17:49:22.160Z,https://utmb.world/runner/4963990.manabu.inoue,132276.33,2:46:54,10014.07,27
1100,Thierry PECHERAND,H,53,50-54M,FR,EAC,598,701,598,41,36:44:53,18:28:24,TRUE,f,2026-08-28T17:49:37.690Z,https://utmb.world/runner/514187.thierry.pecherand,132292.62,3:29:47,12587.430000000002,27
1282,Florian ALONZI,H,46,45-49M,FR,team so bugey,573,702,599,90,36:45:07,18:28:38,TRUE,f,2026-08-28T17:49:14.580Z,https://utmb.world/runner/1701227.florian.alonzi,132306.8,2:17:34,8253.95,27
1597,Leonard BENNING,H,36,35-39M,DE,NA,536,703,600,138,36:45:41,18:29:12,TRUE,f,2026-08-28T17:51:25.340Z,https://utmb.world/runner/4123219.leonard.benning,132340.98,4:03:36,14616.37,27
1881,Josselin MARCHAND,H,29,20-34M,FR,NA,508,704,601,174,36:47:45,18:31:16,TRUE,f,2026-08-28T17:48:56.990Z,https://utmb.world/runner/5808555.josselin.marchand,132464.7,3:03:14,10993.960000000001,27
1584,Carlos NOGUERA SOLIS,H,42,40-44M,NI,Tourrettes Esprit Trail,540,705,602,144,36:48:42,18:32:13,TRUE,f,2026-08-28T17:50:28.710Z,https://utmb.world/runner/1610179.carlos.noguerasolis,132521.81,3:33:03,12783.1,27
1401,Kamil KROL,H,37,35-39M,PL,CERN Running Club,558,706,603,139,36:49:21,18:32:52,TRUE,f,2026-08-28T17:49:34.430Z,https://utmb.world/runner/1523975.kamil.krol,132560.64,1:00:46,3646.0899999999997,27
1145,David FAUSTINO,H,61,60-64M,PT,SS CGD,591,707,604,4,36:49:47,18:33:18,TRUE,f,2026-08-28T17:52:19.460Z,https://utmb.world/runner/46962.david.faustino,132587.29,1:20:37,4836.570000000001,27
1121,Dylan COLE-JONES,H,54,50-54M,AU,Noosa Ultra Trail Runners (NUTR),595,708,605,42,36:50:12,18:33:43,TRUE,f,2026-08-28T17:49:56.830Z,https://utmb.world/runner/524300.dylan.colejones,132612.12,3:22:44,12164.29,27
1222,Tsugumi KAWANA,F,36,35-39W,JP,Sengenyama Trail Club,581,709,104,36,36:50:51,18:34:22,TRUE,f,2026-08-28T17:49:01.440Z,https://utmb.world/runner/5866566.tsugumi.kawana,132650.62,2:26:36,8796.05,27
1315,Fabrice MILOU,H,52,50-54M,FR,NA,567,710,606,43,36:50:59,18:34:30,TRUE,f,2026-08-28T17:50:10.970Z,https://utmb.world/runner/673.fabrice.milou,132659.02,2:42:56,9775.51,27
1353,Nathalie MILOU,F,54,50-54W,FR,NA,563,711,105,5,36:51:00,18:34:31,TRUE,f,2026-08-28T17:50:10.110Z,https://utmb.world/runner/847.nathalie.milou,132660.36,2:42:32,9751.7,27
1757,Sarah MALONE,F,45,45-49W,US,NA,520,712,106,13,36:51:01,18:34:32,TRUE,f,2026-08-28T17:51:59.510Z,https://utmb.world/runner/4445482.sarah.malone,132661.1,2:37:33,9453.38,27
1507,Mathieu GOMBAULT,H,32,20-34M,BE,NA,544,713,607,175,36:51:09,18:34:40,TRUE,f,2026-08-28T17:50:21.810Z,https://utmb.world/runner/2415391.mathieu.gombault,132668.72,3:00:28,10828.430000000002,27
1373,Kun WANG,H,34,20-34M,CN,跑者日历,561,714,608,176,36:52:42,18:36:13,TRUE,f,2026-08-28T17:51:14.910Z,https://utmb.world/runner/6515517.kun.wang,132761.47,1:25:20,5120.21,27
1636,René KIPPER,H,40,40-44M,DE,VfL Fosite Helgoland,534,715,609,145,36:53:37,18:37:08,TRUE,f,2026-08-28T17:52:51.220Z,https://utmb.world/runner/168632.rene.kipper,132817.1,4:21:46,15706.39,27
1069,Emeric ROZIAU,H,44,40-44M,FR,NA,602,716,610,146,36:53:41,18:37:12,TRUE,f,2026-08-28T17:51:06.920Z,https://utmb.world/runner/4540222.emeric.roziau,132820.11,2:44:56,9896.07,27
682,Charles JACQUET,H,35,35-39M,FR,NA,684,717,611,140,36:54:07,18:37:38,TRUE,f,2026-08-28T17:48:59.360Z,https://utmb.world/runner/117091.charles.jacquet,132847.05,3:17:52,11871.59,27
1561,Zuffova JANA,F,51,50-54W,SK,SlovakUltraTrail,545,718,107,6,36:54:45,18:38:16,TRUE,f,2026-08-28T17:51:36.500Z,https://utmb.world/runner/1537597.zuffova.jana,132885.33,2:39:02,9541.919999999998,27
858,Grzegorz GAJ,H,49,45-49M,PL,NA,667,719,612,91,36:55:28,18:38:59,TRUE,f,2026-08-28T17:50:57.540Z,https://utmb.world/runner/3783961.grzegorz.gaj,132928.15,4:08:20,14900.23,27
1566,Joonas PIKKARAINEN,H,44,40-44M,FI,Lauttasaaren Läpsyttelijät,539,720,613,147,36:55:46,18:39:17,TRUE,f,2026-08-28T17:52:02.800Z,https://utmb.world/runner/4226953.joonas.pikkarainen,132946.17,2:25:14,8714.1,27
102,Hanna AHO,F,34,20-34W,SE,Navåsens FK,729,721,108,34,36:56:50,18:40:21,TRUE,f,2026-08-28T17:48:12.000Z,https://utmb.world/runner/3976348.hanna.aho,133010.23,2:39:23,9562.98,27
1473,Attila HODOR,H,39,35-39M,NL,ultra terrestrial,551,722,614,141,36:56:57,18:40:28,TRUE,f,2026-08-28T17:50:30.380Z,https://utmb.world/runner/4863132.attila.hodor,133016.85,2:18:23,8302.779999999999,27
1802,Bruno MEIER,H,37,35-39M,MX,NA,514,723,615,142,36:57:28,18:40:59,TRUE,f,2026-08-28T17:50:50.560Z,https://utmb.world/runner/1877017.bruno.meier,133048.31,2:18:55,8335.18,27
317,Benoît CHAUVET,H,45,45-49M,FR,Entente Athletique De L'arve* - S/l La Foulee D'annemasse,789,724,616,92,36:58:09,18:41:40,TRUE,f,2026-08-28T17:48:12.000Z,https://utmb.world/runner/1159927.benoit.chauvet,133089.35,7:27:22,26842.25,27
2111,Simone STOPPA,H,38,35-39M,IT,Mornington Chasers,484,725,617,143,36:59:38,18:43:09,TRUE,f,2026-08-28T17:52:42.700Z,https://utmb.world/runner/2695677.simone.stoppa,133177.98,2:11:24,7884.110000000001,27
1354,Nicolas CURY,H,44,40-44M,FR,NA,596,726,618,148,37:02:00,18:45:31,TRUE,f,2026-08-28T17:50:23.600Z,https://utmb.world/runner/1942203.nicolas.cury,133319.97,2:58:55,10734.81,27
1275,Guillaume CHAMBON,H,46,45-49M,FR,Verneuil Oxygène,575,727,619,93,37:02:11,18:45:42,TRUE,f,2026-08-28T17:50:35.720Z,https://utmb.world/runner/726415.guillaume.chambon,133331.03,3:20:59,12059.3,27
1696,Tatsumi KAGAWA,H,59,55-59M,JP,RUN TO THE MOON,526,728,620,13,37:02:16,18:45:47,TRUE,f,2026-08-28T17:51:29.440Z,https://utmb.world/runner/906435.tatsumi.kagawa,133336.19,1:19:05,4745.3099999999995,27
1154,Ben CAMERON,H,45,45-49M,NZ,Fulham Running Club,590,729,621,94,37:02:37,18:46:08,TRUE,f,2026-08-28T17:50:16.790Z,https://utmb.world/runner/295260.ben.cameron,133357.2,1:39:21,5961.25,27
729,Beat LUSSI,H,46,45-49M,CH,Trail Maniacs,676,730,622,95,37:02:38,18:46:09,TRUE,f,2026-08-28T17:49:14.780Z,https://utmb.world/runner/4004419.beat.lussi,133357.65,3:49:47,13786.720000000001,27
901,Julien MATHEY,H,43,40-44M,FR,ACHM St Dié des Vosges,628,731,623,149,37:02:52,18:46:23,TRUE,f,2026-08-28T17:52:05.050Z,https://utmb.world/runner/2293649.julien.mathey,133372.04,3:22:21,12140.740000000002,27
2054,Paul MAZEAU,H,28,20-34M,FR,NA,492,732,624,177,37:03:19,18:46:50,TRUE,f,2026-08-28T17:50:33.400Z,https://utmb.world/runner/6083269.paul.mazeau,133398.75,3:28:59,12539.169999999998,27
1007,Jonathan DESHAIS,H,28,20-34M,FR,NA,612,733,625,178,37:04:57,18:48:28,TRUE,f,2026-08-28T17:50:32.470Z,https://utmb.world/runner/4526354.jonathan.deshais,133497.44,3:36:49,13009.140000000001,27
1602,Mohamed CHAIR,H,48,45-49M,FR,E2A,538,734,626,96,37:04:59,18:48:30,TRUE,f,2026-08-28T17:51:05.830Z,https://utmb.world/runner/3134895.mohamed.chair,133498.37,2:23:03,8582.75,27
1362,Jose MEDINA,H,51,50-54M,PR,Team RunRun,562,735,627,44,37:05:20,18:48:51,TRUE,f,2026-08-28T17:51:41.310Z,https://utmb.world/runner/352962.jose.medina,133520.58,2:25:34,8734.29,27
372,Sunyeon LEE,F,56,55-59W,KR,KOREA,607,736,109,2,37:06:36,18:50:07,TRUE,f,2026-08-28T17:48:12.000Z,https://utmb.world/runner/3639011.sunyeon.lee,133596.64,3:42:54,13374.369999999999,27
1148,Silviu Adrian MOISE,H,35,35-39M,RO,NA,591,737,628,144,37:07:23,18:50:54,TRUE,f,2026-08-28T17:49:18.490Z,https://utmb.world/runner/5539161.silviuadrian.moise,133643.36,2:11:50,7909.5999999999995,27
1170,Hélder CUNHA,H,46,45-49M,PT,LR TRAIL RUNNING,589,738,629,97,37:08:30,18:52:01,TRUE,f,2026-08-28T17:52:10.450Z,https://utmb.world/runner/2384265.helder.cunha,133710,2:16:44,8203.95,27
1368,Marialuisa TAGLIAPIETRA,F,59,55-59W,IT,United Trail & Running,561,739,110,3,37:09:18,18:52:49,TRUE,f,2026-08-28T17:50:55.100Z,https://utmb.world/runner/1333035.marialuisa.tagliapietra,133758.8,1:47:09,6428.539999999999,27
1271,Maxime MIROUX,H,28,20-34M,FR,NA,575,740,630,179,37:11:02,18:54:33,TRUE,f,2026-08-28T17:49:06.320Z,https://utmb.world/runner/4163989.maxime.miroux,133862.03,3:37:45,13064.730000000001,27
1147,Olivier GAVALAND,H,55,55-59M,FR,EA Pays de broceliande,591,741,631,14,37:11:26,18:54:57,TRUE,f,2026-08-28T17:49:29.240Z,https://utmb.world/runner/133813.olivier.gavaland,133886.41,2:39:34,9574.49,27
1777,Romain GISSELBRECHT,H,34,20-34M,FR,Jolie Foulée,518,742,632,180,37:11:28,18:54:59,TRUE,f,2026-08-28T17:49:07.910Z,https://utmb.world/runner/3379869.romain.gisselbrecht,133887.23,2:51:22,10281.65,27
984,Mateusz BUŁKA,H,47,45-49M,PL,FPT,615,743,633,98,37:12:06,18:55:37,TRUE,f,2026-08-28T17:52:10.170Z,https://utmb.world/runner/4298123.mateusz.bulka,133926.66,2:32:30,9150.02,27
1089,Antoine MARPEAU,H,41,40-44M,FR,NA,599,744,634,150,37:12:09,18:55:40,TRUE,f,2026-08-28T17:52:54.130Z,https://utmb.world/runner/3221309.antoine.marpeau,133929.49,3:31:40,12699.529999999999,27
816,Axel POUDES,H,47,45-49M,FR,NA,645,745,635,99,37:13:10,18:56:41,TRUE,f,2026-08-28T17:48:55.860Z,https://utmb.world/runner/1175127.axel.poudes,133989.74,4:45:12,17111.66,27
1572,Julien AUPET,H,44,40-44M,FR,UOAT ALBERTVILLE,541,746,636,151,37:14:19,18:57:50,TRUE,f,2026-08-28T17:51:27.670Z,https://utmb.world/runner/645082.julien.aupet,134058.4,2:48:42,10122.24,27
1345,Sanduo HE,H,43,40-44M,CN,NA,564,747,637,152,37:14:30,18:58:01,TRUE,f,2026-08-28T17:52:14.090Z,https://utmb.world/runner/893713.sanduo.he,134070.34,2:31:13,9072.53,27
1098,Kazuki MATSUMURA,H,40,40-44M,JP,NA,598,748,638,153,37:14:49,18:58:20,TRUE,f,2026-08-28T17:51:00.720Z,https://utmb.world/runner/4111378.kazuki.matsumura,134088.48,2:53:56,10435.91,27
1141,Kevin PEURON,H,35,35-39M,FR,Trail Rostren,592,749,639,145,37:15:33,18:59:04,TRUE,f,2026-08-28T17:50:54.240Z,https://utmb.world/runner/2961357.kevin.peuron,134133.53,1:59:13,7153.269999999999,27
1815,David CZUPRYNA,H,49,45-49M,BE,Team vegan,514,750,640,100,37:15:50,18:59:21,TRUE,f,2026-08-28T17:50:07.140Z,https://utmb.world/runner/144288.david.czupryna,134150.03,2:12:53,7973.26,27
1489,Jake GALLIGANI,H,31,20-34M,US,NA,547,751,641,181,37:17:02,19:00:33,TRUE,f,2026-08-28T17:51:05.130Z,https://utmb.world/runner/5504675.jake.galligani,134222.56,3:36:43,13002.910000000002,27
1842,Adrien BIZIEUX,H,37,35-39M,FR,Trail Again,519,752,642,146,37:18:44,19:02:15,TRUE,f,2026-08-28T17:50:11.380Z,https://utmb.world/runner/1606805.adrien.bizieux,134324.61,2:51:39,10299.46,27
1850,Stéphane GAUDRY,H,49,45-49M,FR,USM MALAKOFF,511,752,642,101,37:18:44,19:02:15,TRUE,f,2026-08-28T17:50:54.240Z,https://utmb.world/runner/242898.stephane.gaudry,134324.25,2:40:45,9644.98,27
1096,Joze TRSELIC,H,48,45-49M,SI,Amfibija Outdoor Adventures,598,754,644,102,37:18:56,19:02:27,TRUE,f,2026-08-28T17:52:16.860Z,https://utmb.world/runner/5686898.joze.trselic,134335.29,1:55:24,6923.52,27
1338,Gaëtan VERHELST,H,40,40-44M,FR,NA,565,755,645,154,37:19:02,19:02:33,TRUE,f,2026-08-28T17:50:31.550Z,https://utmb.world/runner/598242.gaetan.verhelst,134342.11,3:13:00,11580.02,27
1195,Chi Ho TAM,H,36,35-39M,HK,The Peak Hunter HK,586,756,646,147,37:19:03,19:02:34,TRUE,f,2026-08-28T17:50:15.130Z,https://utmb.world/runner/795783.chiho.tam,134343.31,3:13:28,11607.94,27
1402,Alejandro FERIA,H,43,40-44M,MX,SEAMOS COMPLICES,558,757,647,155,37:19:06,19:02:37,TRUE,f,2026-08-28T17:52:08.570Z,https://utmb.world/runner/5467263.alejandro.feria,134346.23,3:06:05,11165.43,27
985,Raphael DRIVET,H,41,40-44M,FR,NA,615,758,648,156,37:19:13,19:02:44,TRUE,f,2026-08-28T17:49:00.870Z,https://utmb.world/runner/30072.raphael.drivet,134352.15,3:54:30,14069.53,27
700,Nicolas HUARD,H,38,35-39M,FR,NA,680,759,649,148,37:19:33,19:03:04,TRUE,f,2026-08-28T17:49:30.730Z,https://utmb.world/runner/1638325.nicolas.huard,134373.22,3:20:32,12032.499999999998,27
1139,Wen Shan LIM,H,42,40-44M,MY,NA,592,760,650,157,37:22:10,19:05:41,TRUE,f,2026-08-28T17:49:29.230Z,https://utmb.world/runner/545741.wenshan.lim,134530.19,2:43:04,9783.83,27
1898,Nicolas JULLION,H,40,40-44M,FR,uglow,506,761,651,158,37:22:22,19:05:53,TRUE,f,2026-08-28T17:49:31.980Z,https://utmb.world/runner/967253.nicolas.jullion,134541.93,2:05:58,7557.71,27
1149,Luca MARCONI,H,48,45-49M,IT,asd kinomana,590,762,652,103,37:24:18,19:07:49,TRUE,f,2026-08-28T17:50:51.920Z,https://utmb.world/runner/60104.luca.marconi,134657.88,3:34:18,12858.099999999999,27
276,Julie PUTHOSTE,F,38,35-39W,FR,NA,649,763,111,37,37:25:06,19:08:37,TRUE,f,2026-08-28T17:48:12.000Z,https://utmb.world/runner/425099.julie.puthoste,134706.12,4:02:17,14537.499999999998,27
1409,François MULLER,H,61,60-64M,FR,SAMPHI AIX LES BAINS,562,764,653,5,37:25:19,19:08:50,TRUE,f,2026-08-28T17:53:00.290Z,https://utmb.world/runner/584787.francois.muller,134719.59,2:51:03,10263.259999999998,27
1114,Matthew MCCLAIN,H,45,45-49M,US,NA,596,765,654,104,37:25:32,19:09:03,TRUE,f,2026-08-28T17:49:17.970Z,https://utmb.world/runner/184611.matthew.mcclain,134731.34,2:41:50,9709.97,27
904,Takio FUKUMOTO,H,53,50-54M,JP,NA,627,766,655,45,37:26:05,19:09:36,TRUE,f,2026-08-28T17:49:27.850Z,https://utmb.world/runner/4858016.takio.fukumoto,134764.62,3:36:45,13005.3,27
1200,Hampus YMAN,H,42,40-44M,SE,NA,585,767,656,159,37:27:22,19:10:53,TRUE,f,2026-08-28T17:49:04.380Z,https://utmb.world/runner/2292347.hampus.yman,134842.58,4:01:35,14494.74,27
1469,Raphaël KIENER,H,38,35-39M,CH,NA,574,768,657,149,37:27:36,19:11:07,TRUE,f,2026-08-28T17:50:55.560Z,https://utmb.world/runner/534281.raphael.kiener,134855.67,4:25:11,15911.490000000002,27
1030,Geoffray ANDRE,H,50,50-54M,FR,NCA Querqueville,609,769,658,46,37:27:56,19:11:27,TRUE,f,2026-08-28T17:50:41.830Z,https://utmb.world/runner/1481931.geoffray.andre,134875.67,2:28:50,8929.74,27
2313,Nicolas DIES,H,41,40-44M,AR,Osky Tello,459,770,659,160,37:29:17,19:12:48,TRUE,f,2026-08-28T17:49:28.920Z,https://utmb.world/runner/5656882.nicolas.dies,134957.02,3:09:12,11352.029999999999,27
1107,Julien FREDONNET,H,51,50-54M,AU,Sentier Run Club,597,771,660,47,37:29:36,19:13:07,TRUE,f,2026-08-28T17:50:20.300Z,https://utmb.world/runner/5076083.julien.fredonnet,134975.86,3:43:57,13436.749999999998,27
1243,Yannick ABOULIKAM,H,46,45-49M,FR,NA,579,772,661,105,37:30:56,19:14:27,TRUE,f,2026-08-28T17:52:30.070Z,https://utmb.world/runner/8312.yannick.aboulikam,135056.37,3:13:17,11596.66,27
1727,Kehui WANG,F,35,35-39W,CN,NA,524,773,112,38,37:31:14,19:14:45,TRUE,f,2026-08-28T17:48:57.930Z,https://utmb.world/runner/4807452.kehui.wang,135073.43,1:39:22,5961.86,27
1536,Theo BRIANE,H,32,20-34M,FR,LES GC,544,774,662,182,37:31:40,19:15:11,TRUE,f,2026-08-28T17:51:52.410Z,https://utmb.world/runner/2086091.theo.briane,135100.54,2:50:15,10214.93,27
348,Nikita FREDONNET,F,23,20-34W,AU,Sentier Run Club,618,775,113,35,37:31:44,19:15:15,TRUE,f,2026-08-28T17:48:12.000Z,https://utmb.world/runner/5074427.nikita.fredonnet,135104.64,3:35:42,12941.779999999999,27
1387,Hemrick VERWAERDE,H,36,35-39M,FR,NA,560,776,663,150,37:31:50,19:15:21,TRUE,f,2026-08-28T17:51:16.500Z,https://utmb.world/runner/6317084.hemrick.verwaerde,135109.68,2:35:00,9299.8,27
1624,Maxime HANAU,H,40,40-44M,FR,NA,535,777,664,161,37:32:39,19:16:10,TRUE,f,2026-08-28T17:51:24.820Z,https://utmb.world/runner/4231074.maxime.hanau,135159.01,3:06:51,11211.249999999998,27
1858,Pierre-Olivier VEYSSET,H,36,35-39M,FR,NA,510,778,665,151,37:32:44,19:16:15,TRUE,f,2026-08-28T17:51:24.540Z,https://utmb.world/runner/4526270.pierreolivier.veysset,135164.35,2:31:36,9096.26,27
1457,David CHAMBEFORT,H,53,50-54M,FR,Team bugey libre,552,779,666,48,37:34:13,19:17:44,TRUE,f,2026-08-28T17:50:05.710Z,https://utmb.world/runner/179053.david.chambefort,135252.35,3:12:24,11544.42,27
2365,David BASTIN,H,40,40-44M,FR,NA,451,780,667,162,37:34:25,19:17:56,TRUE,f,2026-08-28T17:50:32.220Z,https://utmb.world/runner/44140.david.bastin,135265.39,2:29:00,8939.79,27
1557,The Anh NGUYEN,H,37,35-39M,VN,Activ Runner Ha Noi,542,781,668,152,37:36:06,19:19:37,TRUE,f,2026-08-28T17:50:33.630Z,https://utmb.world/runner/4759480.theanh.nguyen,135365.55,1:56:24,6984.2,27
1886,Tara WARREN,F,52,50-54W,US,NA,507,781,114,7,37:36:06,19:19:37,TRUE,f,2026-08-28T17:49:25.940Z,https://utmb.world/runner/367995.tara.warren,135365.68,0:54:26,3266.42,27
1014,Abel GONÇALVES DE SANTIAGO,H,29,20-34M,FR,NA,611,783,669,183,37:36:09,19:19:40,TRUE,f,2026-08-28T17:48:56.340Z,https://utmb.world/runner/4311707.abel.goncalvesdesantiago,135368.75,4:20:49,15648.610000000002,27
1503,Anthony GRÉGOIRE,H,51,50-54M,FR,Mutirun,548,784,670,49,37:37:23,19:20:54,TRUE,f,2026-08-28T17:52:12.970Z,https://utmb.world/runner/4381266.anthony.gregoire,135442.94,3:05:41,11141,27
1458,Bertrand FUMEX,H,44,40-44M,FR,B L G team trail,551,785,671,163,37:38:10,19:21:41,TRUE,f,2026-08-28T17:52:14.790Z,https://utmb.world/runner/5488496.bertrand.fumex,135490.08,2:57:08,10628.19,27
1580,Clement COILOT,H,39,35-39M,FR,APRG,540,786,672,153,37:38:22,19:21:53,TRUE,f,2026-08-28T17:51:33.200Z,https://utmb.world/runner/5515949.clement.coilot,135502.23,4:28:00,16080.429999999998,27
780,Alexis MATTHYS,H,44,40-44M,BE,Team M&M's Power,651,787,673,164,37:38:25,19:21:56,TRUE,f,2026-08-28T17:49:26.950Z,https://utmb.world/runner/1157673.alexis.matthys,135504.63,2:25:14,8713.9,27
833,Toni FEMENÍAS RIUTORT,H,46,45-49M,ES,C.D. OLD PEAK,641,788,674,106,37:38:37,19:22:08,TRUE,f,2026-08-28T17:49:31.040Z,https://utmb.world/runner/3731339.toni.femeniasriutort,135517.21,0:59:50,3589.5,27
322,Karolina OBSTÓJ,F,36,35-39W,PL,#SobasTeam,626,789,115,39,37:39:19,19:22:50,TRUE,f,2026-08-28T17:48:12.000Z,https://utmb.world/runner/1501441.karolina.obstoj,135559.06,1:15:45,4544.610000000001,27
346,Julia GLAUS,F,33,20-34W,CH,Elite Trail Team,618,790,116,36,37:40:49,19:24:20,TRUE,f,2026-08-28T17:48:12.000Z,https://utmb.world/runner/4551268.julia.glaus,135649.61,2:16:29,8189.219999999999,27
621,David MISUREC,H,45,45-49M,CZ,Luciferlights,711,791,675,107,37:41:01,19:24:32,TRUE,f,2026-08-28T17:51:20.970Z,https://utmb.world/runner/197846.david.misurec,135660.98,4:16:25,15385.420000000002,27
1779,Ken HJELTNES,H,45,45-49M,NO,NA,544,792,676,108,37:41:21,19:24:52,TRUE,f,2026-08-28T17:51:26.490Z,https://utmb.world/runner/4521964.ken.hjeltnes,135681.04,1:43:34,6214.08,27
1085,Masato TANAKA,H,59,55-59M,JP,NA,598,793,677,15,37:43:05,19:26:36,TRUE,f,2026-08-28T17:51:12.020Z,https://utmb.world/runner/695257.masato.tanaka,135785.03,2:46:20,9980.01,27
1049,Juan Carlos CEBALLOS,H,43,40-44M,CO,Tri&Trail,607,794,678,165,37:45:10,19:28:41,TRUE,f,2026-08-28T17:49:35.060Z,https://utmb.world/runner/1190035.juancarlos.ceballos,135909.96,3:25:11,12311.13,27
1936,Rostislav HAVLIK,H,52,50-54M,US,Pelican State Running,502,795,679,50,37:45:33,19:29:04,TRUE,f,2026-08-28T17:53:00.110Z,https://utmb.world/runner/6637480.rostislav.havlik,135933.27,2:07:10,7630.4,27
2090,Keith JENSEN,H,43,40-44M,US,NA,487,796,680,166,37:46:22,19:29:53,TRUE,f,2026-08-28T17:49:11.090Z,https://utmb.world/runner/6877855.keith.jensen,135981.94,2:09:10,7750.21,27
1202,Aljaz HOLCMAN,H,34,20-34M,SI,Pohorska trail banda,618,797,681,184,37:46:59,19:30:30,TRUE,f,2026-08-28T17:49:53.890Z,https://utmb.world/runner/6423717.aljaz.holcman,136019.02,1:37:12,5831.84,27
1198,Eve LE FLOCH,F,38,35-39W,FR,Entente Athlétique du Pays de Brocéliande,585,798,117,40,37:47:05,19:30:36,TRUE,f,2026-08-28T17:49:44.190Z,https://utmb.world/runner/4938418.eve.lefloch,136025.34,4:20:02,15601.599999999999,27
1299,Christophe QUERRY,H,55,55-59M,FR,NA,569,799,682,16,37:47:08,19:30:39,TRUE,f,2026-08-28T17:50:29.280Z,https://utmb.world/runner/9901.christophe.querry,136028.07,3:39:46,13185.75,27
1594,Lei HAN,H,34,20-34M,CN,NA,539,800,683,185,37:47:56,19:31:27,TRUE,f,2026-08-28T17:50:50.080Z,https://utmb.world/runner/1663035.lei.han,136076.11,2:18:08,8288.28,27
1843,Pascal BELE,H,49,45-49M,FR,GDM saint james,512,801,684,109,37:47:58,19:31:29,TRUE,f,2026-08-28T17:50:27.450Z,https://utmb.world/runner/26971.pascal.bele,136078.2,2:45:50,9950.1,27
1494,David MARGAIN,H,56,55-59M,FR,CMBM,548,802,685,17,37:48:16,19:31:47,TRUE,f,2026-08-28T17:49:34.230Z,https://utmb.world/runner/591543.david.margain,136096.4,1:54:01,6840.78,27
1305,Aaron RICHARDS,H,36,35-39M,US,NA,570,803,686,154,37:48:37,19:32:08,TRUE,f,2026-08-28T17:51:42.280Z,https://utmb.world/runner/3038211.aaron.richards,136117.34,2:44:20,9860.1,27
2689,Daniel CURTIS,H,38,35-39M,US,NA,NA,804,687,155,37:48:56,19:32:27,TRUE,f,2026-08-28T17:51:00.260Z,https://utmb.world/runner/5535107.daniel.curtis,136136.15,3:41:32,13292.19,27
1057,Julien BALADOU,H,43,40-44M,FR,Sommets des Bauges,605,805,688,167,37:49:03,19:32:34,TRUE,f,2026-08-28T17:48:56.990Z,https://utmb.world/runner/767921.julien.baladou,136142.34,4:11:06,15065.95,27
1261,Ward VONDELING,H,31,20-34M,NL,NA,576,806,689,186,37:49:34,19:33:05,TRUE,f,2026-08-28T17:50:15.720Z,https://utmb.world/runner/4351284.ward.vondeling,136174.18,2:52:37,10357.26,27
2419,Thomas SOUVERAIN,H,29,20-34M,FR,The Iron Twins,443,807,690,187,37:49:48,19:33:19,TRUE,f,2026-08-28T17:51:34.840Z,https://utmb.world/runner/4162875.thomas.souverain,136187.54,2:58:05,10684.57,27
2420,Grégoire SOUVERAIN,H,29,20-34M,FR,The Iron Twins,443,807,690,187,37:49:48,19:33:19,TRUE,f,2026-08-28T17:51:35.050Z,https://utmb.world/runner/4162882.gregoire.souverain,136188.05,2:29:04,8943.92,27
845,Ahmad Youssef JANAHI,H,39,35-39M,AE,NA,637,809,692,156,37:50:11,19:33:42,TRUE,f,2026-08-28T17:50:51.440Z,https://utmb.world/runner/5196536.ahmadyoussef.janahi,136211.39,6:27:58,23278.399999999998,27
1231,Katarzyna JUDONG,F,40,40-44W,FR,NA,580,810,118,19,37:50:36,19:34:07,TRUE,f,2026-08-28T17:52:05.280Z,https://utmb.world/runner/629919.katarzyna.judong,136235.82,4:05:02,14702.279999999999,27
1742,Jekmet THINLESS,H,50,50-54M,IN,Endurance 72,522,811,693,51,37:50:44,19:34:15,TRUE,f,2026-08-28T17:52:24.460Z,https://utmb.world/runner/4866057.jekmet.thinless,136244.18,2:01:19,7278.680000000001,27
1510,Edoardo ORLANDI,H,32,20-34M,IT,"Team Under 2,5",547,812,694,189,37:50:52,19:34:23,TRUE,f,2026-08-28T17:49:44.630Z,https://utmb.world/runner/4570132.edoardo.orlandi,136251.4,4:07:09,14828.88,27
1158,Hugo FRANCO,H,47,45-49M,MX,Cuesta Arriba Trail Running,590,813,695,110,37:51:13,19:34:44,TRUE,f,2026-08-28T17:52:15.050Z,https://utmb.world/runner/1332985.hugo.franco,136273.37,1:42:07,6127.4400000000005,27
1269,Florian DELORME,H,41,40-44M,FR,NA,576,814,696,168,37:51:36,19:35:07,TRUE,f,2026-08-28T17:52:08.070Z,https://utmb.world/runner/2504183.florian.delorme,136296.73,2:07:37,7656.659999999999,27
1317,Henry HERKES,H,33,20-34M,AU,NA,568,815,697,190,37:52:08,19:35:39,TRUE,f,2026-08-28T17:49:18.690Z,https://utmb.world/runner/5982091.henry.herkes,136328.28,4:02:27,14547.46,27
1372,Loïc ALVES,H,31,20-34M,FR,ECA - Entente Chalonnaise d'Athlétisme,561,816,698,191,37:52:17,19:35:48,TRUE,f,2026-08-28T17:52:12.050Z,https://utmb.world/runner/4313384.loic.alves,136337.67,5:37:30,20250.48,27
1488,Sigríður Rúna ÞÓRODDSDÓTTIR,F,56,55-59W,IS,NA,549,817,119,4,37:52:55,19:36:26,TRUE,f,2026-08-28T17:52:25.860Z,https://utmb.world/runner/2179505.sigridurruna.thoroddsdottir,136375.02,1:52:33,6753.36,27
1129,Antoine MARTIN,H,42,40-44M,FR,NA,594,818,699,169,37:53:34,19:37:05,TRUE,f,2026-08-28T17:50:23.040Z,https://utmb.world/runner/726089.antoine.martin,136414.86,2:36:37,9396.529999999999,27
1218,Claire STONE,F,50,50-54W,GB,Larkfield Athletic Club,582,819,120,8,37:54:36,19:38:07,TRUE,f,2026-08-28T17:52:13.700Z,https://utmb.world/runner/4969212.claire.stone,136475.52,1:45:41,6340.880000000001,27
1951,Jamie STARR,H,54,50-54M,GB,Old Runner,501,820,700,52,37:56:09,19:39:40,TRUE,f,2026-08-28T17:49:40.870Z,https://utmb.world/runner/5038337.jamie.starr,136568.46,2:11:15,7874.76,27
1567,Lisa-Maria SCHREIER,F,36,35-39W,DE,NA,538,821,121,41,37:56:12,19:39:43,TRUE,f,2026-08-28T17:50:42.480Z,https://utmb.world/runner/141581.lisamaria.schreier,136572.06,2:24:22,8662.369999999999,27
2500,Eugenio Maria CANNI FERRARI,H,61,60-64M,IT,Marciatori Dresano,427,822,701,6,37:56:36,19:40:07,TRUE,f,2026-08-28T17:48:55.380Z,https://utmb.world/runner/4465838.eugeniomaria.canniferrari,136595.67,2:59:30,10770.08,27
1764,Romain CANDAU,H,36,35-39M,FR,Le Geek Trotteur,519,823,702,157,37:57:55,19:41:26,TRUE,f,2026-08-28T17:51:47.710Z,https://utmb.world/runner/2267045.romain.candau,136675.06,3:56:42,14202.04,27
1918,Matthijn TEN DOESCHOT,H,46,45-49M,NL,NA,504,824,703,111,37:58:10,19:41:41,TRUE,f,2026-08-28T17:50:15.330Z,https://utmb.world/runner/4274734.matthijn.tendoeschot,136690.29,4:18:36,15515.999999999998,27
174,Zoe MURPHY,F,43,40-44W,GB,NA,691,825,122,20,37:58:49,19:42:20,TRUE,f,2026-08-28T17:48:12.000Z,https://utmb.world/runner/1574689.zoe.murphy,136729.3,3:05:13,11113.23,27
1682,Marine Elodie CHABROL,F,37,35-39W,FR,CTC,528,826,123,42,38:00:25,19:43:56,TRUE,f,2026-08-28T17:49:47.190Z,https://utmb.world/runner/1277263.marineelodie.chabrol,136825.72,2:23:31,8611.000000000002,27
1841,Michal JANÁČEK,H,50,50-54M,CZ,NA,512,827,704,53,38:01:04,19:44:35,TRUE,f,2026-08-28T17:53:02.350Z,https://utmb.world/runner/686956.michal.janacek,136864.34,1:49:16,6555.74,27
1163,Angelo PAPA,H,49,45-49M,VE,Ultramaratones Venezuela,589,828,705,112,38:03:10,19:46:41,TRUE,f,2026-08-28T17:49:09.010Z,https://utmb.world/runner/988893.angelo.papa,136990.35,2:30:28,9027.79,27
1342,Miguel SABUGUEIRO,H,56,55-59M,FR,Grupo BTT de Manteigas,563,829,706,18,38:03:11,19:46:42,TRUE,f,2026-08-28T17:50:40.270Z,https://utmb.world/runner/1810137.miguel.sabugueiro,136990.97,3:39:12,13151.71,27
1221,Matthew RYAN,H,47,45-49M,GB,NA,582,830,707,113,38:03:25,19:46:56,TRUE,f,2026-08-28T17:50:17.970Z,https://utmb.world/runner/6051362.matthew.ryan,137004.29,4:04:05,14645.150000000001,27
1581,Tsuyoshi SEKIJIMA,H,40,40-44M,JP,NA,540,831,708,170,38:03:29,19:47:00,TRUE,f,2026-08-28T17:51:56.220Z,https://utmb.world/runner/5226736.tsuyoshi.sekijima,137009.12,2:45:09,9909.330000000002,27
1680,Caroline ZAHNOW,F,33,20-34W,US,NA,528,832,124,37,38:04:22,19:47:53,TRUE,f,2026-08-28T17:50:39.050Z,https://utmb.world/runner/5980015.caroline.zahnow,137062.34,3:24:01,12241.009999999998,27
1767,Harriet GAYWOOD,F,53,50-54W,GB,FUGA Mountain Club,518,833,125,9,38:04:48,19:48:19,TRUE,f,2026-08-28T17:48:54.440Z,https://utmb.world/runner/1536731.harriet.gaywood,137087.58,2:37:25,9444.73,27
1817,Jonathan LECONTE,H,36,35-39M,FR,Team Trail Renard,514,834,709,158,38:05:43,19:49:14,TRUE,f,2026-08-28T17:51:40.690Z,https://utmb.world/runner/4420794.jonathan.leconte,137142.86,2:24:10,8650.37,27
930,Jonathan WONG,H,40,40-44M,HK,Hoka Hong Kong,624,835,710,171,38:06:05,19:49:36,TRUE,f,2026-08-28T17:49:58.190Z,https://utmb.world/runner/802598.jonathan.wong,137165.21,3:41:47,13306.94,27
962,Sebastien HEDIGUER,H,30,20-34M,FR,NA,618,836,711,192,38:08:36,19:52:07,TRUE,f,2026-08-28T17:49:28.290Z,https://utmb.world/runner/5587894.sebastien.hediguer,137316.17,3:25:58,12357.82,27
739,Jaume GRIMAU,H,31,20-34M,ES,Esportiu Penedès,666,837,712,193,38:09:17,19:52:48,TRUE,f,2026-08-28T17:50:22.040Z,https://utmb.world/runner/3976512.jaume.grimau,137357.3,1:02:24,3743.53,27
1134,João VEIGA,H,53,50-54M,PT,OCS - Arrábida Trail Team,593,838,713,54,38:10:03,19:53:34,TRUE,f,2026-08-28T17:50:38.360Z,https://utmb.world/runner/487208.joao.veiga,137403.18,2:23:41,8621.14,27
1490,Wilse GRAVELAND,H,45,45-49M,NL,NA,552,838,713,114,38:10:03,19:53:34,TRUE,f,2026-08-28T17:49:12.090Z,https://utmb.world/runner/495089.wilse.graveland,137403.3,2:28:48,8927.689999999999,27
1632,Alex RYAZANOV,H,48,45-49M,GB,No,534,840,715,115,38:10:26,19:53:57,TRUE,f,2026-08-28T17:52:21.840Z,https://utmb.world/runner/6110134.alex.ryazanov,137425.89,3:48:19,13698.74,27
1927,José Carlos CORREIA,H,44,40-44M,PT,Trail da Ladeia Running Team,503,841,716,172,38:10:30,19:54:01,TRUE,f,2026-08-28T17:50:12.740Z,https://utmb.world/runner/6730498.josecarlos.correia,137430.07,2:31:59,9119.13,27
1384,Alexander JEFFS,H,31,20-34M,US,NA,560,842,717,194,38:10:57,19:54:28,TRUE,f,2026-08-28T17:51:02.770Z,https://utmb.world/runner/5504729.alexander.jeffs,137456.74,3:11:00,11460.47,27
999,Xin ZHANG,H,33,20-34M,CN,luson,613,843,718,195,38:12:12,19:55:43,TRUE,f,2026-08-28T17:50:26.970Z,https://utmb.world/runner/752731.xin.zhang,137531.59,3:13:03,11582.87,27
1666,Samuel TOUTAIN,H,49,45-49M,FR,EAPB,529,844,719,116,38:12:28,19:55:59,TRUE,f,2026-08-28T17:49:41.380Z,https://utmb.world/runner/2086503.samuel.toutain,137547.8,2:43:43,9823.09,27
1509,Joana Maria CLERE,F,38,35-39W,PH,NA,547,845,126,43,38:12:32,19:56:03,TRUE,f,2026-08-28T17:49:40.660Z,https://utmb.world/runner/5728704.joanamaria.clere,137551.83,2:50:56,10255.99,27
1400,Daouda DIARRA,H,40,40-44M,FR,Les Marchands de Sable,557,846,720,173,38:14:09,19:57:40,TRUE,f,2026-08-28T17:50:53.750Z,https://utmb.world/runner/4409216.daouda.diarra,137648.34,3:01:42,10901.55,27
1191,Keisuke ICHIDO,H,42,40-44M,JP,POWERSPORTS,586,847,721,174,38:14:42,19:58:13,TRUE,f,2026-08-28T17:50:57.690Z,https://utmb.world/runner/1124187.keisuke.ichido,137682.29,3:06:40,11200.439999999999,27
2028,Yu ZHANG,H,39,35-39M,CN,NA,514,848,722,159,38:15:04,19:58:35,TRUE,f,2026-08-28T17:50:44.110Z,https://utmb.world/runner/6049734.yu.zhang,137704.8,2:11:00,7859.59,27
931,Louis ROUSSEL,H,25,20-34M,FR,NA,623,849,723,196,38:15:30,19:59:01,TRUE,f,2026-08-28T17:50:40.030Z,https://utmb.world/runner/6599041.louis.roussel,137730.59,6:31:51,23510.519999999997,27
755,Kazuaki KAWAUCHI,H,32,20-34M,JP,PEYOUNG REN,663,850,724,197,38:16:01,19:59:32,TRUE,f,2026-08-28T17:52:58.990Z,https://utmb.world/runner/4025274.kazuaki.kawauchi,137760.58,3:21:17,12076.890000000001,27
1671,Mats DUIJN,H,31,20-34M,NL,Clearly Run Club,529,851,725,198,38:16:57,20:00:28,TRUE,f,2026-08-28T17:51:01.380Z,https://utmb.world/runner/5496687.mats.duijn,137817.1,1:34:22,5662.24,27
378,Marie PINNELL,F,31,20-34W,US,Trailway / Core Nutrition,603,852,127,38,38:17:17,20:00:48,TRUE,f,2026-08-28T17:48:12.000Z,https://utmb.world/runner/3986752.marie.pinnell,137837.12,3:25:49,12349.42,27
1548,Ricardo Sebastian HEREDIA,H,49,45-49M,AR,TEAM D-SPORT,544,853,726,117,38:17:40,20:01:11,TRUE,f,2026-08-28T17:50:37.650Z,https://utmb.world/runner/5247424.ricardosebastian.heredia,137859.89,2:32:33,9152.92,27
1022,Michele AIELLO,H,31,20-34M,IT,NA,623,854,727,199,38:18:31,20:02:02,TRUE,f,2026-08-28T17:52:33.360Z,https://utmb.world/runner/4635638.michele.aiello,137910.71,4:54:42,17682.2,27
1643,Giorgio TRUCCONE,H,57,55-59M,IT,NA,533,855,728,19,38:18:50,20:02:21,TRUE,f,2026-08-28T17:50:01.510Z,https://utmb.world/runner/3360299.giorgio.truccone,137930.33,3:50:41,13840.88,27
1320,Sébastien VARDELLE,H,51,50-54M,FR,Verneuil Oxygène,567,856,729,55,38:19:12,20:02:43,TRUE,f,2026-08-28T17:50:36.940Z,https://utmb.world/runner/1058949.sebastien.vardelle,137951.14,2:00:49,7249.08,27
1810,Morihiro MIZUTANI,H,40,40-44M,JP,NA,515,857,730,175,38:19:55,20:03:26,TRUE,f,2026-08-28T17:50:41.640Z,https://utmb.world/runner/5790062.morihiro.mizutani,137995.15,1:47:15,6434.52,27
1358,Marcel ILIE,H,41,40-44M,RO,Titanii,562,858,731,176,38:21:34,20:05:05,TRUE,f,2026-08-28T17:51:07.740Z,https://utmb.world/runner/1178403.marcel.ilie,138094.08,2:24:59,8699.15,27
1389,Sarah MANGLER,F,44,40-44W,DE,LG Ultralauf,559,859,128,21,38:21:59,20:05:30,TRUE,f,2026-08-28T17:50:13.230Z,https://utmb.world/runner/2250103.sarah.mangler,138118.89,2:26:26,8785.83,27
861,Atsushi SANO,H,52,50-54M,JP,SC Tanzawa-Hadano,636,860,732,56,38:22:13,20:05:44,TRUE,f,2026-08-28T17:51:20.570Z,https://utmb.world/runner/3326249.atsushi.sano,138133.18,2:24:41,8681.2,27
951,Jérôme NAIF,H,43,40-44M,BE,NA,620,861,733,177,38:22:27,20:05:58,TRUE,f,2026-08-28T17:52:41.270Z,https://utmb.world/runner/1226201.jerome.naif,138147.34,3:17:21,11841,27
1403,Pierre VENTURINI,H,30,20-34M,FR,Liebherr Duathlon,558,862,734,200,38:22:28,20:05:59,TRUE,f,2026-08-28T17:49:56.820Z,https://utmb.world/runner/5367610.pierre.venturini,138147.38,3:33:39,12819.390000000001,27
1577,Pierre DE LA TULLAYE,H,48,45-49M,FR,DASSAULT SPORTS,540,863,735,118,38:22:33,20:06:04,TRUE,f,2026-08-28T17:49:44.440Z,https://utmb.world/runner/1917685.pierre.delatullaye,138153.48,2:25:12,8711.77,27
1051,Blake ARNOLD,H,28,20-34M,AU,NA,606,864,736,201,38:23:08,20:06:39,TRUE,f,2026-08-28T17:50:55.950Z,https://utmb.world/runner/4804508.blake.arnold,138187.7,2:59:32,10772.41,27
1093,Karolina SOPA,F,48,45-49W,PL,NA,598,865,129,14,38:23:16,20:06:47,TRUE,f,2026-08-28T17:49:22.140Z,https://utmb.world/runner/5616937.karolina.sopa,138196.06,2:51:29,10289.41,27
1258,Arnaud TERRIER,H,50,50-54M,FR,EMSAM,577,866,737,57,38:23:55,20:07:26,TRUE,f,2026-08-28T17:52:17.380Z,https://utmb.world/runner/1724289.arnaud.terrier,138235.44,3:27:55,12474.53,27
676,Jeff MCKENNA,H,42,40-44M,GB,5am Running Club,686,867,738,178,38:24:15,20:07:46,TRUE,f,2026-08-28T17:49:25.720Z,https://utmb.world/runner/6509525.jeff.mckenna,138254.31,3:31:18,12677.98,27
2058,Guillaume SIMON,H,34,20-34M,FR,NA,492,868,739,202,38:24:22,20:07:53,TRUE,f,2026-08-28T17:51:45.160Z,https://utmb.world/runner/7349118.guillaume.simon,138262.4,3:43:01,13380.55,27
1771,Paolo PROMPICAI,H,59,55-59M,IT,Baudenasca,518,869,740,20,38:24:53,20:08:24,TRUE,f,2026-08-28T17:49:23.620Z,https://utmb.world/runner/600147.paolo.prompicai,138293.36,0:57:46,3465.7099999999996,27
1920,Francois BOUJU,H,48,45-49M,FR,NA,504,870,741,119,38:25:20,20:08:51,TRUE,f,2026-08-28T17:50:48.100Z,https://utmb.world/runner/1837547.francois.bouju,138320.85,3:41:35,13295.2,27
1798,Ella PEYRARD,F,32,20-34W,FR,NA,513,871,130,39,38:25:31,20:09:02,TRUE,f,2026-08-28T17:50:15.520Z,https://utmb.world/runner/3407297.ella.peyrard,138331.04,3:03:01,10980.989999999998,27
2196,Alicia BARROS,F,43,40-44W,UY,NA,474,872,131,22,38:25:47,20:09:18,TRUE,f,2026-08-28T17:49:05.530Z,https://utmb.world/runner/2514183.alicia.barros,138346.96,2:53:16,10396.43,27
1364,Jorge BORAD,H,44,40-44M,UY,DIEZ CLUB,562,873,742,179,38:25:48,20:09:19,TRUE,f,2026-08-28T17:49:05.790Z,https://utmb.world/runner/1216417.jorge.borad,138347.43,2:02:22,7342.45,27
2093,Jose LUGARDO ESPEJEL,H,39,35-39M,MX,N/A,487,874,743,160,38:25:56,20:09:27,TRUE,f,2026-08-28T17:49:58.650Z,https://utmb.world/runner/7028387.jose.lugardoespejel,138355.57,2:54:39,10479.140000000001,27
1535,Alexander O'ROURKE,H,41,40-44M,CO,NA,544,875,744,180,38:25:59,20:09:30,TRUE,f,2026-08-28T17:49:53.600Z,https://utmb.world/runner/4520840.alexander.orourke,138359.24,3:05:26,11126.3,27
1371,Thomas PASSAGUET,H,50,50-54M,FR,LA FOULEE VOURLOISE,561,876,745,58,38:27:01,20:10:32,TRUE,f,2026-08-28T17:51:13.260Z,https://utmb.world/runner/4832120.thomas.passaguet,138421.7,3:54:07,14046.86,27
885,Yevhenii BESPOIASKO,H,28,20-34M,UA,NA,630,877,746,203,38:28:32,20:12:03,TRUE,f,2026-08-28T17:52:03.180Z,https://utmb.world/runner/4338962.yevhenii.bespoiasko,138511.98,5:41:39,20499.11,27
1707,Kin Kan LEE,H,48,45-49M,HK,NA,524,878,747,120,38:29:03,20:12:34,TRUE,f,2026-08-28T17:51:55.450Z,https://utmb.world/runner/227680.kinkan.lee,138543.19,3:10:55,11455.170000000002,27
1355,Antoine FOURCADE,H,40,40-44M,FR,NA,562,879,748,181,38:29:15,20:12:46,TRUE,f,2026-08-28T17:49:46.720Z,https://utmb.world/runner/715166.antoine.fourcade,138554.57,3:39:42,13181.809999999998,27
1337,Olivier VINCENT,H,45,45-49M,FR,PELAWINF,565,880,749,121,38:29:58,20:13:29,TRUE,f,2026-08-28T17:49:17.510Z,https://utmb.world/runner/148387.olivier.vincent,138597.84,3:56:24,14184.49,27
1207,Arthur DEPIENNE,H,36,35-39M,FR,LILLE TRAIL CLUB,584,881,750,161,38:31:02,20:14:33,TRUE,f,2026-08-28T17:50:20.280Z,https://utmb.world/runner/5491361.arthur.depienne,138662.02,4:43:09,16989.34,27
1792,Arnaud CARCASSONNE,H,53,50-54M,FR,NA,516,882,751,59,38:31:44,20:15:15,TRUE,f,2026-08-28T17:49:31.440Z,https://utmb.world/runner/2384925.arnaud.carcassonne,138704.04,3:22:18,12138.199999999997,27
1555,Jérôme MILCENDEAU,H,49,45-49M,FR,TRAILXBEER,540,883,752,122,38:32:23,20:15:54,TRUE,f,2026-08-28T17:52:03.860Z,https://utmb.world/runner/481128.jerome.milcendeau,138743.08,4:54:56,17695.640000000003,27
2112,Bert COERVER,H,37,35-39M,NL,XMEN,480,884,753,162,38:32:28,20:15:59,TRUE,f,2026-08-28T17:52:31.680Z,https://utmb.world/runner/4469457.bert.coerver,138747.59,3:50:37,13836.51,27
2237,Sam JONES,H,42,40-44M,GB,NA,469,885,754,182,38:33:58,20:17:29,TRUE,f,2026-08-28T17:51:05.070Z,https://utmb.world/runner/5492441.sam.jones,138838.31,4:13:19,15198.579999999998,27
1000,Roan VALLAT,H,42,40-44M,CH,NA,613,886,755,183,38:34:18,20:17:49,TRUE,f,2026-08-28T17:50:23.870Z,https://utmb.world/runner/499772.roan.vallat,138857.79,4:40:34,16833.59,27
1703,Alexandre DERRIEN,H,40,40-44M,FR,NA,525,887,756,184,38:34:36,20:18:07,TRUE,f,2026-08-28T17:50:07.090Z,https://utmb.world/runner/185528.alexandre.derrien,138875.95,3:08:59,11339.15,27
1043,Michel CHEFGROS,H,46,45-49M,FR,A l'arrache,608,888,757,123,38:35:23,20:18:54,TRUE,f,2026-08-28T17:49:11.110Z,https://utmb.world/runner/3436175.michel.chefgros,138923.07,3:06:49,11209.18,27
1201,Daniele DEL PRETE,H,44,40-44M,IT,no,585,889,758,185,38:35:37,20:19:08,TRUE,f,2026-08-28T17:50:55.880Z,https://utmb.world/runner/4035598.daniele.delprete,138936.37,2:40:56,9656.04,27
1436,Philippe HAUSSAIRE,H,32,20-34M,FR,NA,554,890,759,204,38:35:42,20:19:13,TRUE,f,2026-08-28T17:51:05.560Z,https://utmb.world/runner/4163205.philippe.haussaire,138941.87,3:10:35,11434.55,27
1264,Guillaume COSTES,H,35,35-39M,FR,Team IFTL / XRUN,576,891,760,163,38:36:04,20:19:35,TRUE,f,2026-08-28T17:50:02.900Z,https://utmb.world/runner/1016939.guillaume.costes,138963.49,2:50:03,10202.68,27
1411,Lucas DE GRACIA,H,37,35-39M,FR,NA,557,892,761,164,38:36:21,20:19:52,TRUE,f,2026-08-28T17:51:09.760Z,https://utmb.world/runner/6168045.lucas.degracia,138981.13,4:06:02,14761.59,27
1004,Benjamin PERRIN,H,41,40-44M,FR,NA,612,893,762,186,38:36:24,20:19:55,TRUE,f,2026-08-28T17:50:01.310Z,https://utmb.world/runner/1720653.benjamin.perrin,138984.17,3:58:31,14310.84,27
1112,Alessandro MICHELINI,H,36,35-39M,IT,Asd Maiella Trail,596,894,763,165,38:37:04,20:20:35,TRUE,f,2026-08-28T17:49:34.000Z,https://utmb.world/runner/5035956.alessandro.michelini,139024.95,3:48:23,13702.850000000002,27
925,Jaru LIMSILA,H,43,40-44M,TH,NA,622,895,764,187,38:37:33,20:21:04,TRUE,f,2026-08-28T17:50:16.690Z,https://utmb.world/runner/2449975.jaru.limsila,139053.05,2:47:39,10059.41,27
1278,Jarosław WINIARSKI,H,51,50-54M,PL,Biegające Krejzole / Kamil Leśniak Team,575,896,765,60,38:38:14,20:21:45,TRUE,f,2026-08-28T17:52:08.310Z,https://utmb.world/runner/4263578.jaroslaw.winiarski,139094.27,2:21:34,8494.42,27
911,Hugo FOURNIER,H,23,20-34M,FR,NA,626,897,766,205,38:38:40,20:22:11,TRUE,f,2026-08-28T17:49:42.580Z,https://utmb.world/runner/6378277.hugo.fournier,139119.97,3:04:21,11061.300000000001,27
1943,Marisa MAURI,F,43,40-44W,FR,Salève Trail,502,898,132,23,38:38:49,20:22:20,TRUE,f,2026-08-28T17:49:41.600Z,https://utmb.world/runner/652980.marisa.mauri,139128.92,4:25:13,15912.92,27
1679,Andrew LEACH,H,34,20-34M,US,NA,528,899,767,206,38:39:14,20:22:45,TRUE,f,2026-08-28T17:50:40.090Z,https://utmb.world/runner/3344739.andrew.leach,139153.98,3:28:05,12485.08,27
712,Lucas CHABANOL,H,26,20-34M,FR,So Trail Lyon,676,900,768,207,38:39:30,20:23:01,TRUE,f,2026-08-28T17:49:49.230Z,https://utmb.world/runner/4257321.lucas.chabanol,139170.55,6:51:37,24697.28,27
1596,Zhipeng LIU,H,39,35-39M,CN,One Percent Crew,539,901,769,166,38:39:33,20:23:04,TRUE,f,2026-08-28T17:51:06.950Z,https://utmb.world/runner/1124337.zhipeng.liu,139172.3,2:17:58,8278.04,27
1286,Oskars PUNANS,H,35,35-39M,LV,NA,570,902,770,167,38:39:39,20:23:10,TRUE,f,2026-08-28T17:51:51.280Z,https://utmb.world/runner/4732260.oskars.punans,139179.67,3:15:48,11748.209999999997,27
763,Matthew COAKES,H,50,50-54M,GB,NA,661,903,771,61,38:41:06,20:24:37,TRUE,f,2026-08-28T17:49:53.610Z,https://utmb.world/runner/1057885.matthew.coakes,139265.94,2:10:39,7838.969999999999,27
1801,Daniel BROSTELLA,H,54,50-54M,PA,NA,515,904,772,62,38:42:27,20:25:58,TRUE,f,2026-08-28T17:51:43.900Z,https://utmb.world/runner/414892.daniel.brostella,139347.06,1:35:54,5753.93,27
1879,Nicolas RENOUS,H,38,35-39M,FR,NA,508,905,773,168,38:42:41,20:26:12,TRUE,f,2026-08-28T17:51:33.920Z,https://utmb.world/runner/5537748.nicolas.renous,139360.42,2:31:07,9066.949999999999,27
2256,Veronika SEEBERGER,F,38,35-39W,DE,NA,468,906,133,44,38:43:00,20:26:31,TRUE,f,2026-08-28T17:50:00.580Z,https://utmb.world/runner/5631276.veronika.seeberger,139379.91,2:28:22,8902.02,27
1120,Nikola BABIC,H,30,20-34M,FR,SCUF,595,907,774,208,38:43:25,20:26:56,TRUE,f,2026-08-28T17:51:45.290Z,https://utmb.world/runner/4163227.nikola.babic,139404.82,3:42:27,13347.27,27
1336,Sławomir BUK,H,45,45-49M,PL,BG TEAM | UTA | LNLR,565,908,775,124,38:43:27,20:26:58,TRUE,f,2026-08-28T17:52:10.900Z,https://utmb.world/runner/1583071.slawomir.buk,139406.49,2:20:48,8447.96,27
1612,Sylvain JOUANNAUD,H,49,45-49M,FR,NA,537,909,776,125,38:43:28,20:26:59,TRUE,f,2026-08-28T17:52:15.050Z,https://utmb.world/runner/336328.sylvain.jouannaud,139408.61,3:34:34,12874.3,27
1702,Théo PETON-LANGLOIS,H,30,20-34M,FR,NA,526,910,777,209,38:44:05,20:27:36,TRUE,f,2026-08-28T17:49:22.610Z,https://utmb.world/runner/4482935.theo.petonlanglois,139445.14,3:15:13,11713.21,27
364,Li WANG,F,53,50-54W,CN,NA,610,911,134,10,38:44:11,20:27:42,TRUE,f,2026-08-28T17:48:12.000Z,https://utmb.world/runner/3744407.li.wang,139451.12,1:57:22,7041.9400000000005,27
1311,David DECAESTEKER,H,49,45-49M,FR,NA,569,912,778,126,38:45:13,20:28:44,TRUE,f,2026-08-28T17:49:37.460Z,https://utmb.world/runner/1889061.david.decaesteker,139513.35,4:00:47,14446.52,27
1640,Manuel SANCHO,H,50,50-54M,CH,What's Life Project / Trail Blonay Saint-Légier,533,913,779,63,38:45:25,20:28:56,TRUE,f,2026-08-28T17:50:44.400Z,https://utmb.world/runner/4229311.manuel.sancho,139525.11,4:45:18,17118.300000000003,27
1166,Sam VAN GERVEN,H,40,40-44M,NL,NA,589,914,780,188,38:46:00,20:29:31,TRUE,f,2026-08-28T17:49:45.640Z,https://utmb.world/runner/6487821.sam.vangerven,139559.47,5:38:14,20294.22,27
1716,Laurent LATERRA,H,42,40-44M,FR,NA,524,915,781,189,38:46:03,20:29:34,TRUE,f,2026-08-28T17:49:19.870Z,https://utmb.world/runner/203163.laurent.laterra,139563.03,2:22:47,8567.25,27
1425,Ralf ELSAESSER,H,51,50-54M,DE,NA,555,916,782,64,38:46:08,20:29:39,TRUE,f,2026-08-28T17:51:56.910Z,https://utmb.world/runner/370627.ralf.elsaesser,139567.77,2:45:59,9958.94,27
1905,Ján ŠEVČÍK,H,43,40-44M,SK,NA,505,917,783,190,38:47:09,20:30:40,TRUE,f,2026-08-28T17:51:46.270Z,https://utmb.world/runner/6088696.jan.sevcik,139629.04,3:01:46,10906.380000000001,27
1647,Jordi PANTIN,H,43,40-44M,ES,NA,532,918,784,191,38:47:18,20:30:49,TRUE,f,2026-08-28T17:51:21.890Z,https://utmb.world/runner/3634117.jordi.pantin,139637.28,3:07:21,11241.020000000002,27
1495,Adrien ROTHÉ,H,40,40-44M,FR,TOR,548,919,785,192,38:47:23,20:30:54,TRUE,f,2026-08-28T17:51:00.050Z,https://utmb.world/runner/4014753.adrien.rothe,139642.97,5:53:04,21184.370000000003,27
2319,Cédric MEGRI,H,43,40-44M,FR,Débilos,457,920,786,193,38:47:24,20:30:55,TRUE,f,2026-08-28T17:51:00.250Z,https://utmb.world/runner/832441.cedric.megri,139644.47,5:54:37,21277.48,27
1846,Alejandra CANO SUAREZ,F,41,40-44W,MX,Guerreros Trail,511,921,135,24,38:47:34,20:31:05,TRUE,f,2026-08-28T17:49:03.630Z,https://utmb.world/runner/6405583.alejandra.canosuarez,139653.42,3:08:48,11327.56,27
1631,Tom VAN ASSCHE,H,44,40-44M,BE,NA,534,922,787,194,38:47:54,20:31:25,TRUE,f,2026-08-28T17:49:49.910Z,https://utmb.world/runner/4218646.tom.vanassche,139673.76,2:44:33,9873.26,27
1173,Henry Stephen GROSS,H,46,45-49M,US,Run PA,588,923,788,127,38:48:53,20:32:24,TRUE,f,2026-08-28T17:50:06.050Z,https://utmb.world/runner/2511169.henrystephen.gross,139733.12,3:34:44,12883.960000000001,27
1923,Christopher SIMONS,H,41,40-44M,BE,JD Construction SA,503,924,789,195,38:48:59,20:32:30,TRUE,f,2026-08-28T17:52:58.240Z,https://utmb.world/runner/4852209.christopher.simons,139739.54,1:50:51,6651.02,27
1445,Luca MARCON,H,54,50-54M,IT,SCUOLA DI MARATONA,554,925,790,65,38:49:27,20:32:58,TRUE,f,2026-08-28T17:52:43.470Z,https://utmb.world/runner/4152084.luca.marcon,139767.35,3:25:22,12322.349999999999,27
2692,Richard KEANE,H,33,20-34M,IE,NA,NA,926,791,210,38:50:19,20:33:50,TRUE,f,2026-08-28T17:51:56.910Z,https://utmb.world/runner/4929503.richard.keane,139818.7,3:08:54,11333.87,27
1446,Maxime CUSSAC,H,39,35-39M,FR,S/L ATHLE 632,554,927,792,169,38:52:10,20:35:41,TRUE,f,2026-08-28T17:50:39.300Z,https://utmb.world/runner/1972533.maxime.cussac,139930.59,3:49:05,13745.449999999999,27
1695,Arnaud MOULIN,H,38,35-39M,BE,Fleurus athlétisme,629,928,793,170,38:52:33,20:36:04,TRUE,f,2026-08-28T17:52:12.970Z,https://utmb.world/runner/4376436.arnaud.moulin,139952.57,4:13:19,15198.779999999999,27
1774,Scott KUNZ,H,44,40-44M,US,NA,518,929,794,196,38:53:11,20:36:42,TRUE,f,2026-08-28T17:51:58.400Z,https://utmb.world/runner/28983.scott.kunz,139991.29,2:33:11,9190.720000000001,27
1028,Aidan D'ARCY,H,34,20-34M,AU,NA,608,930,795,211,38:53:24,20:36:55,TRUE,f,2026-08-28T17:49:39.680Z,https://utmb.world/runner/4968932.aidan.darcy,140003.5,2:25:46,8746.199999999999,27
1376,Selahatti̇n ILDIRAR,H,48,45-49M,TR,-,561,931,796,128,38:53:38,20:37:09,TRUE,f,2026-08-28T17:50:01.060Z,https://utmb.world/runner/1998901.selahattin.ildirar,140018.83,2:55:53,10552.58,27
1865,Agnieszka MARCINISZYN,F,45,45-49W,PL,Trail running factory,509,932,136,15,38:53:43,20:37:14,TRUE,f,2026-08-28T17:51:41.820Z,https://utmb.world/runner/593611.agnieszka.marciniszyn,140022.84,1:32:45,5564.68,27
1681,Marcel TOOROP,H,36,35-39M,NL,NA,527,933,797,171,38:54:51,20:38:22,TRUE,f,2026-08-28T17:49:22.230Z,https://utmb.world/runner/4460978.marcel.toorop,140091.48,4:17:11,15430.94,27
926,Fabien ZUNINO,H,48,45-49M,FR,Les Joggeurs Aubagnais,624,934,798,129,38:57:17,20:40:48,TRUE,f,2026-08-28T17:52:31.680Z,https://utmb.world/runner/667570.fabien.zunino,140237.02,2:32:50,9170.210000000001,27
1499,Rafael CAMPOS,H,50,50-54M,BR,Paraty UTMB,548,935,799,66,38:57:23,20:40:54,TRUE,f,2026-08-28T17:52:45.300Z,https://utmb.world/runner/655024.rafael.campos,140243.2,2:33:44,9224.3,27
1456,Danielle FAZIO,F,46,45-49W,US,NA,552,936,137,16,38:57:37,20:41:08,TRUE,f,2026-08-28T17:50:24.100Z,https://utmb.world/runner/5751468.danielle.fazio,140257.47,3:51:38,13898.38,27
2070,Chongwei ZHANG,H,40,40-44M,CN,Outopia,490,937,800,197,38:57:38,20:41:09,TRUE,f,2026-08-28T17:51:37.790Z,https://utmb.world/runner/1369057.chongwei.zhang,140257.37,3:16:13,11772.54,27
1322,Miguel SAINCIR,H,33,20-34M,FR,NA,567,938,801,212,38:57:41,20:41:12,TRUE,f,2026-08-28T17:50:43.640Z,https://utmb.world/runner/5186697.miguel.saincir,140260.86,3:53:45,14024.699999999999,27
1551,Bruno VERBEKE,H,45,45-49M,BE,NA,542,939,802,130,38:57:56,20:41:27,TRUE,f,2026-08-28T17:49:51.380Z,https://utmb.world/runner/6910427.bruno.verbeke,140276.43,3:03:08,10987.64,27
1496,Francois LAROCHETTE DE ROECK,H,54,50-54M,FR,ASPTT ANNECY,547,940,803,67,38:58:31,20:42:02,TRUE,f,2026-08-28T17:48:58.620Z,https://utmb.world/runner/645021.francois.larochettederoeck,140311.1,3:48:42,13721.939999999999,27
1502,Honglong GUO,H,39,35-39M,CN,520,548,941,804,172,38:59:16,20:42:47,TRUE,f,2026-08-28T17:51:45.310Z,https://utmb.world/runner/1537413.honglong.guo,140355.83,6:01:14,21674.25,27
1420,Jean Rémy PAYA,H,42,40-44M,FR,OM ATHLETISME,556,942,805,198,38:59:32,20:43:03,TRUE,f,2026-08-28T17:49:49.020Z,https://utmb.world/runner/2674017.jeanremy.paya,140372.89,3:39:44,13183.559999999998,27
1790,Huihui YUAN,F,44,40-44W,CN,NA,539,943,138,25,39:00:20,20:43:51,TRUE,f,2026-08-28T17:50:17.760Z,https://utmb.world/runner/1819715.huihui.yuan,140419.96,2:54:02,10442.26,27
1986,Miki SAWADA,F,39,35-39W,JP,NA,499,944,139,45,39:00:24,20:43:55,TRUE,f,2026-08-28T17:50:35.710Z,https://utmb.world/runner/4516514.miki.sawada,140424.22,2:41:19,9679.38,27
782,Lucas MARTINS DA SILVA,H,45,45-49M,BR,JVM Trail Run,655,945,806,131,39:00:28,20:43:59,TRUE,f,2026-08-28T17:49:41.370Z,https://utmb.world/runner/4731444.lucas.martinsdasilva,140427.85,3:33:27,12806.55,27
1539,Meghan CANFIELD,F,65,65-69W,US,NA,543,946,140,1,39:01:47,20:45:18,TRUE,f,2026-08-28T17:52:47.090Z,https://utmb.world/runner/2723.meghan.canfield,140507.09,2:12:37,7956.84,27
1825,Spyridon LEIVADIOTIS,H,46,45-49M,GR,Kasimis Training,513,947,807,132,39:02:59,20:46:30,TRUE,f,2026-08-28T17:49:42.080Z,https://utmb.world/runner/1979791.spyridon.leivadiotis,140579,1:59:23,7163.049999999999,27
1721,Freddy COINE,H,38,35-39M,FR,Triathlon club des weppes,524,948,808,173,39:03:45,20:47:16,TRUE,f,2026-08-28T17:52:08.320Z,https://utmb.world/runner/5938910.freddy.coine,140624.99,5:43:09,20589.25,27
2055,Zoran FETAH,H,41,40-44M,SI,NA,492,949,809,199,39:04:14,20:47:45,TRUE,f,2026-08-28T17:51:46.500Z,https://utmb.world/runner/5825395.zoran.fetah,140654.29,3:27:03,12423.03,27
958,Duško BANJAC,H,37,35-39M,SI,Gecko,619,950,810,174,39:04:47,20:48:18,TRUE,f,2026-08-28T17:50:51.910Z,https://utmb.world/runner/4678724.dusko.banjac,140686.2,1:59:37,7177.360000000001,27
2110,Leonardo RIBEIRO DE AZEVEDO,H,49,45-49M,BR,Upfitrail,536,951,811,133,39:05:14,20:48:45,TRUE,f,2026-08-28T17:51:52.400Z,https://utmb.world/runner/4891804.leonardo.ribeirodeazevedo,140713.76,2:14:17,8057.33,27
1660,Samuel GRELIER,H,34,20-34M,FR,AR REDERIENS,531,952,812,213,39:05:21,20:48:52,TRUE,f,2026-08-28T17:50:08.710Z,https://utmb.world/runner/4210143.samuel.grelier,140721.2,4:17:36,15456.310000000001,27
1077,Marco REPPUCCI,H,35,35-39M,IT,Si-Sport S.Stefano Borgomanero,608,953,813,175,39:06:06,20:49:37,TRUE,f,2026-08-28T17:51:19.030Z,https://utmb.world/runner/5311354.marco.reppucci,140766.21,4:22:26,15745.550000000001,27
1590,Patrick BEAUDRON,H,58,55-59M,FR,DSA PONTARLIER,559,954,814,21,39:06:32,20:50:03,TRUE,f,2026-08-28T17:49:45.830Z,https://utmb.world/runner/629378.patrick.beaudron,140792.11,4:36:15,16575.04,27
1302,Katarina PERSSON,F,54,50-54W,SE,NA,570,955,141,11,39:06:45,20:50:16,TRUE,f,2026-08-28T17:50:01.530Z,https://utmb.world/runner/1843319.katarina.persson,140804.6,1:15:21,4520.76,27
741,Stieven GALLE,H,42,40-44M,BE,NA,661,956,815,200,39:07:03,20:50:34,TRUE,f,2026-08-28T17:50:12.370Z,https://utmb.world/runner/4190795.stieven.galle,140823.45,4:28:34,16114.47,27
1430,Maurice DE JONGE,H,45,45-49M,NL,NA,558,957,816,134,39:07:21,20:50:52,TRUE,f,2026-08-28T17:52:12.290Z,https://utmb.world/runner/4954539.maurice.dejonge,140840.72,4:04:35,14674.949999999999,27
1223,Ruud CENTS,H,44,40-44M,NL,-none,581,958,817,201,39:07:33,20:51:04,TRUE,f,2026-08-28T17:51:26.080Z,https://utmb.world/runner/6232181.ruud.cents,140853.13,2:23:34,8614.3,27
1300,Liang DENG,H,47,45-49M,HK,NA,570,959,818,135,39:07:35,20:51:06,TRUE,f,2026-08-28T17:52:48.970Z,https://utmb.world/runner/1820793.liang.deng,140855.02,3:52:30,13950.26,27
1239,Robin DUBREUCQ,H,37,35-39M,FR,NA,578,960,819,176,39:07:58,20:51:29,TRUE,f,2026-08-28T17:50:38.130Z,https://utmb.world/runner/4892212.robin.dubreucq,140878.85,6:43:38,24217.63,27
1252,Felipe TORIBIO,H,38,35-39M,US,Old Man Run Club,578,961,820,177,39:08:05,20:51:36,TRUE,f,2026-08-28T17:51:12.030Z,https://utmb.world/runner/3009641.felipe.toribio,140885.05,1:58:34,7114.43,27
384,Linda LINDBERG,F,52,50-54W,SE,Team Nordic Trail,601,962,142,12,39:08:32,20:52:03,TRUE,f,2026-08-28T17:48:12.000Z,https://utmb.world/runner/4173037.linda.lindberg,140912.92,2:17:23,8242.91,27
945,Ion MENA GOITISOLO,H,35,35-39M,ES,Suzien Mendi Kluba,621,963,821,178,39:08:45,20:52:16,TRUE,f,2026-08-28T17:50:23.970Z,https://utmb.world/runner/5590555.ion.menagoitisolo,140924.42,2:15:15,8115.170000000001,27
1766,Emmanuel JULIEN,H,45,45-49M,FR,Team 2B,519,964,822,136,39:10:08,20:53:39,TRUE,f,2026-08-28T17:51:32.180Z,https://utmb.world/runner/4673711.emmanuel.julien,141007.87,4:36:00,16559.829999999998,27
318,Sonia AHUJA,F,51,50-54W,US,NA,628,965,143,13,39:11:22,20:54:53,TRUE,f,2026-08-28T17:48:12.000Z,https://utmb.world/runner/5268874.sonia.ahuja,141082.46,3:46:11,13571.4,27
1020,James CLEAL,H,40,40-44M,AU,Dream Chafers,610,966,823,202,39:12:02,20:55:33,TRUE,f,2026-08-28T17:49:15.950Z,https://utmb.world/runner/4159097.james.cleal,141121.64,5:54:03,21243.280000000002,27
1079,Lorenzo PICCININI,H,52,50-54M,IT,rimini marathon unstoppable,601,967,824,68,39:12:05,20:55:36,TRUE,f,2026-08-28T17:49:44.620Z,https://utmb.world/runner/1453785.lorenzo.piccinini,141124.85,5:33:31,20010.890000000003,27
1219,Loid SAILLARD,H,52,50-54M,US,NA,582,968,825,69,39:12:58,20:56:29,TRUE,f,2026-08-28T17:50:00.830Z,https://utmb.world/runner/112151.loid.saillard,141177.46,3:59:57,14397.220000000001,27
1386,Ante ERCEGOVIC,H,48,45-49M,HR,TTK STrka,560,969,826,137,39:13:00,20:56:31,TRUE,f,2026-08-28T17:51:14.910Z,https://utmb.world/runner/144698.ante.ercegovic,141179.36,2:40:27,9626.51,27
1541,Lennert CALLENS,H,33,20-34M,BE,NA,541,970,827,214,39:13:13,20:56:44,TRUE,f,2026-08-28T17:51:30.910Z,https://utmb.world/runner/5901196.lennert.callens,141192.13,4:21:00,15659.539999999997,27
1618,Laurent FRIEDL,H,49,45-49M,CH,NA,536,971,828,138,39:14:05,20:57:36,TRUE,f,2026-08-28T17:50:21.030Z,https://utmb.world/runner/913017.laurent.friedl,141245.34,3:39:50,13190.31,27
1406,Joe AMO,H,61,60-64M,US,NA,557,972,829,7,39:14:55,20:58:26,TRUE,f,2026-08-28T17:49:22.170Z,https://utmb.world/runner/2312021.joe.amo,141295.5,3:18:40,11920.38,27
1349,Pierre Jean RUEDA,H,44,40-44M,FR,NA,562,973,830,203,39:15:25,20:58:56,TRUE,f,2026-08-28T17:50:57.250Z,https://utmb.world/runner/4235419.pierrejean.rueda,141325,4:25:57,15956.54,27
1730,Federico FAGA,H,36,35-39M,IT,NA,562,974,831,179,39:16:00,20:59:31,TRUE,f,2026-08-28T17:50:22.840Z,https://utmb.world/runner/991647.federico.faga,141359.59,4:04:11,14650.87,27
2006,Konrad Mateusz ZAREBSKI,H,34,20-34M,IT,NA,497,975,832,215,39:16:40,21:00:11,TRUE,f,2026-08-28T17:49:18.280Z,https://utmb.world/runner/4281019.konradmateusz.zarebski,141400.06,3:03:20,10999.759999999998,27
1875,Monique MESSIÉ,F,46,45-49W,FR,NA,508,976,144,17,39:16:54,21:00:25,TRUE,f,2026-08-28T17:50:07.070Z,https://utmb.world/runner/2673985.monique.messie,141414.22,3:25:21,12321,27
1279,Yang YANG,H,43,40-44M,CN,,574,977,833,204,39:17:27,21:00:58,TRUE,f,2026-08-28T17:50:53.980Z,https://utmb.world/runner/876785.yang.yang,141446.65,1:18:45,4724.75,27
1926,Arthur TRAMCOURT,H,33,20-34M,FR,NA,510,978,834,216,39:18:11,21:01:42,TRUE,f,2026-08-28T17:50:39.770Z,https://utmb.world/runner/5766850.arthur.tramcourt,141490.79,4:32:10,16330.419999999998,27
1497,Yoshinori SAITO,H,57,55-59M,JP,Hiroo Father's Running Club,548,979,835,22,39:18:46,21:02:17,TRUE,f,2026-08-28T17:50:19.490Z,https://utmb.world/runner/2387473.yoshinori.saito,141526.03,2:48:01,10080.83,27
1289,Fabrice DELPECH,H,44,40-44M,FR,Academy Marathon,571,980,836,205,39:18:53,21:02:24,TRUE,f,2026-08-28T17:51:06.780Z,https://utmb.world/runner/4787268.fabrice.delpech,141532.75,4:28:45,16124.7,27
1240,Kristina PATTISON,F,46,45-49W,US,NA,579,981,145,18,39:19:52,21:03:23,TRUE,f,2026-08-28T17:51:05.820Z,https://utmb.world/runner/247664.kristina.pattison,141591.52,3:06:06,11165.61,27
965,Wonkyo KO,H,43,40-44M,KR,NA,618,982,837,206,39:22:44,21:06:15,TRUE,f,2026-08-28T17:51:36.110Z,https://utmb.world/runner/939719.wonkyo.ko,141763.95,2:29:39,8978.97,27
1168,William SÉNÉ,H,39,35-39M,FR,Mazouman,589,983,838,180,39:24:24,21:07:55,TRUE,f,2026-08-28T17:50:09.810Z,https://utmb.world/runner/215770.william.sene,141863.28,4:02:26,14546.019999999999,27
1266,Guillaume SOURISSEAU,H,48,45-49M,FR,le club campus,576,984,839,139,39:24:41,21:08:12,TRUE,f,2026-08-28T17:51:46.950Z,https://utmb.world/runner/4405614.guillaume.sourisseau,141880.32,4:04:40,14680.199999999999,27
1902,Fabien GALI,H,46,45-49M,FR,NA,505,985,840,140,39:25:31,21:09:02,TRUE,f,2026-08-28T17:51:53.150Z,https://utmb.world/runner/1322173.fabien.gali,141931.47,3:37:48,13068.25,27
1339,Kahei TAMURA,H,47,45-49M,JP,NA,565,986,841,141,39:26:28,21:09:59,TRUE,f,2026-08-28T17:52:31.460Z,https://utmb.world/runner/2070143.kahei.tamura,141987.99,5:58:47,21527.34,27
1180,Harold ZOUARI,H,36,35-39M,FR,NA,587,987,842,181,39:28:24,21:11:55,TRUE,f,2026-08-28T17:50:40.690Z,https://utmb.world/runner/4704540.harold.zouari,142103.58,3:48:36,13716.009999999998,27
1343,Victor VARIN,H,33,20-34M,FR,NA,564,987,842,217,39:28:24,21:11:55,TRUE,f,2026-08-28T17:50:40.530Z,https://utmb.world/runner/5212874.victor.varin,142103.92,3:49:16,13756.480000000001,27
1172,Charles MAISONNIER,H,27,20-34M,FR,HCG Team,589,989,844,218,39:28:33,21:12:04,TRUE,f,2026-08-28T17:52:23.960Z,https://utmb.world/runner/4597794.charles.maisonnier,142112.94,1:29:50,5390.19,27
2417,Sylvain BRIOLAY,H,38,35-39M,FR,ULTRAMITCH,535,990,845,182,39:28:34,21:12:05,TRUE,f,2026-08-28T17:52:53.710Z,https://utmb.world/runner/2526127.sylvain.briolay,142113.31,4:17:45,15464.679999999998,27
1554,Andrea MORNET,H,30,20-34M,FR,NA,542,991,846,219,39:29:22,21:12:53,TRUE,f,2026-08-28T17:51:52.430Z,https://utmb.world/runner/4927293.andrea.mornet,142162.31,3:38:59,13139.399999999998,27
1407,Melissa ROBERTSON,F,45,45-49W,AU,Terrigal Trotters,557,992,146,19,39:29:51,21:13:22,TRUE,f,2026-08-28T17:49:07.220Z,https://utmb.world/runner/625082.melissa.robertson,142191.26,3:44:23,13463.240000000002,27
1378,Grégory COURNEIL,H,47,45-49M,FR,NA,560,993,847,142,39:29:59,21:13:30,TRUE,f,2026-08-28T17:51:24.080Z,https://utmb.world/runner/2399783.gregory.courneil,142199.8,2:44:42,9881.670000000002,27
1072,Olivier VALERY,H,57,55-59M,FR,RUNINCRES,602,994,848,23,39:30:26,21:13:57,TRUE,f,2026-08-28T17:51:57.900Z,https://utmb.world/runner/3104035.olivier.valery,142225.1,4:24:26,15865.580000000002,27
1332,Bryan LENNON,H,44,40-44M,MU,NA,566,995,849,207,39:32:11,21:15:42,TRUE,f,2026-08-28T17:49:07.400Z,https://utmb.world/runner/2288791.bryan.lennon,142330.69,2:55:15,10514.8,27
1383,Anthony ETAVARD,H,47,45-49M,FR,Vivonne loisirs,560,996,850,143,39:32:39,21:16:10,TRUE,f,2026-08-28T17:49:53.900Z,https://utmb.world/runner/592157.anthony.etavard,142358.57,1:19:19,4758.92,27
1623,Eric SANCHEZ,H,57,55-59M,FR,NA,535,997,851,24,39:32:52,21:16:23,TRUE,f,2026-08-28T17:50:46.950Z,https://utmb.world/runner/3695613.eric.sanchez,142371.11,2:25:47,8746.78,27
1087,Francesco MAZZIOTTI,H,50,50-54M,IT,NA,600,998,852,70,39:33:48,21:17:19,TRUE,f,2026-08-28T17:51:02.360Z,https://utmb.world/runner/4222709.francesco.mazziotti,142428.12,1:29:39,5378.92,27
659,Taofik HIDAYAT,H,35,35-39M,ID,MANGLAYANG ACADEMIA,699,999,853,183,39:35:13,21:18:44,TRUE,f,2026-08-28T17:49:30.330Z,https://utmb.world/runner/1864323.taofik.hidayat,142513.1,3:41:40,13300,27
1571,Olivier MATHIAS,H,41,40-44M,CH,NA,550,999,853,208,39:35:13,21:18:44,TRUE,f,2026-08-28T17:52:50.730Z,https://utmb.world/runner/6203942.olivier.mathias,142513.09,4:42:21,16941.460000000003,27
1396,Kwang Wook CHOI,H,36,35-39M,KR,NA,559,1001,855,184,39:35:25,21:18:56,TRUE,f,2026-08-28T17:49:35.300Z,https://utmb.world/runner/6509950.kwangwook.choi,142525.02,4:11:59,15118.640000000001,27
1461,Alexandre DELORD,H,44,40-44M,FR,NA,552,1002,856,209,39:35:54,21:19:25,TRUE,f,2026-08-28T17:51:54.250Z,https://utmb.world/runner/429413.alexandre.delord,142554.53,3:07:38,11257.68,27
1132,Marthe MAGIS,F,39,35-39W,FR,Ncs traileman,594,1003,147,46,39:36:22,21:19:53,TRUE,f,2026-08-28T17:52:23.510Z,https://utmb.world/runner/5669791.marthe.magis,142581.86,5:18:19,19099.04,27
1514,Christophe LEFOYER,H,53,50-54M,FR,Hanb ball,547,1004,857,71,39:36:32,21:20:03,TRUE,f,2026-08-28T17:49:47.690Z,https://utmb.world/runner/3573385.christophe.lefoyer,142591.54,3:05:51,11150.68,27
1492,Daniel BOECKER,H,46,45-49M,DE,Trailrunning Squad,549,1005,858,144,39:39:05,21:22:36,TRUE,f,2026-08-28T17:50:14.670Z,https://utmb.world/runner/1476767.daniel.boecker,142744.99,3:14:07,11647.46,27
1052,Rodolphe CLAEYS,H,48,45-49M,BE,NA,604,1006,859,145,39:39:18,21:22:49,TRUE,f,2026-08-28T17:50:05.800Z,https://utmb.world/runner/5219374.rodolphe.claeys,142757.97,4:15:16,15316.330000000002,27
1504,Benjamin BAJAC,H,35,35-39M,FR,Team Pif,548,1007,860,185,39:40:46,21:24:17,TRUE,f,2026-08-28T17:50:17.000Z,https://utmb.world/runner/2564279.benjamin.bajac,142846.64,3:56:23,14183.39,27
1249,Olivier MAVIEL,H,41,40-44M,FR,Foulées Vertes de Lalo,577,1008,861,210,39:41:15,21:24:46,TRUE,f,2026-08-28T17:49:49.230Z,https://utmb.world/runner/438022.olivier.maviel,142875.14,4:29:55,16195.079999999998,27
812,Hilmi GÜVEN,H,46,45-49M,TR,FERAL,646,1009,862,146,39:41:28,21:24:59,TRUE,f,2026-08-28T17:50:24.440Z,https://utmb.world/runner/552604.hilmi.guven,142888.49,3:02:27,10947.16,27
1899,Carlos ROBLES,H,44,40-44M,CR,The Crew Costa Rica,506,1010,863,211,39:41:35,21:25:06,TRUE,f,2026-08-28T17:50:09.420Z,https://utmb.world/runner/1198431.carlos.robles,142894.82,3:57:29,14249.25,27
1592,Daniel WERCHOLA,H,45,45-49M,GB,NA,539,1011,864,147,39:41:44,21:25:15,TRUE,f,2026-08-28T17:52:29.530Z,https://utmb.world/runner/1405469.daniel.werchola,142904.07,4:14:09,15248.560000000001,27
1296,James LEE,H,37,35-39M,CA,NA,570,1012,865,186,39:42:00,21:25:31,TRUE,f,2026-08-28T17:50:48.320Z,https://utmb.world/runner/4497730.james.lee,142920.12,3:43:24,13404.07,27
902,Cédric CHOMONT,H,35,35-39M,FR,Sam outillage,628,1013,866,187,39:43:13,21:26:44,TRUE,f,2026-08-28T17:51:03.250Z,https://utmb.world/runner/758292.cedric.chomont,142993.49,3:06:10,11170.34,27
1563,Emmanuel COULOMBEL,H,49,45-49M,FR,Arcam le rouge,541,1014,867,148,39:44:14,21:27:45,TRUE,f,2026-08-28T17:51:59.680Z,https://utmb.world/runner/5019345.emmanuel.coulombel,143053.65,2:00:36,7235.68,27
2316,Mark CRAVEN,H,38,35-39M,GB,Winchester Running Club,458,1015,868,188,39:44:17,21:27:48,TRUE,f,2026-08-28T17:50:45.710Z,https://utmb.world/runner/448270.mark.craven,143056.46,2:15:41,8140.8099999999995,27
582,Luis Miguel SANTOS,H,43,40-44M,PT,Amigos Atletismo Mafra,733,1016,869,212,39:45:09,21:28:40,TRUE,f,2026-08-28T17:51:13.060Z,https://utmb.world/runner/1241309.luismiguel.santos,143108.97,1:25:40,5139.88,27
1334,Anonymous,H,51,50-54M,AN,NA,NA,1017,870,72,39:45:12,21:28:43,TRUE,f,2026-08-28T17:49:26.130Z,NA,143112.63,2:21:32,8491.5,27
1479,Alastair BURGESS,H,41,40-44M,AU,NA,551,1018,871,213,39:45:20,21:28:51,TRUE,f,2026-08-28T17:51:35.840Z,https://utmb.world/runner/4725659.alastair.burgess,143119.81,5:55:32,21332.43,27
1775,Romain PARENT,H,40,40-44M,FR,NA,518,1019,872,214,39:46:07,21:29:38,TRUE,f,2026-08-28T17:51:43.080Z,https://utmb.world/runner/904351.romain.parent,143167.62,5:09:57,18596.76,27
1352,Nicolas KUS,H,37,35-39M,FR,NA,563,1020,873,189,39:47:07,21:30:38,TRUE,f,2026-08-28T17:49:10.100Z,https://utmb.world/runner/585341.nicolas.kus,143227.64,4:44:20,17060.359999999997,27
1061,Valeriu CRUDU,H,52,50-54M,MD,Blessing Hearts,604,1021,874,73,39:47:45,21:31:16,TRUE,f,2026-08-28T17:52:47.300Z,https://utmb.world/runner/1444863.valeriu.crudu,143264.77,2:26:07,8767.14,27
1133,Arthur LE PAIGE,H,31,20-34M,BE,NA,593,1022,875,220,39:48:23,21:31:54,TRUE,f,2026-08-28T17:50:05.110Z,https://utmb.world/runner/2250979.arthur.lepaige,143303.44,4:28:48,16127.830000000002,27
2214,Matjaz CAMPA,H,64,60-64M,SI,NA,471,1023,876,8,39:48:45,21:32:16,TRUE,f,2026-08-28T17:49:31.190Z,https://utmb.world/runner/267391.matjaz.campa,143325,1:43:11,6190.710000000001,27
1464,Rabin SRISUTTINUN,H,40,40-44M,TH,no,551,1024,877,215,39:49:54,21:33:25,TRUE,f,2026-08-28T17:52:20.630Z,https://utmb.world/runner/569640.rabin.srisuttinun,143393.68,3:38:11,13090.53,27
1356,Julien FARGEAT,H,35,35-39M,FR,NA,562,1025,878,190,39:50:48,21:34:19,TRUE,f,2026-08-28T17:51:09.090Z,https://utmb.world/runner/3141263.julien.fargeat,143448.75,4:51:28,17488.02,27
1284,Pierre HERTAULT,H,28,20-34M,FR,NA,573,1026,879,221,39:53:16,21:36:47,TRUE,f,2026-08-28T17:51:55.710Z,https://utmb.world/runner/6078742.pierre.hertault,143596.16,5:15:32,18931.750000000004,27
1591,John KABERNA,H,52,50-54M,US,Summit Runners BCN,538,1027,880,74,39:53:25,21:36:56,TRUE,f,2026-08-28T17:51:22.500Z,https://utmb.world/runner/6465955.john.kaberna,143605.2,5:03:01,18181.010000000002,27
1546,Fabien LEBAS,H,48,45-49M,FR,NA,543,1028,881,149,39:53:37,21:37:08,TRUE,f,2026-08-28T17:52:46.480Z,https://utmb.world/runner/1948703.fabien.lebas,143616.98,2:42:26,9745.970000000001,27
1674,Martin ROBER,H,32,20-34M,SI,NA,529,1029,882,222,39:56:30,21:40:01,TRUE,f,2026-08-28T17:52:43.260Z,https://utmb.world/runner/5175755.martin.rober,143790.46,2:49:26,10165.93,27
1176,Carmen Maria MONTAÑO LEZAMA,F,47,45-49W,VE,teamcm,588,1030,148,20,39:58:23,21:41:54,TRUE,f,2026-08-28T17:50:24.640Z,https://utmb.world/runner/703121.carmenmaria.montanolezama,143903.21,2:03:55,7434.72,27
1699,Lina JUSEVICIUTE,F,31,20-34W,LT,NA,533,1031,149,40,39:59:07,21:42:38,TRUE,f,2026-08-28T17:49:35.860Z,https://utmb.world/runner/4570500.lina.juseviciute,143946.98,4:37:34,16653.800000000003,27
1698,Jeroen VERHEYEN,H,40,40-44M,BE,NA,533,1032,883,216,39:59:08,21:42:39,TRUE,f,2026-08-28T17:49:35.860Z,https://utmb.world/runner/4502834.jeroen.verheyen,143947.4,4:50:51,17451.179999999997,27
2098,Loïc PLATEAU,H,38,35-39M,FR,Team Charentes Triathlon,490,1032,883,191,39:59:08,21:42:39,TRUE,f,2026-08-28T17:49:56.400Z,https://utmb.world/runner/940815.loic.plateau,143947.61,1:00:45,3644.6099999999997,27
1151,Po Wah YEUNG,H,40,40-44M,HK,NA,591,1034,885,217,40:01:30,21:45:01,TRUE,f,2026-08-28T17:51:42.590Z,https://utmb.world/runner/4435118.powah.yeung,144090.35,2:02:08,7328.46,27
1800,Sergiusz PRAZANOWSKI,H,37,35-39M,PL,NA,515,1035,886,192,40:02:08,21:45:39,TRUE,f,2026-08-28T17:50:40.270Z,https://utmb.world/runner/4051381.sergiusz.prazanowski,144128.28,3:22:06,12125.98,27
1474,Grzegorz RZADCA,H,45,45-49M,PL,NA,550,1036,887,150,40:02:17,21:45:48,TRUE,f,2026-08-28T17:52:46.170Z,https://utmb.world/runner/3684345.grzegorz.rzadca,144137.23,2:45:29,9929.12,27
1700,Olivier MENG,H,46,45-49M,FR,NA,526,1037,888,151,40:04:42,21:48:13,TRUE,f,2026-08-28T17:52:09.710Z,https://utmb.world/runner/4294226.olivier.meng,144282.11,5:07:32,18452.039999999997,27
1993,Dan MARSON,H,46,45-49M,GB,NA,498,1038,889,152,40:05:14,21:48:45,TRUE,f,2026-08-28T17:49:22.040Z,https://utmb.world/runner/4187831.dan.marson,144314.33,4:29:49,16188.790000000003,27
2297,Tomas HYNEK,H,47,45-49M,CZ,NA,462,1039,890,153,40:07:37,21:51:08,TRUE,f,2026-08-28T17:51:14.400Z,https://utmb.world/runner/4009349.tomas.hynek,144457.4,4:23:30,15810.269999999999,27
1500,Tony FUSS,H,40,40-44M,DE,Rhöner Basaltwaden,548,1040,891,218,40:08:03,21:51:34,TRUE,f,2026-08-28T17:52:32.590Z,https://utmb.world/runner/5444158.tony.fuss,144482.93,2:11:16,7876.3099999999995,27
1126,Thibaut RINGEISEN,H,32,20-34M,FR,Morraly Running Club,545,1041,892,223,40:09:53,21:53:24,TRUE,f,2026-08-28T17:52:34.260Z,https://utmb.world/runner/4490060.thibaut.ringeisen,144593.02,5:34:58,20097.77,27
1593,José Pascual ROCHERA ALBA,H,33,20-34M,ES,ERTeam,538,1042,893,224,40:10:15,21:53:46,TRUE,f,2026-08-28T17:52:26.990Z,https://utmb.world/runner/2657259.josepascual.rocheraalba,144614.53,2:53:17,10396.880000000001,27
1449,Tomi PEKKARINEN,H,51,50-54M,FI,Ultra Perros,553,1043,894,75,40:12:07,21:55:38,TRUE,f,2026-08-28T17:50:02.900Z,https://utmb.world/runner/1390849.tomi.pekkarinen,144726.53,5:35:17,20117.39,27
823,Marcus NORDGREN,H,43,40-44M,SE,NA,641,1044,895,219,40:12:20,21:55:51,TRUE,f,2026-08-28T17:51:20.950Z,https://utmb.world/runner/4079725.marcus.nordgren,144739.86,5:25:49,19549.47,27
1868,Castellet Farelo QUIM,H,48,45-49M,ES,4000 peus Collbato,509,1045,896,154,40:12:27,21:55:58,TRUE,f,2026-08-28T17:51:14.620Z,https://utmb.world/runner/637659.quim.castelletfarelo,144747.16,1:13:28,4407.53,27
1916,Anton VICH ENRICH,H,56,55-59M,ES,5´30 / ST JERONI,504,1046,897,25,40:12:34,21:56:05,TRUE,f,2026-08-28T17:51:14.120Z,https://utmb.world/runner/2376899.anton.vichenrich,144753.93,1:10:48,4248.2699999999995,27
1749,Quentin GUILHOT,H,41,40-44M,FR,OuiRun La Rochelle,521,1047,898,220,40:13:22,21:56:53,TRUE,f,2026-08-28T17:52:52.900Z,https://utmb.world/runner/1325375.quentin.guilhot,144801.21,3:00:19,10818.589999999998,27
2175,Susanne DR. ENDRESS,F,61,60-64W,DE,Triathlon Nonstop Köln,477,1048,150,1,40:13:55,21:57:26,TRUE,f,2026-08-28T17:49:30.080Z,https://utmb.world/runner/5286371.susanne.drendress,144835.3,4:28:24,16104.45,27
1880,Ben TURNBULL,H,42,40-44M,AU,NA,507,1049,899,221,40:15:51,21:59:22,TRUE,f,2026-08-28T17:49:26.150Z,https://utmb.world/runner/5619801.ben.turnbull,144951.47,5:44:38,20677.93,27
1478,Zongheng ZHENG,H,34,20-34M,CN,NA,551,1050,900,225,40:16:10,21:59:41,TRUE,f,2026-08-28T17:50:13.970Z,https://utmb.world/runner/6370026.zongheng.zheng,144969.08,3:16:31,11790.87,27
2328,Thomas RUCHTI,H,55,55-59M,CH,TV Interlaken,456,1051,901,26,40:17:16,22:00:47,TRUE,f,2026-08-28T17:52:57.250Z,https://utmb.world/runner/102432.thomas.ruchti,145036.53,3:59:30,14370.15,27
1230,Lindsay HAMILTON,F,46,45-49W,AU,NA,580,1052,151,21,40:20:15,22:03:46,TRUE,f,2026-08-28T17:51:04.830Z,https://utmb.world/runner/2112679.lindsay.hamilton,145214.34,2:09:41,7780.6500000000005,27
1369,Naoki KOBAYASHI,H,48,45-49M,JP,Milers Tokyo,562,1053,902,155,40:20:17,22:03:48,TRUE,f,2026-08-28T17:49:07.710Z,https://utmb.world/runner/1122777.naoki.kobayashi,145216.57,5:39:26,20366.440000000002,27
1579,Adrien VIAUD,H,43,40-44M,FR,NA,540,1054,903,222,40:20:40,22:04:11,TRUE,f,2026-08-28T17:51:46.250Z,https://utmb.world/runner/6044114.adrien.viaud,145240.7,5:04:21,18260.82,27
1785,Florian VIGNOT,H,42,40-44M,FR,AIX ATHLE PROVENCE,516,1054,903,222,40:20:40,22:04:11,TRUE,f,2026-08-28T17:51:46.010Z,https://utmb.world/runner/595848.florian.vignot,145240.7,4:40:06,16805.71,27
1852,Marcela Evelyn ARIAS GAETA,F,38,35-39W,MX,Deporte hábitat,507,1056,152,47,40:21:41,22:05:12,TRUE,f,2026-08-28T17:52:43.270Z,https://utmb.world/runner/2447569.marcelaevelyn.ariasgaeta,145300.91,2:00:51,7250.92,27
879,Edouard COLLEU,H,38,35-39M,FR,NA,631,1057,905,193,40:21:58,22:05:29,TRUE,f,2026-08-28T17:50:07.420Z,https://utmb.world/runner/3101523.edouard.colleu,145318.06,3:00:29,10829.49,27
1691,Olivier PERRIER,H,53,50-54M,FR,UA Societe Generale,527,1058,906,76,40:22:44,22:06:15,TRUE,f,2026-08-28T17:50:01.320Z,https://utmb.world/runner/117437.olivier.perrier,145363.97,1:55:45,6945.27,27
1248,Franck MORIN,H,35,35-39M,FR,TEAM GAN ASSURANCES,578,1059,907,194,40:24:54,22:08:25,TRUE,f,2026-08-28T17:48:59.360Z,https://utmb.world/runner/3194613.franck.morin,145493.94,3:46:10,13569.97,27
1812,Konstantinos NTOLKAS,H,48,45-49M,GR,RITSONA TRAILS,515,1060,908,156,40:25:52,22:09:23,TRUE,f,2026-08-28T17:49:42.420Z,https://utmb.world/runner/56205.konstantinos.ntolkas,145551.7,2:52:58,10377.93,27
1237,Wojciech DLUBACZ,H,57,55-59M,PL,NA,580,1061,909,27,40:28:21,22:11:52,TRUE,f,2026-08-28T17:51:12.780Z,https://utmb.world/runner/366963.wojciech.dlubacz,145700.98,3:51:54,13913.93,27
268,Xiaoqing SUN,F,39,35-39W,HK,Kailas,651,1062,153,48,40:31:25,22:14:56,TRUE,f,2026-08-28T17:48:12.000Z,https://utmb.world/runner/4108939.xiaoqing.sun,145885.14,3:47:19,13639.47,27
2007,Guillaume SCELLIER,H,48,45-49M,FR,Villeurbanne Les Poulettes,497,1063,910,157,40:31:49,22:15:20,TRUE,f,2026-08-28T17:52:54.610Z,https://utmb.world/runner/4901410.guillaume.scellier,145908.65,3:59:33,14372.530000000002,27
2418,Alexis WILLIS,H,44,40-44M,FR,NA,443,1063,910,224,40:31:49,22:15:20,TRUE,f,2026-08-28T17:50:39.770Z,https://utmb.world/runner/10314.alexis.willis,145909.22,4:25:46,15945.550000000003,27
2008,Marc VALLET,H,43,40-44M,FR,NA,497,1065,912,225,40:33:35,22:17:06,TRUE,f,2026-08-28T17:52:33.360Z,https://utmb.world/runner/42336.marc.vallet,146015.53,3:25:16,12316.109999999999,27
2048,Alexander WORMALD,H,42,40-44M,GB,Endura Ohana,493,1066,913,226,40:34:37,22:18:08,TRUE,f,2026-08-28T17:52:33.340Z,https://utmb.world/runner/3175087.alexander.wormald,146077.03,3:19:15,11954.89,27
1050,Davut ALTUN,H,40,40-44M,TR,NA,600,1067,914,227,40:34:51,22:18:22,TRUE,f,2026-08-28T17:50:04.760Z,https://utmb.world/runner/5208432.davut.altun,146091.04,5:35:43,20142.829999999998,27
1644,Cedric BUSSEUIL,H,48,45-49M,FR,NA,533,1068,915,158,40:34:52,22:18:23,TRUE,f,2026-08-28T17:51:47.480Z,https://utmb.world/runner/4989512.cedric.busseuil,146091.88,4:05:31,14731.31,27
1392,Ana Maria CARRERES TORTOSA,F,51,50-54W,ES,Guerrers de Moixent,559,1069,154,14,40:35:11,22:18:42,TRUE,f,2026-08-28T17:49:00.870Z,https://utmb.world/runner/125141.anamaria.carrerestortosa,146110.91,3:23:02,12181.679999999998,27
1673,Sean CHAN,H,49,45-49M,AU,Hale running club,529,1070,916,159,40:35:21,22:18:52,TRUE,f,2026-08-28T17:50:45.530Z,https://utmb.world/runner/636843.sean.chan,146121.01,1:37:00,5819.83,27
1102,Jiyoung PARK,F,43,40-44W,KR,NA,596,1071,155,26,40:35:22,22:18:53,TRUE,f,2026-08-28T17:49:27.180Z,https://utmb.world/runner/1389563.jiyoung.park,146122.41,3:02:13,10933.27,27
1931,Daniele STRAZZER,H,44,40-44M,IT,scuola di maratona,503,1072,917,228,40:35:41,22:19:12,TRUE,f,2026-08-28T17:52:06.210Z,https://utmb.world/runner/973797.daniele.strazzer,146141.32,2:28:49,8928.68,27
1211,Miklos VICZENA,H,45,45-49M,HU,AMMO Sports Energy,583,1073,918,160,40:37:25,22:20:56,TRUE,f,2026-08-28T17:49:31.240Z,https://utmb.world/runner/4431642.miklos.viczena,146245.27,3:33:11,12791.16,27
2023,Will PASCARELLA,H,43,40-44M,US,NA,495,1074,919,229,40:39:30,22:23:01,TRUE,f,2026-08-28T17:49:55.780Z,https://utmb.world/runner/7221993.will.pascarella,146369.91,3:00:50,10850.41,27
1586,Aurelien FORGUES,H,46,45-49M,FR,NA,537,1075,920,161,40:39:43,22:23:14,TRUE,f,2026-08-28T17:50:12.800Z,https://utmb.world/runner/5527038.aurelien.forgues,146382.2,7:16:29,26189.16,27
1208,Mirco CARAFFA,H,49,45-49M,IT,Bergamo Stars,584,1076,921,162,40:40:00,22:23:31,TRUE,f,2026-08-28T17:51:25.270Z,https://utmb.world/runner/487931.mirco.caraffa,146400.25,3:01:08,10867.5,27
2142,Jérôme NOBILET,H,40,40-44M,FR,NA,481,1077,922,230,40:40:08,22:23:39,TRUE,f,2026-08-28T17:51:38.400Z,https://utmb.world/runner/658592.jerome.nobilet,146407.62,4:43:56,17036,27
300,Marcela RAMBOVÁ,F,52,50-54W,CZ,NA,638,1078,156,15,40:40:20,22:23:51,TRUE,f,2026-08-28T17:48:12.000Z,https://utmb.world/runner/658088.marcela.rambova,146420.87,2:09:13,7753.380000000001,27
2129,Josquin TESSON,H,41,40-44M,FR,ES COUERON,483,1078,923,231,40:40:20,22:23:51,TRUE,f,2026-08-28T17:51:42.200Z,https://utmb.world/runner/828622.josquin.tesson,146420.21,4:50:28,17428.420000000002,27
1094,Yannick BONIS,H,44,40-44M,FR,SC CHATEAURENARD,598,1080,924,232,40:40:54,22:24:25,TRUE,f,2026-08-28T17:49:24.790Z,https://utmb.world/runner/3696453.yannick.bonis,146453.97,3:20:37,12037.410000000002,27
2391,Jocelyn CORNICHE,H,56,55-59M,CH,NA,447,1081,925,28,40:41:32,22:25:03,TRUE,f,2026-08-28T17:53:00.730Z,https://utmb.world/runner/3483151.jocelyn.corniche,146492.13,4:09:15,14955.43,27
2599,Megan HAMILL,F,27,20-34W,IE,NA,400,1082,157,41,40:42:29,22:26:00,TRUE,f,2026-08-28T17:49:36.320Z,https://utmb.world/runner/7432689.megan.hamill,146549.11,4:45:23,17122.68,27
1833,Jose Manuel MARTINEZ ACOSTA,H,49,45-49M,ES,Club Ciclista Majadahonda,513,1083,926,163,40:42:43,22:26:14,TRUE,f,2026-08-28T17:51:42.420Z,https://utmb.world/runner/3179469.josemanuel.martinezacosta,146563.2,2:55:47,10547.460000000001,27
2195,Sergey KARTAVY,H,49,45-49M,AN,NA,474,1084,927,164,40:42:54,22:26:25,TRUE,f,2026-08-28T17:50:18.390Z,https://utmb.world/runner/4008819.sergey.kartavy,146574.3,2:29:01,8941.26,27
1639,Sébastien LE CORRE,H,43,40-44M,FR,ACC Ramonville,534,1085,928,233,40:42:59,22:26:30,TRUE,f,2026-08-28T17:49:22.560Z,https://utmb.world/runner/2525899.sebastien.lecorre,146579.17,4:21:03,15662.629999999997,27
1970,Pierre FRACHETTE,H,32,20-34M,FR,NA,500,1086,929,226,40:43:49,22:27:20,TRUE,f,2026-08-28T17:51:31.270Z,https://utmb.world/runner/504375.pierre.frachette,146629.21,3:15:26,11725.830000000002,27
1733,Erik JOHANSSON,H,49,45-49M,ES,NA,523,1087,930,165,40:43:51,22:27:22,TRUE,f,2026-08-28T17:49:37.200Z,https://utmb.world/runner/5056305.erik.johansson,146631.07,3:19:51,11990.99,27
1056,Suha AKMAN,H,46,45-49M,TR,Bold Union,605,1088,931,166,40:44:41,22:28:12,TRUE,f,2026-08-28T17:50:09.800Z,https://utmb.world/runner/1387743.suha.akman,146680.7,9:09:59,32998.75,27
956,Oray GUNGOR,H,46,45-49M,TR,NA,619,1089,932,167,40:44:52,22:28:23,TRUE,f,2026-08-28T17:49:58.080Z,https://utmb.world/runner/2411025.oray.gungor,146692.66,9:21:05,33665.47,27
1606,Matevž PERME,H,33,20-34M,SI,AK Pivka,538,1090,933,227,40:45:08,22:28:39,TRUE,f,2026-08-28T17:52:34.790Z,https://utmb.world/runner/3065199.matevz.perme,146707.7,1:29:16,5356.01,27
2209,Pablo MACHUCA JANINI,H,55,55-59M,ES,NA,474,1091,934,29,40:45:25,22:28:56,TRUE,f,2026-08-28T17:51:40.350Z,https://utmb.world/runner/606682.pablo.machucajanini,146725.18,2:33:20,9200.01,27
1638,Fanny BARBARA,F,35,35-39W,FR,stade Bagnerais athlétisme,534,1092,158,49,40:45:43,22:29:14,TRUE,f,2026-08-28T17:48:34.000Z,https://utmb.world/runner/1928745.fanny.barbara,146743.54,3:37:34,13053.64,27
1614,Richard BRAY,H,45,45-49M,NZ,Haslemere Border Athletics Club,536,1093,935,168,40:46:15,22:29:46,TRUE,f,2026-08-28T17:49:06.500Z,https://utmb.world/runner/241296.richard.bray,146774.7,2:51:10,10269.75,27
1892,Mercè SUBILS TORRAS,F,48,45-49W,ES,Club Excursionista Esparreguera,506,1094,159,22,40:46:34,22:30:05,TRUE,f,2026-08-28T17:52:43.950Z,https://utmb.world/runner/448833.merce.subilstorras,146793.71,3:22:48,12167.789999999999,27
1694,Joan DELGADO ALCALA,H,49,45-49M,ES,NA,526,1095,936,169,40:46:37,22:30:08,TRUE,f,2026-08-28T17:52:43.400Z,https://utmb.world/runner/5568985.joan.delgadoalcala,146796.73,3:21:03,12063.44,27
963,Tamas HARSANYI,H,34,20-34M,HU,NA,618,1096,937,228,40:47:45,22:31:16,TRUE,f,2026-08-28T17:49:58.620Z,https://utmb.world/runner/1131703.tamas.harsanyi,146864.83,4:19:05,15545.01,27
1715,Jorge Luis RODRIGUEZ ZAMORA,H,55,55-59M,ES,C.D. SAN URBANO,524,1097,938,30,40:48:20,22:31:51,TRUE,f,2026-08-28T17:50:11.560Z,https://utmb.world/runner/1306841.jorgeluis.rodriguezzamora,146899.73,2:55:59,10559.2,27
2343,Véronique L'HÔTE,F,51,50-54W,FR,OCTRAIL,455,1098,160,16,40:49:08,22:32:39,TRUE,f,2026-08-28T17:49:49.240Z,https://utmb.world/runner/419620.veronique.lhote,146948.62,2:50:13,10213.300000000001,27
1128,Steeve BERTAZZONI,H,50,50-54M,FR,NA,594,1099,939,77,40:49:29,22:33:00,TRUE,f,2026-08-28T17:51:17.570Z,https://utmb.world/runner/344463.steeve.bertazzoni,146968.89,2:54:28,10467.799999999997,27
1621,Mariola DOMENECH PASTOR,F,37,35-39W,ES,Club Atletismo Alcoy,534,1100,161,50,40:50:54,22:34:25,TRUE,f,2026-08-28T17:51:22.400Z,https://utmb.world/runner/708423.mariola.domenechpastor,147054.16,3:28:00,12479.5,27
1925,Antoine AUGE,H,53,50-54M,FR,NA,503,1101,940,78,40:51:46,22:35:17,TRUE,f,2026-08-28T17:49:46.490Z,https://utmb.world/runner/72662.antoine.auge,147105.81,3:36:27,12987.240000000003,27
2258,Toby DURNALL,H,54,50-54M,GB,Inspire Action,467,1102,941,79,40:51:51,22:35:22,TRUE,f,2026-08-28T17:49:50.400Z,https://utmb.world/runner/4029474.toby.durnall,147111.56,4:06:00,14760.009999999998,27
1788,Leanne BRETT,F,50,50-54W,NZ,NA,517,1103,162,17,40:52:18,22:35:49,TRUE,f,2026-08-28T17:49:57.560Z,https://utmb.world/runner/615231.leanne.brett,147138.21,4:06:59,14818.740000000002,27
969,Michael TAYLOR,H,54,50-54M,AU,NA,617,1104,942,80,40:52:19,22:35:50,TRUE,f,2026-08-28T17:49:56.810Z,https://utmb.world/runner/1912309.michael.taylor,147139.02,4:20:28,15628.050000000001,27
1783,Luc JOLLER,H,49,45-49M,CH,Cornalin Racing Team,517,1105,943,170,40:52:30,22:36:01,TRUE,f,2026-08-28T17:52:39.380Z,https://utmb.world/runner/4162884.luc.joller,147150.35,3:24:52,12292.04,27
1046,Serge HILTPOLD,H,55,55-59M,CH,NA,607,1106,944,31,40:52:40,22:36:11,TRUE,f,2026-08-28T17:52:38.120Z,https://utmb.world/runner/980775.serge.hiltpold,147159.89,3:50:41,13841.13,27
1553,Sébastien CUSTOT,H,44,40-44M,CH,NA,542,1106,944,234,40:52:40,22:36:11,TRUE,f,2026-08-28T17:52:39.080Z,https://utmb.world/runner/335642.sebastien.custot,147160.31,3:39:49,13189.480000000003,27
2027,Quentin DELOHEN,H,48,45-49M,CH,NA,496,1108,946,171,40:52:42,22:36:13,TRUE,f,2026-08-28T17:52:36.060Z,https://utmb.world/runner/1722189.quentin.delohen,147162.13,3:35:04,12904.44,27
1415,Yulan WU,F,36,35-39W,CN,G2QRXV,556,1109,163,51,40:53:17,22:36:48,TRUE,f,2026-08-28T17:51:04.570Z,https://utmb.world/runner/5226738.yulan.wu,147196.86,4:33:48,16428.28,27
1297,Finn AMUNDSEN,H,32,20-34M,NO,NA,570,1110,947,229,40:53:32,22:37:03,TRUE,f,2026-08-28T17:52:29.570Z,https://utmb.world/runner/6513833.finn.amundsen,147212.09,4:28:15,16095.480000000001,27
2122,Alexandre PRUDON,H,43,40-44M,FR,DX GROUPE,484,1111,948,235,40:54:05,22:37:36,TRUE,f,2026-08-28T17:52:30.070Z,https://utmb.world/runner/10491.alexandre.prudon,147244.93,3:59:44,14383.84,27
1375,Gonzalo GIULI,H,42,40-44M,AR,KIPRE INTEGRAL,561,1112,949,236,40:54:29,22:38:00,TRUE,f,2026-08-28T17:51:15.570Z,https://utmb.world/runner/4398230.gonzalo.giuli,147268.94,4:52:22,17541.94,27
1984,Roberto SAN MIGUEL MAYO,H,61,60-64M,ES,no tengo,499,1113,950,9,40:54:57,22:38:28,TRUE,f,2026-08-28T17:50:21.020Z,https://utmb.world/runner/124401.roberto.sanmiguelmayo,147297.65,2:16:32,8192.15,27
1521,Shohei OKU,H,39,35-39M,JP,SOYUKAI,618,1114,951,195,40:55:02,22:38:33,TRUE,f,2026-08-28T17:49:23.620Z,https://utmb.world/runner/2172667.shohei.oku,147301.67,4:38:25,16705.300000000003,27
1613,Fátima GONÇALVES,F,59,55-59W,PT,O Mundo da Corrida,536,1114,164,5,40:55:02,22:38:33,TRUE,f,2026-08-28T17:49:10.900Z,https://utmb.world/runner/420408.fatima.goncalves,147301.35,2:48:19,10099.4,27
1603,Shirhaan HAMEED,H,48,45-49M,MV,Springwell Running Club,538,1116,952,172,40:55:29,22:39:00,TRUE,f,2026-08-28T17:50:04.090Z,https://utmb.world/runner/4878695.shirhaan.hameed,147329.55,3:24:57,12297.04,27
2025,Yoann BENOIT,H,36,35-39M,FR,NA,495,1117,953,196,40:55:58,22:39:29,TRUE,f,2026-08-28T17:52:31.870Z,https://utmb.world/runner/3976636.yoann.benoit,147357.55,4:04:49,14689.29,27
1117,Jean Baptiste DUMONT,H,41,40-44M,FR,NA,596,1118,954,237,40:56:31,22:40:02,TRUE,f,2026-08-28T17:51:58.370Z,https://utmb.world/runner/285764.jeanbaptiste.dumont,147390.81,3:21:21,12081.23,27
821,Naoki TANAKA,H,48,45-49M,JP,TOMO'S PIT,643,1119,955,173,40:56:53,22:40:24,TRUE,f,2026-08-28T17:49:06.730Z,https://utmb.world/runner/2387219.naoki.tanaka,147412.27,5:56:59,21419.089999999997,27
666,Mohammadalee BINLATEH,H,46,45-49M,TH,NA,692,1120,956,174,40:57:35,22:41:06,TRUE,f,2026-08-28T17:50:46.460Z,https://utmb.world/runner/4041936.mohammadalee.binlateh,147454.75,1:51:44,6703.82,27
1760,Richard NUNAN,H,57,55-59M,IE,NA,517,1121,957,32,40:58:31,22:42:02,TRUE,f,2026-08-28T17:51:23.390Z,https://utmb.world/runner/194166.richard.nunan,147511.06,4:27:46,16066.42,27
1876,Gwangsoon CHOI,H,55,55-59M,US,NA,508,1122,958,33,40:58:52,22:42:23,TRUE,f,2026-08-28T17:52:13.700Z,https://utmb.world/runner/6033388.gwangsoon.choi,147531.85,1:19:01,4741.05,27
1253,Alexandre DEMANET,H,47,45-49M,FR,JeffBTrail,576,1123,959,175,40:59:20,22:42:51,TRUE,f,2026-08-28T17:50:41.640Z,https://utmb.world/runner/1424533.alexandre.demanet,147560.22,3:17:44,11864.49,27
1723,Volker LÖCHTE,H,48,45-49M,DE,Teuto Runner,524,1124,960,176,41:01:04,22:44:35,TRUE,f,2026-08-28T17:51:10.500Z,https://utmb.world/runner/1995935.volker.lochte,147664.13,3:37:38,13057.76,27
1965,Rossano ANTONINI,H,43,40-44M,IT,WERUN,501,1125,961,238,41:03:26,22:46:57,TRUE,f,2026-08-28T17:52:45.770Z,https://utmb.world/runner/5148924.rossano.antonini,147805.54,4:18:27,15506.899999999998,27
2287,Justine THIEBAUT,F,32,20-34W,FR,NA,463,1126,165,42,41:03:32,22:47:03,TRUE,f,2026-08-28T17:49:22.030Z,https://utmb.world/runner/4049158.justine.thiebaut,147812.86,2:11:27,7886.5,27
2374,Jean-Philippe DEVAUX,H,55,55-59M,FR,NA,450,1127,962,34,41:04:05,22:47:36,TRUE,f,2026-08-28T17:52:59.370Z,https://utmb.world/runner/243805.jeanphilippe.devaux,147845.02,3:11:29,11489.28,27
2133,Julien FOUET,H,47,45-49M,FR,NA,483,1128,963,177,41:06:01,22:49:32,TRUE,f,2026-08-28T17:51:09.550Z,https://utmb.world/runner/5042360.julien.fouet,147961.11,3:05:23,11122.98,27
687,Manfred SUSTRATE,H,31,20-34M,DE,TSV Niederelsungen/ Berufsfeuerwehr Kassel,682,1129,964,230,41:06:28,22:49:59,TRUE,f,2026-08-28T17:52:05.050Z,https://utmb.world/runner/5062179.manfred.sustrate,147988.57,2:30:08,9008.289999999999,27
2309,Ihor STRATAN,H,40,40-44M,US,NA,460,1130,965,239,41:07:12,22:50:43,TRUE,f,2026-08-28T17:49:57.070Z,https://utmb.world/runner/3043323.ihor.stratan,148032.69,4:31:24,16284.289999999997,27
2146,Sergio JIMÉNEZ OLMO,H,46,45-49M,ES,LANASPA RUNNING CLUB,480,1131,966,178,41:07:17,22:50:48,TRUE,f,2026-08-28T17:51:45.310Z,https://utmb.world/runner/2371595.sergio.jimenezolmo,148037.48,2:28:44,8923.57,27
1773,Benoit GUITAUT,H,52,50-54M,FR,ASJ74,516,1132,967,81,41:08:05,22:51:36,TRUE,f,2026-08-28T17:50:55.090Z,https://utmb.world/runner/42382.benoit.guitaut,148085.54,4:45:21,17121.46,27
2040,Piotr CISKI,H,52,50-54M,PL,TRF,494,1133,968,82,41:09:34,22:53:05,TRUE,f,2026-08-28T17:51:41.760Z,https://utmb.world/runner/813735.piotr.ciski,148173.95,2:28:18,8897.71,27
895,Daniele MANTOVANI,H,39,35-39M,IT,NA,643,1134,969,197,41:09:40,22:53:11,TRUE,f,2026-08-28T17:50:47.180Z,https://utmb.world/runner/1435519.daniele.mantovani,148180.29,5:07:14,18433.93,27
771,Valentin GROSSE,H,35,35-39M,FR,Altkirch Athlé Sundgau,658,1135,970,198,41:09:46,22:53:17,TRUE,f,2026-08-28T17:50:19.860Z,https://utmb.world/runner/4217572.valentin.grosse,148185.19,4:23:02,15782.11,27
2342,Thierry GRELLIER,H,54,50-54M,FR,NA,454,1136,971,83,41:10:26,22:53:57,TRUE,f,2026-08-28T17:50:23.160Z,https://utmb.world/runner/635012.thierry.grellier,148225.84,5:20:58,19257.58,27
1530,Andrew GLAZE,H,48,45-49M,US,NA,543,1137,972,179,41:11:33,22:55:04,TRUE,f,2026-08-28T17:49:06.980Z,https://utmb.world/runner/573231.andrew.glaze,148292.79,2:27:05,8825,27
1263,Michael SULLIVAN,H,69,65-69M,AU,Snowy Mtns Trail Runners,576,1138,973,1,41:13:12,22:56:43,TRUE,f,2026-08-28T17:50:20.300Z,https://utmb.world/runner/1194427.michael.sullivan,148391.72,3:09:20,11359.740000000002,27
1505,Josiane Otilia De Souza KALFELTZ,F,45,45-49W,BR,WR,548,1139,166,23,41:13:39,22:57:10,TRUE,f,2026-08-28T17:49:25.290Z,https://utmb.world/runner/4248999.josianeotiliadesouza.kalfeltz,148419.22,2:30:22,9021.72,27
1728,Cyril BOSSAVIE,H,37,35-39M,FR,Ricard et Nibards,523,1140,974,199,41:13:52,22:57:23,TRUE,f,2026-08-28T17:49:59.280Z,https://utmb.world/runner/842180.cyril.bossavie,148432.34,4:31:43,16303.43,27
2001,Kazuhiro TAMAKI,H,52,50-54M,JP,no,500,1141,975,84,41:14:50,22:58:21,TRUE,f,2026-08-28T17:52:57.250Z,https://utmb.world/runner/4502176.kazuhiro.tamaki,148490.2,2:18:40,8320.31,27
2307,Moisés CARMONA TORRES,H,48,45-49M,BR,Carmona,460,1142,976,180,41:16:10,22:59:41,TRUE,f,2026-08-28T17:49:28.270Z,https://utmb.world/runner/3614295.moises.carmonatorres,148570.38,3:30:10,12609.880000000001,27
1904,Jaime DAWES,F,48,45-49W,US,NA,505,1143,167,24,41:16:19,22:59:50,TRUE,f,2026-08-28T17:52:49.470Z,https://utmb.world/runner/1878411.jaime.dawes,148579.51,3:26:55,12415.26,27
1997,Luis Pedro CALVO PRUSEN,H,50,50-54M,ES,NA,498,1144,977,85,41:17:21,23:00:52,TRUE,f,2026-08-28T17:51:33.560Z,https://utmb.world/runner/560420.luispedro.calvoprusen,148640.96,1:45:44,6343.5999999999995,27
1559,David BRADLEY-JONES,H,52,50-54M,GB,NA,541,1145,978,86,41:18:23,23:01:54,TRUE,f,2026-08-28T17:49:25.320Z,https://utmb.world/runner/1954629.david.bradleyjones,148702.86,3:57:02,14222.080000000002,27
1828,Sam CHOROSZEWSKI,H,30,20-34M,GB,NA,521,1146,979,231,41:19:39,23:03:10,TRUE,f,2026-08-28T17:49:51.580Z,https://utmb.world/runner/4319410.sam.choroszewski,148778.63,3:06:50,11210.039999999999,27
1646,Axel VAGANAY,H,46,45-49M,FR,NA,533,1147,980,181,41:20:36,23:04:07,TRUE,f,2026-08-28T17:51:31.680Z,https://utmb.world/runner/1803411.axel.vaganay,148835.77,3:05:34,11134.32,27
2096,Susan LANG,F,55,55-59W,US,SU Runners Club,486,1148,168,6,41:22:01,23:05:32,TRUE,f,2026-08-28T17:50:04.320Z,https://utmb.world/runner/5350671.susan.lang,148920.9,3:57:19,14238.83,27
1958,Ludvig DICKMAN,H,40,40-44M,SE,Åkersberga SK,498,1149,981,240,41:23:54,23:07:25,TRUE,f,2026-08-28T17:49:07.880Z,https://utmb.world/runner/4536729.ludvig.dickman,149033.77,4:07:45,14864.630000000001,27
1978,Laurent ROUSSET,H,50,50-54M,FR,AAA DU LYONNAIS,500,1150,982,87,41:25:54,23:09:25,TRUE,f,2026-08-28T17:50:46.690Z,https://utmb.world/runner/181530.laurent.rousset,149153.42,3:12:52,11571.98,27
1944,Pedro DIAZ,H,52,50-54M,ES,Escola Trail Barcelona,502,1151,983,88,41:27:09,23:10:40,TRUE,f,2026-08-28T17:51:39.990Z,https://utmb.world/runner/154429.pedro.diaz,149228.95,4:40:36,16835.61,27
1713,Greg PLIER,H,49,45-49M,AU,Melbourne Midday Milers,525,1152,984,182,41:27:23,23:10:54,TRUE,f,2026-08-28T17:49:16.350Z,https://utmb.world/runner/3354183.greg.plier,149243.45,4:39:55,16794.89,27
786,Kaito NIWA,H,29,20-34M,JP,Celtic Diekirch,650,1153,985,232,41:28:36,23:12:07,TRUE,f,2026-08-28T17:48:57.530Z,https://utmb.world/runner/5619645.kaito.niwa,149315.58,2:40:29,9629.12,27
1885,Guillaume HASSAINI,H,33,20-34M,FR,NA,507,1154,986,233,41:29:06,23:12:37,TRUE,f,2026-08-28T17:50:21.800Z,https://utmb.world/runner/2659741.guillaume.hassaini,149345.67,5:17:11,19031.21,27
1385,Thomas BOUCHARD,H,40,40-44M,FR,SAM MERIGNAC,560,1155,987,241,41:29:09,23:12:40,TRUE,f,2026-08-28T17:50:28.990Z,https://utmb.world/runner/117124.thomas.bouchard,149348.67,5:21:18,19277.57,27
1686,David JEANJEAN,H,56,55-59M,FR,SAINT-SERIES POUR TOUS,527,1156,988,35,41:29:39,23:13:10,TRUE,f,2026-08-28T17:50:32.200Z,https://utmb.world/runner/328657.david.jeanjean,149379.17,3:42:12,13331.749999999998,27
2507,Willem WEEDA,H,40,40-44M,NL,None,421,1157,989,242,41:30:43,23:14:14,TRUE,f,2026-08-28T17:52:18.970Z,https://utmb.world/runner/5351501.willem.weeda,149442.22,2:52:30,10349.619999999999,27
1225,Thomas SPORER,H,49,45-49M,DE,Maratom.TV,514,1158,990,183,41:30:50,23:14:21,TRUE,f,2026-08-28T17:52:21.690Z,https://utmb.world/runner/18926.thomas.sporer,149449.93,3:37:36,13055.66,27
1398,Joanna KOWAL,F,33,20-34W,PL,NA,558,1159,169,43,41:31:20,23:14:51,TRUE,f,2026-08-28T17:52:31.680Z,https://utmb.world/runner/6297972.joanna.kowal,149479.92,3:30:04,12603.670000000002,27
1675,Mederic LANGLET,H,31,20-34M,FR,Team Chouquette,529,1160,991,234,41:32:18,23:15:49,TRUE,f,2026-08-28T17:52:16.490Z,https://utmb.world/runner/4451456.mederic.langlet,149538.49,3:52:33,13952.57,27
1670,Mathias SANVOISIN,H,42,40-44M,FR,NA,529,1161,992,243,41:33:14,23:16:45,TRUE,f,2026-08-28T17:51:39.690Z,https://utmb.world/runner/886997.mathias.sanvoisin,149593.63,6:19:48,22788.04,27
2299,Atsushi OGINO,H,51,50-54M,JP,NA,461,1162,993,89,41:33:46,23:17:17,TRUE,f,2026-08-28T17:51:19.380Z,https://utmb.world/runner/741306.atsushi.ogino,149626.49,3:16:40,11799.660000000002,27
2371,Marc FLEURY,H,55,55-59M,FR,ACS SANTENY,450,1163,994,36,41:34:56,23:18:27,TRUE,f,2026-08-28T17:52:35.870Z,https://utmb.world/runner/1227055.marc.fleury,149695.42,2:35:43,9342.52,27
1327,Jordan BOUVIER,H,34,20-34M,FR,D.Pulse,566,1164,995,235,41:35:46,23:19:17,TRUE,f,2026-08-28T17:49:01.970Z,https://utmb.world/runner/4586882.jordan.bouvier,149745.8,7:16:42,26202.300000000003,27
2101,Daniele FACCIA,H,43,40-44M,IT,A.S.D PAM MONDOVÌ- CHIUSA PESIO,486,1165,996,244,41:35:50,23:19:21,TRUE,f,2026-08-28T17:52:22.340Z,https://utmb.world/runner/5350638.daniele.faccia,149750.21,1:40:11,6011.26,27
1441,Rafał JOŃCZYK,H,49,45-49M,PL,JacekBiega Running Team,554,1166,997,184,41:36:51,23:20:22,TRUE,f,2026-08-28T17:52:18.270Z,https://utmb.world/runner/2606825.rafal.jonczyk,149811.67,4:58:56,17935.79,27
1270,Fabrice RENAULT,H,53,50-54M,FR,4S,576,1167,998,90,41:37:19,23:20:50,TRUE,f,2026-08-28T17:52:33.340Z,https://utmb.world/runner/640089.fabrice.renault,149839.09,3:11:16,11476.039999999999,27
1888,Danyang LI,F,35,35-39W,CN,Running Panda,507,1168,170,52,41:37:22,23:20:53,TRUE,f,2026-08-28T17:51:48.810Z,https://utmb.world/runner/712734.danyang.li,149841.37,4:35:39,16539.47,27
1285,Julien RODALLEC,H,46,45-49M,FR,RAID FS,573,1169,999,185,41:37:37,23:21:08,TRUE,f,2026-08-28T17:52:27.830Z,https://utmb.world/runner/810298.julien.rodallec,149856.6,4:02:15,14535.32,27
1053,Régis CAMPION,H,43,40-44M,FR,RAID FS,606,1170,1000,245,41:37:39,23:21:10,TRUE,f,2026-08-28T17:52:26.220Z,https://utmb.world/runner/238786.regis.campion,149859.23,3:55:34,14133.91,27
1532,Julio Cesar GOMEZ AGUILAR,H,36,35-39M,MX,Ninguno,545,1171,1001,200,41:38:16,23:21:47,TRUE,f,2026-08-28T17:49:37.420Z,https://utmb.world/runner/6813899.juliocesar.gomezaguilar,149896.32,2:25:48,8748.33,27
2226,Joerg HANEL,H,57,55-59M,DE,NA,470,1172,1002,37,41:38:33,23:22:04,TRUE,f,2026-08-28T17:50:50.290Z,https://utmb.world/runner/4445596.joerg.hanel,149912.92,3:23:21,12201.07,27
2044,Marc LONGARON,H,58,55-59M,ES,Pardals de Regencos,493,1173,1003,38,41:38:36,23:22:07,TRUE,f,2026-08-28T17:52:34.500Z,https://utmb.world/runner/191481.marc.longaron,149916.3,5:33:00,19980.13,27
1900,Jean-Paul HUETTE,H,64,60-64M,FR,A3Alençon,506,1174,1004,10,41:38:49,23:22:20,TRUE,f,2026-08-28T17:52:29.290Z,https://utmb.world/runner/1431039.jeanpaul.huette,149929.47,3:15:22,11721.93,27
2088,David BOHERS,H,49,45-49M,FR,NA,488,1175,1005,186,41:39:28,23:22:59,TRUE,f,2026-08-28T17:50:56.550Z,https://utmb.world/runner/4209873.david.bohers,149967.68,4:08:39,14918.599999999999,27
1576,Roland BARBIER,H,47,45-49M,FR,Anonymous Runners,540,1176,1006,187,41:39:48,23:23:19,TRUE,f,2026-08-28T17:50:19.050Z,https://utmb.world/runner/180841.roland.barbier,149988.57,2:50:42,10241.970000000001,27
1919,Grzegorz GARBIEN,H,50,50-54M,PL,G.O.A.T. Team,504,1177,1007,91,41:41:55,23:25:26,TRUE,f,2026-08-28T17:51:15.330Z,https://utmb.world/runner/4147092.grzegorz.garbien,150114.81,3:39:36,13176.02,27
2013,Benoit BURNIER,H,39,35-39M,FR,NA,497,1178,1008,201,41:44:02,23:27:33,TRUE,f,2026-08-28T17:52:48.960Z,https://utmb.world/runner/1255125.benoit.burnier,150241.98,5:17:15,19035.489999999998,27
795,Julien JAGER,H,26,20-34M,FR,CMBM,650,1179,1009,236,41:45:01,23:28:32,TRUE,f,2026-08-28T17:51:58.400Z,https://utmb.world/runner/2154307.julien.jager,150300.92,4:23:29,15809.49,27
1380,Roberto GAMBA,H,56,55-59M,IT,LA VETTA RUNNING,560,1180,1010,39,41:47:51,23:31:22,TRUE,f,2026-08-28T17:51:06.730Z,https://utmb.world/runner/1738997.roberto.gamba,150470.29,4:21:05,15664.61,27
1367,Pansak BOONKONG,H,43,40-44M,TH,CORE V POW,562,1181,1011,246,41:48:05,23:31:36,TRUE,f,2026-08-28T17:52:04.130Z,https://utmb.world/runner/1953465.pansak.boonkong,150485.71,4:29:26,16165.849999999999,27
2201,Dakun SHI,H,40,40-44M,CN,NA,473,1182,1012,247,41:48:32,23:32:03,TRUE,f,2026-08-28T17:51:51.720Z,https://utmb.world/runner/2585007.dakun.shi,150511.32,2:23:57,8636.61,27
2059,Sylvain BERNARDEAU,H,49,45-49M,FR,Jogging Loisir Orgères,492,1183,1013,188,41:48:38,23:32:09,TRUE,f,2026-08-28T17:51:21.490Z,https://utmb.world/runner/2370333.sylvain.bernardeau,150518.46,3:11:20,11479.85,27
1135,Ilya DYUKOV,H,45,45-49M,AN,Beganutie,593,1184,1014,189,41:48:39,23:32:10,TRUE,f,2026-08-28T17:52:52.670Z,https://utmb.world/runner/4306520.ilya.dyukov,150518.43,4:28:42,16121.949999999999,27
1739,Andrei TARASENKO,H,45,45-49M,AN,TRS,522,1184,1014,189,41:48:39,23:32:10,TRUE,f,2026-08-28T17:52:51.950Z,https://utmb.world/runner/4109743.andrei.tarasenko,150518.49,4:11:05,15065.29,27
2068,Xin REN,F,40,40-44W,CN,NA,490,1186,171,27,41:49:30,23:33:01,TRUE,f,2026-08-28T17:51:36.780Z,https://utmb.world/runner/5738229.xin.ren,150569.74,3:59:21,14361.34,27
1878,Jerome GUDEFIN,H,48,45-49M,FR,TEAM ENDURANCE TRAIL,508,1187,1016,191,41:49:49,23:33:20,TRUE,f,2026-08-28T17:52:43.620Z,https://utmb.world/runner/2386715.jerome.gudefin,150588.6,3:12:54,11574.09,27
1938,Franck FIOLLET,H,57,55-59M,FR,team endurance trail,502,1188,1017,40,41:49:51,23:33:22,TRUE,f,2026-08-28T17:52:43.260Z,https://utmb.world/runner/5529875.franck.fiollet,150591.61,3:31:11,12670.55,27
1452,Ka Chun LI,H,30,20-34M,HK,The Peak Hunter,553,1189,1018,237,41:49:54,23:33:25,TRUE,f,2026-08-28T17:50:38.580Z,https://utmb.world/runner/4860066.kachun.li,150594.11,5:27:26,19645.67,27
939,Danushka SONNADARAGE,H,25,20-34M,LK,Nottingham Triathlon Club / GC Athletics / ETT / CNR,622,1190,1019,238,41:50:30,23:34:01,TRUE,f,2026-08-28T17:51:09.520Z,https://utmb.world/runner/6629022.danushka.sonnadarage,150630.28,4:35:07,16507.489999999998,27
2407,Yang ZHOU,H,41,40-44M,CN,NA,445,1191,1020,248,41:50:53,23:34:24,TRUE,f,2026-08-28T17:50:31.550Z,https://utmb.world/runner/796957.yang.zhou,150652.55,3:47:24,13643.980000000001,27
1668,Boštjan KAMENŠEK,H,48,45-49M,SI,Pohorska trail banda,530,1192,1021,192,41:51:05,23:34:36,TRUE,f,2026-08-28T17:52:21.860Z,https://utmb.world/runner/1852335.bostjan.kamensek,150664.4,3:24:21,12261.14,27
2143,Thomas WALTHER,H,43,40-44M,DE,Nordkurve Nürnberg,481,1193,1022,249,41:51:27,23:34:58,TRUE,f,2026-08-28T17:49:43.340Z,https://utmb.world/runner/62961.thomas.walther,150687.46,5:27:14,19633.53,27
2436,Omer LORY,H,49,45-49M,IL,NA,441,1194,1023,193,41:51:48,23:35:19,TRUE,f,2026-08-28T17:51:59.490Z,https://utmb.world/runner/2471983.omer.lory,150708.26,2:48:25,10104.84,27
1423,Jumpei KAWAUCHI,H,50,50-54M,JP,ONO-REN,556,1195,1024,92,41:52:13,23:35:44,TRUE,f,2026-08-28T17:51:21.070Z,https://utmb.world/runner/4311417.jumpei.kawauchi,150733.09,3:46:45,13605.380000000001,27
1761,Hélène LERNOULD,F,61,60-64W,FR,SCUF,519,1196,172,2,41:52:45,23:36:16,TRUE,f,2026-08-28T17:51:50.580Z,https://utmb.world/runner/488991.helene.lernould,150765.4,4:00:55,14454.6,27
228,Anne HAND,F,43,40-44W,AU,The Goat Farm,665,1197,173,28,41:52:52,23:36:23,TRUE,f,2026-08-28T17:48:12.000Z,https://utmb.world/runner/4805130.anne.hand,150772.35,2:12:37,7957.32,27
1964,Nicolas BAZIN DELESTREZ,H,34,20-34M,FR,DUC ARMY,501,1198,1025,239,41:53:42,23:37:13,TRUE,f,2026-08-28T17:50:02.900Z,https://utmb.world/runner/1177351.nicolas.bazindelestrez,150821.47,4:49:05,17345.34,27
1799,Frederic MAGNIEN,H,59,55-59M,FR,ANNECY RUNNING CLUB,515,1199,1026,41,41:54:57,23:38:28,TRUE,f,2026-08-28T17:51:16.640Z,https://utmb.world/runner/3392439.frederic.magnien,150897.17,3:06:17,11177.39,27
1370,Wei LIU,H,43,40-44M,CN,NA,562,1200,1027,250,41:55:10,23:38:41,TRUE,f,2026-08-28T17:51:37.270Z,https://utmb.world/runner/745035.wei.liu,150909.98,5:49:24,20964.440000000002,27
2472,Mei YANG,F,53,50-54W,CA,NA,434,1201,174,18,41:55:15,23:38:46,TRUE,f,2026-08-28T17:52:25.870Z,https://utmb.world/runner/7745075.mei.yang,150914.22,3:53:08,13987.560000000001,27
1983,Wei ZHANG,F,60,60-64W,US,BURN,489,1202,175,3,41:56:07,23:39:38,TRUE,f,2026-08-28T17:51:16.400Z,https://utmb.world/runner/5037895.wei.zhang,150967.29,1:36:57,5816.64,27
1780,Nicolas TARDY,H,44,40-44M,FR,NA,517,1203,1028,251,41:57:00,23:40:31,TRUE,f,2026-08-28T17:52:55.810Z,https://utmb.world/runner/28032.nicolas.tardy,151019.59,4:40:43,16843.27,27
1418,Laurent ZAZA,H,43,40-44M,FR,Les 3 Traileurs ,556,1204,1029,252,41:57:50,23:41:21,TRUE,f,2026-08-28T17:52:19.250Z,https://utmb.world/runner/3377063.laurent.zaza,151069.84,5:20:44,19244.33,27
1290,Guillaume LÖRCHNER,H,41,40-44M,FR,NA,571,1205,1030,253,41:58:04,23:41:35,TRUE,f,2026-08-28T17:52:50.730Z,https://utmb.world/runner/1650491.guillaume.lorchner,151084.25,5:46:44,20804.429999999997,27
1103,Matt CLARK,H,45,45-49M,GB,NA,594,1206,1031,194,41:58:31,23:42:02,TRUE,f,2026-08-28T17:51:49.320Z,https://utmb.world/runner/4969180.matt.clark,151111.67,2:20:54,8454.289999999999,27
1393,Lara MEYER,F,35,35-39W,FR,Lemongrass,559,1207,176,53,41:59:39,23:43:10,TRUE,f,2026-08-28T17:50:07.480Z,https://utmb.world/runner/809768.lara.meyer,151179.16,2:47:36,10055.77,27
2080,Victoria CARA,F,34,20-34W,MD,NA,489,1208,177,44,42:00:13,23:43:44,TRUE,f,2026-08-28T17:49:56.400Z,https://utmb.world/runner/5758990.victoria.cara,151213.18,5:26:01,19560.59,27
1689,Antonio RENNA,H,53,50-54M,IT,ASD Splendor 1922,527,1209,1032,93,42:00:17,23:43:48,TRUE,f,2026-08-28T17:52:07.430Z,https://utmb.world/runner/3560907.antonio.renna,151216.83,4:49:59,17398.79,27
2271,Jean Vincent FLORY,H,46,45-49M,FR,jogging laverune,464,1210,1033,195,42:01:45,23:45:16,TRUE,f,2026-08-28T17:50:57.990Z,https://utmb.world/runner/2014175.jeanvincent.flory,151304.06,3:04:44,11084.43,27
2318,Laurent DUSSEAU,H,50,50-54M,FR,Athlétique Club Reolais,458,1210,1033,94,42:01:45,23:45:16,TRUE,f,2026-08-28T17:48:58.480Z,https://utmb.world/runner/2399383.laurent.dusseau,151305.39,2:56:44,10603.75,27
1991,Benoît PERNOT,H,42,40-44M,FR,NA,498,1212,1035,254,42:02:03,23:45:34,TRUE,f,2026-08-28T17:51:23.290Z,https://utmb.world/runner/5294758.benoit.pernot,151323.48,5:20:21,19221.229999999996,27
2211,Naoto ASOU,H,38,35-39M,JP,NA,527,1213,1036,202,42:02:13,23:45:44,TRUE,f,2026-08-28T17:52:09.960Z,https://utmb.world/runner/5215256.naoto.asou,151332.74,3:50:36,13835.64,27
1394,Dawn NUNES,F,45,45-49W,ZA,NA,560,1214,178,25,42:02:16,23:45:47,TRUE,f,2026-08-28T17:49:51.590Z,https://utmb.world/runner/4303028.dawn.nunes,151336.02,3:07:28,11248.29,27
1911,Nicolas DANDURAND,H,48,45-49M,FR,SMAC78,505,1215,1037,196,42:02:27,23:45:58,TRUE,f,2026-08-28T17:50:31.060Z,https://utmb.world/runner/844783.nicolas.dandurand,151347.89,4:29:10,16149.91,27
2162,Quentin MONTESSUY,H,33,20-34M,FR,TUC TRIATHLON,478,1216,1038,240,42:02:36,23:46:07,TRUE,f,2026-08-28T17:51:01.370Z,https://utmb.world/runner/5519589.quentin.montessuy,151356.51,4:09:16,14956.15,27
1811,Robert JOHANSSON,H,46,45-49M,SE,MUNKTORP,515,1217,1039,197,42:02:57,23:46:28,TRUE,f,2026-08-28T17:51:01.660Z,https://utmb.world/runner/3394617.robert.johansson,151376.99,2:30:57,9056.619999999999,27
1236,Stan FERGUSON,H,63,60-64M,US,Arkansas Ultra Running Association,580,1218,1040,11,42:03:10,23:46:41,TRUE,f,2026-08-28T17:52:40.220Z,https://utmb.world/runner/5718753.stan.ferguson,151390.59,2:27:54,8873.91,27
2335,Antonio FUSTO,H,42,40-44M,IT,LBM Sport Roma,456,1219,1041,255,42:03:18,23:46:49,TRUE,f,2026-08-28T17:51:40.580Z,https://utmb.world/runner/5035670.antonio.fusto,151398.09,2:44:14,9854.44,27
1055,Bernard JOSEPH,H,49,45-49M,BE,NA,599,1220,1042,198,42:04:11,23:47:42,TRUE,f,2026-08-28T17:50:50.080Z,https://utmb.world/runner/2692669.bernard.joseph,151451.31,4:28:57,16137.19,27
1877,Boris DURAND,H,54,50-54M,FR,Club de cœur ASMN,508,1221,1043,95,42:05:38,23:49:09,TRUE,f,2026-08-28T17:51:18.810Z,https://utmb.world/runner/4194269.boris.durand,151537.44,2:54:03,10443.04,27
2430,Gaetano SCHIFANO,H,52,50-54M,FR,CabanOCC,442,1222,1044,96,42:06:27,23:49:58,TRUE,f,2026-08-28T17:52:29.110Z,https://utmb.world/runner/1424869.gaetano.schifano,151586.95,4:29:25,16165.49,27
1747,Etienne SERIVE,H,38,35-39M,FR,NA,521,1223,1045,203,42:06:50,23:50:21,TRUE,f,2026-08-28T17:51:56.450Z,https://utmb.world/runner/946881.etienne.serive,151609.89,6:28:06,23285.809999999998,27
1177,Sean John AYING,H,32,20-34M,PH,OLÉ ATHLTC / Sta Cruz Trail Runners,588,1224,1046,241,42:07:14,23:50:45,TRUE,f,2026-08-28T17:49:10.900Z,https://utmb.world/runner/1991147.seanjohn.aying,151633.93,3:02:48,10967.86,27
1934,Maxime LECONTE,H,41,40-44M,FR,N/A,503,1225,1047,256,42:07:19,23:50:50,TRUE,f,2026-08-28T17:52:35.580Z,https://utmb.world/runner/5956932.maxime.leconte,151638.81,6:30:15,23415.15,27
2543,Jie SONG,F,43,40-44W,CN,NA,417,1226,179,29,42:07:27,23:50:58,TRUE,f,2026-08-28T17:51:36.310Z,https://utmb.world/runner/1360313.jie.song,151647.41,3:43:06,13385.920000000002,27
1776,Margot FLEMING,F,41,40-44W,US,n/a,518,1227,180,30,42:07:59,23:51:30,TRUE,f,2026-08-28T17:51:26.040Z,https://utmb.world/runner/674530.margot.fleming,151678.98,4:48:15,17294.84,27
2416,Fabien DALE,H,36,35-39M,FR,NA,496,1228,1048,204,42:08:06,23:51:37,TRUE,f,2026-08-28T17:52:48.480Z,https://utmb.world/runner/1400839.fabien.dale,151686,4:17:05,15425.39,27
2308,Martin MARTINOV,H,42,40-44M,BG,NA,460,1229,1049,257,42:08:08,23:51:39,TRUE,f,2026-08-28T17:52:02.250Z,https://utmb.world/runner/821112.martin.martinov,151688.31,1:00:56,3655.8,27
1990,Karl PACHOT,H,43,40-44M,FR,NA,498,1230,1050,258,42:09:27,23:52:58,TRUE,f,2026-08-28T17:50:13.970Z,https://utmb.world/runner/4683993.karl.pachot,151766.68,5:26:23,19583.28,27
1033,Tapio PAASO,H,48,45-49M,FI,Team Leijonantassu,609,1231,1051,199,42:09:41,23:53:12,TRUE,f,2026-08-28T17:51:15.340Z,https://utmb.world/runner/4180193.tapio.paaso,151781.31,3:51:23,13883.32,27
2684,Horacio IBARRECHE,H,46,45-49M,AR,Grupo de Entrenamiento TT,541,1232,1052,200,42:10:48,23:54:19,TRUE,f,2026-08-28T17:52:40.600Z,https://utmb.world/runner/4504778.horacio.ibarreche,151847.78,1:58:14,7093.670000000001,27
1869,Gilles GUY,H,51,50-54M,FR,Maria Blanga,510,1233,1053,97,42:11:08,23:54:39,TRUE,f,2026-08-28T17:49:04.550Z,https://utmb.world/runner/640128.gilles.guy,151867.51,3:40:04,13203.57,27
1921,Peter OXLEY,H,59,55-59M,GB,Otford Trail Runners,504,1234,1054,42,42:11:12,23:54:43,TRUE,f,2026-08-28T17:51:35.660Z,https://utmb.world/runner/5175248.peter.oxley,151872.19,3:37:11,13031.15,27
2094,Renaud SAMUEL,H,41,40-44M,FR,NA,479,1235,1055,259,42:11:15,23:54:46,TRUE,f,2026-08-28T17:52:53.140Z,https://utmb.world/runner/113122.renaud.samuel,151875.29,3:23:39,12219.49,27
1756,Jing SHI,H,40,40-44M,CN,NA,520,1236,1056,260,42:11:41,23:55:12,TRUE,f,2026-08-28T17:52:47.540Z,https://utmb.world/runner/5973911.jing.shi,151900.9,7:12:34,25954.190000000002,27
1099,Thomas D'HUMIERES,H,37,35-39M,FR,Inglorious Trailers,596,1237,1057,205,42:11:47,23:55:18,TRUE,f,2026-08-28T17:50:48.320Z,https://utmb.world/runner/5942969.thomas.dhumieres,151907.05,3:56:37,14197.23,27
1758,Teddy MULLIEZ,H,37,35-39M,FR,Inglorious Trailers,519,1238,1058,206,42:11:49,23:55:20,TRUE,f,2026-08-28T17:50:49.070Z,https://utmb.world/runner/5914803.teddy.mulliez,151909.37,3:47:52,13672.060000000001,27
1769,Sheryn DEANE,F,51,50-54W,AU,Mile 27,518,1239,181,19,42:12:02,23:55:33,TRUE,f,2026-08-28T17:50:21.280Z,https://utmb.world/runner/1879143.sheryn.deane,151922.51,2:48:07,10087.33,27
1512,François JAUBERT-SOURY,H,36,35-39M,FR,Inglorious Paillettes,546,1240,1059,207,42:12:07,23:55:38,TRUE,f,2026-08-28T17:50:50.560Z,https://utmb.world/runner/5544484.francois.jaubertsoury,151926.51,4:02:13,14533.22,27
1277,Pierrick STABLO,H,29,20-34M,FR,NA,575,1241,1060,242,42:14:45,23:58:16,TRUE,f,2026-08-28T17:49:55.940Z,https://utmb.world/runner/6034906.pierrick.stablo,152084.85,3:40:42,13242.21,27
216,Iwona GÓROWSKA,F,36,35-39W,PL,Dynafit,668,1242,182,54,42:15:17,23:58:48,TRUE,f,2026-08-28T17:48:12.000Z,https://utmb.world/runner/5491480.iwona.gorowska,152117.83,4:47:56,17276.43,27
1328,Lukáš KOZUBÍK,H,46,45-49M,CZ,OBSIDIAN,542,1243,1061,201,42:15:47,23:59:18,TRUE,f,2026-08-28T17:51:03.250Z,https://utmb.world/runner/970869.lukas.kozubik,152147.22,3:44:05,13445.130000000001,27
1556,Libor MILOŠEVSKÝ,H,46,45-49M,CZ,Ultra SOB,542,1243,1061,201,42:15:47,23:59:18,TRUE,f,2026-08-28T17:51:03.480Z,https://utmb.world/runner/4259593.libor.milosevsky,152146.57,3:27:24,12443.52,27
2615,Sébastien HIRSCH,H,40,40-44M,FR,NA,404,1245,1063,261,42:15:51,23:59:22,TRUE,f,2026-08-28T17:49:54.600Z,https://utmb.world/runner/553514.sebastien.hirsch,152150.54,3:25:38,12337.939999999999,27
2506,Grégory DUBOURG,H,48,45-49M,FR,Pessac Athletic Club,425,1246,1064,203,42:18:42,24:02:13,TRUE,f,2026-08-28T17:52:18.130Z,https://utmb.world/runner/757866.gregory.dubourg,152322.73,4:02:29,14549.07,27
1615,Chris TRUMBAUER,H,52,50-54M,US,Adventures for the Cure,536,1247,1065,98,42:18:57,24:02:28,TRUE,f,2026-08-28T17:49:30.750Z,https://utmb.world/runner/5039491.chris.trumbauer,152337.03,3:24:57,12297.11,27
2514,Jonathan NABOULET,H,33,20-34M,FR,Trail sans limite,425,1248,1066,243,42:19:14,24:02:45,TRUE,f,2026-08-28T17:48:50.320Z,https://utmb.world/runner/6219209.jonathan.naboulet,152353.76,5:01:23,18083.18,27
2413,Nicolas VAGO,H,54,50-54M,CH,-,444,1249,1067,99,42:19:40,24:03:11,TRUE,f,2026-08-28T17:52:58.140Z,https://utmb.world/runner/460779.nicolas.vago,152380.19,3:38:59,13139.38,27
1809,Xing LÜ,H,48,45-49M,CN,Next Stop,515,1250,1068,204,42:21:12,24:04:43,TRUE,f,2026-08-28T17:52:17.560Z,https://utmb.world/runner/4064660.xing.lu,152472.42,3:40:51,13251.48,27
1091,Anthony GALERNE,H,35,35-39M,FR,NA,599,1251,1069,208,42:21:30,24:05:01,TRUE,f,2026-08-28T17:51:57.330Z,https://utmb.world/runner/1712575.anthony.galerne,152490,5:02:11,18130.51,27
2260,Daniel LODER,H,51,50-54M,US,Tower 26,466,1252,1070,100,42:22:09,24:05:40,TRUE,f,2026-08-28T17:51:52.960Z,https://utmb.world/runner/3026801.daniel.loder,152528.4,3:48:56,13736.32,27
1427,Masashi HIGO,H,54,50-54M,JP,runplus,555,1253,1071,101,42:22:21,24:05:52,TRUE,f,2026-08-28T17:50:37.630Z,https://utmb.world/runner/1211669.masashi.higo,152541.22,5:34:44,20084.3,27
1267,Francois GOLEC,H,47,45-49M,FR,ATHLETIC CLUB PAYS DE L'OURCQ,576,1254,1072,205,42:23:07,24:06:38,TRUE,f,2026-08-28T17:49:14.770Z,https://utmb.world/runner/4189417.francois.golec,152586.91,3:04:29,11069.45,27
2296,Mikito FUJIMOTO,H,51,50-54M,JP,TRIACTIVE,462,1255,1073,102,42:23:19,24:06:50,TRUE,f,2026-08-28T17:51:08.950Z,https://utmb.world/runner/4429476.mikito.fujimoto,152598.48,3:43:58,13437.720000000003,27
2167,Sarah RICHARDSON,F,40,40-44W,AU,NA,477,1256,183,31,42:24:15,24:07:46,TRUE,f,2026-08-28T17:49:47.900Z,https://utmb.world/runner/4029392.sarah.richardson,152654.91,3:35:50,12950.459999999997,27
1941,Lucile FAYON,F,36,35-39W,FR,Running Unlimited Neuchâtel,501,1257,184,55,42:25:25,24:08:56,TRUE,f,2026-08-28T17:51:31.680Z,https://utmb.world/runner/3857143.lucile.fayon,152724.89,3:12:32,11552.06,27
2377,Davide RUZZA,H,54,50-54M,IT,UNITED TRAIL & RUNNING,450,1258,1074,103,42:25:55,24:09:26,TRUE,f,2026-08-28T17:50:53.130Z,https://utmb.world/runner/357217.davide.ruzza,152755.23,2:50:37,10237.300000000001,27
1751,Frédéric MOGET,H,56,55-59M,FR,ULTRA MARATHON FRANCE,521,1259,1075,43,42:27:34,24:11:05,TRUE,f,2026-08-28T17:51:43.720Z,https://utmb.world/runner/128520.frederic.moget,152853.81,3:04:56,11095.820000000002,27
2477,Didier ANMELLA,H,62,60-64M,FR,NA,433,1260,1076,12,42:29:04,24:12:35,TRUE,f,2026-08-28T17:51:13.880Z,https://utmb.world/runner/181310.didier.anmella,152943.26,2:54:45,10485.24,27
1137,Kazuhito TAJIMA,H,62,60-64M,JP,Hiroo Father's Running Club,592,1261,1077,13,42:29:51,24:13:22,TRUE,f,2026-08-28T17:50:20.020Z,https://utmb.world/runner/192726.kazuhito.tajima,152991.33,3:25:32,12331.730000000001,27
2682,Erez GOLDSCHMIDT,H,54,50-54M,IL,NA,NA,1262,1078,104,42:30:00,24:13:31,TRUE,f,2026-08-28T17:51:49.530Z,https://utmb.world/runner/3715411.erez.goldschmidt,152999.51,3:39:58,13197.599999999999,27
2061,Stéphane GUICHARD,H,49,45-49M,FR,NA,491,1263,1079,206,42:30:17,24:13:48,TRUE,f,2026-08-28T17:52:03.620Z,https://utmb.world/runner/5046014.stephane.guichard,153016.54,3:41:35,13294.99,27
1549,Michel PERCEVAUX,H,49,45-49M,FR,NA,543,1264,1080,207,42:31:15,24:14:46,TRUE,f,2026-08-28T17:49:08.320Z,https://utmb.world/runner/5482963.michel.percevaux,153075.34,3:33:34,12814.329999999998,27
2279,Patrice ALVERNHES,H,59,55-59M,FR,VEDAS ENDURANCE,463,1265,1081,44,42:31:22,24:14:53,TRUE,f,2026-08-28T17:51:50.600Z,https://utmb.world/runner/5639482.patrice.alvernhes,153082.21,3:10:52,11451.769999999999,27
1873,Dominique SUAU,H,58,55-59M,FR,COURBEVOIE TRIATHLON,508,1266,1082,45,42:31:55,24:15:26,TRUE,f,2026-08-28T17:50:05.490Z,https://utmb.world/runner/159866.dominique.suau,153114.94,4:52:34,17553.68,27
1948,Sandrine GIPPA,F,56,55-59W,FR,Eac,501,1267,185,7,42:31:58,24:15:29,TRUE,f,2026-08-28T17:50:04.650Z,https://utmb.world/runner/4997047.sandrine.gippa,153117.66,5:06:11,18370.899999999998,27
1676,Vincent COURGEY,H,53,50-54M,FR,NA,529,1268,1083,105,42:32:06,24:15:37,TRUE,f,2026-08-28T17:51:19.460Z,https://utmb.world/runner/814323.vincent.courgey,153126.33,5:35:38,20137.75,27
1719,Adrien GAUTIER,H,28,20-34M,FR,NA,523,1269,1084,244,42:32:07,24:15:38,TRUE,f,2026-08-28T17:52:22.790Z,https://utmb.world/runner/6585740.adrien.gautier,153126.25,6:22:03,22922.98,27
1889,Alexander DEJONGHE,H,41,40-44M,BE,NA,507,1270,1085,262,42:33:04,24:16:35,TRUE,f,2026-08-28T17:52:28.380Z,https://utmb.world/runner/1303649.alexander.dejonghe,153184.58,4:09:57,14996.77,27
1738,Julien SOL,H,38,35-39M,FR,Pour Mamie <3,522,1271,1086,209,42:33:38,24:17:09,TRUE,f,2026-08-28T17:52:16.500Z,https://utmb.world/runner/1150543.julien.sol,153218.19,5:36:34,20194.469999999998,27
2499,Carole GUINCHARD,F,52,50-54W,FR,Les traiteurs de la Londaine,425,1272,186,20,42:33:53,24:17:24,TRUE,f,2026-08-28T17:49:20.170Z,https://utmb.world/runner/1431867.carole.guinchard,153233.06,2:53:16,10395.56,27
830,Azamat GAYSIN,H,39,35-39M,CZ,Dikij Baskir,641,1273,1087,210,42:34:52,24:18:23,TRUE,f,2026-08-28T17:49:50.710Z,https://utmb.world/runner/4259592.azamat.gaysin,153291.37,7:13:00,25980.06,27
1136,Jordan FARISSIER,H,35,35-39M,FR,AS RAISMES ATHLETISME,589,1274,1088,211,42:34:58,24:18:29,TRUE,f,2026-08-28T17:50:29.400Z,https://utmb.world/runner/1057731.jordan.farissier,153298.31,5:20:29,19228.55,27
2555,Duan LV,H,37,35-39M,CN,NA,414,1275,1089,212,42:35:28,24:18:59,TRUE,f,2026-08-28T17:51:08.480Z,https://utmb.world/runner/4079121.duan.lv,153327.81,2:09:56,7796.310000000001,27
887,Benedict CELESTIN DEVENDRA,H,46,45-49M,FR,SCUF,630,1276,1090,208,42:36:20,24:19:51,TRUE,f,2026-08-28T17:52:40.140Z,https://utmb.world/runner/1124.benedict.celestindevendra,153380.85,2:52:08,10327.52,27
2403,Jasmin MALDENER,F,53,50-54W,DE,NA,445,1277,187,21,42:37:25,24:20:56,TRUE,f,2026-08-28T17:51:29.850Z,https://utmb.world/runner/1992897.jasmin.maldener,153444.8,5:03:54,18234.03,27
2003,Susana ZARRALUQUI GUILLÉN,F,56,55-59W,ES,Independiente,498,1278,188,8,42:37:58,24:21:29,TRUE,f,2026-08-28T17:50:09.370Z,https://utmb.world/runner/1727835.susana.zarraluquiguillen,153478.41,4:45:37,17137.15,27
2009,Yoshiyuki FUKUHARA,H,50,50-54M,JP,DO M Club,497,1279,1091,106,42:38:49,24:22:20,TRUE,f,2026-08-28T17:49:08.600Z,https://utmb.world/runner/402878.yoshiyuki.fukuhara,153528.79,4:31:30,16289.88,27
2364,Jose Maria LUNA,H,46,45-49M,AR,NA,452,1280,1092,209,42:38:50,24:22:21,TRUE,f,2026-08-28T17:49:40.180Z,https://utmb.world/runner/2547371.josemaria.luna,153530.79,4:46:13,17172.52,27
818,Jan BOGAERT,H,47,45-49M,BE,NA,644,1281,1093,210,42:38:51,24:22:22,TRUE,f,2026-08-28T17:51:34.030Z,https://utmb.world/runner/1261977.jan.bogaert,153531.64,3:22:13,12133.28,27
1945,Suda TANTIVEERASUT,F,40,40-44W,TH,HOKA TH,504,1282,189,32,42:40:48,24:24:19,TRUE,f,2026-08-28T17:52:18.710Z,https://utmb.world/runner/766185.suda.tantiveerasut,153647.49,1:49:34,6574.389999999999,27
2332,Andrés BALADO SÁNCHEZ,H,50,50-54M,ES,Goimazpe/Goikogane,456,1283,1094,107,42:41:29,24:25:00,TRUE,f,2026-08-28T17:50:30.140Z,https://utmb.world/runner/3066083.andres.baladosanchez,153689.17,2:59:20,10759.69,27
831,Elliott PASHLEY,H,32,20-34M,GB,Marsden Racers,642,1284,1095,245,42:41:40,24:25:11,TRUE,f,2026-08-28T17:52:09.710Z,https://utmb.world/runner/6006253.elliott.pashley,153699.63,4:31:18,16278.410000000002,27
1609,Samuel VICAT,H,49,45-49M,FR,NA,537,1285,1096,211,42:43:15,24:26:46,TRUE,f,2026-08-28T17:51:34.220Z,https://utmb.world/runner/3695975.samuel.vicat,153795.63,6:25:03,23102.82,27
1455,Anne MAXWELL,F,44,40-44W,US,NA,551,1286,190,33,42:43:32,24:27:03,TRUE,f,2026-08-28T17:51:13.450Z,https://utmb.world/runner/5482865.anne.maxwell,153811.69,4:25:39,15938.500000000002,27
2280,Thomas CROISIER,H,52,50-54M,FR,NA,462,1287,1097,108,42:44:08,24:27:39,TRUE,f,2026-08-28T17:49:26.730Z,https://utmb.world/runner/1037361.thomas.croisier,153847.91,3:27:49,12468.83,27
1736,Nicolai Gravers NIELSEN,H,56,55-59M,DK,NA,522,1288,1098,46,42:45:18,24:28:49,TRUE,f,2026-08-28T17:52:54.930Z,https://utmb.world/runner/4742282.nicolaigravers.nielsen,153917.98,4:58:37,17916.77,27
720,Philippe CAMPOLINI,H,43,40-44M,BE,None,673,1289,1099,263,42:45:20,24:28:51,TRUE,f,2026-08-28T17:52:41.190Z,https://utmb.world/runner/4555130.philippe.campolini,153920.71,5:25:50,19549.63,27
2126,Hamidou DIA,H,43,40-44M,MR,RunRun Tours,484,1290,1100,264,42:45:26,24:28:57,TRUE,f,2026-08-28T17:52:25.870Z,https://utmb.world/runner/1176735.hamidou.dia,153925.78,2:38:33,9513.08,27
1973,Michal MROWIEC,H,50,50-54M,US,NA,500,1291,1101,109,42:47:09,24:30:40,TRUE,f,2026-08-28T17:51:01.000Z,https://utmb.world/runner/4202767.michal.mrowiec,154029.47,3:24:53,12293.000000000002,27
1442,Teo COUTURIER,H,30,20-34M,FR,TEAM ATRC,551,1292,1102,246,42:47:52,24:31:23,TRUE,f,2026-08-28T17:49:39.040Z,https://utmb.world/runner/969271.teo.couturier,154072.24,4:01:03,14462.650000000001,27
1064,Alexandre SECCAUD,H,53,50-54M,FR,Physionline,603,1293,1103,110,42:48:37,24:32:08,TRUE,f,2026-08-28T17:51:53.770Z,https://utmb.world/runner/4322248.alexandre.seccaud,154116.71,5:14:08,18848.02,27
1047,Florent DUPONT,H,39,35-39M,GB,NA,607,1294,1104,213,42:48:53,24:32:24,TRUE,f,2026-08-28T17:52:20.620Z,https://utmb.world/runner/5722533.florent.dupont,154133.2,3:47:44,13663.59,27
1894,Loïc ANDRE,H,49,45-49M,FR,Spheniscus,506,1295,1105,212,42:48:54,24:32:25,TRUE,f,2026-08-28T17:52:00.680Z,https://utmb.world/runner/519212.loic.andre,154134.3,0:58:10,3490.25,27
1105,Sébastien KOSLOFF,H,51,50-54M,FR,NA,597,1296,1106,111,42:48:56,24:32:27,TRUE,f,2026-08-28T17:49:28.270Z,https://utmb.world/runner/2151309.sebastien.kosloff,154136.2,4:02:44,14563.8,27
1794,Petra RAICEVIC,F,36,35-39W,ME,Pk Vjeverica,516,1297,191,56,42:49:57,24:33:28,TRUE,f,2026-08-28T17:51:49.070Z,https://utmb.world/runner/4443992.petra.raicevic,154197.33,2:33:22,9202.189999999999,27
1935,Janneke SCHERPENHUYZEN,F,35,35-39W,NL,Lesseau / Hoka,500,1298,192,57,42:50:41,24:34:12,TRUE,f,2026-08-28T17:49:49.020Z,https://utmb.world/runner/4280784.janneke.scherpenhuyzen,154241.58,3:28:42,12522.380000000001,27
1998,Mohammed ALAOUI,H,37,35-39M,SE,NA,497,1299,1107,214,42:51:09,24:34:40,TRUE,f,2026-08-28T17:52:50.610Z,https://utmb.world/runner/4853524.mohammed.alaoui,154268.96,4:22:48,15768.32,27
1912,Mickael LE BARON,H,53,50-54M,FR,COURIR A KERVIGNAC,505,1300,1108,112,42:53:12,24:36:43,TRUE,f,2026-08-28T17:52:37.250Z,https://utmb.world/runner/659292.mickael.lebaron,154392.42,4:18:40,15519.97,27
1629,Marcin BODZIACHOWSKI,H,45,45-49M,PL,Ultras Legia / JacekBiega Running Team,535,1301,1109,213,42:53:48,24:37:19,TRUE,f,2026-08-28T17:52:19.250Z,https://utmb.world/runner/3983017.marcin.bodziachowski,154428.66,3:50:54,13853.71,27
1620,Olivier BONIFACE,H,39,35-39M,FR,Flize Army,536,1302,1110,215,42:53:52,24:37:23,TRUE,f,2026-08-28T17:52:06.200Z,https://utmb.world/runner/4893532.olivier.boniface,154431.8,6:17:04,22623.76,27
898,Dorian BONIFACE,H,28,20-34M,FR,Sallanches Trail Club,628,1303,1111,247,42:54:01,24:37:32,TRUE,f,2026-08-28T17:52:00.410Z,https://utmb.world/runner/4523726.dorian.boniface,154440.74,6:33:35,23614.820000000003,27
1672,Matthieu ZARAGOSA,H,38,35-39M,FR,SLC MARTIGUES,550,1304,1112,216,42:55:04,24:38:35,TRUE,f,2026-08-28T17:49:55.080Z,https://utmb.world/runner/4543727.matthieu.zaragosa,154504.58,3:12:21,11540.66,27
1552,Barbara GASSMANN,F,40,40-44W,AR,NA,542,1305,193,34,42:55:41,24:39:12,TRUE,f,2026-08-28T17:51:49.530Z,https://utmb.world/runner/3001969.barbara.gassmann,154541.36,4:29:51,16190.72,27
1326,Brittney JACOBSON,F,36,35-39W,US,NA,564,1306,194,58,42:56:07,24:39:38,TRUE,f,2026-08-28T17:51:10.760Z,https://utmb.world/runner/4289636.brittney.jacobson,154566.96,3:21:24,12083.67,27
1976,Sébastien PHILIPPE,H,37,35-39M,FR,NA,500,1307,1113,217,42:56:11,24:39:42,TRUE,f,2026-08-28T17:49:32.470Z,https://utmb.world/runner/3858353.sebastien.philippe,154571.17,3:31:59,12719.02,27
1476,Sophie MAZIERES,F,35,35-39W,FR,BNBRC,551,1308,195,59,42:56:19,24:39:50,TRUE,f,2026-08-28T17:51:32.270Z,https://utmb.world/runner/3212807.sophie.mazieres,154579.65,4:24:38,15878.419999999998,27
1989,Louane PERRET,F,34,20-34W,CH,Reaching Summits,498,1309,196,45,42:56:33,24:40:04,TRUE,f,2026-08-28T17:51:55.310Z,https://utmb.world/runner/6431285.louane.perret,154592.99,3:09:26,11366.24,27
2145,Fabrizio CASTRO FLORIO,H,41,40-44M,IT,Tartarughe Della Kirghisia,480,1310,1114,265,42:57:03,24:40:34,TRUE,f,2026-08-28T17:50:06.430Z,https://utmb.world/runner/986799.fabrizio.castroflorio,154623.32,3:50:13,13812.689999999999,27
2076,Krzysztof CZYŚCIAK,H,53,50-54M,PL,KB Sobótka,489,1311,1115,113,42:57:09,24:40:40,TRUE,f,2026-08-28T17:50:10.760Z,https://utmb.world/runner/4014396.krzysztof.czysciak,154628.4,3:04:51,11091.220000000001,27
1574,Tara HANUSA,F,34,20-34W,US,NA,540,1312,197,46,42:57:27,24:40:58,TRUE,f,2026-08-28T17:49:00.250Z,https://utmb.world/runner/5504033.tara.hanusa,154646.75,3:59:08,14347.810000000001,27
1808,Luis KRYZOZUN,H,56,55-59M,BR,CONFORT FITNESS,515,1313,1116,47,42:57:59,24:41:30,TRUE,f,2026-08-28T17:52:02.040Z,https://utmb.world/runner/2647263.luis.kryzozun,154679.4,3:56:09,14169.480000000001,27
1608,Arnaud CAILLE,H,37,35-39M,FR,US Valenciennes Athlétisme,537,1314,1117,218,42:58:06,24:41:37,TRUE,f,2026-08-28T17:49:19.380Z,https://utmb.world/runner/5348450.arnaud.caille,154686.07,3:07:04,11223.75,27
1652,Yann DELSAUT,H,26,20-34M,FR,Les Foulées de l'Olivier,532,1315,1118,248,42:58:46,24:42:17,TRUE,f,2026-08-28T17:50:15.080Z,https://utmb.world/runner/4313734.yann.delsaut,154726.57,3:08:13,11293.31,27
2283,Antoine PALAVIOUX,H,48,45-49M,FR,BCV,463,1316,1119,214,42:59:19,24:42:50,TRUE,f,2026-08-28T17:49:53.590Z,https://utmb.world/runner/1719961.antoine.palavioux,154758.45,4:14:50,15290.24,27
1678,Alice GUILLEMOT,F,29,20-34W,FR,NA,528,1317,198,47,42:59:58,24:43:29,TRUE,f,2026-08-28T17:51:26.720Z,https://utmb.world/runner/5643278.alice.guillemot,154798.14,5:33:04,19983.76,27
1754,Nicky BROUWER,H,33,20-34M,NL,KBOOM RUNNING,520,1317,1120,249,42:59:58,24:43:29,TRUE,f,2026-08-28T17:50:24.160Z,https://utmb.world/runner/5301262.nicky.brouwer,154798.77,4:33:21,16400.91,27
2396,Fernando Manuel AFONSO FRANCO,H,54,50-54M,ES,MAFASCA TRAIL,447,1319,1121,114,43:00:26,24:43:57,TRUE,f,2026-08-28T17:51:48.100Z,https://utmb.world/runner/160866.fernandomanuel.afonsofranco,154825.92,4:16:05,15365.300000000001,27
2154,Julien BONIFAY,H,43,40-44M,FR,TEAM BERTAGNE,478,1320,1122,266,43:00:48,24:44:19,TRUE,f,2026-08-28T17:51:07.740Z,https://utmb.world/runner/1366425.julien.bonifay,154848.03,2:26:00,8760.32,27
1233,Kyle BURNS,H,32,20-34M,US,NA,580,1321,1123,250,43:00:59,24:44:30,TRUE,f,2026-08-28T17:51:02.600Z,https://utmb.world/runner/5504637.kyle.burns,154858.85,4:15:58,15357.689999999999,27
1565,Soon Saam LEE,H,40,40-44M,MY,Snack Right,541,1322,1124,267,43:01:32,24:45:03,TRUE,f,2026-08-28T17:49:30.730Z,https://utmb.world/runner/3475305.soonsaam.lee,154891.55,4:46:58,17217.62,27
1617,Konrad DLUGOLECKI,H,48,45-49M,PL,BIEGOWA ŚWIDNICA,536,1323,1125,215,43:02:42,24:46:13,TRUE,f,2026-08-28T17:50:47.180Z,https://utmb.world/runner/2568473.konrad.dlugolecki,154961.96,4:47:58,17277.69,27
1814,Jonas GRETRY,H,38,35-39M,BE,NA,514,1324,1126,219,43:02:49,24:46:20,TRUE,f,2026-08-28T17:50:20.570Z,https://utmb.world/runner/4318901.jonas.gretry,154968.64,5:05:50,18349.79,27
1937,Guillaume LONJON,H,43,40-44M,FR,NA,502,1325,1127,268,43:03:51,24:47:22,TRUE,f,2026-08-28T17:52:55.330Z,https://utmb.world/runner/4953949.guillaume.lonjon,155030.69,5:13:17,18796.940000000002,27
1884,Clovis CROUZET,H,44,40-44M,FR,NA,506,1326,1128,269,43:03:55,24:47:26,TRUE,f,2026-08-28T17:52:51.710Z,https://utmb.world/runner/1090911.clovis.crouzet,155034.91,5:10:46,18646.07,27
1781,Jinko RICHARDS,F,56,55-59W,JP,NA,518,1327,199,9,43:04:24,24:47:55,TRUE,f,2026-08-28T17:52:29.120Z,https://utmb.world/runner/565685.jinko.richards,155064.75,2:47:26,10046.03,27
2540,Simon THOMET,H,40,40-44M,CH,NA,418,1328,1129,270,43:04:31,24:48:02,TRUE,f,2026-08-28T17:52:28.880Z,https://utmb.world/runner/64678.simon.thomet,155070.43,1:36:31,5790.98,27
1511,Andrew BOGUS,H,37,35-39M,US,NA,547,1329,1130,220,43:04:32,24:48:03,TRUE,f,2026-08-28T17:49:51.580Z,https://utmb.world/runner/873291.andrew.bogus,155071.92,4:07:55,14875.099999999999,27
1745,Kobai LI,F,43,40-44W,JP,Tokyo Trail Running,521,1330,200,35,43:05:46,24:49:17,TRUE,f,2026-08-28T17:51:04.000Z,https://utmb.world/runner/3215147.kobai.li,155146.61,4:20:48,15647.990000000002,27
2063,Caroline UPTON,F,62,60-64W,GB,Notfast,491,1330,200,4,43:05:46,24:49:17,TRUE,f,2026-08-28T17:51:09.520Z,https://utmb.world/runner/737497.caroline.upton,155146.04,3:15:58,11758.47,27
1537,Olivier ZYZAK,H,37,35-39M,FR,NA,542,1332,1131,221,43:06:19,24:49:50,TRUE,f,2026-08-28T17:51:55.000Z,https://utmb.world/runner/4902052.olivier.zyzak,155179.88,4:25:04,15904.320000000002,27
1493,Jerzy DZIADOSZ,H,57,55-59M,PL,OneManTeam,549,1333,1132,48,43:06:54,24:50:25,TRUE,f,2026-08-28T17:52:22.310Z,https://utmb.world/runner/813777.jerzy.dziadosz,155214.27,4:18:10,15489.85,27
1529,Samira ADJAOUD,F,48,45-49W,FR,NA,546,1334,202,26,43:07:05,24:50:36,TRUE,f,2026-08-28T17:52:18.690Z,https://utmb.world/runner/127592.samira.adjaoud,155224.43,3:52:08,13927.9,27
2232,Rita PASSOS,F,43,40-44W,PT,NA,470,1334,202,36,43:07:05,24:50:36,TRUE,f,2026-08-28T17:52:18.960Z,https://utmb.world/runner/4543615.rita.passos,155224.28,3:02:51,10971.14,27
2383,Pierre SCHRAMECK,H,48,45-49M,FR,Smokers,449,1336,1133,216,43:07:51,24:51:22,TRUE,f,2026-08-28T17:52:14.590Z,https://utmb.world/runner/77594.pierre.schrameck,155270.97,3:25:22,12321.98,27
2243,Roderick SALIH,H,52,50-54M,PH,Bar R Camp/Altra Team,467,1337,1134,115,43:08:53,24:52:24,TRUE,f,2026-08-28T17:49:12.560Z,https://utmb.world/runner/1846583.roderick.salih,155333.02,2:52:12,10331.57,27
1782,Stine HEISELBERG,F,51,50-54W,DK,NA,517,1338,204,22,43:09:04,24:52:35,TRUE,f,2026-08-28T17:50:15.950Z,https://utmb.world/runner/2233523.stine.heiselberg,155343.65,3:37:25,13045.159999999998,27
2414,Stanislaw KUTYLA,H,54,50-54M,PL,Niepolomice Biegaja,444,1339,1135,116,43:09:40,24:53:11,TRUE,f,2026-08-28T17:51:49.940Z,https://utmb.world/runner/907739.stanislaw.kutyla,155379.7,4:15:46,15346.250000000002,27
1896,Matthieu MEUNIER,H,49,45-49M,FR,NA,506,1340,1136,217,43:10:31,24:54:02,TRUE,f,2026-08-28T17:50:59.820Z,https://utmb.world/runner/758822.matthieu.meunier,155431.14,4:05:31,14731.310000000001,27
1281,Sarah LAHAYE,F,40,40-44W,US,NA,597,1341,205,37,43:10:48,24:54:19,TRUE,f,2026-08-28T17:51:26.080Z,https://utmb.world/runner/4162259.sarah.lahaye,155448.61,4:58:38,17917.78,27
2627,Stéphane BULTEAU,H,53,50-54M,BE,TNTB,510,1342,1137,117,43:10:49,24:54:20,TRUE,f,2026-08-28T17:52:20.180Z,https://utmb.world/runner/1010787.stephane.bulteau,155449.54,6:25:38,23138.39,27
2443,Xueping CHENG,H,44,40-44M,CN,NA,440,1343,1138,271,43:10:55,24:54:26,TRUE,f,2026-08-28T17:52:39.260Z,https://utmb.world/runner/5432140.xueping.cheng,155455.45,2:52:12,10332.22,27
2012,Sergi RIU ANGUERA,H,44,40-44M,ES,Club Atlètic Ivars,497,1344,1139,272,43:11:06,24:54:37,TRUE,f,2026-08-28T17:52:02.420Z,https://utmb.world/runner/1563013.sergi.riuanguera,155466.57,3:39:25,13164.710000000001,27
1303,Denis DEPAOLI,H,47,45-49M,IT,NA,570,1345,1140,218,43:11:22,24:54:53,TRUE,f,2026-08-28T17:50:24.160Z,https://utmb.world/runner/2121441.denis.depaoli,155482.28,6:10:13,22213.45,27
2397,Gérald RIPOLL,H,53,50-54M,FR,montpezat source du sport nature,447,1346,1141,118,43:12:00,24:55:31,TRUE,f,2026-08-28T17:49:32.210Z,https://utmb.world/runner/949927.gerald.ripoll,155520.21,4:57:17,17837.379999999997,27
1859,Stoyan KOVACHEV,H,50,50-54M,BG,SUPER MARIO,510,1347,1142,119,43:12:13,24:55:44,TRUE,f,2026-08-28T17:52:34.510Z,https://utmb.world/runner/4740580.stoyan.kovachev,155533.36,5:27:06,19626.3,27
990,Jordan MILLAR,H,27,20-34M,GB,Holmfirth Harriers,615,1348,1143,251,43:13:03,24:56:34,TRUE,f,2026-08-28T17:51:40.210Z,https://utmb.world/runner/4599794.jordan.millar,155583.54,3:42:05,13324.51,27
2622,Ge LI,H,39,35-39M,CN,跑者日历,417,1349,1144,222,43:13:43,24:57:14,TRUE,f,2026-08-28T17:50:07.990Z,https://utmb.world/runner/5973587.ge.li,155622.53,1:38:13,5893.07,27
1961,Kenichi YAMASHITA,H,57,55-59M,JP,Waku-Waku(^^),501,1350,1145,49,43:14:36,24:58:07,TRUE,f,2026-08-28T17:50:05.110Z,https://utmb.world/runner/232643.kenichi.yamashita,155676.71,5:16:53,19012.58,27
1946,Bertrand LECLERC,H,44,40-44M,FR,NA,502,1351,1146,273,43:15:24,24:58:55,TRUE,f,2026-08-28T17:51:03.700Z,https://utmb.world/runner/4437660.bertrand.leclerc,155724.2,4:49:21,17361.22,27
1908,Lior OREN,H,51,50-54M,IL,NA,505,1352,1147,120,43:16:00,24:59:31,TRUE,f,2026-08-28T17:50:00.090Z,https://utmb.world/runner/6010038.lior.oren,155760.17,4:57:12,17832.11,27
2166,Mouhamed DIOP,H,40,40-44M,SN,SINGA,477,1353,1148,274,43:16:01,24:59:32,TRUE,f,2026-08-28T17:50:17.050Z,https://utmb.world/runner/5767318.mouhamed.diop,155761.92,1:51:35,6695.09,27
1909,Ido GAZIT,H,43,40-44M,IL,G2KMUG,505,1354,1149,275,43:16:03,24:59:34,TRUE,f,2026-08-28T17:49:59.930Z,https://utmb.world/runner/6010036.ido.gazit,155762.62,4:58:50,17930.21,27
2336,Jérôme DOUCHÉ,H,44,40-44M,FR,NA,455,1355,1150,276,43:17:55,25:01:26,TRUE,f,2026-08-28T17:50:17.320Z,https://utmb.world/runner/7772499.jerome.douche,155875.58,3:11:13,11472.720000000001,27
1483,Marco DI FELICE,H,53,50-54M,IT,I Grifoni - Rappresentativa G di F,548,1356,1151,121,43:18:17,25:01:48,TRUE,f,2026-08-28T17:50:14.090Z,https://utmb.world/runner/4704246.marco.difelice,155897.76,4:13:28,15207.9,27
1687,Victor DECAIX,H,38,35-39M,FR,NA,536,1357,1152,223,43:18:45,25:02:16,TRUE,f,2026-08-28T17:49:31.030Z,https://utmb.world/runner/4352032.victor.decaix,155925.13,3:42:08,13328.23,27
2238,Paul SCOTT,H,53,50-54M,GB,NA,469,1358,1153,122,43:18:49,25:02:20,TRUE,f,2026-08-28T17:50:17.550Z,https://utmb.world/runner/2139405.paul.scott,155928.71,3:37:41,13061.28,27
1793,Marcos Antonio CORVINO,H,52,50-54M,AR,NA,515,1359,1154,123,43:18:51,25:02:22,TRUE,f,2026-08-28T17:51:34.950Z,https://utmb.world/runner/6204948.marcosantonio.corvino,155930.32,3:04:56,11096.42,27
2350,Séverine DA COSTA,F,38,35-39W,FR,NA,454,1360,206,60,43:19:53,25:03:24,TRUE,f,2026-08-28T17:49:46.460Z,https://utmb.world/runner/1921661.severine.dacosta,155992.62,2:01:50,7309.6500000000005,27
1755,Corinne HOFSTETTER,F,63,60-64W,CH,NA,520,1361,207,5,43:19:59,25:03:30,TRUE,f,2026-08-28T17:52:37.440Z,https://utmb.world/runner/100389.corinne.hofstetter,155999.49,3:01:02,10862.25,27
2155,Wen TIANJUN,H,42,40-44M,CN,MOUNTJOY,479,1362,1155,277,43:21:27,25:04:58,TRUE,f,2026-08-28T17:51:27.660Z,https://utmb.world/runner/5429644.wen.tianjun,156086.65,3:03:21,11001.039999999999,27
2310,Sarah LEMMON-WARDE,F,23,20-34W,AU,NA,460,1363,208,48,43:21:29,25:05:00,TRUE,f,2026-08-28T17:51:33.340Z,https://utmb.world/runner/5825383.sarah.lemmonwarde,156089.18,3:42:35,13355.300000000001,27
1472,Anonymous,H,45,45-49M,AN,NA,NA,1364,1156,219,43:21:35,25:05:06,TRUE,f,2026-08-28T17:52:17.360Z,NA,156095.15,4:54:03,17642.74,27
1450,Rafał TABIŚ-HUBKA,H,48,45-49M,PL,ZabrzańskieParkoweBieganie/ReshapeRunners,553,1365,1157,220,43:22:40,25:06:11,TRUE,f,2026-08-28T17:51:27.120Z,https://utmb.world/runner/3865363.rafal.tabishubka,156160.35,3:57:57,14277.329999999998,27
1718,Wojciech FEODORÓW,H,57,55-59M,PL,ReshapeRunners,523,1366,1158,50,43:22:42,25:06:13,TRUE,f,2026-08-28T17:51:28.540Z,https://utmb.world/runner/1065647.wojciech.feodorow,156161.53,3:35:26,12926.329999999998,27
1424,Paul SELLEM,H,30,20-34M,FR,Crazy Runners Shop,556,1367,1159,252,43:22:49,25:06:20,TRUE,f,2026-08-28T17:48:38.390Z,https://utmb.world/runner/7445182.paul.sellem,156169.21,9:25:33,33932.869999999995,27
2402,Jose Manuel RIVERA DIAZ,H,46,45-49M,PR,Los Rivera,446,1368,1160,221,43:23:34,25:07:05,TRUE,f,2026-08-28T17:49:59.620Z,https://utmb.world/runner/2980153.josemanuel.riveradiaz,156213.83,1:49:08,6547.83,27
1374,Peter VERHEYDEN,H,56,55-59M,BE,b.u.t.t.,561,1369,1161,51,43:25:40,25:09:11,TRUE,f,2026-08-28T17:51:17.120Z,https://utmb.world/runner/1459867.peter.verheyden,156340.12,3:37:19,13038.84,27
2591,Bastien GATHY,H,36,35-39M,BE,NA,402,1370,1162,224,43:26:02,25:09:33,TRUE,f,2026-08-28T17:52:32.880Z,https://utmb.world/runner/6456727.bastien.gathy,156361.43,2:09:44,7783.9400000000005,27
1288,Sonthaya DUNPHERI,H,46,45-49M,TH,Success gym,572,1371,1163,222,43:26:29,25:10:00,TRUE,f,2026-08-28T17:50:40.530Z,https://utmb.world/runner/5669650.sonthaya.dunpheri,156389.25,5:51:52,21112.4,27
2205,Chao DI,H,48,45-49M,CN,Shanghai Zizhu Running Club,475,1372,1164,223,43:26:34,25:10:05,TRUE,f,2026-08-28T17:52:32.190Z,https://utmb.world/runner/4049569.chao.di,156394.41,4:05:22,14722.199999999999,27
1826,Yikun YU,H,45,45-49M,NL,Bosch,513,1373,1165,224,43:27:02,25:10:33,TRUE,f,2026-08-28T17:50:18.530Z,https://utmb.world/runner/5073267.yikun.yu,156422.32,3:13:51,11631.439999999999,27
1575,Holly RYERSON,F,43,40-44W,US,Salomon,540,1374,209,38,43:27:34,25:11:05,TRUE,f,2026-08-28T17:49:28.510Z,https://utmb.world/runner/2571721.holly.ryerson,156453.79,1:38:03,5883.44,27
2186,Nicholas ELS,H,45,45-49M,ZA,NA,475,1375,1166,225,43:27:56,25:11:27,TRUE,f,2026-08-28T17:52:33.360Z,https://utmb.world/runner/4321102.nicholas.els,156476.44,3:50:18,13818.06,27
2236,Monica SAAVEDRA,F,44,40-44W,US,NA,469,1376,210,39,43:28:00,25:11:31,TRUE,f,2026-08-28T17:50:41.640Z,https://utmb.world/runner/4849560.monica.saavedra,156479.91,3:21:33,12092.66,27
1913,Cheryll JANUSZEWSKI,F,45,45-49W,GB,NA,505,1377,211,27,43:28:54,25:12:25,TRUE,f,2026-08-28T17:51:22.480Z,https://utmb.world/runner/1709531.cheryll.januszewski,156533.81,4:00:43,14443.26,27
1787,Hui TANG,H,35,35-39M,CN,NA,517,1378,1167,225,43:28:56,25:12:27,TRUE,f,2026-08-28T17:51:06.470Z,https://utmb.world/runner/6261469.hui.tang,156535.77,4:24:08,15847.95,27
2158,Alan LO,H,53,50-54M,HK,NA,478,1379,1168,124,43:29:13,25:12:44,TRUE,f,2026-08-28T17:51:48.400Z,https://utmb.world/runner/228001.alan.lo,156553.19,1:57:13,7032.79,27
2212,Cédric THENON,H,53,50-54M,FR,Le sanglier bressan,472,1380,1169,125,43:29:36,25:13:07,TRUE,f,2026-08-28T17:52:29.570Z,https://utmb.world/runner/645118.cedric.thenon,156575.49,4:14:58,15298.309999999998,27
883,Nicolas BREILLOT,H,44,40-44M,FR,NA,631,1381,1170,278,43:29:47,25:13:18,TRUE,f,2026-08-28T17:52:15.340Z,https://utmb.world/runner/5750076.nicolas.breillot,156587.36,4:01:18,14477.780000000002,27
2401,Richard KOPEC,H,50,50-54M,US,NA,446,1382,1171,126,43:30:00,25:13:31,TRUE,f,2026-08-28T17:50:40.510Z,https://utmb.world/runner/6138859.richard.kopec,156599.66,2:19:31,8371,27
893,Hayden SAVAGE,H,26,20-34M,AU,NA,629,1383,1172,253,43:30:10,25:13:41,TRUE,f,2026-08-28T17:49:20.690Z,https://utmb.world/runner/5982105.hayden.savage,156610.2,4:37:54,16673.74,27
1205,Nicolas VAUDRON,H,45,45-49M,FR,NA,582,1384,1173,226,43:30:14,25:13:45,TRUE,f,2026-08-28T17:52:41.930Z,https://utmb.world/runner/2200153.nicolas.vaudron,156613.58,4:22:23,15742.999999999998,27
2691,Nicholas JONES,H,40,40-44M,GB,NA,NA,1385,1174,279,43:31:41,25:15:12,TRUE,f,2026-08-28T17:50:18.830Z,https://utmb.world/runner/4879721.nicholas.jones,156700.91,4:09:53,14992.8,27
2269,Jean-Christel TRABAREL,H,51,50-54M,FR,NA,464,1386,1175,127,43:31:44,25:15:15,TRUE,f,2026-08-28T17:52:45.280Z,https://utmb.world/runner/592361.jeanchristel.trabarel,156703.98,2:54:36,10475.52,27
1451,Ouisam JEMILI,H,39,35-39M,FR,Easc,553,1387,1176,226,43:32:29,25:16:00,TRUE,f,2026-08-28T17:52:34.760Z,https://utmb.world/runner/4515464.ouisam.jemili,156748.99,3:35:30,12929.52,27
2314,Jose Angel CIFRE SOSPEDRA,H,48,45-49M,ES,CM Volta al terme Fondeguilla,459,1388,1177,227,43:33:15,25:16:46,TRUE,f,2026-08-28T17:50:31.180Z,https://utmb.world/runner/870390.joseangel.cifresospedra,156795.08,3:02:46,10966.3,27
2150,Michiko HIMURO,F,53,50-54W,JP,NA,479,1389,212,23,43:33:36,25:17:07,TRUE,f,2026-08-28T17:49:47.700Z,https://utmb.world/runner/772513.michiko.himuro,156815.39,4:24:57,15897.33,27
2585,David HENRY,H,38,35-39M,GB,NA,405,1390,1178,227,43:34:30,25:18:01,TRUE,f,2026-08-28T17:51:38.890Z,https://utmb.world/runner/6179325.david.henry,156869.27,4:03:11,14590.810000000001,27
2115,Romain ROLAND,H,44,40-44M,BE,Les PotosROSes,483,1391,1179,280,43:34:32,25:18:03,TRUE,f,2026-08-28T17:50:56.370Z,https://utmb.world/runner/2055783.romain.roland,156871.99,2:37:29,9448.73,27
1851,Muhammad SYAHRUDIN,H,31,20-34M,ID,larilari.id,549,1392,1180,254,43:34:45,25:18:16,TRUE,f,2026-08-28T17:51:28.780Z,https://utmb.world/runner/4261095.muhammad.syahrudin,156884.75,3:23:57,12236.539999999999,27
2344,Franck GUTH,H,56,55-59M,FR,NA,455,1393,1181,52,43:35:14,25:18:45,TRUE,f,2026-08-28T17:52:49.170Z,https://utmb.world/runner/1565743.franck.guth,156914.05,4:05:56,14756.169999999998,27
1633,Eiji TAGAMI,H,50,50-54M,JP,TeamNextStep/3HAWK/STU,534,1394,1182,128,43:35:24,25:18:55,TRUE,f,2026-08-28T17:52:01.130Z,https://utmb.world/runner/1282557.eiji.tagami,156924.83,3:55:00,14100.46,27
2367,Philippe GOY,H,48,45-49M,FR,CORCY ENDURANCE,451,1395,1183,228,43:35:55,25:19:26,TRUE,f,2026-08-28T17:50:38.360Z,https://utmb.world/runner/4463270.philippe.goy,156955.13,4:31:23,16283.32,27
1399,Rakchanok SUTAMMAJARN,F,50,50-54W,TH,SUCCESS GYM,558,1396,213,24,43:36:50,25:20:21,TRUE,f,2026-08-28T17:50:39.540Z,https://utmb.world/runner/3213009.rakchanok.sutammajarn,157009.79,5:07:15,18434.74,27
2021,Anders VEKVE,H,53,50-54M,NO,"Vestfold Ultraløperklubb, Dynafit",496,1397,1184,129,43:37:29,25:21:00,TRUE,f,2026-08-28T17:52:47.300Z,https://utmb.world/runner/8040632.anders.vekve,157049.14,3:34:24,12864.410000000002,27
2450,David ARTAUD,H,53,50-54M,FR,Les foulées de Beauregard,435,1398,1185,130,43:37:38,25:21:09,TRUE,f,2026-08-28T17:52:10.460Z,https://utmb.world/runner/556903.david.artaud,157057.75,4:17:05,15424.570000000002,27
2395,Ka Ming MAK,H,49,45-49M,HK,NA,447,1399,1186,229,43:37:40,25:21:11,TRUE,f,2026-08-28T17:52:18.960Z,https://utmb.world/runner/2534223.kaming.mak,157059.27,5:51:30,21090.440000000002,27
2657,Chris EADIE,H,37,35-39M,AU,NA,377,1400,1187,228,43:37:47,25:21:18,TRUE,f,2026-08-28T17:51:12.760Z,https://utmb.world/runner/3400235.chris.eadie,157066.93,3:36:23,12983.470000000001,27
1803,Dimitri DUFOUR,H,45,45-49M,BE,Templeuve,514,1401,1188,230,43:38:06,25:21:37,TRUE,f,2026-08-28T17:50:56.370Z,https://utmb.world/runner/1458289.dimitri.dufour,157086.33,4:28:56,16135.51,27
2192,José TOCA,H,42,40-44M,GT,Team Lucianos,474,1402,1189,281,43:38:23,25:21:54,TRUE,f,2026-08-28T17:49:49.500Z,https://utmb.world/runner/1829529.jose.toca,157103.49,4:01:09,14469.38,27
2157,Mathieu SCALA,H,34,20-34M,FR,NA,478,1403,1190,255,43:38:46,25:22:17,TRUE,f,2026-08-28T17:51:04.850Z,https://utmb.world/runner/2526595.mathieu.scala,157125.53,4:54:22,17662.239999999998,27
1834,Sadık TAŞKIN,H,39,35-39M,TR,NA,512,1404,1191,229,43:39:17,25:22:48,TRUE,f,2026-08-28T17:49:59.430Z,https://utmb.world/runner/1072397.sadik.taskin,157157.4,3:03:08,10987.789999999999,27
2521,Sylvain EQUEL,H,42,40-44M,FR,NA,423,1405,1192,282,43:39:56,25:23:27,TRUE,f,2026-08-28T17:52:09.950Z,https://utmb.world/runner/506673.sylvain.equel,157195.09,3:05:44,11143.82,27
1543,John WILSON,H,41,40-44M,GB,NA,543,1406,1193,283,43:40:54,25:24:25,TRUE,f,2026-08-28T17:52:46.010Z,https://utmb.world/runner/4191444.john.wilson,157254.75,4:07:13,14832.63,27
1806,Leandro Gabriel CAMPO,H,50,50-54M,AR,Cool Training,515,1406,1193,131,43:40:54,25:24:25,TRUE,f,2026-08-28T17:50:59.180Z,https://utmb.world/runner/668491.leandrogabriel.campo,157254.02,6:38:26,23905.71,27
2616,Carlos Ángel GONZALEZ ARAGON,H,44,40-44M,ES,Club de Montana Anyera Ceuta,396,1408,1195,284,43:41:18,25:24:49,TRUE,f,2026-08-28T17:50:10.780Z,https://utmb.world/runner/198460.carlosangel.gonzalezaragon,157278.04,3:22:51,12170.93,27
258,Elin ÖHMAN,F,34,20-34W,SE,NA,654,1409,214,49,43:42:17,25:25:48,TRUE,f,2026-08-28T17:48:12.000Z,https://utmb.world/runner/1996521.elin.ohman,157337.34,5:09:02,18542.079999999998,27
2043,Ka Chun TSE,H,49,45-49M,HK,NA,493,1410,1196,231,43:42:48,25:26:19,TRUE,f,2026-08-28T17:52:49.470Z,https://utmb.world/runner/794293.kachun.tse,157368.5,3:21:24,12084.309999999998,27
2537,Tetsuya UEKUSA,H,62,60-64M,JP,NA,418,1411,1197,14,43:43:00,25:26:31,TRUE,f,2026-08-28T17:50:12.110Z,https://utmb.world/runner/559359.tetsuya.uekusa,157379.92,3:36:12,12972.42,27
1635,Thomas MALDONADO,H,45,45-49M,FR,Autour du Trail,534,1412,1198,232,43:43:07,25:26:38,TRUE,f,2026-08-28T17:50:12.320Z,https://utmb.world/runner/3692667.thomas.maldonado,157387.08,4:12:50,15169.87,27
2518,Vivian LEE,F,56,55-59W,US,NA,423,1413,215,10,43:43:10,25:26:41,TRUE,f,2026-08-28T17:51:21.910Z,https://utmb.world/runner/1410965.vivian.lee,157389.09,3:25:37,12337.12,27
1985,Fernando PINHEIRO MENDES,H,56,55-59M,PT,SLB,499,1414,1199,53,43:43:23,25:26:54,TRUE,f,2026-08-28T17:50:17.000Z,https://utmb.world/runner/393194.fernando.pinheiromendes,157403.28,2:54:56,10496.499999999998,27
2091,Guangtao XIE,H,34,20-34M,CN,NA,487,1415,1200,256,43:44:16,25:27:47,TRUE,f,2026-08-28T17:52:55.120Z,https://utmb.world/runner/5869328.guangtao.xie,157456.75,4:04:08,14648.4,27
2379,Bastien POTHIER,H,37,35-39M,FR,Kikourou,449,1416,1201,230,43:44:33,25:28:04,TRUE,f,2026-08-28T17:52:47.300Z,https://utmb.world/runner/845232.bastien.pothier,157473.5,4:14:22,15261.93,27
1649,Thomas CORNARDEAU,H,41,40-44M,FR,Trailers des Aravis,532,1417,1202,285,43:44:47,25:28:18,TRUE,f,2026-08-28T17:51:34.030Z,https://utmb.world/runner/1727959.thomas.cornardeau,157487.27,5:54:02,21241.539999999997,27
1611,Thomas NOWAK,H,47,45-49M,FR,NA,537,1418,1203,233,43:45:08,25:28:39,TRUE,f,2026-08-28T17:52:22.340Z,https://utmb.world/runner/4217947.thomas.nowak,157508.6,3:13:21,11600.93,27
1929,Laura LEAES LOPES,F,44,40-44W,BR,Studi Saúde,506,1419,216,40,43:45:40,25:29:11,TRUE,f,2026-08-28T17:52:32.170Z,https://utmb.world/runner/5013033.laura.leaeslopes,157540.26,3:17:45,11865.07,27
2075,Yoann LECOINTE,H,42,40-44M,FR,NA,489,1420,1204,286,43:46:21,25:29:52,TRUE,f,2026-08-28T17:52:38.090Z,https://utmb.world/runner/1566043.yoann.lecointe,157581.37,3:52:47,13966.57,27
2273,Aleksis CAPILI,H,49,45-49M,PH,Hoka Philippines / Coros Philippines,464,1421,1205,234,43:46:28,25:29:59,TRUE,f,2026-08-28T17:48:55.630Z,https://utmb.world/runner/569626.aleksis.capili,157587.74,1:33:58,5638.41,27
2152,Emmanuel DUPONT,H,44,40-44M,FR,Run'In Champagney,478,1422,1206,287,43:46:50,25:30:21,TRUE,f,2026-08-28T17:50:12.740Z,https://utmb.world/runner/2550357.emmanuel.dupont,157609.47,2:17:04,8223.6,27
2029,Gianni Justo MASSIN,H,32,20-34M,AR,Club de corredores corrientes,494,1423,1207,257,43:48:05,25:31:36,TRUE,f,2026-08-28T17:49:01.610Z,https://utmb.world/runner/4120688.giannijusto.massin,157684.58,6:07:23,22042.58,27
2160,Ying LIU,F,38,35-39W,CN,NA,478,1424,217,61,43:48:30,25:32:01,TRUE,f,2026-08-28T17:49:43.310Z,https://utmb.world/runner/1440177.ying.liu,157710.21,1:52:36,6755.6900000000005,27
2433,Prabhjot GREWAL,F,52,50-54W,US,NA,495,1425,218,25,43:48:56,25:32:27,TRUE,f,2026-08-28T17:50:42.930Z,https://utmb.world/runner/7094775.prabhjot.grewal,157735.49,2:05:38,7537.68,27
2275,Xavier DUPONT,H,35,35-39M,FR,NA,463,1426,1208,231,43:48:57,25:32:28,TRUE,f,2026-08-28T17:49:27.850Z,https://utmb.world/runner/4230623.xavier.dupont,157736.38,4:30:29,16228.740000000002,27
1182,Lionel PERRON,H,49,45-49M,FR,Courir a Guénin,587,1427,1209,235,43:48:59,25:32:30,TRUE,f,2026-08-28T17:51:18.060Z,https://utmb.world/runner/814368.lionel.perron,157739.43,4:10:25,15024.54,27
1570,Romain BLUSSEAU,H,34,20-34M,FR,Challengers,541,1428,1210,258,43:50:08,25:33:39,TRUE,f,2026-08-28T17:52:09.080Z,https://utmb.world/runner/5766590.romain.blusseau,157808.78,4:44:45,17084.65,27
2301,Franck MAILLOTTE,H,54,50-54M,FR,NA,461,1429,1211,132,43:51:12,25:34:43,TRUE,f,2026-08-28T17:51:04.830Z,https://utmb.world/runner/5096481.franck.maillotte,157871.56,4:02:16,14535.670000000002,27
2479,Rodolfo ORTIZ,H,47,45-49M,CR,CR SkyRunning,432,1430,1212,236,43:51:35,25:35:06,TRUE,f,2026-08-28T17:49:12.170Z,https://utmb.world/runner/3906205.rodolfo.ortiz,157895.23,5:57:23,21443.489999999998,27
2351,Lee WELLS,H,50,50-54M,GB,NA,453,1431,1213,133,43:51:56,25:35:27,TRUE,f,2026-08-28T17:52:14.830Z,https://utmb.world/runner/2125555.lee.wells,157915.83,3:17:37,11856.800000000001,27
2466,Ewa PIECZARA,F,53,50-54W,PL,NA,435,1432,219,26,43:52:43,25:36:14,TRUE,f,2026-08-28T17:51:49.930Z,https://utmb.world/runner/2054431.ewa.pieczara,157962.44,3:20:28,12027.970000000001,27
1413,Zdenek KRIVANEK,H,45,45-49M,CZ,Trailpoint,555,1433,1214,237,43:53:02,25:36:33,TRUE,f,2026-08-28T17:50:42.030Z,https://utmb.world/runner/4297968.zdenek.krivanek,157982.32,4:05:29,14728.589999999998,27
2317,Hung On CHENG,H,53,50-54M,HK,Pro Running Club,458,1434,1215,134,43:53:23,25:36:54,TRUE,f,2026-08-28T17:49:44.190Z,https://utmb.world/runner/1206921.hungon.cheng,158003.23,3:26:19,12379.119999999999,27
1831,Kentaro HIROSE,H,49,45-49M,JP,TeamOsada,513,1435,1216,238,43:54:08,25:37:39,TRUE,f,2026-08-28T17:50:51.200Z,https://utmb.world/runner/4098389.kentaro.hirose,158048.52,3:17:18,11838.289999999999,27
1822,Frederic BADIE,H,52,50-54M,FR,NA,512,1436,1217,135,43:54:14,25:37:45,TRUE,f,2026-08-28T17:49:39.270Z,https://utmb.world/runner/1608107.frederic.badie,158054.55,4:40:24,16824.239999999998,27
1836,Su Weng LAI,H,42,40-44M,MO,Trailman100 Macau,513,1437,1218,288,43:54:30,25:38:01,TRUE,f,2026-08-28T17:49:03.880Z,https://utmb.world/runner/1860583.suweng.lai,158069.91,2:20:31,8430.720000000001,27
2668,Wolfgang LEGOFF,H,51,50-54M,FR,NA,361,1438,1219,136,43:54:33,25:38:04,TRUE,f,2026-08-28T17:51:48.100Z,https://utmb.world/runner/3134839.wolfgang.legoff,158072.94,3:52:48,13968.269999999999,27
1410,Kim DE BAENE,F,45,45-49W,CA,NA,583,1439,220,28,43:56:12,25:39:43,TRUE,f,2026-08-28T17:50:59.190Z,https://utmb.world/runner/4255225.kim.debaene,158172.01,7:35:11,27311.03,27
2222,Stuart REAY,H,54,50-54M,GB,Derwent Valley Running Club,446,1440,1220,137,43:56:15,25:39:46,TRUE,f,2026-08-28T17:50:22.380Z,https://utmb.world/runner/5318987.stuart.reay,158175.3,4:56:44,17804.1,27
2168,Olivier YUMA,H,38,35-39M,FR,NA,478,1441,1221,232,43:56:16,25:39:47,TRUE,f,2026-08-28T17:51:18.460Z,https://utmb.world/runner/4462902.olivier.yuma,158176.4,5:11:03,18663.399999999998,27
2427,Horacio GALANTI,H,56,55-59M,CA,None,442,1442,1222,54,43:56:18,25:39:49,TRUE,f,2026-08-28T17:51:46.500Z,https://utmb.world/runner/500533.horacio.galanti,158177.85,3:42:27,13346.529999999999,27
1160,Marc-Antoine MILLONES,H,26,20-34M,CA,NA,603,1443,1223,259,43:57:20,25:40:51,TRUE,f,2026-08-28T17:49:50.430Z,https://utmb.world/runner/2199787.marcantoine.millones,158240.17,6:30:58,23458.12,27
2325,Philippe PREVOST,H,62,60-64M,FR,PELOUSEY COURT TOUT DOUBS,456,1444,1224,15,43:57:24,25:40:55,TRUE,f,2026-08-28T17:49:29.610Z,https://utmb.world/runner/451873.philippe.prevost,158243.87,5:37:56,20276.32,27
1533,Jérémy SOTO,H,42,40-44M,FR,EYGUIERES,545,1445,1225,289,43:57:38,25:41:09,TRUE,f,2026-08-28T17:51:56.670Z,https://utmb.world/runner/2621423.jeremy.soto,158257.96,4:20:44,15644.47,27
1903,Tsukasa ENDO,H,36,35-39M,JP,Makabe Firebirds,505,1446,1226,233,43:57:40,25:41:11,TRUE,f,2026-08-28T17:49:58.620Z,https://utmb.world/runner/4311426.tsukasa.endo,158259.62,3:08:25,11304.990000000002,27
1292,Gustavo GONCALVES BOTELHO,H,50,50-54M,BR,Team Noronha,568,1447,1227,138,43:57:47,25:41:18,TRUE,f,2026-08-28T17:50:06.300Z,https://utmb.world/runner/4401186.gustavo.goncalvesbotelho,158267.65,5:06:22,18382.41,27
1988,Claudia BOTELHO,F,51,50-54W,BR,Team Noronha,498,1448,221,27,43:57:50,25:41:21,TRUE,f,2026-08-28T17:50:07.410Z,https://utmb.world/runner/1139267.claudia.botelho,158269.69,5:02:49,18169.47,27
1708,Frédéric ROIGNANT,H,51,50-54M,FR,Les mollets pétillants,525,1449,1228,139,43:58:22,25:41:53,TRUE,f,2026-08-28T17:52:56.330Z,https://utmb.world/runner/4708316.frederic.roignant,158302.27,5:40:31,20430.649999999994,27
1626,Antoine VERSTRAETEN,H,53,50-54M,NL,NA,536,1450,1229,140,44:01:23,25:44:54,TRUE,f,2026-08-28T17:49:42.580Z,https://utmb.world/runner/4509514.antoine.verstraeten,158483.24,4:13:24,15203.82,27
1722,Joël DE MOROQUE SLUCKI,H,36,35-39M,FR,NA,524,1450,1229,234,44:01:23,25:44:54,TRUE,f,2026-08-28T17:50:52.330Z,https://utmb.world/runner/4901900.joel.demoroqueslucki,158483.31,4:49:19,17359.41,27
1610,Stefanus VAN DER VEEN,H,46,45-49M,NL,NA,537,1452,1231,239,44:02:11,25:45:42,TRUE,f,2026-08-28T17:51:00.040Z,https://utmb.world/runner/5099371.etienne.vanderveen,158531.52,3:51:02,13862.09,27
2512,Samir FAZLAGIĆ,H,63,60-64M,BA,Sarajevo Running Club - SRC,425,1453,1232,16,44:05:18,25:48:49,TRUE,f,2026-08-28T17:51:07.190Z,https://utmb.world/runner/1712493.samir.fazlagic,158717.96,3:41:44,13304.31,27
2083,Wai Yan CHAN,F,42,40-44W,HK,NA,489,1454,222,41,44:06:13,25:49:44,TRUE,f,2026-08-28T17:49:45.640Z,https://utmb.world/runner/1829921.waiyan.chan,158772.76,2:35:09,9309.390000000001,27
2035,Janett ALOYSEOUS,F,33,20-34W,NO,Team 68’47,494,1455,223,50,44:06:46,25:50:17,TRUE,f,2026-08-28T17:50:03.820Z,https://utmb.world/runner/6214274.janett.aloyseous,158805.19,3:23:00,12180.42,27
2085,Tomoe SASAKI,F,57,55-59W,JP,NA,488,1456,224,11,44:07:13,25:50:44,TRUE,f,2026-08-28T17:51:15.100Z,https://utmb.world/runner/5878232.tomoe.sasaki,158832.98,2:57:56,10675.97,27
2612,Daniel SCOTT,H,47,45-49M,GB,North endurance,397,1457,1233,240,44:07:25,25:50:56,TRUE,f,2026-08-28T17:51:18.060Z,https://utmb.world/runner/4117671.daniel.scott,158845.21,4:05:11,14711.399999999998,27
1711,Joseph Mau Shun NGUI,H,46,45-49M,MY,NA,525,1458,1234,241,44:07:45,25:51:16,TRUE,f,2026-08-28T17:52:53.710Z,https://utmb.world/runner/1911535.josephmaushun.ngui,158864.34,4:31:43,16303.150000000001,27
1131,Maxime LEYZOUR,H,43,40-44M,FR,Team Breiz'Line,594,1459,1235,290,44:10:21,25:53:52,TRUE,f,2026-08-28T17:48:56.350Z,https://utmb.world/runner/1177977.maxime.leyzour,159020.79,7:37:19,27438.760000000002,27
1009,James SULLIVAN,H,40,40-44M,AU,NA,612,1460,1236,291,44:11:28,25:54:59,TRUE,f,2026-08-28T17:49:16.170Z,https://utmb.world/runner/3417319.james.sullivan,159088.64,4:05:15,14715.470000000001,27
1463,Stuart HOULISTON,H,50,50-54M,AU,N/A,552,1461,1237,141,44:12:43,25:56:14,TRUE,f,2026-08-28T17:50:09.350Z,https://utmb.world/runner/287495.stuart.houliston,159163.36,2:19:58,8398.02,27
2103,Jeremy BRAS,H,37,35-39M,FR,Team pif,485,1462,1238,235,44:12:48,25:56:19,TRUE,f,2026-08-28T17:52:09.030Z,https://utmb.world/runner/5692843.jeremy.bras,159168.91,3:54:46,14085.9,27
1344,Cecilia RAGAZZI,F,42,40-44W,IT,NA,561,1463,225,42,44:12:49,25:56:20,TRUE,f,2026-08-28T17:52:19.420Z,https://utmb.world/runner/4957865.cecilia.ragazzi,159169.13,3:57:08,14227.789999999999,27
937,Paul REGLINSKI,H,41,40-44M,GB,NA,610,1464,1239,292,44:12:50,25:56:21,TRUE,f,2026-08-28T17:52:17.380Z,https://utmb.world/runner/4523062.paul.reglinski,159170.45,5:28:12,19692.06,27
2516,Natalia CARLINI,F,46,45-49W,AR,Cuesta Arriba,425,1465,226,29,44:12:57,25:56:28,TRUE,f,2026-08-28T17:52:10.040Z,https://utmb.world/runner/4111884.natalia.carlini,159177.06,2:14:23,8062.58,27
1768,Mickael MASNADA,H,50,50-54M,FR,Les Trailleurs de la Londaine,518,1466,1240,142,44:13:19,25:56:50,TRUE,f,2026-08-28T17:49:22.020Z,https://utmb.world/runner/5142705.mickael.masnada,159199.96,3:06:17,11176.960000000001,27
2147,Tolga GULER,H,50,50-54M,TR,Twilight Team,480,1467,1241,143,44:13:33,25:57:04,TRUE,f,2026-08-28T17:50:24.870Z,https://utmb.world/runner/311986.tolga.guler,159212.21,4:16:26,15385.579999999998,27
2014,Eric BREN,H,60,60-64M,FR,NAVEIL,497,1468,1242,17,44:14:38,25:58:09,TRUE,f,2026-08-28T17:52:16.000Z,https://utmb.world/runner/825655.eric.bren,159278.74,2:56:41,10600.82,27
1650,Kin Wah CHAN,H,44,40-44M,HK,NA,535,1469,1243,293,44:14:52,25:58:23,TRUE,f,2026-08-28T17:52:35.190Z,https://utmb.world/runner/4435328.kinwah.chan,159291.82,5:03:13,18192.989999999998,27
2274,Zhongqi YANG,H,41,40-44M,CN,NA,464,1470,1244,294,44:15:06,25:58:37,TRUE,f,2026-08-28T17:50:56.840Z,https://utmb.world/runner/4157063.zhongqi.yang,159305.77,4:49:11,17350.62,27
2590,Alexandre BERROUA,H,32,20-34M,FR,NA,402,1471,1245,260,44:15:11,25:58:42,TRUE,f,2026-08-28T17:51:09.320Z,https://utmb.world/runner/6949919.alexandre.berroua,159311.38,3:37:04,13023.67,27
1871,Stanislav CHIKNAVARYAN,H,56,55-59M,US,NA,509,1472,1246,55,44:15:29,25:59:00,TRUE,f,2026-08-28T17:52:57.500Z,https://utmb.world/runner/226950.stanislav.chiknavaryan,159329.17,5:43:11,20590.93,27
2065,Krzysztof MORAWSKI,H,57,55-59M,PL,NA,491,1473,1247,56,44:15:53,25:59:24,TRUE,f,2026-08-28T17:50:40.270Z,https://utmb.world/runner/5357522.krzysztof.morawski,159352.75,4:18:21,15500.81,27
1421,Yan MORVAN,H,49,45-49M,FR,Amadeus Trail,556,1474,1248,242,44:15:56,25:59:27,TRUE,f,2026-08-28T17:52:21.390Z,https://utmb.world/runner/1375657.yan.morvan,159356.14,4:11:47,15107.15,27
1416,Julien VEYSSEYRE,H,39,35-39M,FR,Para Team Salomon,556,1475,1249,236,44:16:04,25:59:35,TRUE,f,2026-08-28T17:48:35.680Z,https://utmb.world/runner/4819510.julien.veysseyre,159363.82,2:11:11,7870.67,27
2107,Mariangeles SANCHEZ,F,53,50-54W,ES,TRAILRUNNERS AVANZA JAEN,485,1476,227,28,44:16:25,25:59:56,TRUE,f,2026-08-28T17:49:05.110Z,https://utmb.world/runner/5148816.mariangeles.sanchez,159385.65,2:53:20,10399.85,27
1853,Marko TUTT,H,39,35-39M,EE,Treeningpartner,510,1477,1250,237,44:16:28,25:59:59,TRUE,f,2026-08-28T17:52:34.790Z,https://utmb.world/runner/4100005.marko.tutt,159387.66,5:01:20,18080.23,27
1604,Alexis Matias ALI,H,43,40-44M,AR,DD RUNNING TEAM,538,1478,1251,295,44:16:34,26:00:05,TRUE,f,2026-08-28T17:51:21.490Z,https://utmb.world/runner/893127.alexismatias.ali,159394.28,4:08:28,14907.77,27
2117,Antonio Manuel DIAZ GARCIA,H,47,45-49M,ES,Trailrunners Avanza Jaén,485,1479,1252,243,44:16:45,26:00:16,TRUE,f,2026-08-28T17:49:04.820Z,https://utmb.world/runner/554529.antoniomanuel.diazgarcia,159404.52,4:48:50,17330.1,27
2246,Ruben BROUWER,H,42,40-44M,NL,Geneva Run Club,469,1479,1252,296,44:16:45,26:00:16,TRUE,f,2026-08-28T17:52:46.630Z,https://utmb.world/runner/6721831.ruben.brouwer,159404.82,3:40:58,13258.199999999999,27
1313,Martin LERAY,H,40,40-44M,FR,Team DLPK Finishers,568,1481,1254,297,44:17:24,26:00:55,TRUE,f,2026-08-28T17:51:57.860Z,https://utmb.world/runner/5241632.martin.leray,159443.73,4:24:41,15881.440000000002,27
1893,Florian VIRAT,H,41,40-44M,FR,PETIT COEUR DE BEURRE / CLUB ATHLETIQUE BRIOUDE,505,1482,1255,298,44:18:19,26:01:50,TRUE,f,2026-08-28T17:52:35.600Z,https://utmb.world/runner/598347.florian.virat,159499.33,3:21:19,12078.6,27
2469,Jérôme MARCOTTY,H,40,40-44M,BE,Team MCP,434,1483,1256,299,44:18:41,26:02:12,TRUE,f,2026-08-28T17:52:13.700Z,https://utmb.world/runner/5689358.jerome.marcotty,159521.17,2:58:47,10726.64,27
2552,Damien FATREZ,H,46,45-49M,FR,9@thetree,414,1484,1257,244,44:19:25,26:02:56,TRUE,f,2026-08-28T17:52:50.160Z,https://utmb.world/runner/1949913.damien.fatrez,159565.66,2:54:24,10463.590000000002,27
2034,Miwa OOKA,F,56,55-59W,JP,NA,494,1485,228,12,44:20:16,26:03:47,TRUE,f,2026-08-28T17:49:29.230Z,https://utmb.world/runner/2527997.miwa.ooka,159616.72,2:57:58,10677.619999999999,27
2067,Eisuke OOKA,H,57,55-59M,JP,NA,490,1486,1258,57,44:20:17,26:03:48,TRUE,f,2026-08-28T17:49:29.220Z,https://utmb.world/runner/1199229.eisuke.ooka,159617.22,3:59:55,14394.759999999998,27
2183,Qiang LIU,H,39,35-39M,CN,Nankai Trail Team,476,1487,1259,238,44:20:21,26:03:52,TRUE,f,2026-08-28T17:50:01.760Z,https://utmb.world/runner/1083997.qiang.liu,159620.48,4:24:42,15881.81,27
2334,Aoi KONDO,F,29,20-34W,JP,NA,456,1488,229,51,44:20:27,26:03:58,TRUE,f,2026-08-28T17:50:55.090Z,https://utmb.world/runner/4938018.aoi.kondo,159627.87,3:49:40,13780.21,27
1587,Quentin HAUET,H,47,45-49M,FR,TCN,539,1489,1260,245,44:20:53,26:04:24,TRUE,f,2026-08-28T17:50:05.370Z,https://utmb.world/runner/826496.quentin.hauet,159653.13,5:14:55,18895.42,27
2534,Romain CORSO,H,39,35-39M,FR,NA,419,1490,1261,239,44:20:55,26:04:26,TRUE,f,2026-08-28T17:51:59.480Z,https://utmb.world/runner/2370325.romain.corso,159654.99,4:50:08,17408.370000000003,27
2005,Morgan DESFONTAINES,H,37,35-39M,FR,NA,497,1491,1262,240,44:21:05,26:04:36,TRUE,f,2026-08-28T17:51:59.740Z,https://utmb.world/runner/656753.morgan.desfontaines,159665.12,4:57:39,17858.600000000002,27
2124,Meng SHAO,H,33,20-34M,CN,NA,484,1492,1263,261,44:21:40,26:05:11,TRUE,f,2026-08-28T17:51:43.980Z,https://utmb.world/runner/6984737.meng.shao,159699.31,3:58:58,14338.1,27
1667,Fabrizio GRIMALDI,H,56,55-59M,IT,Team Marguareis,530,1493,1264,58,44:21:44,26:05:15,TRUE,f,2026-08-28T17:50:32.960Z,https://utmb.world/runner/70513.fabrizio.grimaldi,159703.58,5:06:25,18384.959999999995,27
1598,Rocio ARIAS GARCIA,F,38,35-39W,CR,Ro Running Team,538,1494,230,62,44:22:27,26:05:58,TRUE,f,2026-08-28T17:49:09.230Z,https://utmb.world/runner/974463.rocio.ariasgarcia,159747.69,2:47:57,10077.07,27
1203,Ole Jørgen VIK,H,47,45-49M,NO,Devold Test Lab,585,1495,1265,246,44:22:39,26:06:10,TRUE,f,2026-08-28T17:50:50.550Z,https://utmb.world/runner/1060711.olejorgen.vik,159758.53,6:45:17,24316.600000000006,27
2262,Antonio NOGUEIRA,H,54,50-54M,FR,USB,466,1496,1266,144,44:22:53,26:06:24,TRUE,f,2026-08-28T17:52:13.840Z,https://utmb.world/runner/72475.antonio.nogueira,159772.52,4:25:50,15949.900000000001,27
1097,Ming LI,H,40,40-44M,SG,NA,596,1497,1267,300,44:22:57,26:06:28,TRUE,f,2026-08-28T17:51:54.000Z,https://utmb.world/runner/5896293.ming.li,159777.09,4:49:41,17381.48,27
1791,Manabu YAMANAKA,H,51,50-54M,JP,gojo forestry cooperative,516,1498,1268,145,44:23:07,26:06:38,TRUE,f,2026-08-28T17:52:21.090Z,https://utmb.world/runner/2691317.manabu.yamanaka,159786.95,4:11:03,15062.769999999999,27
2022,Fabrizio BERTONI,H,51,50-54M,IT,100% Anima Trail,496,1499,1269,146,44:23:18,26:06:49,TRUE,f,2026-08-28T17:52:05.780Z,https://utmb.world/runner/4929089.fabrizio.bertoni,159797.72,4:57:54,17874.11,27
1465,Olivier BONEF,H,43,40-44M,FR,PERONNE ATHLETISME CLUB,552,1500,1270,301,44:23:19,26:06:50,TRUE,f,2026-08-28T17:52:28.660Z,https://utmb.world/runner/4381662.olivier.bonef,159798.47,6:12:55,22375.18,27
2116,Simone IORI,H,46,45-49M,IT,NA,485,1501,1271,247,44:23:21,26:06:52,TRUE,f,2026-08-28T17:52:05.840Z,https://utmb.world/runner/3234845.simone.iori,159800.74,4:53:52,17632.21,27
2010,Takamitsu MIYAKE,H,41,40-44M,JP,NA,497,1502,1272,302,44:23:57,26:07:28,TRUE,f,2026-08-28T17:51:52.910Z,https://utmb.world/runner/1549179.takamitsu.miyake,159836.15,4:47:38,17258.210000000003,27
1952,Ninon BROQUET,F,36,35-39W,FR,NCS Trailéman,499,1503,231,63,44:25:08,26:08:39,TRUE,f,2026-08-28T17:52:23.130Z,https://utmb.world/runner/2239553.ninon.broquet,159908.73,4:25:12,15911.77,27
2305,Sebastien THELIN,H,50,50-54M,FR,NA,462,1504,1273,147,44:25:17,26:08:48,TRUE,f,2026-08-28T17:50:01.950Z,https://utmb.world/runner/1725009.sebastien.thelin,159916.66,2:56:48,10607.83,27
1827,Guillermo SALTO GIRAUD,H,47,45-49M,AR,Barrana Energética,513,1505,1274,248,44:26:03,26:09:34,TRUE,f,2026-08-28T17:51:37.760Z,https://utmb.world/runner/2983585.guillermo.saltogiraud,159962.54,5:09:24,18563.8,27
2259,Benoit JACQUEMIN,H,45,45-49M,FR,NA,467,1506,1275,249,44:26:21,26:09:52,TRUE,f,2026-08-28T17:52:30.050Z,https://utmb.world/runner/5951789.benoit.jacquemin,159981.17,3:07:05,11224.630000000001,27
2199,Raissa DIAS DE OLIVEIRA,F,35,35-39W,BR,Life Runners,433,1507,232,64,44:27:09,26:10:40,TRUE,f,2026-08-28T17:49:45.830Z,https://utmb.world/runner/4659084.raissa.diasdeoliveira,160028.68,3:46:41,13600.78,27
1725,Juergen KLOPFER,H,48,45-49M,DE,100 Marathon Club,524,1508,1276,250,44:27:28,26:10:59,TRUE,f,2026-08-28T17:52:12.970Z,https://utmb.world/runner/3336699.juergen.klopfer,160047.2,4:15:18,15318.16,27
2462,Olivier PIQUER,H,36,35-39M,FR,CONVIVIATRAIL,436,1509,1277,241,44:27:58,26:11:29,TRUE,f,2026-08-28T17:52:17.340Z,https://utmb.world/runner/4984808.olivier.piquer,160077.83,3:57:08,14228.490000000002,27
2442,Camille SAMPIC,H,38,35-39M,FR,NA,441,1510,1278,242,44:29:16,26:12:47,TRUE,f,2026-08-28T17:52:07.430Z,https://utmb.world/runner/2977247.camille.sampic,160156.45,3:53:13,13993.33,27
1882,Victoria PERCIC,F,44,40-44W,MD,DealRun,507,1511,233,43,44:29:22,26:12:53,TRUE,f,2026-08-28T17:51:18.010Z,https://utmb.world/runner/5745740.victoria.percic,160162.72,4:03:43,14623.45,27
2490,Nelly GISTEMULTE,F,38,35-39W,MD,Gheorghita Running Club,428,1511,233,65,44:29:22,26:12:53,TRUE,f,2026-08-28T17:51:18.350Z,https://utmb.world/runner/4665478.nelly.gistemulte,160162.62,2:43:02,9782.28,27
2082,Fred CAZAU,H,54,50-54M,FR,NA,489,1513,1279,148,44:30:03,26:13:34,TRUE,f,2026-08-28T17:49:45.840Z,https://utmb.world/runner/1917245.fred.cazau,160203.02,1:55:07,6907.38,27
2179,Gilles FABRY,H,59,55-59M,FR,Jogging Lavérune,476,1514,1280,59,44:30:05,26:13:36,TRUE,f,2026-08-28T17:50:58.210Z,https://utmb.world/runner/24057.gilles.fabry,160204.91,1:36:47,5806.6,27
2610,Fernando AGIS,H,52,50-54M,UY,N7.uy,398,1515,1281,149,44:30:09,26:13:40,TRUE,f,2026-08-28T17:49:18.010Z,https://utmb.world/runner/3683775.fernando.agis,160209.14,4:13:05,15185.400000000001,27
2517,Honghun CHOI,H,30,20-34M,KR,NA,424,1516,1282,262,44:30:58,26:14:29,TRUE,f,2026-08-28T17:51:36.510Z,https://utmb.world/runner/6581128.honghun.choi,160257.64,3:55:04,14104.170000000002,27
2665,Alexandre DE LA FERTÉ,H,30,20-34M,FR,NA,367,1517,1283,263,44:31:51,26:15:22,TRUE,f,2026-08-28T17:51:46.980Z,https://utmb.world/runner/4558628.alexandre.delaferte,160310.13,3:26:48,12408.279999999999,27
1922,Thibaud HENNEQUIN,H,39,35-39M,FR,NA,504,1518,1284,243,44:32:14,26:15:45,TRUE,f,2026-08-28T17:49:52.890Z,https://utmb.world/runner/4866135.thibaud.hennequin,160333.74,2:49:32,10172.35,27
1748,Thomas SCHERTZINGER,H,43,40-44M,FR,NA,521,1519,1285,303,44:32:18,26:15:49,TRUE,f,2026-08-28T17:49:32.840Z,https://utmb.world/runner/520848.thomas.schertzinger,160338.08,3:23:36,12215.999999999998,27
1661,Kazuto KIMURA,H,56,55-59M,JP,NA,532,1520,1286,60,44:32:25,26:15:56,TRUE,f,2026-08-28T17:49:55.070Z,https://utmb.world/runner/599854.kazuto.kimura,160345.32,3:10:29,11428.86,27
2503,Anonymous,H,51,50-54M,AN,NA,NA,1521,1287,150,44:33:06,26:16:37,TRUE,f,2026-08-28T17:50:55.090Z,NA,160386.4,2:15:54,8153.7,27
2687,Dmitry YAKOVLEV,H,35,35-39M,US,NA,NA,1522,1288,244,44:33:22,26:16:53,TRUE,f,2026-08-28T17:50:59.230Z,https://utmb.world/runner/5565363.dmitry.yakovlev,160402.04,4:35:10,16509.989999999998,27
2002,Bojan VELJANOVSKI,H,35,35-39M,MK,NA,498,1523,1289,245,44:33:28,26:16:59,TRUE,f,2026-08-28T17:51:28.110Z,https://utmb.world/runner/4435512.bojan.veljanovski,160408.65,2:32:54,9173.62,27
1422,Julie MCNAMEE,F,53,50-54W,IE,Running Coach Ireland,556,1524,235,29,44:33:57,26:17:28,TRUE,f,2026-08-28T17:50:22.480Z,https://utmb.world/runner/3073933.julie.mcnamee,160436.86,2:39:48,9588.28,27
1915,Sébastien GUINEL,H,50,50-54M,FR,NA,504,1525,1290,151,44:35:05,26:18:36,TRUE,f,2026-08-28T17:50:34.570Z,https://utmb.world/runner/939903.sebastien.guinel,160504.89,5:56:18,21377.52,27
2382,Yui Chung WOO,H,53,50-54M,HK,SaiYan.UTMB,449,1526,1291,152,44:35:11,26:18:42,TRUE,f,2026-08-28T17:52:39.090Z,https://utmb.world/runner/1826099.yuichung.woo,160511.15,3:57:46,14265.839999999998,27
2045,David FURTADO,H,44,40-44M,US,NA,492,1527,1292,304,44:36:43,26:20:14,TRUE,f,2026-08-28T17:50:06.430Z,https://utmb.world/runner/1704785.david.furtado,160603.01,2:42:07,9727.099999999999,27
1444,Yuen Wing LI,H,47,45-49M,HK,SaiYan.Run,554,1528,1293,251,44:37:56,26:21:27,TRUE,f,2026-08-28T17:52:37.460Z,https://utmb.world/runner/1911541.yuenwing.li,160675.79,3:39:49,13189.17,27
2372,Léonard CHAPATTE,H,42,40-44M,CH,NA,450,1529,1294,305,44:39:25,26:22:56,TRUE,f,2026-08-28T17:50:38.370Z,https://utmb.world/runner/2104675.leonard.chapatte,160765.22,4:25:28,15928.050000000001,27
2423,Thomas GRALL,H,41,40-44M,FR,AFA FEYZIN VENISSIEUX,443,1530,1295,306,44:39:45,26:23:16,TRUE,f,2026-08-28T17:52:25.690Z,https://utmb.world/runner/386982.thomas.grall,160784.79,3:37:23,13042.54,27
2361,Junghyun CHA,H,46,45-49M,KR,ROKA,452,1531,1296,252,44:39:53,26:23:24,TRUE,f,2026-08-28T17:52:51.980Z,https://utmb.world/runner/4859312.junghyun.cha,160793,3:34:02,12842.18,27
2203,Yusuke HAKODA,H,55,55-59M,JP,RTRT,473,1532,1297,61,44:40:25,26:23:56,TRUE,f,2026-08-28T17:52:00.180Z,https://utmb.world/runner/664997.yusuke.hakoda,160825.5,3:32:41,12760.71,27
2639,Marc BOSSIS,H,64,60-64M,FR,,387,1533,1298,18,44:40:30,26:24:01,TRUE,f,2026-08-28T17:52:33.070Z,https://utmb.world/runner/8669.marc.bossis,160830.74,2:54:26,10466.09,27
2670,Jonny HUNTINGTON,H,40,40-44M,GB,NA,360,1534,1299,307,44:40:38,26:24:09,TRUE,f,2026-08-28T17:48:46.840Z,https://utmb.world/runner/7210531.jonny.huntington,160837.94,2:46:54,10014,27
2228,Lei WANG,H,46,45-49M,CN,LongYuanTriClub,470,1535,1300,253,44:41:00,26:24:31,TRUE,f,2026-08-28T17:52:57.810Z,https://utmb.world/runner/1465351.lei.wang,160859.83,5:05:36,18335.980000000003,27
1829,Thomas HEBRARD,H,42,40-44M,FR,Les Tubistes,513,1536,1301,308,44:41:05,26:24:36,TRUE,f,2026-08-28T17:49:20.710Z,https://utmb.world/runner/5164808.thomas.hebrard,160864.58,3:41:13,13272.5,27
1081,Benoît MUSELET,H,34,20-34M,FR,Verti'Trail,600,1537,1302,264,44:41:13,26:24:44,TRUE,f,2026-08-28T17:52:01.790Z,https://utmb.world/runner/3982726.benoit.muselet,160872.4,3:59:41,14380.69,27
1705,Tadasu AMASAKI,H,53,50-54M,JP,NA,525,1538,1303,153,44:41:34,26:25:05,TRUE,f,2026-08-28T17:52:09.070Z,https://utmb.world/runner/4848594.tadasu.amasaki,160894.81,2:51:42,10302.189999999999,27
1397,Wenliang TANG,H,45,45-49M,CN,NA,557,1539,1304,254,44:41:50,26:25:21,TRUE,f,2026-08-28T17:51:12.990Z,https://utmb.world/runner/3551925.wenliang.tang,160909.13,6:47:33,24452.760000000002,27
2163,Koya OKABE,H,47,45-49M,JP,ChickenHeartRunningTeam,478,1540,1305,255,44:41:54,26:25:25,TRUE,f,2026-08-28T17:52:48.760Z,https://utmb.world/runner/4311433.koya.okabe,160914,3:16:49,11808.77,27
2658,Sandrine WEISS ÉPOUSE FROGIER,F,46,45-49W,FR,As magenta,376,1541,236,30,44:42:10,26:25:41,TRUE,f,2026-08-28T17:50:41.210Z,https://utmb.world/runner/4200147.sandrine.weissepousefrogier,160930.29,2:45:52,9952.379999999997,27
1347,Pablo DELGADO,H,39,35-39M,CR,UMBRAL+,564,1542,1306,246,44:42:11,26:25:42,TRUE,f,2026-08-28T17:49:07.900Z,https://utmb.world/runner/1198487.pablo.delgado,160930.46,2:45:32,9931.660000000002,27
2072,Masato YOKOKURA,H,48,45-49M,JP,NA,492,1543,1307,256,44:42:28,26:25:59,TRUE,f,2026-08-28T17:49:14.620Z,https://utmb.world/runner/1518975.masato.yokokura,160948.12,3:54:16,14055.739999999998,27
1318,Alexandre ESNAULT,H,28,20-34M,FR,NA,568,1544,1308,265,44:42:31,26:26:02,TRUE,f,2026-08-28T17:53:00.040Z,https://utmb.world/runner/5530878.alexandre.esnault,160951.42,5:09:14,18553.95,27
2225,Chiaki OTA,F,33,20-34W,JP,NA,470,1545,237,52,44:42:46,26:26:17,TRUE,f,2026-08-28T17:50:32.460Z,https://utmb.world/runner/5677274.chiaki.ota,160965.83,3:23:37,12217.289999999999,27
2384,Sook Sian SHIA,F,46,45-49W,MY,NA,448,1546,238,31,44:43:44,26:27:15,TRUE,f,2026-08-28T17:51:01.370Z,https://utmb.world/runner/4430860.sooksian.shia,161023.8,2:39:17,9557.029999999999,27
2215,Nicolas SOCQUET,H,53,50-54M,FR,NA,472,1547,1309,154,44:43:54,26:27:25,TRUE,f,2026-08-28T17:51:33.200Z,https://utmb.world/runner/4677622.nicolas.socquet,161033.91,3:55:15,14115.029999999999,27
2191,Boban STOJANOVSKI,H,42,40-44M,MK,NA,474,1548,1310,309,44:44:10,26:27:41,TRUE,f,2026-08-28T17:51:49.710Z,https://utmb.world/runner/2971223.boban.stojanovski,161050.25,3:28:45,12525.16,27
1872,Ridho Rizqi FIRMANSYAH,H,33,20-34M,ID,Skyfox Running,509,1549,1311,266,44:44:32,26:28:03,TRUE,f,2026-08-28T17:49:53.140Z,https://utmb.world/runner/5394476.ridhorizqi.firmansyah,161072.49,2:20:17,8416.810000000001,27
1891,Maxence DUFOREAU,H,45,45-49M,FR,NA,507,1549,1311,257,44:44:32,26:28:03,TRUE,f,2026-08-28T17:52:54.890Z,https://utmb.world/runner/186085.maxence.duforeau,161071.76,3:57:49,14269.039999999999,27
2276,Mutita JUNIN,F,39,35-39W,TH,NA,477,1551,239,66,44:44:56,26:28:27,TRUE,f,2026-08-28T17:50:13.700Z,https://utmb.world/runner/4057710.mutita.junin,161095.32,2:37:49,9468.640000000001,27
2017,Tom BEEBY,H,46,45-49M,AU,NA,496,1552,1313,258,44:45:14,26:28:45,TRUE,f,2026-08-28T17:52:42.600Z,https://utmb.world/runner/4080808.tom.beeby,161114.01,5:13:19,18798.68,27
2221,Benoît MOUNIER,H,40,40-44M,FR,MSN73,471,1553,1314,310,44:45:34,26:29:05,TRUE,f,2026-08-28T17:50:46.920Z,https://utmb.world/runner/554267.benoit.mounier,161133.56,3:51:32,13891.630000000001,27
1381,Raffaele SCACCIA,H,41,40-44M,IT,ERNICA VEROLI,560,1554,1315,311,44:45:47,26:29:18,TRUE,f,2026-08-28T17:52:04.150Z,https://utmb.world/runner/5672905.raffaele.scaccia,161147.14,5:33:36,20015.98,27
2208,Julien HEBERT,H,42,40-44M,FR,MBDA Sport Athlétisme,472,1555,1316,312,44:45:54,26:29:25,TRUE,f,2026-08-28T17:51:36.790Z,https://utmb.world/runner/5597830.julien.hebert,161153.48,5:15:43,18943.170000000002,27
1519,Kiyoshi KOBAYASHI,H,59,55-59M,JP,NA,546,1556,1317,62,44:46:21,26:29:52,TRUE,f,2026-08-28T17:52:15.790Z,https://utmb.world/runner/4773553.kiyoshi.kobayashi,161180.91,5:00:25,18024.920000000002,27
2304,Thomas DENIS,H,50,50-54M,FR,NA,461,1557,1318,155,44:46:23,26:29:54,TRUE,f,2026-08-28T17:50:36.940Z,https://utmb.world/runner/295405.thomas.denis,161182.91,2:29:27,8966.76,27
2234,Magali PIONNEAU,F,40,40-44W,FR,ToursN'Aventure,470,1558,240,44,44:46:25,26:29:56,TRUE,f,2026-08-28T17:50:37.180Z,https://utmb.world/runner/4648572.magali.pionneau,161185.08,2:50:06,10206.369999999999,27
2100,Xavier LOUVET,H,51,50-54M,FR,Runners de Bondues,486,1559,1319,156,44:46:30,26:30:01,TRUE,f,2026-08-28T17:50:44.130Z,https://utmb.world/runner/1201467.xavier.louvet,161189.97,3:57:09,14229.08,27
2465,Mathilde DURAND,F,33,20-34W,FR,NA,435,1559,241,53,44:46:30,26:30:01,TRUE,f,2026-08-28T17:51:15.120Z,https://utmb.world/runner/2664147.mathilde.durand,161190.62,2:29:40,8980.009999999998,27
1459,Romain ECHIVARD,H,33,20-34M,FR,STADE RENNAIS ATHLÉTISME,552,1561,1320,267,44:46:39,26:30:10,TRUE,f,2026-08-28T17:52:06.730Z,https://utmb.world/runner/5524619.romain.echivard,161199.13,6:38:46,23926.35,27
2648,Wei chao WANG,H,59,55-59M,CN,NA,382,1562,1321,63,44:47:08,26:30:39,TRUE,f,2026-08-28T17:50:01.770Z,https://utmb.world/runner/6488485.weichao.wang,161227.98,2:03:10,7389.99,27
1600,Richard PHELAN,H,41,40-44M,IE,Crusaders Running Club,538,1563,1322,313,44:47:16,26:30:47,TRUE,f,2026-08-28T17:51:52.230Z,https://utmb.world/runner/292248.richard.phelan,161236.04,3:25:51,12351.33,27
2015,Jasmine BURTON,F,22,20-34W,AU,NA,496,1564,242,54,44:48:23,26:31:54,TRUE,f,2026-08-28T17:50:25.000Z,https://utmb.world/runner/5712060.jasmine.burton,161303.04,3:26:58,12418.140000000001,27
2438,Andrew FLINT,H,40,40-44M,GB,NA,441,1565,1323,314,44:48:47,26:32:18,TRUE,f,2026-08-28T17:51:42.860Z,https://utmb.world/runner/4470197.andrew.flint,161326.4,3:01:08,10868.01,27
1910,Vinod MENON,H,57,55-59M,GB,NA,505,1566,1324,64,44:49:20,26:32:51,TRUE,f,2026-08-28T17:52:00.410Z,https://utmb.world/runner/4385366.vinod.menon,161360.2,2:22:38,8557.8,27
1743,Kazuha MATSUI,F,68,65-69W,JP,M.Hiratsuka,521,1567,243,2,44:52:23,26:35:54,TRUE,f,2026-08-28T17:50:02.310Z,https://utmb.world/runner/158259.kazuha.matsui,161543.14,2:52:22,10342,27
2139,Antoine SOULIMAN,H,31,20-34M,FR,NA,480,1568,1325,268,44:53:24,26:36:55,TRUE,f,2026-08-28T17:51:38.400Z,https://utmb.world/runner/6518779.antoine.souliman,161604.52,5:11:13,18673.22,27
2348,Denes VILELA,H,47,45-49M,BR,UpfiTrail,454,1569,1326,259,44:54:07,26:37:38,TRUE,f,2026-08-28T17:51:57.320Z,https://utmb.world/runner/1535493.denes.vilela,161647.53,3:12:47,11567.14,27
2587,Christian DEES,H,65,65-69M,DE,Erdinger Active Team,401,1570,1327,2,44:54:39,26:38:10,TRUE,f,2026-08-28T17:50:38.830Z,https://utmb.world/runner/2105265.christian.dees,161679.05,3:03:17,10996.54,27
2095,Hryhorii CHUIKOV,H,38,35-39M,UA,NA,487,1571,1328,247,44:54:40,26:38:11,TRUE,f,2026-08-28T17:52:06.940Z,https://utmb.world/runner/4263501.hryhorii.chuikov,161679.11,5:03:41,18221.3,27
1466,Domenico GRECO,H,58,55-59M,IT,Portogruaro Runners,552,1572,1329,65,44:54:55,26:38:26,TRUE,f,2026-08-28T17:52:06.420Z,https://utmb.world/runner/653269.domenico.greco,161695.06,3:52:29,13949.439999999999,27
794,Maxime BURGY,H,41,40-44M,FR,MULHOUSE ILLBERG ATHLETISME,650,1573,1330,315,44:55:16,26:38:47,TRUE,f,2026-08-28T17:49:01.190Z,https://utmb.world/runner/3015333.maxime.burgy,161716.58,5:36:03,20163.36,27
1924,Ryo MIYAZAKI,H,54,50-54M,JP,Yokohama Tsuzuki AC,503,1574,1331,157,44:56:03,26:39:34,TRUE,f,2026-08-28T17:50:25.590Z,https://utmb.world/runner/1165177.ryo.miyazaki,161763.13,3:52:40,13959.939999999999,27
2487,Hervé DEMBSKI,H,52,50-54M,FR,Coach Sport Santé,430,1575,1332,158,44:56:06,26:39:37,TRUE,f,2026-08-28T17:51:29.260Z,https://utmb.world/runner/834814.herve.dembski,161766.33,4:10:44,15044.009999999998,27
2663,Jonathan VILLALBA,H,40,40-44M,FR,Pas de club,368,1576,1333,316,44:56:24,26:39:55,TRUE,f,2026-08-28T17:51:25.700Z,https://utmb.world/runner/6818589.jonathan.villalba,161783.83,5:27:46,19665.67,27
2050,Ignacio BOAGLIO,H,36,35-39M,AR,NA,493,1577,1334,248,44:57:26,26:40:57,TRUE,f,2026-08-28T17:51:23.150Z,https://utmb.world/runner/6077586.ignacio.boaglio,161846.81,4:02:39,14559.39,27
2135,Michel POLETTI,H,71,70-74M,FR,UTMB GROUP,491,1578,1335,1,44:58:26,26:41:57,TRUE,f,2026-08-28T17:49:58.620Z,https://utmb.world/runner/20189.michel.poletti,161906.16,4:41:59,16919.45,27
2303,Aleksandar GULEVSKI,H,42,40-44M,MK,NA,461,1579,1336,317,44:58:38,26:42:09,TRUE,f,2026-08-28T17:51:28.520Z,https://utmb.world/runner/4435600.aleksandar.gulevski,161917.94,1:45:56,6356.03,27
1601,Davy FATRAS,H,39,35-39M,FR,LA GRAINE ,538,1580,1337,249,44:59:03,26:42:34,TRUE,f,2026-08-28T17:51:41.490Z,https://utmb.world/runner/2086275.davy.fatras,161942.79,4:13:38,15218.380000000001,27
1595,Christine FORSELL,F,43,40-44W,SE,Team Cristal,539,1581,244,45,44:59:08,26:42:39,TRUE,f,2026-08-28T17:49:36.790Z,https://utmb.world/runner/4716144.christine.forsell,161947.85,3:03:59,11038.75,27
1956,Benjamin AUTRICQUE,H,37,35-39M,FR,Aubius,501,1582,1338,250,44:59:19,26:42:50,TRUE,f,2026-08-28T17:52:15.760Z,https://utmb.world/runner/6441975.benjamin.autricque,161958.98,0:54:08,3248.45,27
2056,Wéber DE PAULA OLIVEIRA BARBOSA,H,44,40-44M,BR,Pé na Trilha,492,1583,1339,318,44:59:34,26:43:05,TRUE,f,2026-08-28T17:50:13.320Z,https://utmb.world/runner/4914833.weber.depaulaoliveirabarbosa,161974.31,4:39:25,16764.92,27
1569,Anthony GROSSEAU,H,35,35-39M,FR,PGAC Herbignac,541,1584,1340,251,45:00:54,26:44:25,TRUE,f,2026-08-28T17:52:25.860Z,https://utmb.world/runner/3858327.anthony.grosseau,162053.89,2:08:02,7681.82,27
2176,Yui TERASHIMA,F,34,20-34W,JP,NA,477,1585,245,55,45:01:34,26:45:05,TRUE,f,2026-08-28T17:49:26.440Z,https://utmb.world/runner/6092071.yui.terashima,162094.09,2:50:16,10216.230000000001,27
1578,Sheila SANEI,F,51,50-54W,SE,NA,539,1586,246,30,45:01:49,26:45:20,TRUE,f,2026-08-28T17:49:37.190Z,https://utmb.world/runner/112588.sheila.sanei,162109.34,2:55:50,10550.310000000001,27
2120,Quy NGUYEN,H,55,55-59M,US,SJVRC OneMile4OneChild,484,1587,1341,66,45:03:11,26:46:42,TRUE,f,2026-08-28T17:50:15.080Z,https://utmb.world/runner/4288113.quy.nguyen,162191.44,4:05:58,14758.03,27
1720,Yann BENZ,H,54,50-54M,FR,YanSolo,524,1588,1342,159,45:04:04,26:47:35,TRUE,f,2026-08-28T17:51:16.930Z,https://utmb.world/runner/4217636.yann.benz,162243.64,4:59:19,17958.71,27
1538,Matthew OGG,H,39,35-39M,GB,We Are Daybreak,515,1589,1343,252,45:04:07,26:47:38,TRUE,f,2026-08-28T17:51:27.190Z,https://utmb.world/runner/1435763.matthew.ogg,162247.63,4:20:25,15625.130000000001,27
1954,Mathias KRAUT,H,35,35-39M,FR,NA,501,1590,1344,253,45:04:32,26:48:03,TRUE,f,2026-08-28T17:50:38.880Z,https://utmb.world/runner/5495731.mathias.kraut,162271.79,5:07:46,18466.39,27
2628,Gustavo MAIA,H,50,50-54M,BR,MONT BLANC,394,1591,1345,160,45:05:24,26:48:55,TRUE,f,2026-08-28T17:49:57.110Z,https://utmb.world/runner/804375.gustavo.maia,162324.18,3:18:59,11939.07,27
2206,Yutthana SIRISOMBAT,H,47,45-49M,TH,NA,519,1592,1346,260,45:06:00,26:49:31,TRUE,f,2026-08-28T17:52:46.470Z,https://utmb.world/runner/3347451.yutthana.sirisombat,162360.36,2:59:57,10796.710000000001,27
2362,Emmanuel NICLAUS,H,55,55-59M,FR,Meteor’s Gones,452,1593,1347,67,45:06:11,26:49:42,TRUE,f,2026-08-28T17:50:53.160Z,https://utmb.world/runner/4413958.emmanuel.niclaus,162370.92,2:56:39,10599.09,27
2349,Vidur PALIWAL,H,33,20-34M,IN,Wild Trail Manchester,454,1594,1348,269,45:06:19,26:49:50,TRUE,f,2026-08-28T17:51:24.600Z,https://utmb.world/runner/4471909.vidur.paliwal,162378.57,2:46:41,10001.33,27
2216,Yusei YOKOYAMA,H,51,50-54M,JP,NA,472,1595,1349,161,45:06:20,26:49:51,TRUE,f,2026-08-28T17:49:05.780Z,https://utmb.world/runner/700112.yusei.yokoyama,162380.1,4:54:13,17653.33,27
2651,Alejandro CANESE,H,31,20-34M,PY,NA,380,1596,1350,270,45:06:28,26:49:59,TRUE,f,2026-08-28T17:48:59.550Z,https://utmb.world/runner/5475904.alejandro.canese,162388.02,3:59:42,14381.630000000001,27
2579,Vijayan PILLAI,H,53,50-54M,IN,Soles of Cochin Runners Club,409,1597,1351,162,45:06:32,26:50:03,TRUE,f,2026-08-28T17:52:24.920Z,https://utmb.world/runner/4932922.vijayan.pillai,162391.82,2:38:18,9497.68,27
1832,Candy Ka Ling MAN,F,46,45-49W,HK,NA,513,1598,247,32,45:06:34,26:50:05,TRUE,f,2026-08-28T17:52:38.500Z,https://utmb.world/runner/4109111.candykaling.man,162393.71,3:16:16,11776.14,27
2245,Nanae SUDA,F,52,50-54W,JP,NA,489,1598,247,31,45:06:34,26:50:05,TRUE,f,2026-08-28T17:52:11.870Z,https://utmb.world/runner/4938120.nanae.suda,162394,4:52:21,17541.19,27
1856,Justin GAERLAN,H,45,45-49M,US,NA,510,1600,1352,261,45:07:01,26:50:32,TRUE,f,2026-08-28T17:52:03.170Z,https://utmb.world/runner/668397.justin.gaerlan,162421.06,2:15:35,8134.6,27
2409,Rachan SUNGMEK,H,49,45-49M,TH,LolSurat 100 miles,452,1601,1353,262,45:07:02,26:50:33,TRUE,f,2026-08-28T17:51:47.250Z,https://utmb.world/runner/2591777.rachan.sungmek,162422.24,2:08:16,7695.510000000001,27
2257,Ulysse DJINDEREDJIAN GABRIELLE,H,22,20-34M,FR,Ochsner sport,467,1602,1354,271,45:07:04,26:50:35,TRUE,f,2026-08-28T17:52:10.700Z,https://utmb.world/runner/7272775.ulysse.djinderedjiangabrielle,162423.93,3:00:49,10848.99,27
2213,Jocelyne AMAR DELAPIERRE,F,63,60-64W,FR,UOAT,471,1603,249,6,45:07:13,26:50:44,TRUE,f,2026-08-28T17:49:39.540Z,https://utmb.world/runner/4511929.jocelyne.amardelapierre,162432.71,4:23:12,15791.92,27
2426,Andrei SOLODSKY,H,53,50-54M,US,NA,443,1604,1355,163,45:07:37,26:51:08,TRUE,f,2026-08-28T17:49:22.180Z,https://utmb.world/runner/3044185.andrei.solodsky,162456.83,3:59:18,14358.230000000003,27
2474,Cairang ZHUOMA,F,37,35-39W,CN,NA,436,1605,250,67,45:07:46,26:51:17,TRUE,f,2026-08-28T17:50:11.560Z,https://utmb.world/runner/5972717.cairang.zhuoma,162465.61,4:15:01,15301.220000000001,27
1481,Pierrick VENIER,H,40,40-44M,FR,NA,550,1606,1356,319,45:08:11,26:51:42,TRUE,f,2026-08-28T17:52:12.300Z,https://utmb.world/runner/5642580.pierrick.venier,162491.19,2:52:16,10335.869999999999,27
2471,Christophe GAILLAC,H,52,50-54M,FR,Les Trailers du pic st Loup,434,1607,1357,164,45:08:23,26:51:54,TRUE,f,2026-08-28T17:49:53.890Z,https://utmb.world/runner/5406295.christophe.gaillac,162502.8,3:22:42,12161.58,27
2470,Yannick PASQUER,H,47,45-49M,FR,Les Trailers du Pic St Loup,434,1608,1358,263,45:08:28,26:51:59,TRUE,f,2026-08-28T17:49:49.770Z,https://utmb.world/runner/355956.yannick.pasquer,162507.88,3:16:26,11786.050000000003,27
2421,Sinem OZMEN,F,45,45-49W,TR,None,489,1609,251,33,45:08:51,26:52:22,TRUE,f,2026-08-28T17:49:41.870Z,https://utmb.world/runner/587499.sinem.ozmen,162530.27,3:07:21,11240.95,27
2291,See Man CHAN,F,45,45-49W,HK,NA,462,1610,252,34,45:09:07,26:52:38,TRUE,f,2026-08-28T17:50:42.030Z,https://utmb.world/runner/5932718.seeman.chan,162547.4,2:34:27,9267.470000000001,27
2200,Guillaume AUDEBERT,H,45,45-49M,FR,Fartleck,474,1611,1359,264,45:10:10,26:53:41,TRUE,f,2026-08-28T17:49:33.080Z,https://utmb.world/runner/518835.guillaume.audebert,162610.3,4:32:11,16330.82,27
2635,Calvin CHEUNG,H,47,45-49M,US,Pilo Pants,389,1612,1360,265,45:10:40,26:54:11,TRUE,f,2026-08-28T17:52:53.450Z,https://utmb.world/runner/2127249.calvin.cheung,162640.22,2:30:30,9029.67,27
2270,Evaristo Javier DOMINGUEZ,H,57,55-59M,ES,EXPRESO RUNNERS,466,1613,1361,68,45:11:00,26:54:31,TRUE,f,2026-08-28T17:49:59.270Z,https://utmb.world/runner/6603053.evaristojavier.dominguez,162660.19,2:58:11,10690.990000000002,27
2388,Guido PIZZORNO,H,67,65-69M,IT,NA,448,1614,1362,3,45:12:27,26:55:58,TRUE,f,2026-08-28T17:50:46.000Z,https://utmb.world/runner/2056417.guido.pizzorno,162747.87,3:09:39,11378.949999999999,27
2444,Emma JAMIESON - BLACK,F,28,20-34W,GB,NA,438,1615,253,56,45:13:18,26:56:49,TRUE,f,2026-08-28T17:49:18.020Z,https://utmb.world/runner/5385818.emma.jamiesonblack,162798.69,3:39:17,13157.449999999999,27
2285,Cornel METCALFE,F,51,50-54W,ZA,FRC,463,1616,254,32,45:13:59,26:57:30,TRUE,f,2026-08-28T17:51:35.340Z,https://utmb.world/runner/3479767.cornel.metcalfe,162838.71,2:54:46,10485.88,27
1971,Joseph HAYWARD,H,25,20-34M,GB,NA,498,1617,1363,272,45:14:17,26:57:48,TRUE,f,2026-08-28T17:51:57.150Z,https://utmb.world/runner/5593998.joseph.hayward,162857.44,4:05:53,14752.59,27
1665,Aurelia RONDOLE,F,58,55-59W,FR,TEAM RUNNER 77,468,1618,255,13,45:15:22,26:58:53,TRUE,f,2026-08-28T17:51:13.270Z,https://utmb.world/runner/1422127.aurelia.rondole,162921.78,2:53:33,10413.49,27
2190,Charles CUYPERS,H,59,55-59M,FR,NA,474,1618,1364,69,45:15:22,26:58:53,TRUE,f,2026-08-28T17:49:54.870Z,https://utmb.world/runner/4197809.charles.cuypers,162921.85,3:21:27,12087.26,27
2217,Jiwon KIM,F,41,40-44W,KR,NA,470,1620,256,46,45:15:50,26:59:21,TRUE,f,2026-08-28T17:51:35.310Z,https://utmb.world/runner/3564861.jiwon.kim,162949.7,3:44:30,13470.25,27
2522,Jaegoon AUM,H,48,45-49M,KR,NA,423,1621,1365,266,45:15:52,26:59:23,TRUE,f,2026-08-28T17:51:35.440Z,https://utmb.world/runner/4545724.jaegoon.aum,162951.99,4:05:38,14738.219999999998,27
2288,Valérie GESTAS,F,49,45-49W,FR,NA,462,1622,257,35,45:16:36,27:00:07,TRUE,f,2026-08-28T17:48:56.550Z,https://utmb.world/runner/336223.valerie.gestas,162996.05,3:10:53,11452.63,27
2640,Kyaw Swar MYINT,H,37,35-39M,MM,Trail Running Club Myanmar,387,1623,1366,254,45:16:45,27:00:16,TRUE,f,2026-08-28T17:50:58.890Z,https://utmb.world/runner/5659243.kyawswar.myint,163004.23,1:43:21,6201.04,27
2468,Dejan BANKOVIĆ,H,39,35-39M,RS,Delta Running Club,435,1624,1367,255,45:17:11,27:00:42,TRUE,f,2026-08-28T17:51:43.510Z,https://utmb.world/runner/4230304.dejan.bankovic,163031.29,2:29:51,8991.24,27
2475,Siu Kit WONG,H,38,35-39M,HK,NA,432,1625,1368,256,45:17:27,27:00:58,TRUE,f,2026-08-28T17:51:45.560Z,https://utmb.world/runner/1222025.siukit.wong,163046.9,4:47:57,17277.29,27
2251,Liam SCOTT,H,38,35-39M,GB,NA,468,1626,1369,257,45:17:45,27:01:16,TRUE,f,2026-08-28T17:49:33.070Z,https://utmb.world/runner/6680595.liam.scott,163064.94,2:07:10,7630.299999999999,27
1907,King Wa SIN,H,38,35-39M,HK,NA,505,1627,1370,258,45:18:04,27:01:35,TRUE,f,2026-08-28T17:51:58.120Z,https://utmb.world/runner/802164.kingwa.sin,163084.54,1:39:16,5956.0599999999995,27
1729,Ting Piu CHONG,H,43,40-44M,HK,RMAC,523,1628,1371,320,45:18:23,27:01:54,TRUE,f,2026-08-28T17:50:07.920Z,https://utmb.world/runner/1826181.tingpiu.chong,163102.99,3:16:28,11787.93,27
2578,Lourens BIJSMA,H,42,40-44M,NL,NA,409,1629,1372,321,45:19:01,27:02:32,TRUE,f,2026-08-28T17:52:27.830Z,https://utmb.world/runner/4436904.lourens.bijsma,163141.07,4:40:21,16820.92,27
2089,Francisco Javier DE BENITO BUSTILLO,H,64,60-64M,ES,Bali Trail Running BTR,488,1630,1373,19,45:19:34,27:03:05,TRUE,f,2026-08-28T17:50:42.070Z,https://utmb.world/runner/4396434.franciscojavier.debenitobustillo,163174.12,5:30:55,19854.829999999998,27
1955,Bjarne Skov SOERENSEN,H,56,55-59M,DK,NA,501,1631,1374,70,45:19:49,27:03:20,TRUE,f,2026-08-28T17:51:46.990Z,https://utmb.world/runner/1031099.bjarneskov.soerensen,163188.9,3:14:42,11681.87,27
2633,Filip ROGANOVIC,H,36,35-39M,ME,NA,391,1632,1375,259,45:19:56,27:03:27,TRUE,f,2026-08-28T17:51:45.560Z,https://utmb.world/runner/6839319.filip.roganovic,163195.64,2:25:48,8748.31,27
2547,Raffaella BONETTI,F,55,55-59W,IT,ASD SCARPE BIANCHE,415,1633,258,14,45:21:02,27:04:33,TRUE,f,2026-08-28T17:49:05.560Z,https://utmb.world/runner/445836.raffaella.bonetti,163261.72,2:35:24,9323.65,27
1862,Christopher SMITH,H,61,60-64M,FR,CA2S,509,1634,1376,20,45:21:33,27:05:04,TRUE,f,2026-08-28T17:52:48.810Z,https://utmb.world/runner/744327.christopher.smith,163292.91,2:03:56,7436.23,27
2047,Guiping YAN,H,46,45-49M,CN,NA,493,1635,1377,267,45:22:00,27:05:31,TRUE,f,2026-08-28T17:51:30.900Z,https://utmb.world/runner/4059995.guiping.yan,163319.14,2:40:45,9645.26,27
2530,Byeung Sik AHN,H,53,50-54M,KR,Trans Jeju,420,1636,1378,165,45:22:15,27:05:46,TRUE,f,2026-08-28T17:51:31.400Z,https://utmb.world/runner/76491.byeungsik.ahn,163335.06,2:17:42,8262.36,27
2078,Partho SAHA,H,30,20-34M,BD,Run Bangla,489,1637,1379,273,45:22:38,27:06:09,TRUE,f,2026-08-28T17:50:33.400Z,https://utmb.world/runner/7285228.partho.saha,163358.04,3:36:22,12982.33,27
2298,Boon Kok WONG,H,52,50-54M,SG,Na,461,1638,1380,166,45:22:39,27:06:10,TRUE,f,2026-08-28T17:50:43.640Z,https://utmb.world/runner/3803029.boonkok.wong,163358.67,2:52:27,10347.35,27
2536,Bin DAI,H,42,40-44M,CN,NA,419,1639,1381,322,45:22:42,27:06:13,TRUE,f,2026-08-28T17:52:38.290Z,https://utmb.world/runner/7150391.bin.dai,163362.12,2:31:05,9064.84,27
2242,Chi Chung CHAN,H,51,50-54M,HK,NA,469,1640,1382,167,45:22:45,27:06:16,TRUE,f,2026-08-28T17:52:39.260Z,https://utmb.world/runner/4109110.chichung.chan,163365.5,2:52:55,10374.710000000001,27
2415,Hiroyuki MURAKOSHI,H,56,55-59M,JP,NA,443,1641,1383,71,45:23:08,27:06:39,TRUE,f,2026-08-28T17:52:03.400Z,https://utmb.world/runner/5510443.hiroyuki.murakoshi,163387.82,5:12:08,18727.79,27
2172,Yui Yeung TANG,H,36,35-39M,HK,Cambridge Harriers,475,1642,1384,260,45:23:13,27:06:44,TRUE,f,2026-08-28T17:51:57.900Z,https://utmb.world/runner/4858784.yuiyeung.tang,163392.11,2:26:14,8773.89,27
2626,Taeyun JEONG,H,26,20-34M,KR,NA,398,1643,1385,274,45:23:24,27:06:55,TRUE,f,2026-08-28T17:52:01.130Z,https://utmb.world/runner/5387241.taeyun.jeong,163404.12,2:04:53,7492.84,27
2026,Naoki MORIYAMA,H,38,35-39M,JP,NA,495,1644,1386,261,45:23:27,27:06:58,TRUE,f,2026-08-28T17:49:36.790Z,https://utmb.world/runner/4621364.naoki.moriyama,163406.45,2:54:52,10491.52,27
2486,Jeff MÉNIÈRE,H,56,55-59M,FR,NA,430,1645,1387,72,45:24:29,27:08:00,TRUE,f,2026-08-28T17:52:12.970Z,https://utmb.world/runner/40315.jeff.meniere,163468.9,3:51:02,13861.630000000001,27
1837,Guillaume GUICHARD,H,51,50-54M,FR,Pelousey Court Tout Doubs,512,1646,1388,168,45:24:48,27:08:19,TRUE,f,2026-08-28T17:49:30.330Z,https://utmb.world/runner/2424295.guillaume.guichard,163488.49,3:23:34,12213.820000000002,27
2250,Pascaline JOLY,F,56,55-59W,FR,NA,468,1646,259,15,45:24:48,27:08:19,TRUE,f,2026-08-28T17:49:30.560Z,https://utmb.world/runner/270210.pascaline.joly,163487.78,4:32:16,16336.369999999999,27
2440,Thitiwat CHEEPCHARNDETH,H,40,40-44M,TH,Aufu petmart,441,1648,1389,323,45:25:11,27:08:42,TRUE,f,2026-08-28T17:50:59.200Z,https://utmb.world/runner/3347715.thitiwat.cheepcharndeth,163511.26,3:05:05,11104.72,27
2239,Jean-Louis BOUVIER,H,71,70-74M,FR,HAUT GIFFRE TRAIL TEAM,469,1649,1390,2,45:25:28,27:08:59,TRUE,f,2026-08-28T17:49:33.060Z,https://utmb.world/runner/10556.jeanlouis.bouvier,163528.01,3:33:23,12802.900000000001,27
2694,Jimmie PRESLEY,H,52,50-54M,US,NA,555,1650,1391,169,45:26:02,27:09:33,TRUE,f,2026-08-28T17:49:12.560Z,https://utmb.world/runner/4131152.jimmie.presley,163561.56,4:08:11,14890.830000000004,27
1659,Masaya OSAWA,H,41,40-44M,JP,NA,531,1651,1392,324,45:26:21,27:09:52,TRUE,f,2026-08-28T17:51:28.840Z,https://utmb.world/runner/5402082.masaya.osawa,163580.42,3:00:39,10839.260000000002,27
2554,Toshiyuki MINAMI,H,43,40-44M,JP,Go-en no Kai,419,1652,1393,325,45:27:25,27:10:56,TRUE,f,2026-08-28T17:50:58.480Z,https://utmb.world/runner/3544621.toshiyuki.minami,163644.84,4:29:24,16164.17,27
2588,Hung CHOW,F,52,50-54W,HK,NA,403,1653,260,33,45:27:34,27:11:05,TRUE,f,2026-08-28T17:50:07.670Z,https://utmb.world/runner/818234.hung.chow,163653.86,2:05:54,7554.140000000001,27
2637,Laurent PEIRONE,H,54,50-54M,FR,NA,388,1653,1394,170,45:27:34,27:11:05,TRUE,f,2026-08-28T17:52:21.400Z,https://utmb.world/runner/4297449.laurent.peirone,163653.9,2:39:01,9541.48,27
2369,Aurélie PAULIN,F,45,45-49W,FR,DSA PONTARLIER,507,1655,261,36,45:27:41,27:11:12,TRUE,f,2026-08-28T17:49:43.630Z,https://utmb.world/runner/1971211.aurelie.paulin,163660.76,2:21:06,8466.140000000001,27
1710,Anonymous,H,34,20-34M,AN,NA,NA,1656,1395,275,45:28:03,27:11:34,TRUE,f,2026-08-28T17:49:54.590Z,NA,163682.89,2:32:09,9129.189999999999,27
2300,Jimmy VANDIERENDONCK,H,45,45-49M,BE,NA,461,1657,1396,268,45:28:15,27:11:46,TRUE,f,2026-08-28T17:51:37.220Z,https://utmb.world/runner/3182123.jimmy.vandierendonck,163695.67,2:20:49,8449.12,27
2188,Nicolas BOUSQUET,H,46,45-49M,FR,NA,475,1658,1397,269,45:28:18,27:11:49,TRUE,f,2026-08-28T17:52:53.150Z,https://utmb.world/runner/1893909.nicolas.bousquet,163698,5:07:28,18448.25,27
2492,Yong ZHU,H,44,40-44M,CN,NA,429,1659,1398,326,45:28:49,27:12:20,TRUE,f,2026-08-28T17:50:30.580Z,https://utmb.world/runner/6896116.yong.zhu,163728.98,2:04:25,7464.73,27
1732,Jeremie VINDRET,H,31,20-34M,FR,NA,523,1660,1399,276,45:29:04,27:12:35,TRUE,f,2026-08-28T17:50:55.100Z,https://utmb.world/runner/4490478.jeremie.vindret,163744.31,2:02:30,7349.959999999999,27
2620,Anne-Louise GIRARDET,F,39,35-39W,FR,Reaching Summits,412,1661,262,68,45:29:11,27:12:42,TRUE,f,2026-08-28T17:51:55.460Z,https://utmb.world/runner/7248261.girardet.annelouise,163751.09,3:15:33,11733.17,27
2037,Gwenaëlle BABARIT,F,45,45-49W,FR,NOUZILLY ATHLETISME,494,1662,263,37,45:29:28,27:12:59,TRUE,f,2026-08-28T17:51:37.790Z,https://utmb.world/runner/5325050.gwenaelle.babarit,163767.55,2:22:00,8519.550000000001,27
2114,Liwei ZOU,H,38,35-39M,CN,NA,485,1663,1400,262,45:29:43,27:13:14,TRUE,f,2026-08-28T17:49:00.210Z,https://utmb.world/runner/4685068.liwei.zou,163783.6,4:35:20,16520.11,27
2177,Sébastien DUMAS,H,33,20-34M,FR,NA,477,1663,1400,277,45:29:43,27:13:14,TRUE,f,2026-08-28T17:50:18.380Z,https://utmb.world/runner/4494710.sebastien.dumas,163783.44,2:05:42,7541.53,27
1975,Bruno CHEMAMA,H,47,45-49M,FR,NA,500,1665,1402,270,45:30:49,27:14:20,TRUE,f,2026-08-28T17:49:39.280Z,https://utmb.world/runner/2014689.bruno.chemama,163849.35,3:15:52,11751.68,27
2393,Alexandre SADLER,H,53,50-54M,FR,Colomiers Running Club,447,1665,1402,171,45:30:49,27:14:20,TRUE,f,2026-08-28T17:49:39.340Z,https://utmb.world/runner/995361.alexandre.sadler,163849.28,3:20:47,12046.980000000001,27
2235,Rong LIN,F,61,60-64W,CN,NA,469,1667,264,7,45:30:53,27:14:24,TRUE,f,2026-08-28T17:50:49.910Z,https://utmb.world/runner/2208551.rong.lin,163852.65,1:12:24,4343.82,27
2356,Ngoc Song HOANG,H,43,40-44M,VN,Vinhomes Running Club,453,1668,1404,327,45:31:00,27:14:31,TRUE,f,2026-08-28T17:52:12.530Z,https://utmb.world/runner/4759622.ngocsong.hoang,163859.65,3:01:55,10914.61,27
2566,Peter Michael NIELSEN,H,62,60-64M,DK,Copenhill Roof Runners Club,412,1669,1405,21,45:32:16,27:15:47,TRUE,f,2026-08-28T17:51:31.670Z,https://utmb.world/runner/991911.petermichael.nielsen,163935.78,2:43:17,9796.77,27
2659,Anonymous,H,50,50-54M,AN,NA,NA,1670,1406,172,45:32:26,27:15:57,TRUE,f,2026-08-28T17:51:36.790Z,NA,163945.88,3:03:22,11002.44,27
2230,Luca VOLPE,H,32,20-34M,IT,asd 4 stormo,469,1671,1407,278,45:33:14,27:16:45,TRUE,f,2026-08-28T17:49:09.220Z,https://utmb.world/runner/4271771.luca.volpe,163993.93,2:40:32,9632.430000000002,27
2525,Matthew HAWKES,H,51,50-54M,GB,none,421,1672,1408,173,45:34:31,27:18:02,TRUE,f,2026-08-28T17:52:02.050Z,https://utmb.world/runner/4951221.matthew.hawkes,164071.71,3:05:58,11157.69,27
1619,Michel MORICE,H,40,40-44M,FR,BRISSAC LOIRE AUBANCE ATHLETISME,536,1673,1409,328,45:34:35,27:18:06,TRUE,f,2026-08-28T17:49:44.640Z,https://utmb.world/runner/2417847.michel.morice,164074.93,4:25:10,15910.19,27
2570,Florence COTEL,F,45,45-49W,FR,NA,411,1674,265,38,45:35:08,27:18:39,TRUE,f,2026-08-28T17:49:00.450Z,https://utmb.world/runner/6391589.florence.cotel,164108.51,4:57:15,17835.02,27
2571,Erik TIBALDI,H,50,50-54M,IT,NA,411,1675,1410,174,45:36:05,27:19:36,TRUE,f,2026-08-28T17:52:44.930Z,https://utmb.world/runner/1611381.erik.tibaldi,164164.29,3:02:37,10956.98,27
1190,Ziguang YAN,H,38,35-39M,CN,NA,586,1676,1411,263,45:37:26,27:20:57,TRUE,f,2026-08-28T17:50:36.480Z,https://utmb.world/runner/5403657.ziguang.yan,164245.68,1:45:41,6340.87,27
2664,Liz NEATE,F,39,35-39W,GB,NA,368,1677,266,69,45:37:39,27:21:10,TRUE,f,2026-08-28T17:50:03.770Z,https://utmb.world/runner/1670003.liz.neate,164258.83,2:02:41,7360.76,27
1515,Mariko KIRIHATA,F,52,50-54W,JP,moderate runners/HK Meisokai,548,1678,267,34,45:38:01,27:21:32,TRUE,f,2026-08-28T17:49:55.560Z,https://utmb.world/runner/49778.mariko.kirihata,164281.04,5:14:16,18855.829999999998,27
2329,Romain BRUYERE,H,45,45-49M,FR,NA,461,1679,1412,271,45:38:49,27:22:20,TRUE,f,2026-08-28T17:51:14.120Z,https://utmb.world/runner/3392421.romain.bruyere,164328.99,3:39:55,13195.079999999998,27
1763,Motoki MURATA,H,59,55-59M,JP,NA,519,1680,1413,73,45:39:06,27:22:37,TRUE,f,2026-08-28T17:52:47.820Z,https://utmb.world/runner/498723.motoki.murata,164345.42,1:41:51,6111.18,27
1857,Akihiro SUZUKI,H,58,55-59M,JP,赤城山トレイルランニング協会,510,1681,1414,74,45:53:17,27:36:48,TRUE,f,2026-08-28T17:49:51.780Z,https://utmb.world/runner/214461.akihiro.suzuki,165196.22,2:05:05,7505.03,27
