bib,fullname,sex,age,category,country_code,club,utmb_index,status,outcome,is_finisher,rank_scratch,rank_sex,rank_cat,race_time,race_time_seconds,total_rest_time_seconds,last_point_id,n_passings,start_time
3,Courtney DAUWALTER,F,41,40-44W,US,Salomon,859,a,DNF,FALSE,2210,376,77,08:08:11,29291.73,139.34,22,8,2026-08-28T17:48:12.000Z
5,Riley BRADY,F,31,20-34W,US,Nike ACG,826,f,Finisher,TRUE,110,13,4,25:16:54,91014.19,1949.51,200,26,2026-08-28T17:48:12.000Z
6,Ben DHIMAN,H,35,35-39M,US,Asics Trail,946,f,Finisher,TRUE,1,1,1,18:16:29,65789.98,563.24,200,26,2026-08-28T17:48:12.000Z
7,Fuzhao XIANG,F,35,35-39W,CN,ARC'TERYX,823,a,DNF,FALSE,2333,396,99,03:40:56,12501.46,755.01,10,3,2026-08-28T17:48:12.000Z
8,Caleb OLSON,H,31,20-34M,US,All Conditions Racing Department,945,f,Finisher,TRUE,3,3,2,18:48:24,67704.51,758.22,200,26,2026-08-28T17:48:12.000Z
10,Hannes NAMBERGER,H,37,35-39M,DE,Dynafit,941,f,Finisher,TRUE,6,6,2,19:13:51,69231.76,668.8900000000001,200,26,2026-08-28T17:48:12.000Z
12,Vincent BOUILLARD,H,33,20-34M,FR,HOKA,941,a,DNF,FALSE,2207,1832,345,07:55:04,28504.15,454.57,22,8,2026-08-28T17:48:12.000Z
13,Abby HALL,F,36,35-39W,US,adidas,808,f,Finisher,TRUE,151,22,11,26:24:58,95098.46,1627.1299999999999,200,26,2026-08-28T17:48:12.000Z
14,Jonathan ALBON,H,37,35-39M,GB,The North Face Trail,938,a,DNF,FALSE,1809,1511,289,13:12:23,47480.52,384.61,48,16,2026-08-28T17:48:12.000Z
15,Blandine L HIRONDEL,F,35,35-39W,FR,Kiprun,807,f,Finisher,TRUE,26,1,1,21:54:49,78889.17,1300.52,200,26,2026-08-28T17:48:12.000Z
16,Chris MYERS,H,30,20-34M,US,Brooks,937,a,DNF,FALSE,1808,1510,294,13:10:53,47418.54,400.09,48,17,2026-08-28T17:48:12.000Z
17,Lucy BARTHOLOMEW,F,30,20-34W,AU,Salomon,799,f,Finisher,TRUE,63,7,2,23:44:29,85469.54,1310.8199999999997,200,26,2026-08-28T17:48:12.000Z
19,Eszter CSILLAG,F,41,40-44W,HU,HOKA,798,a,DNF,FALSE,2110,352,71,11:00:27,39627.5,421.73,28,11,2026-08-28T17:48:12.000Z
23,Andreas REITERER,H,34,20-34M,IT,La Sportiva,930,a,DNF,FALSE,2050,1710,323,09:27:35,34055,297.32,36,13,2026-08-28T17:48:12.000Z
24,Antonina IUSHINA,F,33,20-34W,AN,,791,f,Finisher,TRUE,66,8,3,23:49:58,85798.55,1438.8700000000001,200,26,2026-08-28T17:48:12.000Z
25,Baptiste CHASSAGNE,H,33,20-34M,FR,TEAM ON,926,f,Finisher,TRUE,2,2,1,18:47:38,67658.6,842.4499999999999,200,26,2026-08-28T17:48:12.000Z
26,Shea AQUILANO,F,25,20-34W,US,nike/acg,789,f,Finisher,TRUE,224,39,12,28:14:46,101686.75,4657.53,200,26,2026-08-28T17:48:12.000Z
27,Josh WADE,H,32,20-34M,GB,The North Face,920,a,DNF,FALSE,2209,1834,346,08:00:47,28847.96,142.31,22,8,2026-08-28T17:48:12.000Z
30,Rachel DRAKE,F,35,35-39W,US,NIKE ACG,786,f,Finisher,TRUE,164,25,13,26:42:39,96159.09,3387.87,200,26,2026-08-28T17:48:12.000Z
31,Drew HOLMEN,H,34,20-34M,US,Nike ACG & The Feed,920,f,Finisher,TRUE,12,12,7,20:24:49,73489.37,1227.1100000000001,200,26,2026-08-28T17:48:12.000Z
32,Lin CHEN,F,35,35-39W,CN,Adidas TERREX,782,f,Finisher,TRUE,112,14,7,25:21:43,91303.09,1683.74,200,26,2026-08-28T17:48:12.000Z
33,Rod FARVARD,H,31,20-34M,US,HOKA,915,a,DNF,FALSE,2206,1831,344,07:41:07,27667.15,203.88,22,8,2026-08-28T17:48:12.000Z
34,Rachel ENTREKIN,F,35,35-39W,US,Norda,781,f,Finisher,TRUE,32,2,2,22:15:54,80154.93,753.0699999999999,200,26,2026-08-28T17:48:12.000Z
35,Raul Octaviu BUTACI,H,41,40-44M,RO,Mount to Coast,913,f,Finisher,TRUE,13,13,3,20:26:46,73606.05,1790.67,200,25,2026-08-28T17:48:12.000Z
36,Martina VALMASSOI,F,37,35-39W,IT,Team Salomon,781,a,DNF,FALSE,1907,321,83,12:19:01,44341.29,416.92,40,15,2026-08-28T17:48:12.000Z
37,Tobias GEISER,H,36,35-39M,IT,Dynafit Team/Coros,913,a,DNF,FALSE,1710,1437,270,16:41:25,59832.17,864.67,58,21,2026-08-28T17:48:12.000Z
39,Paul CORNUT CHAUVINC,H,28,20-34M,FR,ASICS ,912,a,DNF,FALSE,2101,1750,331,09:18:24,33504.76,150.91,28,11,2026-08-28T17:48:12.000Z
40,Eleanor DAVIS,F,37,35-39W,GB,The North Face,774,a,DNF,FALSE,1814,299,76,16:06:49,56996,1619.9699999999998,48,17,2026-08-28T17:48:12.000Z
41,Joaquin LOPEZ,H,34,20-34M,EC,Kailas FUGA,912,f,Finisher,TRUE,5,5,4,19:06:48,68808.07,642.6600000000001,200,26,2026-08-28T17:48:12.000Z
43,Antoine CHARVOLIN,H,29,20-34M,FR,ON trail team,910,f,Finisher,TRUE,8,8,6,19:40:33,70833.26,591.12,200,26,2026-08-28T17:48:12.000Z
44,Jazmine LOWTHER,F,34,20-34W,CA,Arc'teryx,772,f,Finisher,TRUE,56,5,1,23:21:55,84115.48,2031.9600000000003,200,26,2026-08-28T17:48:12.000Z
45,Canyon WOODWARD,H,33,20-34M,US,Green Racing Project,907,a,DNF,FALSE,2327,1933,363,03:31:38,11448.92,1249.2,10,3,2026-08-28T17:48:12.000Z
46,Ekaterina MITYAEVA,F,37,35-39W,AN,adidas ,769,a,DNF,FALSE,1820,302,78,17:26:04,57968.85,5308.9000000000005,48,17,2026-08-28T17:48:12.000Z
47,Zach MILLER,H,38,35-39M,US,The North Face,908,a,DNF,FALSE,1698,1426,266,23:00:15,82815.06,1897.794,62,23,2026-08-28T17:48:12.000Z
48,Careth ARNOLD,F,36,35-39W,US,Altra,766,f,Finisher,TRUE,51,4,3,23:05:20,83120.23,1056.6499999999999,200,26,2026-08-28T17:48:12.000Z
49,Ionel Cristian MANOLE MANOLE,H,38,35-39M,ES,SALOMON,904,a,DNF,FALSE,1738,1460,275,15:40:54,56361.86,1313.52,52,19,2026-08-28T17:48:12.000Z
50,Katarzyna DOMBROWSKA,F,36,35-39W,PL,On Trail Team,764,f,Finisher,TRUE,57,6,4,23:27:34,84454.68,2355.47,200,26,2026-08-28T17:48:12.000Z
51,Yannick NOËL,H,40,40-44M,FR,Inov8,905,f,Finisher,TRUE,9,9,1,19:51:42,71502.89,1215.1999999999998,200,26,2026-08-28T17:48:12.000Z
52,Anna LOUDEN,F,33,20-34W,US,Brooks Trail Runners,763,f,Finisher,TRUE,169,27,8,26:44:55,96295.32,1413.1399999999999,200,26,2026-08-28T17:48:12.000Z
53,Jean-Philippe TSCHUMI,H,44,40-44M,CH,KAILAS FUGA,905,f,Finisher,TRUE,10,10,2,19:58:24,71904.44,620.43,200,26,2026-08-28T17:48:12.000Z
54,Katie ASMUTH,F,40,40-44W,US,HOKA,761,f,Finisher,TRUE,173,28,5,26:49:59,96599.91,1465.17,200,26,2026-08-28T17:48:12.000Z
55,Arnaud BONIN,H,41,40-44M,FR,Kailas Fuga,903,a,DNF,FALSE,1732,1455,337,17:22:10,62530,812.83,56,20,2026-08-28T17:48:12.000Z
56,Mari Klakegg FENRE,F,39,35-39W,NO,Hoka,760,a,DNF,FALSE,1889,313,82,13:58:13,50293,430.78999999999996,44,16,2026-08-28T17:48:12.000Z
57,Jiasheng SHEN,H,31,20-34M,CN,NA,903,a,DNF,FALSE,1904,1584,309,11:44:58,42298.12,593.1,40,15,2026-08-28T17:48:12.000Z
58,Anna LI,F,33,20-34W,CN,HOKA,758,f,Finisher,TRUE,190,33,9,27:17:03,98223.98,1733.41,200,26,2026-08-28T17:48:12.000Z
59,Théo DETIENNE,H,27,20-34M,FR,NA,903,f,Finisher,TRUE,71,63,27,24:00:41,86441.92,2477.68,200,26,2026-08-28T17:48:12.000Z
60,Emilie MANN,F,34,20-34W,CA,Merrell,756,f,Finisher,TRUE,133,19,6,25:55:29,93329.11,2348.8999999999996,200,26,2026-08-28T17:48:12.000Z
62,Aroa SIO,F,47,45-49W,ES,CRAFT,754,a,DNF,FALSE,2215,377,54,09:38:50,34730.97,190.94,22,8,2026-08-28T17:48:12.000Z
64,Claudia TREMPS,F,30,20-34W,ES,ON RUNNING,752,a,DNF,FALSE,1901,320,64,14:29:02,52125,1203.54,44,16,2026-08-28T17:48:12.000Z
65,Guomin DENG,H,37,35-39M,CN,KOLON SPORT  & SUUNTO,896,f,Finisher,TRUE,47,44,17,22:55:42,82542.33,1346.01,200,26,2026-08-28T17:48:12.000Z
66,Anna CARLSSON,F,41,40-44W,SE,Asics Fuji Trail Team,751,a,DNF,FALSE,2059,344,69,09:59:44,35984.43,643.89,30,12,2026-08-28T17:48:12.000Z
67,Ramon MANETSCH,H,39,35-39M,CH,STB,893,a,DNF,FALSE,2088,1737,317,09:04:39,32679.77,865.33,30,11,2026-08-28T17:48:12.000Z
68,Leah YINGLING,F,35,35-39W,US,lululemon,749,f,Finisher,TRUE,81,12,6,24:18:16,87496.57,1908.72,200,26,2026-08-28T17:48:12.000Z
69,Bartosz GORCZYCA,H,35,35-39M,PL,Grupa Luktrans,891,f,Finisher,TRUE,38,35,12,22:37:01,81421.45,1507.96,200,26,2026-08-28T17:48:12.000Z
70,Madison LIECHTY,F,28,20-34W,US,NA,742,f,Finisher,TRUE,318,53,19,29:58:51,107931.64,3296.25,200,26,2026-08-28T17:48:12.000Z
71,Valentin MARCHON,H,31,20-34M,CH,NA,890,a,DNF,FALSE,2324,1930,361,03:06:21,11181.98,NA,10,3,2026-08-28T17:48:12.000Z
72,Anne Cécile THÉVENOT,F,40,40-44W,FR,TEAM MAC SPORT,741,f,Finisher,TRUE,72,9,1,24:02:00,86520.33,1311.43,200,26,2026-08-28T17:48:12.000Z
73,Gautier BONNECARRERE,H,34,20-34M,FR,La Sportiva,888,f,Finisher,TRUE,7,7,5,19:23:16,69796.97,769.47,200,26,2026-08-28T17:48:12.000Z
74,Corinne SHALVOY,F,44,40-44W,US,Aravaipa Racing,739,a,DNF,FALSE,2062,345,70,11:44:46,42286.98,5189.26,30,12,2026-08-28T17:48:12.000Z
76,Geneviève ASSELIN-DEMERS,F,38,35-39W,CA,Craft,733,a,DNF,FALSE,1815,300,77,16:28:18,59210.62,991.09,48,17,2026-08-28T17:48:12.000Z
77,Baptiste COATANTIEC,H,29,20-34M,FR,Nike ACG,887,f,Finisher,TRUE,23,23,13,21:31:21,77481.35,1216.754,200,26,2026-08-28T17:48:12.000Z
78,Emily SCHMITZ,F,45,45-49W,US,HOKA,739,f,Finisher,TRUE,33,3,1,22:17:28,80248.26,1173.28,200,26,2026-08-28T17:48:12.000Z
79,Marek CAUSIDIS,H,35,35-39M,CZ,Salomon,887,a,DNF,FALSE,1905,1585,294,11:49:34,40970.92,2098.4700000000003,40,15,2026-08-28T17:48:12.000Z
80,Liping WANG,F,37,35-39W,CN,CRAFT,730,a,DNF,FALSE,2217,378,94,10:17:05,36122.38,1203.05,22,8,2026-08-28T17:48:12.000Z
81,Marcos RAMOS GONZALEZ,H,37,35-39M,ES,ASICS Trail Team,885,f,Finisher,TRUE,53,49,21,23:09:54,83394.14,1399.14,200,26,2026-08-28T17:48:12.000Z
82,Miguel HERAS,H,51,50-54M,ES,2007 TRAIL,884,np,Other,FALSE,NA,NA,NA,00:00:00,0,NA,NA,0,2026-08-28T17:48:12.000Z
83,Abel CARRETERO,H,35,35-39M,ES,OTSO,883,a,DNF,FALSE,2258,1872,335,05:35:08,20108.25,NA,16,6,2026-08-28T17:48:12.000Z
84,Manuel ANGUITA,H,35,35-39M,ES,KAILAS FUGA,884,a,DNF,FALSE,1705,1433,269,17:52:20,64340,1137.43,60,22,2026-08-28T17:48:12.000Z
85,Andreas RIEDER,H,40,40-44M,AT,BROOKS TRAILRUNNERS,881,f,Finisher,TRUE,14,14,4,20:33:24,74004.49,1403.1599999999999,200,26,2026-08-28T17:48:12.000Z
101,Virgile MORISET,H,25,20-34M,FR,ASICS TRAIL,879,f,Finisher,TRUE,4,4,3,19:00:23,68423.89,861.6569999999999,200,26,2026-08-28T17:48:12.000Z
102,Hanna AHO,F,34,20-34W,SE,Navåsens FK,729,f,Finisher,TRUE,721,108,34,36:56:50,133010.23,9562.98,200,26,2026-08-28T17:48:12.000Z
103,Corentin PLAY,H,32,20-34M,FR,WISE / Mountocoast / TAenergy,876,a,DNF,FALSE,2102,1751,332,09:21:38,33698.43,93.4,28,11,2026-08-28T17:48:12.000Z
104,Mélanie DELASOIE,F,36,35-39W,CH,La Sportiva,729,f,Finisher,TRUE,150,21,10,26:24:01,95041.35,1690.3999999999999,200,26,2026-08-28T17:48:12.000Z
105,Arthur JOYEUX-BOUILLON,H,32,20-34M,FR,ON RUUNING,876,f,Finisher,TRUE,60,54,23,23:38:10,85090.59,1717.19,200,26,2026-08-28T17:48:12.000Z
106,Anastasia DAVYDOVA,F,36,35-39W,AN,NA,728,a,DNF,FALSE,2332,395,98,03:40:55,12380.83,874.9,10,3,2026-08-28T17:48:12.000Z
107,Thibault MARQUET,H,35,35-39M,FR,X-bionic,870,np,Other,FALSE,NA,NA,NA,00:00:00,0,NA,NA,0,2026-08-28T17:48:12.000Z
108,Jennifer LEMOINE,F,40,40-44W,FR,ALE,728,a,DNF,FALSE,1891,314,62,14:30:56,52256,578.97,44,16,2026-08-28T17:48:12.000Z
109,Ferdinand AIRAULT,H,34,20-34M,FR,T8 x Aravaipa - The Magic Runner,873,f,Finisher,TRUE,25,25,15,21:44:37,78277.34,1429.1599999999999,200,26,2026-08-28T17:48:12.000Z
112,Stephanie AUSTON,F,35,35-39W,AU,NA,724,f,Finisher,TRUE,237,42,17,28:25:51,102351.94,2419.07,200,26,2026-08-28T17:48:12.000Z
113,Nicolas GOURDON,H,31,20-34M,FR,New Balance / Club des Sports Méribel,870,a,DNF,FALSE,1900,1581,307,12:23:31,44597,246.68,44,16,2026-08-28T17:48:12.000Z
114,Enrica DEMATTEIS,F,43,40-44W,IT,"Podistica Valle Varaita, Fuga Mountain Club",723,a,DNF,FALSE,2111,353,72,11:05:07,39907.29,695.51,28,11,2026-08-28T17:48:12.000Z
115,Santos Gabriel RUEDA,H,35,35-39M,AR,COLUMBIA,870,f,Finisher,TRUE,20,20,5,21:04:23,75863.12,1061.61,200,26,2026-08-28T17:48:12.000Z
117,Cody LIND,H,31,20-34M,US,ADIDAS,869,f,Finisher,TRUE,15,15,8,20:37:25,74245.4,929.58,200,26,2026-08-28T17:48:12.000Z
118,Andrea VLASAKOVA,F,38,35-39W,CZ,Scott Running,723,np,Other,FALSE,NA,NA,NA,00:00:00,0,NA,NA,0,2026-08-28T17:48:12.000Z
119,Kamil LEŚNIAK,H,33,20-34M,PL,Hoka Garmin Team,868,f,Finisher,TRUE,17,17,9,20:56:49,75409.86,894.4300000000001,200,25,2026-08-28T17:48:12.000Z
121,Aubin FERRARI,H,29,20-34M,FR,ALTRA RUNNING EUROPE,867,f,Finisher,TRUE,18,18,10,20:56:53,75413.96,1252.3899999999999,200,26,2026-08-28T17:48:12.000Z
122,Eevi BENGS,F,36,35-39W,FI,Team Altra,719,f,Finisher,TRUE,186,32,16,27:13:01,97981.58,2875.0099999999998,200,26,2026-08-28T17:48:12.000Z
123,Borja FERNANDEZ FERNANDEZ,H,43,40-44M,ES,Scott,867,a,DNF,FALSE,1812,1514,349,15:12:41,54761.84,470.98,48,17,2026-08-28T17:48:12.000Z
124,Victoria STANSFIELD,F,31,20-34W,GB,Fuga Mountain Club,715,a,DNF,FALSE,1737,278,58,29:04:08,104642,12733.529999999999,56,20,2026-08-28T17:48:12.000Z
125,Gian Marchet SCHICKTANZ,H,31,20-34M,CH,Brooks Trail Runners,866,a,DNF,FALSE,1709,1436,280,16:20:31,57215.29,2338.73,58,21,2026-08-28T17:48:12.000Z
126,Manon GRAS,F,31,20-34W,FR,Mizuno Oxsitis,717,f,Finisher,TRUE,156,23,7,26:31:16,95476.43,2252.29,200,26,2026-08-28T17:48:12.000Z
127,Andy SYMONDS,H,45,45-49M,GB,SCOTT RUNNING,865,f,Finisher,TRUE,19,19,1,20:59:58,75598.4,859.6600000000001,200,26,2026-08-28T17:48:12.000Z
128,Amanda BASHAM,F,37,35-39W,US,"Altra, Buff, Garmin",715,f,Finisher,TRUE,80,11,5,24:18:09,87489.57,1667.9299999999998,200,26,2026-08-28T17:48:12.000Z
129,Ricardo CHERTA,H,29,20-34M,ES,Brooks Trail Runners,864,a,DNF,FALSE,2214,1838,349,09:21:34,31678.68,2210.21,22,8,2026-08-28T17:48:12.000Z
130,Nicolette Kaylin GRIFFIOEN,F,34,20-34W,ZA,Suunto,715,f,Finisher,TRUE,198,34,10,27:26:55,98815.55,2801.46,200,26,2026-08-28T17:48:12.000Z
131,Pablo VILLA,H,38,35-39M,ES,adidas,864,f,Finisher,TRUE,11,11,3,20:15:37,72937.94,953.4899999999999,200,26,2026-08-28T17:48:12.000Z
132,Nicol GUIDOLIN,F,43,40-44W,IT,FUGA Mountain Club,712,f,Finisher,TRUE,321,55,9,30:00:07,108007.07,3531.58,200,26,2026-08-28T17:48:12.000Z
133,Martin HALASZ,H,36,35-39M,SK,Mount to Coast,863,a,DNF,FALSE,2103,1752,318,09:29:43,34183.14,78.29,28,11,2026-08-28T17:48:12.000Z
135,Riccardo MONTANI,H,34,20-34M,IT,VIBRAM,861,a,DNF,FALSE,2052,1712,324,12:28:01,44881,1012.8,36,13,2026-08-28T17:48:12.000Z
136,Anne-Sofie POLLESTAD,F,41,40-44W,NO,Nordre Ål løpeklubb,710,f,Finisher,TRUE,74,10,2,24:04:56,86696.87,1243.69,200,26,2026-08-28T17:48:12.000Z
137,Theo LE BOUDEC,H,26,20-34M,FR,CIMALP,860,f,Finisher,TRUE,22,22,12,21:27:37,77257.36,1105.3100000000002,200,26,2026-08-28T17:48:12.000Z
138,Julia DAVIS,F,40,40-44W,GB,La Sportiva UK,708,a,DNF,FALSE,1785,289,53,21:17:37,76657.64,4443.85,51,18,2026-08-28T17:48:12.000Z
139,Richard LOCKWOOD,H,39,35-39M,US,Norda,860,f,Finisher,TRUE,143,123,41,26:18:32,94712.13,6514.45,200,26,2026-08-28T17:48:12.000Z
140,Michaela WOLF,F,39,35-39W,DE,Lauffeuer Chiemgau,707,a,DNF,FALSE,1787,290,74,22:34:24,81264.78,2845.48,51,18,2026-08-28T17:48:12.000Z
141,Tobias Dahl FENRE,H,40,40-44M,NO,Hoka,859,a,DNF,FALSE,2328,1934,416,03:31:43,11130.36,1573.37,10,3,2026-08-28T17:48:12.000Z
142,Oana MARINA,F,28,20-34W,RO,NA,708,f,Finisher,TRUE,131,18,5,25:52:56,93176.02,1359.8700000000001,200,26,2026-08-28T17:48:12.000Z
143,Maël BURES,H,31,20-34M,FR,NA,859,a,DNF,FALSE,1810,1512,295,14:01:09,48895.62,2162.48,48,17,2026-08-28T17:48:12.000Z
144,Michaela LISHAKOVA,F,38,35-39W,SK,NA,702,f,Finisher,TRUE,161,24,12,26:35:33,95733.62,1771.05,200,26,2026-08-28T17:48:12.000Z
146,Kimino MIYAZAKI,F,38,35-39W,JP,HOKA,695,f,Finisher,TRUE,177,31,15,26:55:14,96914.42,3131.8999999999996,200,26,2026-08-28T17:48:12.000Z
147,Valentin BENARD,H,29,20-34M,FR,Asics,858,a,DNF,FALSE,2212,1836,348,08:28:04,30484.79,203.59,22,8,2026-08-28T17:48:12.000Z
148,Anne-Lise LE QUÉRÉ,F,35,35-39W,FR,FUGA MOUNTAIN CLUB,700,f,Finisher,TRUE,535,80,29,34:25:33,123933.35,5477.969999999999,200,26,2026-08-28T17:48:12.000Z
149,Tommy SULLIVAN,H,33,20-34M,US,CRAFT,857,f,Finisher,TRUE,46,43,20,22:48:45,82125.63,1427.36,200,26,2026-08-28T17:48:12.000Z
150,Natalie TAYLOR,F,42,40-44W,GB,Brecon AC,698,f,Finisher,TRUE,203,36,8,27:33:00,99180.05,1516.19,200,26,2026-08-28T17:48:12.000Z
151,Baptiste PETITJEAN,H,31,20-34M,FR,Millet/MounttoCoast ,856,f,Finisher,TRUE,109,97,41,25:05:16,90316.16,2466.91,200,26,2026-08-28T17:48:12.000Z
152,Madeleine HAWKINS,F,38,35-39W,CA,NA,697,a,DNF,FALSE,1757,282,73,26:03:50,88176.45,11849.96,52,19,2026-08-28T17:48:12.000Z
153,Simon GOSSELIN,H,31,20-34M,FR,On running,855,np,Other,FALSE,NA,NA,NA,00:00:00,0,NA,NA,0,2026-08-28T17:48:12.000Z
154,Aurélie GRANGE-PAUL,F,40,40-44W,FR,TEAM CIMALP,697,f,Finisher,TRUE,199,35,7,27:27:51,98871.2,3262.1099999999997,200,26,2026-08-28T17:48:12.000Z
155,Aleksei TOLSTENKO,H,42,40-44M,AN,Trail Running School,852,a,DNF,FALSE,2326,1932,415,03:31:17,11698.61,978.76,10,3,2026-08-28T17:48:12.000Z
156,Ingrid TERRIER,F,39,35-39W,FR,NA,697,f,Finisher,TRUE,175,29,14,26:50:46,96646.1,2092.34,200,26,2026-08-28T17:48:12.000Z
157,Aleksei BERESNEV,H,35,35-39M,AN,RunningHeroesRussia,848,a,DNF,FALSE,1906,1586,295,11:52:23,42743.52,587.73,40,15,2026-08-28T17:48:12.000Z
158,Noor VAN DER VEEN,F,33,20-34W,NL,Rab / CostPerform / Nutribay,693,a,DNF,FALSE,1712,274,57,19:44:37,70811.99,1899.6399999999996,58,21,2026-08-28T17:48:12.000Z
159,Pierre DEFONTAINE,H,34,20-34M,FR,Alès cévennes athlétisme,846,a,DNF,FALSE,2089,1738,326,10:05:15,35894.58,1237.7,30,12,2026-08-28T17:48:12.000Z
160,Genevieve HARRISON,F,39,35-39W,US,ON Trail Team,696,a,DNF,FALSE,2119,354,90,12:36:30,45390.48,472.72,28,11,2026-08-28T17:48:12.000Z
161,Emmanuel CAUTY,H,33,20-34M,FR,WISE Ultra Running/Run Aventure Lorient,846,f,Finisher,TRUE,35,32,16,22:26:18,80778.64,2473.2799999999997,200,25,2026-08-28T17:48:12.000Z
162,Kaytlyn GERBIN,F,37,35-39W,US,The North Face,696,a,DNF,FALSE,1741,279,71,18:41:41,66394.07,4306.18,52,19,2026-08-28T17:48:12.000Z
163,Oriol BARBANY BOFILL,H,31,20-34M,ES,Roots Performance,846,a,DNF,FALSE,1781,1493,291,16:14:10,58450.05,1057.96,51,18,2026-08-28T17:48:12.000Z
164,Elena ORMON,F,39,35-39W,US,NA,694,a,DNF,FALSE,2260,387,96,07:17:34,26254.72,NA,16,6,2026-08-28T17:48:12.000Z
165,Tom JOLY,H,35,35-39M,GB,Kailas Fuga,844,f,Finisher,TRUE,29,28,8,22:09:40,79780.58,1454.79,200,26,2026-08-28T17:48:12.000Z
166,Małgorzata MOCZULSKA,F,50,50-54W,PL,NA,694,np,Other,FALSE,NA,NA,NA,00:00:00,0,NA,NA,0,2026-08-28T17:48:12.000Z
167,Alexis SEVENNEC,H,39,35-39M,FR,Morzine-Avoriaz,843,a,DNF,FALSE,1697,1425,265,21:27:10,77230.49,2483.7200000000003,62,23,2026-08-28T17:48:12.000Z
168,Céline FINAS,F,41,40-44W,FR,KIPRUN WOMEN TEAM,693,f,Finisher,TRUE,117,15,3,25:33:56,92036.16,1963.3400000000001,200,26,2026-08-28T17:48:12.000Z
169,Simen WÄSTLUND,H,32,20-34M,SE,ASICS Trail Team,839,np,Other,FALSE,NA,NA,NA,00:00:00,0,NA,NA,0,2026-08-28T17:48:12.000Z
170,Marie DOHIN,F,42,40-44W,FR,KIPRUN WOMEN TEAM / CLUB DES SPORTS MERIBEL,689,a,DNF,FALSE,2334,397,79,03:42:30,12931.72,418.82,10,3,2026-08-28T17:48:12.000Z
171,Arnau SEGUÍ MOLL,H,28,20-34M,ES,C.A. Bèrnia,842,f,Finisher,TRUE,93,81,37,24:34:19,88459.83,2501.2799999999997,200,26,2026-08-28T17:48:12.000Z
172,Ronghua DENG,F,40,40-44W,CN,VIBRAM,692,a,DNF,FALSE,1841,309,61,21:30:21,77421.67,1973.72,48,17,2026-08-28T17:48:12.000Z
173,Anthony COSTA,H,29,20-34M,FR,DUC ARMY/ENDURANCE PACE COACHING,840,a,DNF,FALSE,1890,1577,306,13:36:56,49016,532.09,44,16,2026-08-28T17:48:12.000Z
174,Zoe MURPHY,F,43,40-44W,GB,NA,691,f,Finisher,TRUE,825,122,20,37:58:49,136729.3,11113.23,200,26,2026-08-28T17:48:12.000Z
175,Manuel HARTWEG,H,37,35-39M,DE,LG Rülzheim,842,a,DNF,FALSE,2318,1924,342,05:46:18,14983,5795,12,4,2026-08-28T17:48:12.000Z
176,Magdalena KRASZPULSKA,F,39,35-39W,PL,ODLO,691,f,Finisher,TRUE,242,43,18,28:31:59,102719.83,7381.48,200,26,2026-08-28T17:48:12.000Z
177,Gediminas GRINIUS,H,47,45-49M,LT,TEAM VIBRAM,839,a,DNF,FALSE,2051,1711,328,12:02:49,41286,2756.26,36,13,2026-08-28T17:48:12.000Z
178,Luisa DEMATTEIS,F,43,40-44W,IT,"Podistica Valle Varaita, Fuga Mountain Club",689,a,DNF,FALSE,2335,398,80,03:49:31,13002.13,769.74,10,3,2026-08-28T17:48:12.000Z
179,Nelson SANTOS,H,49,45-49M,PT,Runners do Demo,839,f,Finisher,TRUE,106,94,4,24:59:54,89994.24,5081.23,200,26,2026-08-28T17:48:12.000Z
180,Ingrid M DUE-GUNDERSEN,F,47,45-49W,NO,Fossum IF,689,f,Finisher,TRUE,168,26,2,26:44:42,96282.15,2371.1900000000005,200,26,2026-08-28T17:48:12.000Z
181,André JONSSON,H,41,40-44M,SE,Duveds IF,838,a,DNF,FALSE,2323,1929,414,03:00:08,10808.5,NA,10,3,2026-08-28T17:48:12.000Z
183,Ivan HRASTOVEC,H,41,40-44M,SI,NA,838,a,DNF,FALSE,1746,1467,341,22:30:48,75045.41,8811.84,52,19,2026-08-28T17:48:12.000Z
184,Mariya NIKOLOVA,F,44,40-44W,BG,La Sportiva,687,a,DNF,FALSE,1816,301,57,16:41:14,60074.29,1567.94,48,17,2026-08-28T17:48:12.000Z
185,Léon FAVIER,H,27,20-34M,FR,Côte Roannaise Raid Aventure,836,f,Finisher,TRUE,511,434,138,33:59:03,122343.67,14119.779999999999,200,26,2026-08-28T17:48:12.000Z
187,Sylvain COURT,H,43,40-44M,FR,WISE Ultra Running,835,a,DNF,FALSE,2207,1832,404,07:55:04,28504.22,228.47,22,8,2026-08-28T17:48:12.000Z
188,Hannah MCRAE,F,32,20-34W,AU,NA,683,f,Finisher,TRUE,313,52,18,29:50:33,107433.1,4588.45,200,26,2026-08-28T17:48:12.000Z
189,Simon COCHRANE,H,42,40-44M,NZ,Athletic Peak,833,np,Other,FALSE,NA,NA,NA,00:00:00,0,NA,NA,0,2026-08-28T17:48:12.000Z
190,Isla SMITH,F,32,20-34W,NZ,Malift MallorcaTrail,685,f,Finisher,TRUE,356,63,25,30:54:57,111297.38,4614.5999999999995,200,26,2026-08-28T17:48:12.000Z
191,Simone CORSINI,H,34,20-34M,IT,Atletica Mds Panaria Group,838,a,DNF,FALSE,2211,1835,347,08:11:23,29483.78,186.24,22,8,2026-08-28T17:48:12.000Z
192,Sandi NYPAVER,F,38,35-39W,US,Topo Athletic & Higher Running,683,a,DNF,FALSE,1912,323,84,15:41:42,56502.46,2116.4700000000003,40,15,2026-08-28T17:48:12.000Z
193,Harry JONES,H,37,35-39M,GB,Merrell / Janji,834,a,DNF,FALSE,1909,1588,296,13:38:31,45717.72,4071.14,40,15,2026-08-28T17:48:12.000Z
194,Cecilia MATTAS,F,35,35-39W,AU,NA,682,f,Finisher,TRUE,569,86,31,35:09:27,126567.92,11595.68,200,26,2026-08-28T17:48:12.000Z
195,Daniel CLAASSEN,H,33,20-34M,ZA,ASICS,833,f,Finisher,TRUE,21,21,11,21:23:44,77024.29,1379.45,200,26,2026-08-28T17:48:12.000Z
196,Poppy COLLINGWOOD,F,27,20-34W,GB,Janji / Elite Trail Team,678,a,DNF,FALSE,1893,315,63,16:55:25,60925,969.18,44,16,2026-08-28T17:48:12.000Z
197,Guillaume DENEFFE,H,43,40-44M,BE,Trakks Belgium,832,f,Finisher,TRUE,316,264,55,29:57:54,107874.69,12061.88,200,26,2026-08-28T17:48:12.000Z
198,Emily CAMBIER,F,43,40-44W,FR,EDELI,680,a,DNF,FALSE,1747,280,52,22:58:19,82699.66,7640.42,52,19,2026-08-28T17:48:12.000Z
199,Pau CAPELL,H,35,35-39M,ES,THE NORTH FACE,830,f,Finisher,TRUE,77,67,26,24:09:33,86973.4,1771.31,200,26,2026-08-28T17:48:12.000Z
200,Kristi KNECHT,F,43,40-44W,US,NA,679,f,Finisher,TRUE,142,20,4,26:15:30,94530.14,4222.65,200,26,2026-08-28T17:48:12.000Z
201,Alex MOLIN PRADEL,H,27,20-34M,FR,Annecy Athlétisme,828,f,Finisher,TRUE,86,74,33,24:29:46,88186.98,4467.860000000001,200,26,2026-08-28T17:48:12.000Z
202,Linda BOLDĀNE,F,34,20-34W,LV,NA,679,a,DNF,FALSE,1827,304,62,18:58:21,65516.83,3533.3199999999997,48,17,2026-08-28T17:48:12.000Z
203,Min QI,H,38,35-39M,CN,KAILAS FUGA,827,np,Other,FALSE,NA,NA,NA,00:00:00,0,NA,NA,0,2026-08-28T17:48:12.000Z
204,Stacey MARION,F,37,35-39W,US,NA,678,f,Finisher,TRUE,130,17,9,25:52:51,93171.44,2013.9600000000003,200,26,2026-08-28T17:48:12.000Z
205,Bastien ENJALBERT,H,29,20-34M,FR,Clermont Sport Endurance,828,f,Finisher,TRUE,43,40,19,22:48:14,82094.76,2400.67,200,26,2026-08-28T17:48:12.000Z
206,Ivania RAMBO,F,42,40-44W,BR,Go On Outdoor / Columbia,678,f,Finisher,TRUE,544,82,15,34:33:04,124384.54,4852.44,200,26,2026-08-28T17:48:12.000Z
207,Nicolas THOMAS,H,29,20-34M,BE,NA,827,a,DNF,FALSE,1813,1515,296,15:53:10,56839.31,828.79,48,17,2026-08-28T17:48:12.000Z
208,Leticia DA SILVA SALTORI,F,39,35-39W,BR,Equipiazza - MSBR,675,a,DNF,FALSE,1920,325,85,17:59:06,64746.65,2222.74,40,15,2026-08-28T17:48:12.000Z
209,Ramon Nicolas SÁNCHEZ FERNÁNDEZ,H,46,45-49M,ES,UECANOIA,827,f,Finisher,TRUE,155,133,12,26:29:00,95340.77,1414.65,200,26,2026-08-28T17:48:12.000Z
210,Marisa ROMEO,F,32,20-34W,US,NA,673,f,Finisher,TRUE,417,70,26,32:18:01,116281.96,6993.72,200,26,2026-08-28T17:48:12.000Z
212,Simone HAASTRUP,F,33,20-34W,DK,NA,671,f,Finisher,TRUE,258,45,16,28:51:43,103903.27,2268.02,200,26,2026-08-28T17:48:12.000Z
213,Paul ZUNINO,H,32,20-34M,FR,NA,827,f,Finisher,TRUE,48,45,21,22:59:23,82763.16,1211.5,200,26,2026-08-28T17:48:12.000Z
214,Rachel SPAULDING,F,31,20-34W,US,NA,671,f,Finisher,TRUE,233,41,14,28:21:18,102078.85,4072.59,200,26,2026-08-28T17:48:12.000Z
215,Simon WITHERS,H,31,20-34M,GB,Southsea Fell Runners,826,f,Finisher,TRUE,390,324,110,31:38:14,113894.9,13464.52,200,26,2026-08-28T17:48:12.000Z
216,Iwona GÓROWSKA,F,36,35-39W,PL,Dynafit,668,f,Finisher,TRUE,1242,182,54,42:15:17,152117.83,17276.43,200,26,2026-08-28T17:48:12.000Z
219,Camille THOMINET,H,36,35-39M,FR,JSFG,830,f,Finisher,TRUE,137,118,40,26:01:00,93660.93,6578.75,200,26,2026-08-28T17:48:12.000Z
220,Giovanna MARTINS,F,44,40-44W,BR,Giovanna Martins Assessoria Esportiva,668,a,DNF,FALSE,2053,341,68,13:13:09,47589,1316.1,36,13,2026-08-28T17:48:12.000Z
221,Ben QUATROMONI,H,39,35-39M,US,NA,826,np,Other,FALSE,NA,NA,NA,00:00:00,0,NA,NA,0,2026-08-28T17:48:12.000Z
222,Charlotte FISHER,F,33,20-34W,GB,NA,667,f,Finisher,TRUE,222,37,11,28:14:45,101685.43,1731.3100000000002,200,26,2026-08-28T17:48:12.000Z
223,William ENGLUND,H,32,20-34M,SE,Salomon Sweden,825,np,Other,FALSE,NA,NA,NA,00:00:00,0,NA,NA,0,2026-08-28T17:48:12.000Z
224,Marie Laure THIEUX,F,43,40-44W,FR,TEAM QUEYRAS TRAIL - DURANCE ATHLE TRAIL RUNNING,666,f,Finisher,TRUE,443,74,14,32:44:41,117881.7,8168.2300000000005,200,26,2026-08-28T17:48:12.000Z
225,Takuya IKEHATA,H,34,20-34M,JP,LUC＋,825,f,Finisher,TRUE,309,258,93,29:47:18,107238.02,6869.27,200,26,2026-08-28T17:48:12.000Z
226,Julie LESAGE,F,40,40-44W,CA,NA,668,f,Finisher,TRUE,176,30,6,26:54:32,96872.69,2486.81,200,26,2026-08-28T17:48:12.000Z
227,Jordi GAMITO BAUS,H,45,45-49M,ES,Mount to Coast/Acebsa,820,a,DNF,FALSE,2329,1935,359,03:31:59,11276.82,1442.32,10,3,2026-08-28T17:48:12.000Z
228,Anne HAND,F,43,40-44W,AU,The Goat Farm,665,f,Finisher,TRUE,1197,173,28,41:52:52,150772.35,7957.32,200,25,2026-08-28T17:48:12.000Z
229,Ales SEDLAK,H,38,35-39M,CZ,TJ Magla/ROCK POINT,824,f,Finisher,TRUE,108,96,33,25:03:15,90195.12,2074.25,200,26,2026-08-28T17:48:12.000Z
230,Heleen PLAATZER,F,47,45-49W,NL,Eindhoven atletiek,663,np,Other,FALSE,NA,NA,NA,00:00:00,0,NA,NA,0,2026-08-28T17:48:12.000Z
231,Xingzhi BAI,H,40,40-44M,CN,VIBRAM,824,f,Finisher,TRUE,154,132,27,26:27:55,95275.59,1794.6000000000001,200,26,2026-08-28T17:48:12.000Z
232,Naomi BRAND,F,37,35-39W,ZA,La Sportiva,664,a,DNF,FALSE,1718,275,70,26:02:52,93738.92,7109.74,58,21,2026-08-28T17:48:12.000Z
233,Jean-François CAUCHON,H,33,20-34M,CA,Norda Trail Team,822,a,DNF,FALSE,2113,1760,336,11:11:21,40281.83,3618.27,28,11,2026-08-28T17:48:12.000Z
234,Karolina WIERZCHOWIAK,F,34,20-34W,PL,NA,664,f,Finisher,TRUE,269,47,17,29:08:18,104898.58,3369.45,200,26,2026-08-28T17:48:12.000Z
235,Alexandre BERAUD,H,36,35-39M,FR,Team Merrell France,816,f,Finisher,TRUE,31,30,9,22:13:49,80029.54,1294.73,200,26,2026-08-28T17:48:12.000Z
236,Reika ITABASHI,F,28,20-34W,JP,NA,664,f,Finisher,TRUE,627,92,31,35:51:22,129082.95,8545.99,200,26,2026-08-28T17:48:12.000Z
237,Manuel Alexis MARTÍN LORENZO,H,35,35-39M,ES,LURBEL,821,a,DNF,FALSE,2116,1763,320,11:35:21,41721.22,623.1800000000001,28,11,2026-08-28T17:48:12.000Z
238,Caroline BENOIT,F,40,40-44W,FR,AUPA GEAR,661,a,DNF,FALSE,1894,316,63,17:11:53,61913,3010.9399999999996,44,16,2026-08-28T17:48:12.000Z
239,Jhon BARRERA,H,41,40-44M,CO,NA,820,a,DNF,FALSE,1811,1513,348,14:51:19,52769.7,1255.08,48,17,2026-08-28T17:48:12.000Z
240,Emma BILHAM,F,40,40-44W,CH,FUGA MOUNTAIN CLUB,668,a,DNF,FALSE,1839,308,60,21:16:17,76006.99,8944.279999999999,48,17,2026-08-28T17:48:12.000Z
241,Dylan DAME,H,30,20-34M,BE,FUGA MOUNTAIN CLUB,819,a,DNF,FALSE,2106,1755,333,10:21:33,37293.53,190.13,28,11,2026-08-28T17:48:12.000Z
242,Jenny ABEGG,F,42,40-44W,US,Patagonia,660,f,Finisher,TRUE,389,66,12,31:35:53,113753.21,6187.51,200,26,2026-08-28T17:48:12.000Z
243,Nicolas ALLEMEERSCH,H,31,20-34M,FR,FUGA MOUNTAIN CLUB,820,np,Other,FALSE,NA,NA,NA,00:00:00,0,NA,NA,0,2026-08-28T17:48:12.000Z
244,Lenka HIKLOVÁ,F,46,45-49W,SK,Slovak Ultra Trail / Karate klub Púchov,659,f,Finisher,TRUE,397,68,7,31:46:59,114419.76,3207.3900000000003,200,26,2026-08-28T17:48:12.000Z
245,Yoann LECAUCHOIS,H,44,40-44M,FR,NA,833,f,Finisher,TRUE,30,29,5,22:09:50,79790.94,1538.83,200,26,2026-08-28T17:48:12.000Z
246,Sabrina VERJEE,F,45,45-49W,GB,La Sportiva,656,f,Finisher,TRUE,261,46,4,28:53:28,104008.21,4159.639999999999,200,26,2026-08-28T17:48:12.000Z
247,Andrej VISTICA,H,43,40-44M,HR,Biokovo Running Club,819,f,Finisher,TRUE,103,91,18,24:51:07,89467.25,3923.62,200,26,2026-08-28T17:48:12.000Z
248,Julia REZZI,F,37,35-39W,FR,TOR,659,f,Finisher,TRUE,123,16,8,25:44:55,92695.52,1574.26,200,26,2026-08-28T17:48:12.000Z
249,Noam FRANCHI,H,22,20-34M,FR,NORDA / PETZL. EC,817,a,DNF,FALSE,2060,1716,325,10:03:11,36191.26,500.73,30,12,2026-08-28T17:48:12.000Z
250,Anne CHAMPAGNE,F,32,20-34W,CA,The North Face,663,a,DNF,FALSE,1910,322,65,15:08:22,54502.98,926.6199999999999,40,15,2026-08-28T17:48:12.000Z
251,Dimitri SOLTYSIAK,H,37,35-39M,FR,Team Trail Nord Horizon,818,f,Finisher,TRUE,28,27,7,22:04:24,79464.5,2234.2400000000002,200,26,2026-08-28T17:48:12.000Z
252,Arika ITO,F,36,35-39W,JP,NA,664,a,DNF,FALSE,1844,311,81,22:38:41,81521.43,1078.5900000000001,48,17,2026-08-28T17:48:12.000Z
253,Ryan WHELAN,H,40,40-44M,GB,T8,814,f,Finisher,TRUE,98,86,16,24:43:56,89036.6,1816.44,200,25,2026-08-28T17:48:12.000Z
254,Jasmine VOLLMER,F,37,35-39W,AU,NA,655,a,DNF,FALSE,1833,306,80,19:47:55,71250.09,2222.41,48,17,2026-08-28T17:48:12.000Z
255,Jérémy NION,H,39,35-39M,FR,CRRA,832,f,Finisher,TRUE,16,16,4,20:48:28,74908.7,1838.3,200,26,2026-08-28T17:48:12.000Z
256,Ellen CHEETHAM,F,31,20-34W,GB,Clapham Chasers,654,f,Finisher,TRUE,246,44,15,28:37:06,103026.29,2385.52,200,26,2026-08-28T17:48:12.000Z
257,Kevin ROUX,H,36,35-39M,FR,Trail club St Gervais les bains,815,f,Finisher,TRUE,27,26,6,21:59:18,79158.95,1740.8799999999999,200,26,2026-08-28T17:48:12.000Z
258,Elin ÖHMAN,F,34,20-34W,SE,NA,654,f,Finisher,TRUE,1409,214,49,43:42:17,157337.34,18542.079999999998,200,26,2026-08-28T17:48:12.000Z
259,Jiqian WANG,H,38,35-39M,CN,THE NORTH FACE,815,f,Finisher,TRUE,54,50,22,23:18:02,83882.55,2658.38,200,26,2026-08-28T17:48:12.000Z
260,Laura ZICKE,F,47,45-49W,LT,Love Streams Running,653,a,DNF,FALSE,1917,324,43,16:54:45,59692.32,3626.2200000000003,40,15,2026-08-28T17:48:12.000Z
261,Diego PAZOS,H,42,40-44M,CH,Compressport,814,np,Other,FALSE,NA,NA,NA,00:00:00,0,NA,NA,0,2026-08-28T17:48:12.000Z
262,Julie MARINI,F,38,35-39W,FR,RC Furiani / I-Run,653,f,Finisher,TRUE,324,56,22,30:04:11,108251.33,3334.16,200,26,2026-08-28T17:48:12.000Z
265,Tristan BLANCHARD,H,47,45-49M,CH,Scott / Action Sports Bienne,815,a,DNF,FALSE,1817,1516,288,16:52:10,60730.83,769.54,48,16,2026-08-28T17:48:12.000Z
266,Sarah PAGE,F,46,45-49W,GB,Mount To Coast,651,f,Finisher,TRUE,222,37,3,28:14:45,101685.31,3152.59,200,26,2026-08-28T17:48:12.000Z
267,Yoann STUCK,H,43,40-44M,FR,Town To Trail,812,a,DNF,FALSE,1818,1517,350,16:56:36,60980.58,1811.0900000000001,48,17,2026-08-28T17:48:12.000Z
268,Xiaoqing SUN,F,39,35-39W,HK,Kailas,651,f,Finisher,TRUE,1062,153,48,40:31:25,145885.14,13639.47,200,26,2026-08-28T17:48:12.000Z
269,Alexandre BOUCHEIX,H,35,35-39M,FR,CASQUETTE VERTE,813,f,Finisher,TRUE,79,69,27,24:17:31,87451.82,1466.24,200,26,2026-08-28T17:48:12.000Z
270,Huiping ZHANG,F,40,40-44W,CN,Kailas FUGA,651,f,Finisher,TRUE,339,60,10,30:29:30,109770.71,2979.82,200,26,2026-08-28T17:48:12.000Z
271,Masatoshi OBARA,H,44,40-44M,JP,Answer4,813,a,DNF,FALSE,1715,1441,333,22:16:27,79647.75,1820.1800000000003,58,20,2026-08-28T17:48:12.000Z
273,Jack CHAMBERLAIN,H,36,35-39M,GB,Kailas Fuga,813,f,Finisher,TRUE,55,51,23,23:20:59,84059.31,1303.9499999999998,200,26,2026-08-28T17:48:12.000Z
275,Victor TOURNIEROUX,H,31,20-34M,FR,Stade Bordelais Athlétisme,810,a,DNF,FALSE,2114,1761,337,11:19:25,40765.79,647.29,28,11,2026-08-28T17:48:12.000Z
276,Julie PUTHOSTE,F,38,35-39W,FR,NA,649,f,Finisher,TRUE,763,111,37,37:25:06,134706.12,14537.499999999998,200,26,2026-08-28T17:48:12.000Z
277,Aymeric DAMOUR,H,35,35-39M,FR,ESL Pierre Bénite,816,f,Finisher,TRUE,43,40,16,22:48:14,82094.31,1564.67,200,26,2026-08-28T17:48:12.000Z
278,Johanna BYGDELL,F,44,40-44W,SE,CRAFt run team/Öbacka LK,651,f,Finisher,TRUE,388,65,11,31:35:30,113730.79,6717.160000000001,200,26,2026-08-28T17:48:12.000Z
279,Nicolas JACOB,H,32,20-34M,FR,Lyon Athle,812,f,Finisher,TRUE,24,24,14,21:34:01,77641.51,750.86,200,26,2026-08-28T17:48:12.000Z
280,Sarah PARKINS,F,37,35-39W,AU,NA,645,a,DNF,FALSE,2383,411,103,03:04:20,10782.34,278.42,6,2,2026-08-28T17:48:12.000Z
281,Douglas PICKARD,H,42,40-44M,ZA,Salomon SA,812,np,Other,FALSE,NA,NA,NA,00:00:00,0,NA,NA,0,2026-08-28T17:48:12.000Z
282,Corine KAGERER,F,52,50-54W,CH,NA,646,f,Finisher,TRUE,302,51,1,29:40:41,106841.33,3800.1,200,26,2026-08-28T17:48:12.000Z
283,Ugo FERRARI,H,34,20-34M,FR,Team Altra Europe,812,f,Finisher,TRUE,87,75,34,24:32:04,88324.08,1826.56,200,26,2026-08-28T17:48:12.000Z
284,Katrin BIELER,F,35,35-39W,IT,Base Camp Gressoney - Inrun,657,a,DNF,FALSE,2337,399,100,03:59:21,13357.91,1003.98,10,3,2026-08-28T17:48:12.000Z
285,Cleverson Luis DEL SECCHI,H,48,45-49M,BR,Life Runners,809,a,DNF,FALSE,2064,1719,330,10:49:59,38999.15,592.81,30,12,2026-08-28T17:48:12.000Z
286,Salome SCHMITT,F,42,40-44W,FR,ESRCAC,644,a,DNF,FALSE,1792,292,54,25:36:13,92173.25,4879.45,51,18,2026-08-28T17:48:12.000Z
287,Matthew CREHAN,H,41,40-44M,AU,La Sportiva Australia,811,f,Finisher,TRUE,136,117,20,25:57:27,93447.53,3151.7599999999998,200,26,2026-08-28T17:48:12.000Z
289,Lewis RYAN,H,34,20-34M,GB,Scarpa / HP3 / CDF Runners,805,a,DNF,FALSE,1823,1520,298,18:19:32,60510.95,7582.18,48,17,2026-08-28T17:48:12.000Z
290,Katie WRIGHT,F,39,35-39W,NZ,La Sportiva,642,f,Finisher,TRUE,275,48,19,29:16:10,105370.34,1535.51,200,26,2026-08-28T17:48:12.000Z
291,Sébastien LEDAY,H,38,35-39M,FR,Kailas FUGA X Never Second,809,a,DNF,FALSE,2104,1753,319,09:33:31,34411.51,103.63,28,11,2026-08-28T17:48:12.000Z
292,Emily VAUDAN,F,43,40-44W,CH,Trail Verbier St-Bernard by UTMB,645,a,DNF,FALSE,1830,305,58,19:28:25,61998.51,9174.23,48,17,2026-08-28T17:48:12.000Z
293,Baptiste DEROUIN,H,28,20-34M,FR,FUGA MOUNTAIN CLUB,805,f,Finisher,TRUE,143,123,49,26:18:32,94712.73,1419.0599999999997,200,26,2026-08-28T17:48:12.000Z
294,Nicola SORAGHAN,F,41,40-44W,IE,FUGA Mountain Club,641,a,DNF,FALSE,1935,326,65,20:15:13,68863.39,7906.25,40,15,2026-08-28T17:48:12.000Z
296,Sophia SCHNABL,F,37,35-39W,AT,NA,639,a,DNF,FALSE,2065,346,87,12:54:26,46466.43,1365.49,30,11,2026-08-28T17:48:12.000Z
297,Martin GRAF,H,44,40-44M,IT,Ssv Pichl/Gsies,804,f,Finisher,TRUE,127,111,19,25:49:14,92954,2418.37,200,26,2026-08-28T17:48:12.000Z
298,Adriana MOSER,F,34,20-34W,NL,ALTRA RUNNING,639,a,DNF,FALSE,2403,419,75,00:00:00,0,NA,NA,0,2026-08-28T17:48:12.000Z
299,Jules GERBER,H,26,20-34M,FR,BTR - Besançon Trail Running,804,f,Finisher,TRUE,37,34,17,22:30:47,81047.21,1316.0300000000002,200,26,2026-08-28T17:48:12.000Z
300,Marcela RAMBOVÁ,F,52,50-54W,CZ,NA,638,f,Finisher,TRUE,1078,156,15,40:40:20,146420.87,7753.380000000001,200,26,2026-08-28T17:48:12.000Z
301,Elliot PHILLIPPON,H,25,20-34M,FR,NA,804,a,DNF,FALSE,2259,1873,355,06:23:26,23006.26,438.09,16,6,2026-08-28T17:48:12.000Z
302,Anca CINDEA,F,47,45-49W,RO,ZONA 2 TRAILRUNNING TEAM,637,a,DNF,FALSE,2339,401,59,04:16:05,13524.04,1841.36,10,3,2026-08-28T17:48:12.000Z
303,Weiqiang ZHANG,H,42,40-44M,CN,TEAM VIBRAM,810,a,DNF,FALSE,1825,1522,352,18:28:56,63455.62,5131.73,48,17,2026-08-28T17:48:12.000Z
304,Laura HUET,F,30,20-34W,FR,NA,636,f,Finisher,TRUE,229,40,13,28:19:04,101944.89,2377.32,200,26,2026-08-28T17:48:12.000Z
305,Christian MALMSTRÖM,H,46,45-49M,SE,Team Blekinge,804,f,Finisher,TRUE,135,116,10,25:56:34,93394.7,2586.61,200,26,2026-08-28T17:48:12.000Z
306,Melissa OSTASZEWSKI,F,35,35-39W,US,NA,633,f,Finisher,TRUE,527,79,28,34:22:18,123738.29,10019.72,200,26,2026-08-28T17:48:12.000Z
307,Mathis Dahl FENRE,H,36,35-39M,NO,SK Vidar,803,a,DNF,FALSE,2117,1764,321,12:00:16,43216.95,436.2,28,11,2026-08-28T17:48:12.000Z
308,Maria DALZOT,F,38,35-39W,US,La Sportiva NA,635,f,Finisher,TRUE,423,71,23,32:24:48,116688.79,6761.42,200,26,2026-08-28T17:48:12.000Z
309,Clement CHRETIEN,H,37,35-39M,FR,2EP,802,a,DNF,FALSE,1780,1492,283,15:46:37,56797.17,631.42,51,18,2026-08-28T17:48:12.000Z
310,Evanne BLANCHARD,F,36,35-39W,FR,Annecy Athlétisme,635,s,Other,FALSE,1821,303,79,17:50:26,64210.45,732.5,48,17,2026-08-28T17:48:12.000Z
311,Morgan LAMURE,H,29,20-34M,FR,NA,802,a,DNF,FALSE,1734,1457,287,19:56:05,71748,2160.34,56,20,2026-08-28T17:48:12.000Z
312,Natalie JOHNSTON,F,31,20-34W,CA,NA,631,f,Finisher,TRUE,342,61,23,30:35:50,110150.79,7110.3099999999995,200,26,2026-08-28T17:48:12.000Z
313,Morgan GLAZIER,H,24,20-34M,GB,NA,802,a,DNF,FALSE,2107,1756,334,10:36:39,38199,653.3199999999999,28,11,2026-08-28T17:48:12.000Z
315,Alexander KING,H,31,20-34M,US,Terignota,802,a,DNF,FALSE,2330,1936,364,03:33:19,12340.02,459.64,10,3,2026-08-28T17:48:12.000Z
316,Ann ANDRIES,F,54,50-54W,BE,"KBF, KKS",624,f,Finisher,TRUE,391,67,2,31:39:06,113946.32,6263.4000000000005,200,26,2026-08-28T17:48:12.000Z
317,Benoît CHAUVET,H,45,45-49M,FR,Entente Athletique De L'arve* - S/l La Foulee D'annemasse,789,f,Finisher,TRUE,724,616,92,36:58:09,133089.35,26842.25,200,26,2026-08-28T17:48:12.000Z
318,Sonia AHUJA,F,51,50-54W,US,NA,628,f,Finisher,TRUE,965,143,13,39:11:22,141082.46,13571.4,200,26,2026-08-28T17:48:12.000Z
319,Riccardo PIANESI,H,35,35-39M,IT,SPACE RUNNING ASD,801,f,Finisher,TRUE,42,39,15,22:46:12,81972.18,762.17,200,26,2026-08-28T17:48:12.000Z
321,Andrea MACCHI,H,40,40-44M,IT,i-eXe team,801,a,DNF,FALSE,2112,1759,393,11:07:10,40030.77,187.28,28,11,2026-08-28T17:48:12.000Z
322,Karolina OBSTÓJ,F,36,35-39W,PL,#SobasTeam,626,f,Finisher,TRUE,789,115,39,37:39:19,135559.06,4544.610000000001,200,26,2026-08-28T17:48:12.000Z
323,Roberto MASTROTTO,H,39,35-39M,IT,Team La Sportiva,771,f,Finisher,TRUE,105,93,32,24:57:37,89857.38,2717.98,200,24,2026-08-28T17:48:12.000Z
324,Ruth EAGLES,F,48,45-49W,AU,NA,625,f,Finisher,TRUE,357,64,6,30:55:42,111342.63,5405.81,200,26,2026-08-28T17:48:12.000Z
325,Mario MENDOZA JR,H,40,40-44M,US,Team Brooks,800,f,Finisher,TRUE,97,85,15,24:43:02,88982.11,1380.75,200,26,2026-08-28T17:48:12.000Z
326,Laura BERRUER,F,26,20-34W,FR,Team Trail Running Lab,624,f,Finisher,TRUE,326,57,21,30:07:49,108469.07,4143.71,200,26,2026-08-28T17:48:12.000Z
328,Mariana FERNANDEZ,F,30,20-34W,AR,NA,624,f,Finisher,TRUE,327,58,22,30:09:50,108590.66,4171.4,200,26,2026-08-28T17:48:12.000Z
329,Pablo NADALEZ,H,40,40-44M,AR,Nadalez Team,799,f,Finisher,TRUE,58,52,6,23:35:19,84919.88,1647.24,200,26,2026-08-28T17:48:12.000Z
330,Mariela VIGLIOCCO,F,47,45-49W,AR,NA,621,f,Finisher,TRUE,336,59,5,30:23:06,109386.09,3908.66,200,26,2026-08-28T17:48:12.000Z
331,Loan LE ROHELLEC,H,29,20-34M,FR,ESCLOPS D'AZUN,806,f,Finisher,TRUE,39,36,18,22:38:26,81506.61,1651.11,200,26,2026-08-28T17:48:12.000Z
332,Kit Ying SO,F,35,35-39W,HK,Crazy Running Club,628,f,Finisher,TRUE,548,83,30,34:37:13,124633.87,9680.29,200,26,2026-08-28T17:48:12.000Z
333,Marcel GEISSLER,H,41,40-44M,DE,The North Face,796,a,DNF,FALSE,2105,1754,391,10:18:13,37093.13,216.07,28,11,2026-08-28T17:48:12.000Z
334,Madison HART,F,29,20-34W,US,NA,622,f,Finisher,TRUE,319,54,20,29:58:52,107932.01,3370.2600000000007,200,26,2026-08-28T17:48:12.000Z
335,Jean-Adrien MICHEL,H,32,20-34M,FR,Run Aventure,797,f,Finisher,TRUE,85,73,32,24:24:29,87869.81,2230.0699999999997,200,26,2026-08-28T17:48:12.000Z
336,Johanna SIMMER,F,54,50-54W,AT,TTC Traunsee Trailrunning Club,621,a,DNF,FALSE,1895,317,39,16:56:54,61014,1568.05,44,16,2026-08-28T17:48:12.000Z
337,Kristian JOERGENSEN,H,42,40-44M,DK,T8,796,f,Finisher,TRUE,94,82,14,24:37:15,88635.13,3088.06,200,26,2026-08-28T17:48:12.000Z
338,Junko YANO,F,52,50-54W,JP,Team100mile,621,f,Finisher,TRUE,574,87,3,35:12:52,126772.07,6389.16,200,26,2026-08-28T17:48:12.000Z
339,David RYAN,H,41,40-44M,IE,FUGA Mountain Club,792,f,Finisher,TRUE,75,65,10,24:05:37,86737.13,1987.17,200,26,2026-08-28T17:48:12.000Z
340,Milagros RIVAS,F,44,40-44W,AR,nadalez team,628,f,Finisher,TRUE,411,69,13,32:00:53,115253.09,4911.99,200,26,2026-08-28T17:48:12.000Z
341,Clark MESSMAN,H,31,20-34M,US,NA,795,a,DNF,FALSE,2325,1931,362,03:19:55,11995.26,NA,10,3,2026-08-28T17:48:12.000Z
343,Adrien LE GRAET,H,32,20-34M,FR,FUGA Mountain Club,793,a,DNF,FALSE,1700,1428,279,25:05:01,90301.44,6245.610000000001,62,23,2026-08-28T17:48:12.000Z
344,Shari WILKEN,F,39,35-39W,DE,NA,618,a,DNF,FALSE,2382,410,102,03:01:16,10876.25,NA,6,2,2026-08-28T17:48:12.000Z
345,Pierre GAPIHAN,H,40,40-44M,FR,Compressport,794,a,DNF,FALSE,1735,1458,338,20:21:45,73305,3480.5,56,20,2026-08-28T17:48:12.000Z
346,Julia GLAUS,F,33,20-34W,CH,Elite Trail Team,618,f,Finisher,TRUE,790,116,36,37:40:49,135649.61,8189.219999999999,200,26,2026-08-28T17:48:12.000Z
348,Nikita FREDONNET,F,23,20-34W,AU,Sentier Run Club,618,f,Finisher,TRUE,775,113,35,37:31:44,135104.64,12941.779999999999,200,26,2026-08-28T17:48:12.000Z
349,Mathieu CLÉMENT,H,31,20-34M,CH,Team Asics Trail,792,f,Finisher,TRUE,59,53,22,23:38:08,85088.18,2028.5200000000002,200,26,2026-08-28T17:48:12.000Z
350,Catherine CASTRO VILLICAÑA,F,35,35-39W,MX,Adidas Terrex,615,f,Finisher,TRUE,474,76,25,33:20:57,120057.84,4687.29,200,26,2026-08-28T17:48:12.000Z
351,Arnaud LEJEUNE,H,47,45-49M,FR,NA,787,f,Finisher,TRUE,115,101,8,25:32:55,91975.48,2188.6000000000004,200,26,2026-08-28T17:48:12.000Z
352,Qin TIAN,F,33,20-34W,CN,surpine,615,a,DNF,FALSE,1951,327,66,22:33:17,79017.68,8634.18,40,15,2026-08-28T17:48:12.000Z
353,Bastien GUEGUEN,H,31,20-34M,FR,NA,793,f,Finisher,TRUE,83,71,31,24:19:39,87579.15,1168.2,200,26,2026-08-28T17:48:12.000Z
355,Tomasz KIK,H,44,40-44M,SK,Mount to Coast,792,f,Finisher,TRUE,84,72,12,24:19:50,87590.92,2578.66,200,26,2026-08-28T17:48:12.000Z
356,Pamela NIEVAS,F,44,40-44W,AR,OSKY TEAM,613,f,Finisher,TRUE,615,91,16,35:42:42,128562.01,3625.1,200,26,2026-08-28T17:48:12.000Z
357,Baptiste GALANT,H,31,20-34M,FR,Taillefer Trail Team,790,a,DNF,FALSE,1921,1596,313,18:04:48,59690.88,9610.310000000001,40,15,2026-08-28T17:48:12.000Z
358,Pollee BROOKINGS,F,39,35-39W,US,NA,613,f,Finisher,TRUE,424,72,24,32:25:10,116710.25,7250.24,200,26,2026-08-28T17:48:12.000Z
359,Benoit RIBEIRO,H,38,35-39M,FR,Le gars en rouge,791,f,Finisher,TRUE,69,61,24,23:53:33,86013.78,2677.04,200,26,2026-08-28T17:48:12.000Z
360,Aleksandra VOROBEVA,F,36,35-39W,DE,Trailrunning Débauche,612,f,Finisher,TRUE,294,50,21,29:32:13,106333.75,2332.89,200,26,2026-08-28T17:48:12.000Z
361,Maxime BISSON,H,34,20-34M,FR,Fuga Montain Club,790,f,Finisher,TRUE,73,64,28,24:04:25,86665.01,2253.2599999999998,200,26,2026-08-28T17:48:12.000Z
362,Camille SERE,F,37,35-39W,FR,NA,610,a,DNF,FALSE,1748,281,72,23:07:29,80514.47,7749.58,52,19,2026-08-28T17:48:12.000Z
363,Hajime MAMBA,H,34,20-34M,JP,HOKA / PAAGOWORKS,789,a,DNF,FALSE,1783,1495,292,20:06:47,72407.46,2082.95,51,18,2026-08-28T17:48:12.000Z
364,Li WANG,F,53,50-54W,CN,NA,610,f,Finisher,TRUE,911,134,10,38:44:11,139451.12,7041.9400000000005,200,26,2026-08-28T17:48:12.000Z
365,Francesco Claudio GALLO,H,31,20-34M,IT,NA,788,f,Finisher,TRUE,87,75,34,24:32:04,88324.26,1459.35,200,26,2026-08-28T17:48:12.000Z
366,Tiphaine GERMAIN,F,43,40-44W,FR,Möpe,609,a,DNF,FALSE,1726,276,50,29:57:06,106220.35,6261.33,58,21,2026-08-28T17:48:12.000Z
367,Jesus ALVAREZ MORALES,H,47,45-49M,ES,Centre Muntanyec de Sant Llorenç,788,f,Finisher,TRUE,132,114,9,25:54:51,93291.01,4066.06,200,26,2026-08-28T17:48:12.000Z
368,Elodie GAILLARD,F,38,35-39W,FR,Annecy Athlétisme,608,np,Other,FALSE,NA,NA,NA,00:00:00,0,NA,NA,0,2026-08-28T17:48:12.000Z
369,Victor LAROCQUE,H,36,35-39M,CA,NA,804,a,DNF,FALSE,2213,1837,330,09:12:41,31374.74,2481.46,22,8,2026-08-28T17:48:12.000Z
370,Olivia PERROLLAZ,F,37,35-39W,FR,NA,608,a,DNF,FALSE,2068,348,89,17:23:14,62594.88,7220.22,30,11,2026-08-28T17:48:12.000Z
371,Hyacinthe SALMON,H,26,20-34M,FR,NA,787,f,Finisher,TRUE,67,59,26,23:50:40,85840.03,4767.660000000001,200,26,2026-08-28T17:48:12.000Z
372,Sunyeon LEE,F,56,55-59W,KR,KOREA,607,f,Finisher,TRUE,736,109,2,37:06:36,133596.64,13374.369999999999,200,26,2026-08-28T17:48:12.000Z
373,Arnaud DELÉPINE,H,45,45-49M,FR,NA,786,f,Finisher,TRUE,45,42,2,22:48:16,82096.81,2378.5599999999995,200,26,2026-08-28T17:48:12.000Z
374,Justine ROUVEYROL,F,38,35-39W,FR,AC TASSIN,605,f,Finisher,TRUE,279,49,20,29:21:24,105684.31,2646.89,200,26,2026-08-28T17:48:12.000Z
375,Nicolas FIRMIN,H,38,35-39M,FR,NA,786,a,DNF,FALSE,1711,1438,271,19:24:13,69480.52,1679.79,58,21,2026-08-28T17:48:12.000Z
376,Axelle NARDOUX,F,39,35-39W,FR,WISE,605,a,DNF,FALSE,2338,400,101,04:14:23,14799.97,464.01,10,3,2026-08-28T17:48:12.000Z
377,Corey KALLEMBACH,H,38,35-39M,US,NA,785,f,Finisher,TRUE,119,104,35,25:36:53,92213.87,1714.46,200,26,2026-08-28T17:48:12.000Z
378,Marie PINNELL,F,31,20-34W,US,Trailway / Core Nutrition,603,f,Finisher,TRUE,852,127,38,38:17:17,137837.12,12349.42,200,26,2026-08-28T17:48:12.000Z
379,Clement JAMBOU,H,35,35-39M,FR,NA,785,a,DNF,FALSE,1739,1461,276,16:27:33,59253.35,1367.7800000000002,52,19,2026-08-28T17:48:12.000Z
380,Nisachon MORGAN,F,45,45-49W,TH,XREAL TROOP,603,f,Finisher,TRUE,556,85,9,34:45:51,125151.63,8041.15,200,25,2026-08-28T17:48:12.000Z
381,Brieuc LAMY,H,27,20-34M,FR,Adidas / Alltricks / Team Provence Endurance,785,f,Finisher,TRUE,62,56,24,23:43:01,85381.25,1605.8,200,26,2026-08-28T17:48:12.000Z
382,Justine HULL,F,29,20-34W,CA,NA,601,f,Finisher,TRUE,354,62,24,30:52:39,111159.5,3825.4,200,26,2026-08-28T17:48:12.000Z
383,François GUYON,H,37,35-39M,FR,EPA,785,f,Finisher,TRUE,34,31,10,22:25:01,80701.74,1130.1399999999999,200,26,2026-08-28T17:48:12.000Z
384,Linda LINDBERG,F,52,50-54W,SE,Team Nordic Trail,601,f,Finisher,TRUE,962,142,12,39:08:32,140912.92,8242.91,200,26,2026-08-28T17:48:12.000Z
385,Raphaël DEVANTAY,H,40,40-44M,CH,NA,785,f,Finisher,TRUE,65,58,8,23:47:09,85629.21,2363.1200000000003,200,26,2026-08-28T17:48:12.000Z
386,Amédine MONTANVERT,F,36,35-39W,FR,Taillefer Trail Team,600,f,Finisher,TRUE,634,95,33,35:55:50,129350.57,11026.500000000002,200,26,2026-08-28T17:48:12.000Z
388,Daniele CALANDRI,H,43,40-44M,IT,Asd InRun,781,a,DNF,FALSE,2063,1718,383,11:28:44,41324.04,1722.79,30,12,2026-08-28T17:48:12.000Z
389,Renaud DOBY,H,42,40-44M,FR,Pyrénées personal training,784,f,Finisher,TRUE,68,60,9,23:52:05,85925.92,2085.2,200,26,2026-08-28T17:48:12.000Z
390,Matthew DUNN,H,39,35-39M,AU,aprc,784,f,Finisher,TRUE,40,37,13,22:39:26,81566.18,1585.51,200,26,2026-08-28T17:48:12.000Z
391,Cam KERR,H,31,20-34M,NZ,NA,783,np,Other,FALSE,NA,NA,NA,00:00:00,0,NA,NA,0,2026-08-28T17:48:12.000Z
392,Kensuke YOSHIMURA,H,42,40-44M,JP,Team 100 mile,783,f,Finisher,TRUE,140,121,22,26:10:43,94243.88,2438.92,200,26,2026-08-28T17:48:12.000Z
393,Akihiro MAEDA,H,36,35-39M,JP,INNER FACT,783,f,Finisher,TRUE,227,188,58,28:15:55,101755.94,2821.6800000000003,200,26,2026-08-28T17:48:12.000Z
394,Moises JIMENEZ,H,36,35-39M,VE,Vert.run - The North Face,783,a,DNF,FALSE,1740,1462,277,17:16:51,61656.62,2624.16,52,19,2026-08-28T17:48:12.000Z
395,Arnaud COLLOUD,H,37,35-39M,FR,Mammut - Chablais Mountain Runners,782,f,Finisher,TRUE,52,48,20,23:06:42,83202.38,2654.3,200,26,2026-08-28T17:48:12.000Z
396,Alexander LUKIN,H,35,35-39M,AN,Rabochaya Balajná,782,a,DNF,FALSE,2331,1937,343,03:37:29,12215.43,834.49,10,3,2026-08-28T17:48:12.000Z
397,Jose David LUTZARDO BARROSO,H,43,40-44M,ES,Tenerife Outdoor,782,f,Finisher,TRUE,61,55,7,23:41:55,85315.88,2893.8,200,26,2026-08-28T17:48:12.000Z
398,Charly GUERIN,H,36,35-39M,FR,TEAM ASAO,780,f,Finisher,TRUE,95,83,30,24:40:27,88827.2,3124.02,200,26,2026-08-28T17:48:12.000Z
399,Sébastien CAPUS,H,37,35-39M,FR,JDK Racing Team,781,f,Finisher,TRUE,49,46,18,23:04:14,83054.43,1691.63,200,26,2026-08-28T17:48:12.000Z
400,Thomas BARTOLUCCI,H,34,20-34M,FR,Team Hunter Running Sport 2000 / Kookabarra,781,f,Finisher,TRUE,137,118,48,26:01:00,93660.99,4975.200000000001,200,26,2026-08-28T17:48:12.000Z
401,Benjamin MULLER,H,35,35-39M,CH,LC Frauenfeld / Megajoule,779,f,Finisher,TRUE,134,115,39,25:55:36,93336.34,1657.16,200,26,2026-08-28T17:48:12.000Z
402,Dorian LOUVET,H,37,35-39M,FR,Asics,784,f,Finisher,TRUE,101,89,31,24:48:02,89282.33,3349.42,200,26,2026-08-28T17:48:12.000Z
501,Salomon WETTSTEIN,H,44,40-44M,CH,Uglow,779,a,DNF,FALSE,2189,1821,401,10:25:19,36634,1441.56,26,10,2026-08-28T17:48:45.000Z
502,Simon JONET,H,26,20-34M,FR,NA,779,f,Finisher,TRUE,179,148,55,26:59:06,97145.52,4138.47,200,26,2026-08-28T17:49:05.530Z
503,Ronan MCNALLY,H,44,40-44M,IE,NA,778,f,Finisher,TRUE,141,122,23,26:14:24,94463.35,3557.5799999999995,200,26,2026-08-28T17:49:19.880Z
505,Hieu NGUYEN SI,H,40,40-44M,VN,HOKA Vietnam,777,a,DNF,FALSE,1742,1463,339,19:36:16,67232.42,6631.049999999999,52,19,2026-08-28T17:50:02.300Z
506,Nicolas PINSARD,H,32,20-34M,FR,NA,777,f,Finisher,TRUE,64,57,25,23:46:28,85587.48,1816.06,200,26,2026-08-28T17:48:54.690Z
507,David WÖHRER,H,36,35-39M,AT,LC Oberpinzgau,779,a,DNF,FALSE,1713,1439,272,20:16:12,72971.78,1288.37,58,21,2026-08-28T17:48:54.450Z
508,Samuel DUBOIS,H,35,35-39M,BE,Team 12.30 - Respire Sports,775,a,DNF,FALSE,2261,1874,336,07:21:04,26463.47,NA,16,6,2026-08-28T17:49:03.680Z
509,Vladimir SHATROV,H,48,45-49M,AU,RUNLAB,775,f,Finisher,TRUE,626,535,78,35:50:17,129017.61,12012.25,200,26,2026-08-28T17:48:56.350Z
510,Yue CUI,H,27,20-34M,CN,NA,775,a,DNF,FALSE,2216,1839,350,10:17:04,36074.95,1465.99,22,8,2026-08-28T17:49:02.360Z
511,Andrea VISINONI,H,26,20-34M,IT,INRUN,772,f,Finisher,TRUE,163,139,52,26:39:09,95949.36,3982.5499999999997,200,26,2026-08-28T17:50:00.100Z
512,Sebastian ENEROS RILLING,H,38,35-39M,CL,NA,774,f,Finisher,TRUE,92,80,29,24:33:45,88424.96,2099.17,200,26,2026-08-28T17:49:06.670Z
513,Patrick STANGBYE,H,36,35-39M,NO,Untold Movement/ Portal,774,f,Finisher,TRUE,238,196,59,28:28:04,102484.6,3203.21,200,26,2026-08-28T17:48:49.190Z
514,Fabien CARRON,H,43,40-44M,FR,TDR CRAPONNE / ACL,772,a,DNF,FALSE,1915,1592,364,16:36:48,58737.54,3089.83,40,15,2026-08-28T17:51:31.030Z
515,Daved SIMPAT,H,44,40-44M,MY,KAILAS FUGA,788,f,Finisher,TRUE,260,215,48,28:53:04,103984.08,3907.4900000000002,200,26,2026-08-28T17:49:11.090Z
516,Liam THIERENS,H,37,35-39M,NZ,NA,770,f,Finisher,TRUE,122,107,36,25:43:09,92588.8,3676.24,200,26,2026-08-28T17:49:24.320Z
517,Paul BAUDONNEL,H,30,20-34M,FR,CAHM/Duc Army,770,a,DNF,FALSE,1831,1526,301,19:44:06,70743.63,1961.81,48,17,2026-08-28T17:50:53.950Z
518,Alessio ZAMBON,H,34,20-34M,IT,Km Sport,770,a,DNF,FALSE,2254,1869,354,09:00:49,32313.72,1363.83,18,7,2026-08-28T17:49:39.280Z
519,Markus MEINKE,H,50,50-54M,DE,Falke Sport,769,a,DNF,FALSE,2218,1840,229,10:30:54,37854.67,1828.45,22,8,2026-08-28T17:48:53.100Z
520,Satoshi SUGIMOTO,H,41,40-44M,JP,Alp ski team/noskohzo,769,f,Finisher,TRUE,184,153,34,27:09:28,97767.29,2693.7299999999996,200,26,2026-08-28T17:49:07.880Z
521,Rémi THIVOLLE,H,32,20-34M,FR,NA,768,f,Finisher,TRUE,121,106,45,25:41:18,92478.39,3081.0499999999997,200,26,2026-08-28T17:48:54.210Z
522,Christophe GRIFGNEE,H,38,35-39M,BE,12.30/RespireSports,768,f,Finisher,TRUE,157,134,44,26:31:22,95482.01,1895.6999999999998,200,26,2026-08-28T17:49:02.360Z
523,Akito NAGAO,H,38,35-39M,JP,TEAM VIBRAM,768,a,DNF,FALSE,1782,1494,284,19:47:43,71262.52,1343.41,51,18,2026-08-28T17:49:01.610Z
524,Tom PAYTON,H,31,20-34M,AU,NA,767,f,Finisher,TRUE,370,306,104,31:16:36,112596.04,6783.42,200,26,2026-08-28T17:49:19.640Z
525,Iban AGIRREZABALA ITURRALDE,H,40,40-44M,ES,Soronea-Ammma CMO Valves K.K,766,a,DNF,FALSE,1908,1587,363,12:58:25,46704.36,1279.42,40,15,2026-08-28T17:48:53.950Z
526,Sylvain LEJEUNE,H,39,35-39M,BE,oufteam,766,f,Finisher,TRUE,200,165,50,27:28:14,98894.3,5449.03,200,26,2026-08-28T17:48:53.350Z
527,Christopher SOBIE,H,39,35-39M,US,NA,763,f,Finisher,TRUE,315,263,73,29:52:32,107551.88,5071.9,200,26,2026-08-28T17:48:58.820Z
528,Jisu KIM,H,49,45-49M,KR,Kolonsport,764,f,Finisher,TRUE,301,251,28,29:39:05,106744.61,2712,200,26,2026-08-28T17:51:27.670Z
529,Erzen ZYBERAJ,H,39,35-39M,AL,FJÖRK MERINO,763,a,DNF,FALSE,2266,1879,338,09:01:53,32503.93,NA,16,6,2026-08-28T17:49:13.400Z
530,Arnau CLARELLA PEIRO,H,35,35-39M,ES,roots performance,763,a,DNF,FALSE,2061,1717,312,10:43:21,38600.93,1410.7,30,12,2026-08-28T17:48:52.380Z
531,Simon DUGUÉ,H,34,20-34M,FR,NA,762,np,Other,FALSE,NA,NA,NA,00:00:00,0,NA,NA,0,2026-08-28T17:48:12.000Z
532,Chris MCAULIFFE,H,40,40-44M,AU,Victorian Ultra Runners,761,f,Finisher,TRUE,76,66,11,24:09:31,86971.1,3122.96,200,26,2026-08-28T17:49:18.250Z
533,Song LI,H,36,35-39M,CN,Team VIBRAM,761,f,Finisher,TRUE,70,62,25,23:59:58,86398.43,2085.77,200,26,2026-08-28T17:50:07.410Z
534,Dardo Emmanuel OCAMPO,H,38,35-39M,AR,TEAM ALTRA,762,a,DNF,FALSE,1743,1464,278,20:51:41,72102.76,10430.939999999999,52,19,2026-08-28T17:49:08.830Z
535,Tangi TATON,H,34,20-34M,FR,NA,758,f,Finisher,TRUE,153,131,50,26:26:24,95183.35,5197.62,200,26,2026-08-28T17:49:51.790Z
536,Sam WOOD,H,30,20-34M,US,NA,758,f,Finisher,TRUE,360,296,102,30:58:35,111514.38,3757.1800000000003,200,26,2026-08-28T17:51:29.920Z
537,Tatsuya SAGUCHI,H,46,45-49M,JP,saguchi.k.s,757,f,Finisher,TRUE,204,168,18,27:33:58,99238.16,4497.84,200,26,2026-08-28T17:48:56.350Z
538,Jean SEGUELAS,H,30,20-34M,FR,NA,756,f,Finisher,TRUE,114,100,42,25:28:09,91689.36,3592.21,200,26,2026-08-28T17:49:23.600Z
539,Raphaël NIEDERHAUSER,H,34,20-34M,CH,NA,755,f,Finisher,TRUE,252,208,74,28:43:57,103436.72,5017.11,200,26,2026-08-28T17:50:08.880Z
540,Jorge MARAVILLA,H,49,45-49M,US,Annecy Athletisme,756,f,Finisher,TRUE,613,523,73,35:42:33,128553.57,10020.92,200,26,2026-08-28T17:48:54.210Z
541,Nhon DO TRONG,H,31,20-34M,VN,KILOMET RUNNING CLUB,751,f,Finisher,TRUE,211,175,62,27:49:45,100185.68,4335.12,200,26,2026-08-28T17:49:47.190Z
542,Daniel HALL,H,37,35-39M,AU,NA,754,f,Finisher,TRUE,244,201,62,28:36:09,102968.99,4572.73,200,26,2026-08-28T17:49:34.630Z
543,Joe WARNE,H,39,35-39M,IE,Doheny AC,754,a,DNF,FALSE,1753,1472,279,24:37:32,78672.52,14158.310000000001,52,19,2026-08-28T17:49:02.370Z
544,Clement TRUFFAULT,H,37,35-39M,FR,ASICS/CMBM/EMHM,754,f,Finisher,TRUE,41,38,14,22:44:42,81881.81,1301.6599999999999,200,26,2026-08-28T17:48:33.540Z
545,Shaun BURKE,H,39,35-39M,US,NA,753,f,Finisher,TRUE,220,184,56,28:10:47,101446.2,3388.38,200,26,2026-08-28T17:52:13.880Z
546,Arnaud REY,H,29,20-34M,CH,Cristal Sport,748,a,DNF,FALSE,1826,1523,299,18:51:09,67868.99,1066.09,48,17,2026-08-28T17:50:48.600Z
547,Luc GENTIAL,H,47,45-49M,FR,NA,751,f,Finisher,TRUE,478,402,50,33:25:32,120331.39,5942.05,200,26,2026-08-28T17:48:51.690Z
548,Adrian DE LA NOUGEREDE,H,41,40-44M,GB,NA,751,f,Finisher,TRUE,102,90,17,24:48:35,89315.04,1558.4099999999999,200,26,2026-08-28T17:51:01.650Z
549,Yoann MORISSE,H,43,40-44M,FR,ASSOCIATION LISA FOREVER,751,a,DNF,FALSE,1892,1578,362,16:00:06,57605.64,1236.72,44,16,2026-08-28T17:48:57.360Z
550,Alexandre URBINA RUBIO,H,37,35-39M,ES,UECANOIA ,749,f,Finisher,TRUE,172,145,47,26:48:26,96505.86,3109.8599999999997,200,26,2026-08-28T17:49:22.870Z
551,Ulysse HOFFMANN,H,42,40-44M,FR,RUNNING CONSEIL AUBAGNE / LE LIEVRE ET LA TORTUE,750,f,Finisher,TRUE,91,79,13,24:32:52,88371.83,3162,200,26,2026-08-28T17:48:52.530Z
552,Yohan BUGNION,H,35,35-39M,CH,NA,749,f,Finisher,TRUE,50,47,19,23:04:40,83079.4,1499.77,200,26,2026-08-28T17:51:29.920Z
553,Florent WALBRECQ,H,37,35-39M,BE,EFFIBAT SA,749,a,DNF,FALSE,1911,1589,297,15:12:27,52380.19,3881.4400000000005,40,15,2026-08-28T17:48:53.790Z
554,Jeremy CHARPIGNY,H,34,20-34M,FR,Appeldescimes,748,f,Finisher,TRUE,230,190,66,28:19:32,101971.13,5322.93,200,26,2026-08-28T17:48:57.920Z
555,Nicolas SCHRAPP,H,49,45-49M,FR,Pérols Footing,747,f,Finisher,TRUE,96,84,3,24:42:48,88967.62,2765.84,200,26,2026-08-28T17:48:55.630Z
556,Grant FLAGLER,H,33,20-34M,CA,Salomon Running,746,a,DNF,FALSE,1733,1456,286,19:06:02,68761.64,2012.8100000000002,56,20,2026-08-28T17:49:02.360Z
557,Guillaume LENON,H,33,20-34M,FR,NA,743,f,Finisher,TRUE,379,315,109,31:25:08,113107.22,6306.65,200,26,2026-08-28T17:48:53.810Z
558,Matija MEŠTRIĆ,H,29,20-34M,HR,BK Maraton Novi Marof,744,f,Finisher,TRUE,82,70,30,24:19:14,87554.46,2579.09,200,26,2026-08-28T17:50:03.520Z
559,Javier DOMINGUEZ LEDO,H,52,50-54M,ES,TEAM VIBRAM,744,np,Other,FALSE,NA,NA,NA,00:00:00,0,NA,NA,0,2026-08-28T17:48:12.000Z
560,Emmanuel SALINAS,H,38,35-39M,CL,The North Face Chile,744,a,DNF,FALSE,1784,1496,285,20:32:53,73972.31,6035.130000000001,51,18,2026-08-28T17:48:58.820Z
561,Simone TUCCI,H,49,45-49M,IT,Disagiati On The Road+/Run4People,744,f,Finisher,TRUE,263,217,23,28:55:28,104128.31,5752.890000000001,200,26,2026-08-28T17:50:31.140Z
562,Antoine BIARD,H,33,20-34M,FR,Apy training,741,f,Finisher,TRUE,128,112,46,25:49:30,92969.42,3256.3599999999997,200,26,2026-08-28T17:48:51.930Z
563,Édouard SIMON,H,31,20-34M,US,NA,743,f,Finisher,TRUE,116,102,43,25:33:52,92032.01,3273.9799999999996,200,26,2026-08-28T17:48:57.310Z
564,Yannick BERNARD,H,39,35-39M,CA,NA,742,f,Finisher,TRUE,262,216,64,28:55:11,104111.23,5492.240000000001,200,26,2026-08-28T17:50:02.610Z
565,Jean-Baptiste DESBREST,H,31,20-34M,FR,CTT,742,f,Finisher,TRUE,256,212,75,28:49:15,103754.33,7041.4,200,26,2026-08-28T17:52:23.720Z
566,Wesly VANDEWEGHE,H,40,40-44M,BE,NA,741,a,DNF,FALSE,2121,1767,394,13:23:46,48226.01,234.35,28,11,2026-08-28T17:49:11.420Z
567,Luke NICHOLS,H,38,35-39M,AU,NA,741,f,Finisher,TRUE,36,33,11,22:27:59,80879.44,2669.84,200,26,2026-08-28T17:49:00.420Z
568,Antoine MONNOT,H,28,20-34M,FR,ConsciousContinuity,741,f,Finisher,TRUE,251,207,73,28:42:20,103339.79,4967.14,200,26,2026-08-28T17:49:06.340Z
569,Louis DESPRES,H,29,20-34M,FR,Mamie Jo running club,742,f,Finisher,TRUE,100,88,39,24:46:39,89198.63,1926.4,200,26,2026-08-28T17:49:00.460Z
570,Valentin BRICQUET,H,32,20-34M,FR,A Suarellaise,769,f,Finisher,TRUE,78,68,29,24:16:31,87390.76,2633.15,200,26,2026-08-28T17:48:59.550Z
571,Arthur MORONVAL,H,30,20-34M,FR,TOR,738,f,Finisher,TRUE,666,566,166,36:19:10,130749.24,10219.61,200,26,2026-08-28T17:48:57.770Z
572,Grant BRISBIN,H,44,40-44M,AU,,739,f,Finisher,TRUE,149,129,26,26:21:22,94882.09,1944.87,200,25,2026-08-28T17:51:57.540Z
573,Adrien PATRAS,H,36,35-39M,FR,KS Endurance Training,740,f,Finisher,TRUE,365,301,87,31:10:50,112250.15,9369.18,200,26,2026-08-28T17:49:13.690Z
574,David PEREZ,H,45,45-49M,FR, Duc Army,738,np,Other,FALSE,NA,NA,NA,00:00:00,0,NA,NA,0,2026-08-28T17:48:12.000Z
575,Koki SEITA,H,40,40-44M,JP,SC-TanzawaHadano,736,f,Finisher,TRUE,296,246,54,29:33:24,106403.4,3524.6800000000003,200,26,2026-08-28T17:51:28.930Z
576,Antoine BOUCHET,H,46,45-49M,FR,Rolex Sport - Tudor,736,a,DNF,FALSE,1834,1528,289,20:03:18,66784.91,7061.42,48,17,2026-08-28T17:48:53.950Z
577,Joseph ROLDAN,H,36,35-39M,US,San Francisco Running Company,732,a,DNF,FALSE,2120,1766,323,12:51:25,46284.75,6453.68,28,11,2026-08-28T17:49:16.600Z
578,Stephen ASTIER,H,38,35-39M,FR,TRAIL CLUB OLLIOULES,735,f,Finisher,TRUE,87,75,28,24:32:04,88324.16,2239.7,200,26,2026-08-28T17:49:08.600Z
579,Daniel AUGUSTO SANTOS,H,37,35-39M,PT,NA,734,a,DNF,FALSE,1922,1597,299,18:40:39,67238.19,5327.54,40,15,2026-08-28T17:49:18.960Z
580,Luigi PECORA,H,43,40-44M,IT,Fuga Mountain Club,734,f,Finisher,TRUE,283,234,50,29:23:12,105791.77,4227.03,200,26,2026-08-28T17:48:55.880Z
581,Yu-Hsiang HUANG,H,29,20-34M,TW,NA,733,f,Finisher,TRUE,274,227,81,29:15:40,105339.75,3079.98,200,26,2026-08-28T17:49:41.890Z
582,Luis Miguel SANTOS,H,43,40-44M,PT,Amigos Atletismo Mafra,733,f,Finisher,TRUE,1016,869,212,39:45:09,143108.97,5139.88,200,26,2026-08-28T17:51:13.060Z
583,Mathieu SANGUINETTI,H,39,35-39M,FR,Xrun,732,f,Finisher,TRUE,386,322,93,31:33:06,113585.78,9377.48,200,26,2026-08-28T17:49:42.440Z
584,Peter HRISTOV,H,37,35-39M,BG,ASICS Frontrunner,730,f,Finisher,TRUE,146,126,42,26:20:23,94823.36,4047.73,200,26,2026-08-28T17:52:19.420Z
585,Cédric GOLEA,H,46,45-49M,FR,NORDA,731,f,Finisher,TRUE,167,142,15,26:43:50,96229.39,3673.02,200,26,2026-08-28T17:48:55.950Z
586,Tuomas TERVO,H,43,40-44M,FI,Sajaniemen Sonnit,696,f,Finisher,TRUE,183,152,33,27:06:48,97608.23,2619.33,200,26,2026-08-28T17:51:25.360Z
587,Patrice FRISON-ROCHE,H,42,40-44M,FR,NA,745,a,DNF,FALSE,2336,1938,417,03:54:47,13453.9,633.24,10,3,2026-08-28T17:50:32.460Z
588,Jaime BLACK,H,34,20-34M,AU,NA,729,f,Finisher,TRUE,187,155,58,27:15:19,98118.84,2263.8900000000003,200,26,2026-08-28T17:49:15.270Z
589,Stefano CAMAGLIO,H,38,35-39M,IT,Team Marguareis,726,a,DNF,FALSE,1699,1427,267,24:11:43,87102.94,2464.7599999999998,62,23,2026-08-28T17:50:07.210Z
590,Rémi BOUTEILLE,H,30,20-34M,FR,SPAC,728,a,DNF,FALSE,1714,1440,281,22:04:15,78111.93,4063.88,58,21,2026-08-28T17:48:58.480Z
591,Yuya OKADA,H,50,50-54M,JP,Ssessionzz,728,f,Finisher,TRUE,300,250,8,29:38:36,106715.38,6221.84,200,26,2026-08-28T17:49:18.690Z
592,Mauro Martin QUIMARE,H,28,20-34M,MX,Rarámuri,727,f,Finisher,TRUE,645,547,160,36:04:49,129888.82,6798.910000000001,200,26,2026-08-28T17:51:42.590Z
593,Luciano PILATTI,H,37,35-39M,AR,Weis/coros/saucony,727,f,Finisher,TRUE,310,259,72,29:47:53,107273.38,4911.57,200,26,2026-08-28T17:50:09.350Z
594,Damien LEMASSON,H,33,20-34M,FR,NA,726,f,Finisher,TRUE,185,154,57,27:10:54,97854.11,4200.23,200,26,2026-08-28T17:49:50.430Z
595,Galen HECHT,H,31,20-34M,US,Alaska Endurance Project,725,a,DNF,FALSE,2108,1757,335,10:39:22,38361.99,298.18,28,11,2026-08-28T17:49:02.260Z
596,Thomas BRENNEVAL,H,31,20-34M,FR,Trailers du Môle,725,f,Finisher,TRUE,414,345,119,32:13:04,115983.78,5925.95,200,26,2026-08-28T17:49:12.820Z
597,Michal LESNIAK,H,38,35-39M,PL,Mude Team,725,f,Finisher,TRUE,118,103,34,25:35:13,92113.57,2884.17,200,26,2026-08-28T17:51:24.310Z
598,Clément FONTENAY,H,34,20-34M,FR,Physionline,723,f,Finisher,TRUE,277,229,83,29:19:38,105577.55,6106.69,200,26,2026-08-28T17:48:58.820Z
599,Robin THOMAS,H,25,20-34M,FR,NA,723,f,Finisher,TRUE,197,164,60,27:25:18,98717.83,1903.5700000000002,200,26,2026-08-28T17:49:12.990Z
601,Chris STEPHENS,H,41,40-44M,AU,NA,721,np,Other,FALSE,NA,NA,NA,00:00:00,0,NA,NA,0,2026-08-28T17:48:12.000Z
602,William WEIDMAN,H,43,40-44M,US,NA,718,f,Finisher,TRUE,213,177,42,27:52:11,100330.81,3426.1600000000003,200,26,2026-08-28T17:49:29.650Z
603,Alexandre BECKERS,H,32,20-34M,BE,NA,718,f,Finisher,TRUE,99,87,38,24:46:13,89172.36,1935.54,200,26,2026-08-28T17:49:06.960Z
604,Jerome TREIGNIER,H,40,40-44M,CA,NA,719,f,Finisher,TRUE,205,169,38,27:34:19,99258.99,3054.14,200,26,2026-08-28T17:49:10.400Z
605,Rhys LAWLER,H,43,40-44M,AU,NA,720,f,Finisher,TRUE,189,157,35,27:15:54,98153.79,3307,200,26,2026-08-28T17:48:51.660Z
606,Pierre JORDAAN,H,37,35-39M,ZA,Suunto,720,f,Finisher,TRUE,287,238,70,29:25:47,105946.8,5517.87,200,26,2026-08-28T17:49:47.200Z
607,Sven VAN OTTEN,H,46,45-49M,BE,RTT,722,f,Finisher,TRUE,162,138,13,26:35:59,95758.91,3962.35,200,26,2026-08-28T17:49:23.600Z
608,Felix NICOLE,H,27,20-34M,FR,NA,719,f,Finisher,TRUE,325,269,96,30:07:00,108420.53,3475.01,200,26,2026-08-28T17:49:06.340Z
609,Clément MICHY,H,34,20-34M,FR,OFFTRACE,720,f,Finisher,TRUE,181,150,56,27:00:30,97230.03,3629.16,200,26,2026-08-28T17:49:14.600Z
610,Quentin FECHTER,H,40,40-44M,FR,Craft Team France,719,f,Finisher,TRUE,343,282,58,30:36:42,110201.9,6289.04,200,26,2026-08-28T17:49:28.500Z
611,Tamás BELUS,H,46,45-49M,HU,Rudy Project Hungary / Hoka Runners Hungary,719,f,Finisher,TRUE,496,420,56,33:46:02,121561.85,8709.789999999999,200,26,2026-08-28T17:49:59.400Z
612,Pete VALE,H,54,50-54M,GB,Mercia Fell Runners,718,f,Finisher,TRUE,264,218,7,28:56:40,104200.07,4392.66,200,26,2026-08-28T17:49:05.620Z
613,Benjamin DESSENT,H,31,20-34M,MU,NA,717,np,Other,FALSE,NA,NA,NA,00:00:00,0,NA,NA,0,2026-08-28T17:48:12.000Z
614,Martial POTTIER,H,37,35-39M,FR,Cop'Ain de Trail,715,f,Finisher,TRUE,147,127,43,26:20:47,94847.76,3012.81,200,26,2026-08-28T17:50:17.210Z
615,Matthieu BRUNET,H,37,35-39M,FR,TEAM OD RUN / WISE /LA HORDE /TTN,715,a,DNF,FALSE,1829,1525,291,19:19:42,65684.64,6204.5599999999995,48,17,2026-08-28T17:49:22.170Z
616,Alexandre PROTIN,H,36,35-39M,FR,NA,755,f,Finisher,TRUE,125,109,37,25:45:38,92738.66,6258.21,200,26,2026-08-28T17:49:37.020Z
617,Kamil DĄBROWSKI,H,38,35-39M,PL,Marcin Świerc TEAM / La Sportiva Polska,713,f,Finisher,TRUE,126,110,38,25:48:26,92906.91,1995.11,200,26,2026-08-28T17:50:49.070Z
619,Julien GONTHIER,H,43,40-44M,FR,NA,710,np,Other,FALSE,NA,NA,NA,00:00:00,0,NA,NA,0,2026-08-28T17:48:12.000Z
620,Rafael BERTOMEU CARRASCOSA,H,37,35-39M,ES,GREEN POWER SPORTS TEAM,711,f,Finisher,TRUE,685,584,136,36:37:36,131855.18,12775.220000000001,200,26,2026-08-28T17:50:22.840Z
621,David MISUREC,H,45,45-49M,CZ,Luciferlights,711,f,Finisher,TRUE,791,675,107,37:41:01,135660.98,15385.420000000002,200,26,2026-08-28T17:51:20.970Z
622,Raphaël SCHIESTEL,H,30,20-34M,FR,SR Obernai,710,f,Finisher,TRUE,226,187,65,28:15:08,101708,3125.6000000000004,200,26,2026-08-28T17:50:23.510Z
623,Norihito GOTO,H,48,45-49M,JP,the kijitoras,696,f,Finisher,TRUE,368,304,38,31:13:40,112419.99,4703.63,200,26,2026-08-28T17:49:01.400Z
624,Antoine PORTETELLE,H,35,35-39M,BE,Trakks,705,f,Finisher,TRUE,282,233,68,29:23:00,105780.47,2977,200,26,2026-08-28T17:49:34.040Z
625,Guillaume SCHAEFFER,H,46,45-49M,FR,AMADEUS,709,f,Finisher,TRUE,394,327,40,31:45:21,114321.44,9278.47,200,26,2026-08-28T17:51:39.410Z
626,Llyr Bryn WILLIAMS,H,32,20-34M,GB,NA,709,f,Finisher,TRUE,422,352,122,32:24:11,116651.23,7376.5199999999995,200,26,2026-08-28T17:50:35.530Z
627,Wing Yam MAN,H,40,40-44M,HK,Team Columbia,709,f,Finisher,TRUE,415,346,73,32:13:07,115986.66,9134.56,200,26,2026-08-28T17:50:51.920Z
628,Aurélien LECUISINIER,H,32,20-34M,FR,NA,709,a,DNF,FALSE,1822,1519,297,18:17:11,63957.79,5444.629999999999,48,17,2026-08-28T17:49:27.120Z
629,Jean BURNET,H,46,45-49M,FR,Myneral,720,f,Finisher,TRUE,152,130,11,26:25:37,95136.52,2488.07,200,26,2026-08-28T17:49:00.670Z
630,Mike STAINTHORPE,H,49,45-49M,GB,NA,707,f,Finisher,TRUE,329,271,32,30:12:26,108746.38,5440.94,200,26,2026-08-28T17:50:00.170Z
631,Wouter WAGENAAR,H,41,40-44M,NL,NA,704,f,Finisher,TRUE,139,120,21,26:07:14,94033.64,3245.3199999999997,200,26,2026-08-28T17:48:58.810Z
633,Thomas GAUDINAUD,H,36,35-39M,FR,NA,704,f,Finisher,TRUE,158,135,45,26:31:36,95496.04,3380.21,200,26,2026-08-28T17:49:04.590Z
634,Alessandro ROSTAGNO,H,48,45-49M,IT,ASD Baudenasca / Team Arduua,702,f,Finisher,TRUE,191,158,16,27:17:57,98276.57,3470.62,200,26,2026-08-28T17:49:05.820Z
635,Baptiste VANGREVELYNGHE,H,29,20-34M,FR,NA,703,f,Finisher,TRUE,373,309,106,31:19:21,112761.02,9443.67,200,26,2026-08-28T17:51:54.230Z
636,Charles CAI,H,32,20-34M,US,NA,702,f,Finisher,TRUE,104,92,40,24:55:58,89757.64,1910.13,200,26,2026-08-28T17:49:03.470Z
637,Florian ROIRON,H,31,20-34M,FR,NA,702,f,Finisher,TRUE,165,140,53,26:42:43,96162.84,2854.7700000000004,200,26,2026-08-28T17:49:02.780Z
638,Boris JORDAN,H,43,40-44M,FR,CAEN ATHLETIC CLUB,700,f,Finisher,TRUE,206,170,39,27:39:20,99560.54,3893.3,200,26,2026-08-28T17:48:59.110Z
639,Michael KOLLY,H,34,20-34M,CH,NA,712,f,Finisher,TRUE,458,383,129,33:04:02,119041.83,5126.57,200,26,2026-08-28T17:50:18.900Z
640,Aubin LE ROUX,H,28,20-34M,FR,VMA,702,f,Finisher,TRUE,159,136,51,26:32:00,95519.09,3077.1899999999996,200,26,2026-08-28T17:48:51.920Z
641,Kazushi SAKURADA,H,50,50-54M,JP,no,701,f,Finisher,TRUE,449,374,17,32:50:07,118206.53,5313.6,200,26,2026-08-28T17:49:17.510Z
642,Reyes Giltro SATEBO SARABEACHI,H,43,40-44M,MX,NA,701,f,Finisher,TRUE,646,548,126,36:04:53,129893.62,5496.0599999999995,200,26,2026-08-28T17:51:38.270Z
643,Ruben RODRIGUES,H,26,20-34M,FR,27BCA,701,f,Finisher,TRUE,239,197,69,28:29:10,102549.91,3692.2000000000003,200,26,2026-08-28T17:49:53.900Z
644,Sébastien LESCUYER,H,28,20-34M,FR,NA,698,f,Finisher,TRUE,248,204,70,28:39:17,103156.64,4665.469999999999,200,26,2026-08-28T17:49:07.710Z
645,Yann MORIN,H,40,40-44M,FR,on sait jamais!,700,f,Finisher,TRUE,148,128,25,26:20:57,94856.71,2578.0399999999995,200,26,2026-08-28T17:50:20.570Z
646,Kevin MONCELLI,H,28,20-34M,FR,NA,700,f,Finisher,TRUE,579,492,150,35:16:39,126998.16,4341.5999999999995,200,25,2026-08-28T17:48:55.860Z
647,Arthur DESALEUX,H,34,20-34M,FR,Etoile Pujols Olympique,699,f,Finisher,TRUE,178,147,54,26:58:12,97091.78,3201.27,200,26,2026-08-28T17:48:52.370Z
648,Josep CASADO FERRUS,H,47,45-49M,ES,Fisioterapia Ferran- Picossa Trail,696,f,Finisher,TRUE,266,220,24,29:02:24,104544.61,3558.1900000000005,200,26,2026-08-28T17:49:15.100Z
649,Freek HENDRIKS,H,43,40-44M,NL,NA,699,f,Finisher,TRUE,219,183,43,28:08:08,101288.18,4315.99,200,26,2026-08-28T17:50:21.290Z
650,Nicolas VRAUNAT,H,41,40-44M,FR,copenor running,699,f,Finisher,TRUE,587,499,115,35:21:16,127275.82,12152.390000000001,200,25,2026-08-28T17:50:02.610Z
651,Benjamin LEITNER,H,36,35-39M,AT,NA,694,a,DNF,FALSE,1819,1518,290,17:10:33,61810.66,1684.06,48,17,2026-08-28T17:50:42.930Z
652,Yongkang ZHOU,H,35,35-39M,CN,NA,698,f,Finisher,TRUE,611,521,129,35:41:16,128475.47,11003.58,200,26,2026-08-28T17:51:35.790Z
653,Carlo PISANO,H,41,40-44M,IT,Olympia Villacidro ASD,696,f,Finisher,TRUE,160,137,28,26:33:00,95580.13,4553.42,200,26,2026-08-28T17:49:48.530Z
654,Damien MITAULT,H,33,20-34M,FR,NA,696,f,Finisher,TRUE,340,280,99,30:33:07,109986.25,7424.540000000001,200,26,2026-08-28T17:49:35.860Z
655,Simon BERLAND,H,35,35-39M,FR,NA,695,f,Finisher,TRUE,201,166,51,27:31:18,99078.43,6016.789999999999,200,26,2026-08-28T17:50:41.190Z
656,Benjamin DELATTRE,H,38,35-39M,FR,NA,695,f,Finisher,TRUE,217,181,54,28:07:19,101239.42,4392.55,200,26,2026-08-28T17:49:39.330Z
657,Andrew CLARKSON,H,35,35-39M,AU,NA,695,f,Finisher,TRUE,299,249,71,29:36:17,106576.97,6498.31,200,26,2026-08-28T17:49:22.170Z
658,Xiaoming YE,H,47,45-49M,CN,Paomaren,694,f,Finisher,TRUE,690,588,88,36:40:44,132044.78,16794.1,200,26,2026-08-28T17:49:42.080Z
659,Taofik HIDAYAT,H,35,35-39M,ID,MANGLAYANG ACADEMIA,699,f,Finisher,TRUE,999,853,183,39:35:13,142513.1,13300,200,25,2026-08-28T17:49:30.330Z
660,Henri VANSTRACEELE,H,27,20-34M,FR,NTP // COS VILLERS,693,f,Finisher,TRUE,372,308,105,31:19:20,112759.59,9128.32,200,26,2026-08-28T17:51:54.510Z
661,Tanguy EPALE,H,50,50-54M,FR,NA,689,f,Finisher,TRUE,432,360,14,32:35:49,117349.03,4874.32,200,26,2026-08-28T17:50:18.390Z
662,Romain ADAM,H,36,35-39M,FR,RunMotion Team,693,f,Finisher,TRUE,192,159,49,27:19:32,98371.5,4598.139999999999,200,26,2026-08-28T17:49:05.530Z
663,Edouard GODINEAU,H,46,45-49M,FR,Les Voisins Traileurs | Duc Army,692,f,Finisher,TRUE,107,95,5,25:02:40,90159.14,2986.27,200,26,2026-08-28T17:48:57.920Z
664,Nathan SIGAUD,H,29,20-34M,FR,NA,691,f,Finisher,TRUE,234,193,68,28:21:25,102084.52,3808.39,200,26,2026-08-28T17:49:06.720Z
665,Miguel VILAR MIJÓN,H,41,40-44M,ES,GROBA TRAIL TEAM,691,a,DNF,FALSE,1717,1443,335,25:49:06,90089.26,8536.73,58,21,2026-08-28T17:48:56.550Z
666,Mohammadalee BINLATEH,H,46,45-49M,TH,NA,692,f,Finisher,TRUE,1120,956,174,40:57:35,147454.75,6703.82,200,26,2026-08-28T17:50:46.460Z
667,Guillaume AUTHIER,H,40,40-44M,FR,perso,690,f,Finisher,TRUE,366,302,62,31:11:34,112293.34,5894.97,200,26,2026-08-28T17:50:51.880Z
668,Borja ARIAS,H,50,50-54M,ES,Corremontes,689,f,Finisher,TRUE,124,108,1,25:44:57,92697.31,2493.41,200,26,2026-08-28T17:49:10.610Z
669,Thorbjørn PATSCHEIDER,H,35,35-39M,DK,,689,f,Finisher,TRUE,435,363,100,32:39:45,117584.54,6320.38,200,26,2026-08-28T17:52:19.460Z
670,Jacopo FIASCHI,H,45,45-49M,IT,Il ponte scandicci ASD,689,f,Finisher,TRUE,288,239,25,29:25:55,105954.84,3714.21,200,26,2026-08-28T17:49:04.360Z
671,Matthieu HARDY,H,38,35-39M,FR,Morvan Oxygène,688,f,Finisher,TRUE,208,172,52,27:47:55,100075.02,2789.5699999999997,200,26,2026-08-28T17:49:41.380Z
672,Benoît THOMYRE,H,38,35-39M,FR,Treillières Run,688,f,Finisher,TRUE,170,143,46,26:45:55,96354.22,4344.83,200,26,2026-08-28T17:49:08.820Z
673,Lars GYSIN,H,25,20-34M,CH,NA,687,f,Finisher,TRUE,346,285,100,30:40:10,110409.4,7354.08,200,26,2026-08-28T17:49:02.600Z
674,Hunyoung CHOI,H,40,40-44M,KR,NA,686,f,Finisher,TRUE,193,160,36,27:20:30,98430.76,3670.3700000000003,200,26,2026-08-28T17:48:53.010Z
675,Mark BEZZINA,H,44,40-44M,MT,Ultra MALTA Trail,686,f,Finisher,TRUE,396,329,69,31:46:38,114398.57,7068.97,200,26,2026-08-28T17:49:22.360Z
676,Jeff MCKENNA,H,42,40-44M,GB,5am Running Club,686,f,Finisher,TRUE,867,738,178,38:24:15,138254.31,12677.98,200,26,2026-08-28T17:49:25.720Z
677,Jose TORRES TORRES,H,32,20-34M,ES,Sa Raval,686,a,DNF,FALSE,2096,1745,330,18:24:18,66258.15,2141.2599999999998,30,12,2026-08-28T17:52:02.320Z
678,Martin SAENZ,H,47,45-49M,EC,Explorer BET,685,f,Finisher,TRUE,113,99,7,25:21:57,91317.14,2332.73,200,26,2026-08-28T17:49:06.550Z
679,Dongkuk JANG,H,50,50-54M,KR,NA,685,f,Finisher,TRUE,461,386,19,33:07:41,119260.73,5607.09,200,26,2026-08-28T17:48:52.530Z
680,David PARKER,H,45,45-49M,GB,Acronyms,682,f,Finisher,TRUE,363,299,37,31:09:01,112141.51,3481.5,200,26,2026-08-28T17:49:25.260Z
681,Pepe RIGAU,H,45,45-49M,ES,Next Challenge,684,f,Finisher,TRUE,194,161,17,27:21:13,98472.5,4523.21,200,26,2026-08-28T17:48:58.810Z
682,Charles JACQUET,H,35,35-39M,FR,NA,684,f,Finisher,TRUE,717,611,140,36:54:07,132847.05,11871.59,200,26,2026-08-28T17:48:59.360Z
683,Jonathan TRIFIN,H,43,40-44M,BE,ATHOIS D'COURIR,684,f,Finisher,TRUE,322,267,56,30:02:13,108133.11,3975.47,200,26,2026-08-28T17:51:53.340Z
684,Georges-Adrien NAUDIN,H,32,20-34M,FR,RCB - GAL,707,f,Finisher,TRUE,120,105,44,25:41:13,92472.9,3100.51,200,26,2026-08-28T17:49:30.290Z
685,Nozomu NIWA,H,47,45-49M,JP,NA,684,a,DNF,FALSE,1752,1471,281,24:05:12,73514.15,14701.63,52,19,2026-08-28T17:49:53.160Z
686,Jeff VAN DER SANDE LACOSTE,H,39,35-39M,NZ,NA,681,f,Finisher,TRUE,221,185,57,28:11:40,101499.54,3710.08,200,26,2026-08-28T17:50:29.650Z
687,Manfred SUSTRATE,H,31,20-34M,DE,TSV Niederelsungen/ Berufsfeuerwehr Kassel,682,f,Finisher,TRUE,1129,964,230,41:06:28,147988.57,9008.289999999999,200,26,2026-08-28T17:52:05.050Z
688,Martin HUDAK,H,53,50-54M,SK,Enjoy it,682,f,Finisher,TRUE,481,405,21,33:31:11,120670.87,7040.299999999999,200,26,2026-08-28T17:49:17.710Z
689,Maximilien VANICATTE,H,40,40-44M,FR,TDR Lyon,682,f,Finisher,TRUE,182,151,32,27:03:02,97381.64,3216.0899999999997,200,26,2026-08-28T17:50:13.710Z
690,Marcin GWIŻDŻ,H,53,50-54M,PL,NA,682,f,Finisher,TRUE,352,291,13,30:49:13,110952.62,4110.740000000001,200,26,2026-08-28T17:50:32.940Z
691,Laurynas REMEIKA,H,41,40-44M,LT,love streams running,693,f,Finisher,TRUE,174,146,30,26:50:30,96629.42,2136.2300000000005,200,26,2026-08-28T17:49:08.600Z
692,Benjamin FIGUERAS,H,42,40-44M,FR,NA,681,f,Finisher,TRUE,295,245,53,29:32:26,106345.88,5358.09,200,26,2026-08-28T17:51:55.450Z
693,Julien CAZORLA,H,48,45-49M,FR,Serpentine,681,f,Finisher,TRUE,408,340,41,31:59:24,115163.88,4417.960000000001,200,26,2026-08-28T17:49:07.900Z
694,Loïc MASCRÉ,H,33,20-34M,BE,U-Trail Limal,681,f,Finisher,TRUE,526,448,142,34:21:49,123709.2,7243.380000000001,200,26,2026-08-28T17:51:19.470Z
695,Tom CARTWRIGHT,H,44,40-44M,GB,NA,681,f,Finisher,TRUE,207,171,40,27:47:30,100049.61,6777.0199999999995,200,26,2026-08-28T17:51:47.950Z
696,Nicolas DE SCHRYVER,H,44,40-44M,BE,NA,680,f,Finisher,TRUE,465,390,87,33:10:56,119456.09,8790.44,200,26,2026-08-28T17:50:03.110Z
697,Donatien COTINET,H,34,20-34M,FR,NA,680,f,Finisher,TRUE,286,237,87,29:25:29,105929.54,7101.2,200,26,2026-08-28T17:49:25.310Z
698,Hadrien DEVALLOIS,H,37,35-39M,FR,LonGo TraiL,680,f,Finisher,TRUE,338,279,78,30:28:49,109728.37,7266.339999999999,200,26,2026-08-28T17:49:16.770Z
699,Guillaume GRIMA,H,28,20-34M,FR,Cimalp,694,f,Finisher,TRUE,307,256,91,29:42:37,106957.44,4315.360000000001,200,26,2026-08-28T17:49:04.320Z
700,Nicolas HUARD,H,38,35-39M,FR,NA,680,f,Finisher,TRUE,759,649,148,37:19:33,134373.22,12032.499999999998,200,26,2026-08-28T17:49:30.730Z
701,Tom WOOLLEY,H,44,40-44M,GB,NA,680,f,Finisher,TRUE,145,125,24,26:20:11,94811.65,2025.8100000000002,200,26,2026-08-28T17:49:09.230Z
702,Jerome GOUAN,H,51,50-54M,FR,NA,679,f,Finisher,TRUE,216,180,3,28:05:43,101142.36,2149.2299999999996,200,26,2026-08-28T17:49:02.780Z
703,Basile DARBELLAY,H,48,45-49M,CH,Aucun,679,a,DNF,FALSE,2341,1940,360,04:26:45,13397.63,2606.89,10,3,2026-08-28T17:49:46.970Z
704,Matt THOMPSON,H,40,40-44M,AU,NA,678,a,DNF,FALSE,2191,1822,402,14:31:29,47395.12,9202.380000000001,26,10,2026-08-28T17:49:34.880Z
705,Nicolas ZALEJSKI,H,37,35-39M,FR,Macadam 07,679,f,Finisher,TRUE,364,300,86,31:09:37,112176.07,9491.78,200,26,2026-08-28T17:49:19.960Z
706,Nick LUDEN,H,44,40-44M,US,HPL Endurance,677,f,Finisher,TRUE,445,370,79,32:47:17,118037.05,9033.28,200,26,2026-08-28T17:50:49.560Z
707,Jared PENTECOST,H,33,20-34M,AU,Vipers RC,677,f,Finisher,TRUE,421,351,121,32:22:28,116547.62,10265.82,200,26,2026-08-28T17:49:18.690Z
708,Oscar MONJE,H,43,40-44M,ES,ASHI TEAM,677,f,Finisher,TRUE,253,209,46,28:45:36,103536.78,2613.79,200,26,2026-08-28T17:48:54.150Z
709,Jeremy DOUGLAS,H,44,40-44M,CA,NA,677,a,DNF,FALSE,2345,1943,419,04:50:40,17439.96,NA,10,3,2026-08-28T17:49:32.210Z
710,Jim VILLIERS,H,55,55-59M,AU,NA,675,a,DNF,FALSE,1749,1468,80,23:21:01,84060.51,8280.37,52,19,2026-08-28T17:48:52.560Z
711,Maxence CURDY,H,35,35-39M,FR,NA,676,f,Finisher,TRUE,254,210,63,28:46:38,103598.6,3564.8099999999995,200,26,2026-08-28T17:49:40.240Z
712,Lucas CHABANOL,H,26,20-34M,FR,So Trail Lyon,676,f,Finisher,TRUE,900,768,207,38:39:30,139170.55,24697.28,200,26,2026-08-28T17:49:49.230Z
713,Daniel ALMONACID VICTORIANO,H,46,45-49M,ES,Mount To Coast,673,f,Finisher,TRUE,686,585,87,36:37:37,131857.39,15320.14,200,26,2026-08-28T17:50:21.290Z
714,Julien TAPIERO,H,41,40-44M,FR,Salomon,674,a,DNF,FALSE,1842,1533,355,22:15:59,80158.3,6929.870000000001,48,17,2026-08-28T17:50:58.920Z
715,Alberto GARCIA GOMEZ,H,43,40-44M,ES,NA,674,a,DNF,FALSE,1835,1529,354,20:03:39,72218.4,3324.4,48,17,2026-08-28T17:50:15.720Z
716,Theo PEROSINO-GRAVALLON,H,29,20-34M,FR,NA,674,f,Finisher,TRUE,129,113,47,25:52:06,93126.53,1886.8000000000002,200,26,2026-08-28T17:50:03.090Z
717,Cyrille FANO,H,42,40-44M,FR,NA,686,a,DNF,FALSE,1716,1442,334,23:53:35,85945.49,1899.0799999999997,58,21,2026-08-28T17:49:24.320Z
718,Sean CANNING,H,36,35-39M,IE,NA,673,f,Finisher,TRUE,240,198,60,28:30:08,102608.32,3158.6099999999997,200,26,2026-08-28T17:49:16.000Z
719,Ryan MAIZE,H,32,20-34M,US,Wednesday Night Run Club,673,f,Finisher,TRUE,433,361,126,32:36:27,117387.13,5607.92,200,26,2026-08-28T17:50:50.720Z
720,Philippe CAMPOLINI,H,43,40-44M,BE,None,673,f,Finisher,TRUE,1289,1099,263,42:45:20,153920.71,19549.63,200,26,2026-08-28T17:52:41.190Z
721,Matthieu LAFFORT,H,29,20-34M,FR,petite gazelle,673,f,Finisher,TRUE,528,449,143,34:22:37,123756.87,9701.17,200,26,2026-08-28T17:49:26.460Z
722,Pierre BRUNET,H,33,20-34M,FR,Foulées Rodez,672,f,Finisher,TRUE,257,213,76,28:50:21,103820.61,4450.120000000001,200,26,2026-08-28T17:50:27.730Z
723,Daniel SCHNEIDER,H,42,40-44M,DE,NA,672,f,Finisher,TRUE,330,272,57,30:13:21,108801.14,5901.65,200,26,2026-08-28T17:49:05.530Z
724,Mark RABAIOTTI,H,41,40-44M,GB,Team NFT,670,f,Finisher,TRUE,383,319,67,31:29:28,113367.55,1759.2700000000002,200,25,2026-08-28T17:50:43.640Z
725,Edouard PETITPIERRE,H,29,20-34M,FR,Altra,671,f,Finisher,TRUE,334,276,98,30:22:19,109339.6,6008.409999999999,200,26,2026-08-28T17:50:22.190Z
726,Robin SIPS,H,40,40-44M,BE,NA,670,f,Finisher,TRUE,438,366,78,32:41:03,117662.63,8055.5599999999995,200,26,2026-08-28T17:51:32.720Z
727,Arthur LOYE,H,34,20-34M,FR,NA,724,f,Finisher,TRUE,272,225,80,29:12:54,105173.41,7756.16,200,26,2026-08-28T17:49:13.850Z
728,Charles STEMART,H,23,20-34M,FR,NA,668,a,DNF,FALSE,1828,1524,300,19:12:56,64144.3,7296.7300000000005,48,17,2026-08-28T17:49:02.940Z
729,Beat LUSSI,H,46,45-49M,CH,Trail Maniacs,676,f,Finisher,TRUE,730,622,95,37:02:38,133357.65,13786.720000000001,200,26,2026-08-28T17:49:14.780Z
731,Antonio KARANFILOSKI,H,30,20-34M,MK,I don't have,669,f,Finisher,TRUE,584,496,151,35:20:25,127224.72,5250.01,200,26,2026-08-28T17:50:52.810Z
732,Martin MARVIE,H,28,20-34M,FR,01 OUTDOOR,661,f,Finisher,TRUE,419,349,120,32:19:26,116366.42,7165.97,200,26,2026-08-28T17:50:31.110Z
733,Daniel GUERRERO NISTAL,H,51,50-54M,ES,UEC Bagà,665,f,Finisher,TRUE,345,284,12,30:39:22,110362.13,9042.529999999999,200,26,2026-08-28T17:50:18.470Z
734,Scott BAKER,H,37,35-39M,AU,NUTERS,667,np,Other,FALSE,NA,NA,NA,00:00:00,0,NA,NA,0,2026-08-28T17:48:12.000Z
735,Tobias BOGNER,H,36,35-39M,DE,NA,667,f,Finisher,TRUE,285,236,69,29:24:15,105855.59,6567.62,200,26,2026-08-28T17:49:36.320Z
736,Daniel GARCIA PALAZON,H,52,50-54M,ES,CLUB DE ESCALADA LOS MACHACAS PIEDRAS,667,f,Finisher,TRUE,259,214,6,28:52:52,103971.54,3753.48,200,26,2026-08-28T17:49:16.860Z
737,Gerald HEMETSBERGER,H,44,40-44M,AT,Austrian Skyrunnning & Trailrunning Association,666,f,Finisher,TRUE,241,199,45,28:30:14,102613.9,4818.5,200,26,2026-08-28T17:50:47.190Z
738,Teddy BRESSON,H,36,35-39M,FR,Team Trail Aix les Bains,666,f,Finisher,TRUE,385,321,92,31:30:52,113451.6,8787.17,200,26,2026-08-28T17:51:05.990Z
739,Jaume GRIMAU,H,31,20-34M,ES,Esportiu Penedès,666,f,Finisher,TRUE,837,712,193,38:09:17,137357.3,3743.53,200,26,2026-08-28T17:50:22.040Z
740,Stanislas EBRARD,H,41,40-44M,FR,NA,665,f,Finisher,TRUE,638,542,125,35:59:48,129587.68,18689.33,200,26,2026-08-28T17:48:58.480Z
741,Stieven GALLE,H,42,40-44M,BE,NA,661,f,Finisher,TRUE,956,815,200,39:07:03,140823.45,16114.47,200,26,2026-08-28T17:50:12.370Z
742,Adrien LEYRONAS,H,31,20-34M,FR,NA,665,f,Finisher,TRUE,281,232,85,29:22:02,105722.11,7493.63,200,26,2026-08-28T17:52:26.530Z
743,Théophile MEUNIER,H,30,20-34M,FR,Mount to Coast - OFFTRACK Club,664,f,Finisher,TRUE,195,162,59,27:21:46,98505.94,6107.709999999999,200,26,2026-08-28T17:48:53.830Z
744,Alberto OJEDA CASADO,H,46,45-49M,ES,None,664,f,Finisher,TRUE,303,252,29,29:40:49,106849.14,5480.93,200,26,2026-08-28T17:49:24.050Z
745,Tyler BURKE,H,41,40-44M,US,NA,663,f,Finisher,TRUE,463,388,86,33:09:54,119394.63,6246.46,200,26,2026-08-28T17:52:14.300Z
746,Benjamin FUCHS,H,41,40-44M,DE,Willpower,664,a,DNF,FALSE,2352,1949,421,05:22:29,16183.96,3165.2,10,3,2026-08-28T17:49:33.770Z
747,Christian VANBLOMMESTEIN,H,45,45-49M,US,NA,664,f,Finisher,TRUE,166,141,14,26:43:02,96182.47,2506.06,200,26,2026-08-28T17:49:26.450Z
748,Simon MICHELLIER,H,42,40-44M,FR,NA,663,f,Finisher,TRUE,209,173,41,27:48:37,100116.83,1912.9,200,26,2026-08-28T17:48:57.280Z
749,Fabien GOBY,H,45,45-49M,FR,Plauzat Sport Nature,663,f,Finisher,TRUE,228,189,19,28:17:14,101833.76,4728.88,200,26,2026-08-28T17:49:41.890Z
750,Emmanuel DENIS,H,51,50-54M,FR,DAGT,662,f,Finisher,TRUE,441,368,15,32:43:50,117830.45,8279.79,200,26,2026-08-28T17:49:08.080Z
751,Jonathan LATTION,H,33,20-34M,CH,NA,663,f,Finisher,TRUE,308,257,92,29:46:11,107171.46,4192.5599999999995,200,26,2026-08-28T17:50:47.180Z
752,Paweł KUBERA,H,40,40-44M,PL,NA,663,a,DNF,FALSE,2343,1941,418,04:35:57,15508.46,1048.32,10,3,2026-08-28T17:52:11.430Z
753,Baptiste LEFEVRE,H,30,20-34M,FR,Avia,660,f,Finisher,TRUE,276,228,82,29:17:39,105459.03,6617.1,200,26,2026-08-28T17:49:09.820Z
754,Olivier CATONI,H,46,45-49M,FR,A SQUADRA MANTINIM,663,f,Finisher,TRUE,306,255,30,29:41:04,106863.67,3856.7400000000007,200,26,2026-08-28T17:49:16.650Z
755,Kazuaki KAWAUCHI,H,32,20-34M,JP,PEYOUNG REN,663,f,Finisher,TRUE,850,724,197,38:16:01,137760.58,12076.890000000001,200,26,2026-08-28T17:52:58.990Z
756,Abdulkadir TOPKARAOGLU,H,37,35-39M,TR,Turkish Airlines Running Club,659,f,Finisher,TRUE,608,518,128,35:40:30,128430.26,7238.129999999999,200,26,2026-08-28T17:51:02.350Z
757,Serafin MORENO MANZANO,H,53,50-54M,ES,CD JAÉN TRAIL,662,f,Finisher,TRUE,245,202,5,28:36:38,102997.35,3406.21,200,26,2026-08-28T17:49:04.830Z
758,Antoine FALCONNIER,H,46,45-49M,CH,NA,661,f,Finisher,TRUE,235,194,20,28:25:12,102311.07,3766.7799999999997,200,26,2026-08-28T17:49:25.940Z
759,Guilhem JOUVE,H,42,40-44M,FR,Clermont Endurance / les sonneurs,661,f,Finisher,TRUE,351,290,59,30:47:32,110852.28,5371.539999999999,200,26,2026-08-28T17:49:57.070Z
760,Albert GRIMAU,H,37,35-39M,ES,AE Mountain Runners Berguedà,657,f,Finisher,TRUE,551,468,120,34:43:13,124993.11,5224.86,200,26,2026-08-28T17:49:31.440Z
761,Michael GARNEAU,H,39,35-39M,CA,NA,661,f,Finisher,TRUE,539,459,117,34:27:42,124061.15,9695.01,200,25,2026-08-28T17:50:24.910Z
762,Ján SAMELIAK,H,44,40-44M,SK,Nitra,658,f,Finisher,TRUE,447,372,80,32:49:23,118162.66,3791.649999999999,200,26,2026-08-28T17:52:06.440Z
763,Matthew COAKES,H,50,50-54M,GB,NA,661,f,Finisher,TRUE,903,771,61,38:41:06,139265.94,7838.969999999999,200,26,2026-08-28T17:49:53.610Z
764,Justin LANGEVIN,H,34,20-34M,CA,NA,660,f,Finisher,TRUE,436,364,127,32:40:58,117657.99,8696.37,200,25,2026-08-28T17:50:23.760Z
765,Thomas BESNIER,H,34,20-34M,FR,NA,660,f,Finisher,TRUE,439,367,128,32:42:36,117755.48,11780.8,200,26,2026-08-28T17:49:06.550Z
766,Paulo Sergio ROSADO BATISTA,H,53,50-54M,PT,NA,659,f,Finisher,TRUE,304,253,9,29:40:50,106849.13,5870.21,200,26,2026-08-28T17:49:23.940Z
767,Louis Christophe MOISSONNIER,H,56,55-59M,FR,CMBM,659,s,Other,FALSE,2115,1762,117,11:34:09,41649.02,335.86,28,11,2026-08-28T17:49:03.700Z
768,Jonas SIBER,H,37,35-39M,FR,NA,658,f,Finisher,TRUE,624,533,131,35:49:08,128948.41,7900.4000000000015,200,26,2026-08-28T17:50:44.400Z
769,Clément BECQUET,H,39,35-39M,FR,NA,658,f,Finisher,TRUE,218,182,55,28:07:40,101260.86,5868.5599999999995,200,26,2026-08-28T17:49:23.080Z
770,Florian BONHOURE,H,30,20-34M,FR,NA,660,f,Finisher,TRUE,267,221,78,29:03:03,104583.11,5583.93,200,26,2026-08-28T17:49:02.160Z
771,Valentin GROSSE,H,35,35-39M,FR,Altkirch Athlé Sundgau,658,f,Finisher,TRUE,1135,970,198,41:09:46,148185.19,15782.11,200,26,2026-08-28T17:50:19.860Z
773,Maxime BIBEAU-CÔTÉ,H,38,35-39M,CA,Apic,657,a,DNF,FALSE,1914,1591,298,16:10:00,55344.1,5370.639999999999,40,15,2026-08-28T17:49:06.020Z
774,Lorenzo SOLIGO,H,49,45-49M,IT,NA,657,f,Finisher,TRUE,323,268,31,30:02:43,108162.42,6089.84,200,26,2026-08-28T17:50:29.650Z
775,Alessandro ROLFINI,H,36,35-39M,IT,Gli Orchi Trailers ASD,663,f,Finisher,TRUE,398,330,94,31:48:29,114509.16,5048.59,200,26,2026-08-28T17:51:38.390Z
776,Laurent LABIT,H,51,50-54M,FR,CAROUX X-TRAIL,655,f,Finisher,TRUE,657,558,39,36:12:55,130375.86,11235.73,200,26,2026-08-28T17:51:18.000Z
777,Klodian JAHO,H,46,45-49M,AL,Pol.Rinascita Montevarchi,654,f,Finisher,TRUE,533,454,63,34:24:48,123887.83,12125.98,200,26,2026-08-28T17:49:02.350Z
778,Sven LATRUWE,H,37,35-39M,BE,Natuurloop Zonnebeke,683,a,DNF,FALSE,1758,1476,281,27:51:19,100129.97,10190.52,52,19,2026-08-28T17:52:39.850Z
779,Omar EL SAWY,H,37,35-39M,EG,Ultrabedu,654,f,Finisher,TRUE,505,429,107,33:51:50,121909.08,11655.069999999998,200,26,2026-08-28T17:50:50.950Z
780,Alexis MATTHYS,H,44,40-44M,BE,Team M&M's Power,651,f,Finisher,TRUE,787,673,164,37:38:25,135504.63,8713.9,200,26,2026-08-28T17:49:26.950Z
781,Jordi JUSTICIA,H,45,45-49M,ES,Independiente,655,a,DNF,FALSE,1751,1470,280,23:56:20,80724.2,12843.05,52,19,2026-08-28T17:49:36.530Z
782,Lucas MARTINS DA SILVA,H,45,45-49M,BR,JVM Trail Run,655,f,Finisher,TRUE,945,806,131,39:00:28,140427.85,12806.55,200,26,2026-08-28T17:49:41.370Z
783,Alexandre BAUDOUARD,H,32,20-34M,FR,Run In Club,654,a,DNF,FALSE,1846,1535,303,22:50:26,78427.99,10810.23,48,17,2026-08-28T17:49:27.410Z
784,Geoffrey MATHON,H,46,45-49M,FR,spuc lasterka,642,f,Finisher,TRUE,236,195,21,28:25:19,102319.39,5136.25,200,26,2026-08-28T17:49:07.010Z
785,Johann VAILLANT,H,40,40-44M,FR,Team C-RAIDE,653,f,Finisher,TRUE,560,475,105,34:52:45,125564.46,7670.16,200,26,2026-08-28T17:50:58.920Z
786,Kaito NIWA,H,29,20-34M,JP,Celtic Diekirch,650,f,Finisher,TRUE,1153,985,232,41:28:36,149315.58,9629.12,200,26,2026-08-28T17:48:57.530Z
787,Antoine OLIVIER,H,32,20-34M,FR,NA,652,f,Finisher,TRUE,492,416,133,33:42:45,121365.82,12051.590000000002,200,26,2026-08-28T17:51:20.110Z
788,Alexandre ARNOUX,H,37,35-39M,FR,So Trail Annecy,652,f,Finisher,TRUE,188,156,48,27:15:32,98131.67,5196.5599999999995,200,26,2026-08-28T17:50:29.490Z
789,Frédéric ESMILAIRE,H,44,40-44M,FR,SCUF,651,f,Finisher,TRUE,371,307,64,31:18:24,112704.41,9159.839999999998,200,26,2026-08-28T17:51:52.430Z
790,Ullas NARAYANA,H,46,45-49M,IN,Mountain Goat Trail Runners,669,a,DNF,FALSE,1754,1473,282,25:12:21,90741.29,12829.880000000001,52,19,2026-08-28T17:50:04.210Z
791,Andrew DORAIS,H,46,45-49M,US,NA,652,f,Finisher,TRUE,111,98,6,25:17:01,91021.11,2648.72,200,26,2026-08-28T17:48:59.110Z
794,Maxime BURGY,H,41,40-44M,FR,MULHOUSE ILLBERG ATHLETISME,650,f,Finisher,TRUE,1573,1330,315,44:55:16,161716.58,20163.36,200,26,2026-08-28T17:49:01.190Z
795,Julien JAGER,H,26,20-34M,FR,CMBM,650,f,Finisher,TRUE,1179,1009,236,41:45:01,150300.92,15809.49,200,26,2026-08-28T17:51:58.400Z
796,Joaquín CASADO PULPEIRO,H,33,20-34M,ES,NA,667,f,Finisher,TRUE,349,288,101,30:43:43,110623.68,3408.6399999999994,200,26,2026-08-28T17:49:24.310Z
797,Conran BOYTON,H,32,20-34M,GB,NA,649,f,Finisher,TRUE,430,358,125,32:32:09,117128.79,8894.55,200,26,2026-08-28T17:49:14.600Z
798,Damien RENEL,H,44,40-44M,FR,2ep,648,f,Finisher,TRUE,171,144,29,26:47:19,96439.37,2971.3799999999997,200,26,2026-08-28T17:49:12.270Z
799,Alexandre VELUT,H,49,45-49M,FR,Tos Athletisme,648,f,Finisher,TRUE,332,274,34,30:19:33,109172.96,5529.99,200,26,2026-08-28T17:49:31.890Z
800,Grégory FRENNET,H,42,40-44M,BE,Movinity,648,f,Finisher,TRUE,291,242,51,29:28:13,106092.95,6027.14,200,25,2026-08-28T17:51:46.750Z
801,Adrien GOFFI,H,36,35-39M,BE,Absolute run,648,a,DNF,FALSE,1934,1609,300,20:07:00,72419.92,4402.87,40,15,2026-08-28T17:49:59.920Z
802,Marc-Antoine FORAND,H,36,35-39M,CA,The North Face,648,f,Finisher,TRUE,278,230,67,29:21:19,105678.77,3693.0699999999997,200,26,2026-08-28T17:48:59.740Z
803,Benjamin WILSON,H,41,40-44M,AU,Mountain Goat Trail Runners,669,f,Finisher,TRUE,180,149,31,27:00:08,97208.66,3547.6099999999997,200,26,2026-08-28T17:50:03.100Z
804,Ondřej ZÁBOJNÍK,H,36,35-39M,CZ,IZOLACE IZOP s.r.o.,647,f,Finisher,TRUE,630,537,132,35:52:08,129128.69,8170.459999999999,200,26,2026-08-28T17:51:03.260Z
805,Rémy GUICHARD,H,38,35-39M,FR,Aucun,647,f,Finisher,TRUE,384,320,91,31:29:51,113391.46,9500.59,200,26,2026-08-28T17:49:41.380Z
806,Jose Carlos CORCHERO CABELLO,H,54,50-54M,ES,SAC CORBERA,646,f,Finisher,TRUE,232,192,4,28:21:10,102069.76,5195.570000000001,200,26,2026-08-28T17:51:31.680Z
808,Franck BAYETTE,H,38,35-39M,FR,Trailers du Môle,646,a,DNF,FALSE,1791,1500,288,24:26:15,87975.33,4720.6,51,18,2026-08-28T17:49:12.090Z
809,Gentian LIKAJ,H,39,35-39M,XK,KTRA-KOSOVO TRAIL RUNNING ASSOCIATION,646,f,Finisher,TRUE,341,281,79,30:34:29,110068.85,7650.4800000000005,200,26,2026-08-28T17:49:01.610Z
810,Erik ENG,H,48,45-49M,SE,NA,646,f,Finisher,TRUE,661,562,82,36:15:24,130523.81,6579.360000000001,200,26,2026-08-28T17:49:40.240Z
811,Maxime SORBIER,H,44,40-44M,FR,Grizzli,646,f,Finisher,TRUE,402,334,70,31:54:11,114850.1,10550.900000000001,200,26,2026-08-28T17:49:51.970Z
812,Hilmi GÜVEN,H,46,45-49M,TR,FERAL,646,f,Finisher,TRUE,1009,862,146,39:41:28,142888.49,10947.16,200,26,2026-08-28T17:50:24.440Z
813,Raphael LANCHON DALMARD,H,38,35-39M,FR,Trailers du Môle,651,f,Finisher,TRUE,510,433,109,33:57:57,122277.52,12423.79,200,26,2026-08-28T17:51:51.450Z
814,Vincent CASANOVA,H,49,45-49M,FR,Singapore Shufflers,645,np,Other,FALSE,NA,NA,NA,00:00:00,0,NA,NA,0,2026-08-28T17:48:12.000Z
815,Fabien BORNES,H,47,45-49M,FR,Aurillac Athlétisme,645,f,Finisher,TRUE,293,244,26,29:31:25,106285.14,4954.93,200,26,2026-08-28T17:48:53.010Z
816,Axel POUDES,H,47,45-49M,FR,NA,645,f,Finisher,TRUE,745,635,99,37:13:10,133989.74,17111.66,200,26,2026-08-28T17:48:55.860Z
818,Jan BOGAERT,H,47,45-49M,BE,NA,644,f,Finisher,TRUE,1281,1093,210,42:38:51,153531.64,12133.28,200,26,2026-08-28T17:51:34.030Z
819,Benjamin ATKINS,H,53,50-54M,GB,NA,644,f,Finisher,TRUE,312,261,11,29:49:33,107372.96,5075.000000000001,200,26,2026-08-28T17:49:22.160Z
820,Hadrien GROS,H,33,20-34M,FR,NA,647,a,DNF,FALSE,2281,1893,359,10:31:45,37868.61,678.4200000000001,16,6,2026-08-28T17:52:01.790Z
821,Naoki TANAKA,H,48,45-49M,JP,TOMO'S PIT,643,f,Finisher,TRUE,1119,955,173,40:56:53,147412.27,21419.089999999997,200,26,2026-08-28T17:49:06.730Z
822,Vincent DUPUIS,H,38,35-39M,FR,NA,642,f,Finisher,TRUE,350,289,82,30:45:30,110729.38,7063.47,200,26,2026-08-28T17:50:44.840Z
823,Marcus NORDGREN,H,43,40-44M,SE,NA,641,f,Finisher,TRUE,1044,895,219,40:12:20,144739.86,19549.47,200,26,2026-08-28T17:51:20.950Z
824,Sergey SHELKOVOY,H,41,40-44M,NL,THE.TRAIL,643,f,Finisher,TRUE,522,444,98,34:14:38,123278.02,8536.75,200,26,2026-08-28T17:49:13.710Z
825,Sébastien DEPASSE,H,30,20-34M,FR,NA,642,f,Finisher,TRUE,413,344,118,32:12:16,115936.7,8144.259999999999,200,26,2026-08-28T17:52:27.000Z
826,Alfonso ALZUGARAY IZU,H,42,40-44M,ES,Nafarroa Xtrem GR322,642,a,DNF,FALSE,1824,1521,351,18:22:55,66106.26,4930.589999999999,48,17,2026-08-28T17:51:58.740Z
827,Jean-Baptiste BOUCHOUX,H,37,35-39M,FR,NA,642,f,Finisher,TRUE,273,226,66,29:15:29,105329.42,3970.35,200,26,2026-08-28T17:51:28.250Z
828,Markus HANGLER,H,41,40-44M,AT,Richimountain Runners,642,f,Finisher,TRUE,480,404,93,33:30:47,120647.12,8183.590000000001,200,25,2026-08-28T17:49:10.410Z
829,David LONCKE,H,35,35-39M,FR,RUN IN CLUB,642,f,Finisher,TRUE,317,265,74,29:57:58,107877.84,3598.6000000000004,200,26,2026-08-28T17:52:09.210Z
830,Azamat GAYSIN,H,39,35-39M,CZ,Dikij Baskir,641,f,Finisher,TRUE,1273,1087,210,42:34:52,153291.37,25980.06,200,26,2026-08-28T17:49:50.710Z
831,Elliott PASHLEY,H,32,20-34M,GB,Marsden Racers,642,f,Finisher,TRUE,1284,1095,245,42:41:40,153699.63,16278.410000000002,200,26,2026-08-28T17:52:09.710Z
832,Thomas LAFFERS,H,30,20-34M,FR,Lyon Mountain Trail,633,f,Finisher,TRUE,314,262,95,29:51:23,107483.43,3452.83,200,26,2026-08-28T17:49:29.230Z
833,Toni FEMENÍAS RIUTORT,H,46,45-49M,ES,C.D. OLD PEAK,641,f,Finisher,TRUE,788,674,106,37:38:37,135517.21,3589.5,200,25,2026-08-28T17:49:31.040Z
834,Guilhem VAGNY,H,39,35-39M,FR,Fan club Kikinette,640,f,Finisher,TRUE,353,292,83,30:52:15,111134.23,6510.35,200,26,2026-08-28T17:49:50.880Z
835,Andres MORNET,H,34,20-34M,FR,NA,641,f,Finisher,TRUE,543,462,144,34:30:51,124251.13,8677.689999999999,200,26,2026-08-28T17:49:25.290Z
836,Pablo UREÑA VEGA,H,30,20-34M,CR,Chase running community,641,f,Finisher,TRUE,265,219,77,29:01:40,104500.22,3781.46,200,26,2026-08-28T17:49:13.400Z
837,William DELBERGHE,H,33,20-34M,FR,NA,640,a,DNF,FALSE,2123,1769,338,14:37:38,52657.7,1734.4,28,10,2026-08-28T17:49:14.590Z
838,Simon BIGOT,H,51,50-54M,FR,Team Foulées,640,f,Finisher,TRUE,489,413,22,33:37:17,121037.32,12829.76,200,26,2026-08-28T17:49:12.560Z
839,Zsolt KERCSÓ ANDRÁSI,H,43,40-44M,HU,NA,640,f,Finisher,TRUE,367,303,63,31:11:39,112298.98,4496.57,200,26,2026-08-28T17:50:21.020Z
840,Romain PATRUX,H,39,35-39M,FR,NA,640,a,DNF,FALSE,2118,1765,322,12:08:12,43692.26,799.77,28,11,2026-08-28T17:49:01.400Z
841,Hiroyasu TANAKA,H,52,50-54M,JP,ANSWER4,639,a,DNF,FALSE,1750,1469,175,23:34:54,84893.75,4618.8,52,19,2026-08-28T17:48:58.250Z
842,Thomas MAIRE,H,46,45-49M,FR,Team Trail Aix Les Bains,639,f,Finisher,TRUE,476,400,48,33:22:34,120153.11,10296.1,200,26,2026-08-28T17:50:47.920Z
843,Pablo SOLER GONZALEZ,H,35,35-39M,ES,RUNNERS ALCOI,639,f,Finisher,TRUE,683,582,135,36:36:29,131788.87,9202.41,200,26,2026-08-28T17:50:50.560Z
844,Brice JACQUOT,H,46,45-49M,FR,HOKA,639,f,Finisher,TRUE,525,447,61,34:17:54,123474.71,12200.23,200,26,2026-08-28T17:48:49.020Z
845,Ahmad Youssef JANAHI,H,39,35-39M,AE,NA,637,f,Finisher,TRUE,809,692,156,37:50:11,136211.39,23278.399999999998,200,26,2026-08-28T17:50:51.440Z
846,Julien DAMESIN,H,50,50-54M,FR,Perols Footing,639,f,Finisher,TRUE,514,437,25,34:03:42,122621.67,6130.62,200,26,2026-08-28T17:49:40.880Z
847,Lucas MAHE,H,29,20-34M,FR,AO CHARENTON,639,a,DNF,FALSE,1840,1532,302,21:17:17,76637.34,6145.23,48,17,2026-08-28T17:50:35.540Z
848,Robin MALOT,H,38,35-39M,FR,NA,643,a,DNF,FALSE,2262,1875,337,07:53:45,28398.85,752.63,16,6,2026-08-28T17:48:55.120Z
849,Khalid ALQAHTANI,H,47,45-49M,QA,NA,638,a,DNF,FALSE,1849,1538,294,23:39:22,85162.27,6805.530000000001,48,17,2026-08-28T17:49:22.030Z
850,Shi SHA,H,41,40-44M,CN,NA,642,a,DNF,FALSE,1925,1600,365,19:20:13,69612.31,7052.57,40,15,2026-08-28T17:50:27.730Z
851,Guillaume FLEURY,H,37,35-39M,FR,Bresse Saône Running,638,f,Finisher,TRUE,378,314,89,31:24:12,113051.27,6834.360000000001,200,26,2026-08-28T17:50:53.740Z
852,Thibault VERDONCKT,H,40,40-44M,FR,NCS Trailéman,638,f,Finisher,TRUE,497,421,96,33:46:39,121599.31,9399.550000000001,200,26,2026-08-28T17:52:13.270Z
853,Gerhard KNAPP,H,36,35-39M,IT,Club Gerus,638,f,Finisher,TRUE,210,174,53,27:48:56,100136.35,2625.47,200,26,2026-08-28T17:51:19.460Z
854,Stefan VINASI,H,38,35-39M,RO,REvolution Running Team,638,a,DNF,FALSE,2385,1974,345,03:57:01,13891.23,329.69,6,2,2026-08-28T17:50:31.740Z
855,Eelco SCHULLER,H,40,40-44M,NL,NA,674,f,Finisher,TRUE,452,377,82,32:59:56,118796.62,8944.859999999999,200,26,2026-08-28T17:49:25.310Z
856,Tim AITKEN,H,51,50-54M,AU,NA,637,f,Finisher,TRUE,565,480,29,35:03:44,126223.5,11841.710000000001,200,26,2026-08-28T17:49:49.740Z
857,Jacques CHEN,H,30,20-34M,FR,Besançon trail running,637,f,Finisher,TRUE,271,224,79,29:12:47,105167.27,5956.3,200,26,2026-08-28T17:50:24.640Z
858,Grzegorz GAJ,H,49,45-49M,PL,NA,667,f,Finisher,TRUE,719,612,91,36:55:28,132928.15,14900.23,200,26,2026-08-28T17:50:57.540Z
859,Simon GUNZBURGER,H,40,40-44M,FR,NA,637,a,DNF,FALSE,1832,1527,353,19:46:44,71203.61,4060.4799999999996,48,17,2026-08-28T17:49:23.560Z
861,Atsushi SANO,H,52,50-54M,JP,SC Tanzawa-Hadano,636,f,Finisher,TRUE,860,732,56,38:22:13,138133.18,8681.2,200,26,2026-08-28T17:51:20.570Z
862,Julien FAUVEAUX,H,45,45-49M,FR,NA,610,a,DNF,FALSE,1788,1498,286,23:02:29,82948.29,4119.58,51,18,2026-08-28T17:49:26.970Z
863,Stefan DELIBAS,H,28,20-34M,RO,Trail Running Academy,636,f,Finisher,TRUE,393,326,112,31:43:24,114203.84,8212.38,200,26,2026-08-28T17:50:20.280Z
864,Romain BRET,H,39,35-39M,FR,NA,636,f,Finisher,TRUE,488,412,105,33:36:04,120964.18,8172.11,200,26,2026-08-28T17:50:37.650Z
865,Nicolas PEDRETTI,H,38,35-39M,FR,#RUNPROVENCE,636,f,Finisher,TRUE,382,318,90,31:28:16,113295.52,7253.02,200,26,2026-08-28T17:50:45.730Z
866,Philippe CELLE,H,47,45-49M,FR,NA,635,f,Finisher,TRUE,331,273,33,30:14:40,108879.62,7184.129999999999,200,26,2026-08-28T17:48:56.810Z
867,Ross MICHELL,H,35,35-39M,AU,NA,635,f,Finisher,TRUE,374,310,88,31:19:52,112791.36,8487.74,200,26,2026-08-28T17:49:57.730Z
868,Emmanuel GAUTIER,H,38,35-39M,FR,E MUVRE BALANINE,654,f,Finisher,TRUE,437,365,101,32:40:59,117659.49,7035.259999999999,200,26,2026-08-28T17:49:22.180Z
869,Cyrille MULSANT,H,38,35-39M,FR,NA,635,f,Finisher,TRUE,502,426,106,33:50:53,121853.62,12607.630000000001,200,25,2026-08-28T17:49:59.230Z
870,Hugo NÚÑEZ GONZÁLEZ,H,40,40-44M,ES,Iru Mountain,634,f,Finisher,TRUE,196,163,37,27:23:20,98599.95,3778.3100000000004,200,26,2026-08-28T17:49:08.330Z
871,Yann BELLENGUEZ,H,37,35-39M,FR,Faucigny Athletic Club (Cluses) et Esprit run (Amiens),639,f,Finisher,TRUE,540,460,118,34:28:08,124088.21,7775.41,200,26,2026-08-28T17:50:42.480Z
873,Romain ESNAULT,H,31,20-34M,FR,2EP,633,a,DNF,FALSE,1913,1590,310,16:03:43,57823.1,1807.0900000000001,40,15,2026-08-28T17:49:43.310Z
874,Pierre-Alexandre PUJOL,H,37,35-39M,FR,NA,633,f,Finisher,TRUE,344,283,80,30:37:13,110232.93,6618.3499999999995,200,25,2026-08-28T17:50:11.400Z
875,Alexandru NIMARA,H,37,35-39M,RO,Team Run,633,f,Finisher,TRUE,399,331,95,31:50:12,114612.04,4528.33,200,26,2026-08-28T17:49:32.590Z
876,Blaz SAJOVIC,H,37,35-39M,SI,Postojna Tece,633,a,DNF,FALSE,2128,1774,324,15:38:15,56295.34,722.48,28,11,2026-08-28T17:52:35.020Z
877,Matt PEHARDA,H,38,35-39M,US,NA,632,f,Finisher,TRUE,602,513,127,35:30:14,127814.03,11078.210000000001,200,26,2026-08-28T17:49:45.360Z
878,Joël OPPLIGER,H,39,35-39M,CH,NA,628,f,Finisher,TRUE,524,446,113,34:16:59,123419.2,12330.82,200,26,2026-08-28T17:49:52.250Z
879,Edouard COLLEU,H,38,35-39M,FR,NA,631,f,Finisher,TRUE,1057,905,193,40:21:58,145318.06,10829.49,200,26,2026-08-28T17:50:07.420Z
880,Ivan SABUROV,H,36,35-39M,AN,NA,634,a,DNF,FALSE,1786,1497,286,21:37:06,77825.23,2473.5,51,18,2026-08-28T17:50:22.840Z
881,Rémy THUILLIER,H,34,20-34M,FR,ENTENTE ATHLETIQUE SAINT MALO,631,a,DNF,FALSE,1723,1448,285,28:47:50,102414.55,8427.380000000001,58,21,2026-08-28T17:50:55.670Z
882,Julien GERMANN,H,41,40-44M,FR,Annecy Athlétisme,631,f,Finisher,TRUE,225,186,44,28:14:52,101692.33,3852.8900000000003,200,26,2026-08-28T17:49:03.270Z
883,Nicolas BREILLOT,H,44,40-44M,FR,NA,631,f,Finisher,TRUE,1381,1170,278,43:29:47,156587.36,14477.780000000002,200,26,2026-08-28T17:52:15.340Z
885,Yevhenii BESPOIASKO,H,28,20-34M,UA,NA,630,f,Finisher,TRUE,877,746,203,38:28:32,138511.98,20499.11,200,26,2026-08-28T17:52:03.180Z
886,Hugo MONNIN,H,28,20-34M,FR,NA,630,f,Finisher,TRUE,214,178,64,27:52:36,100355.95,5176.670000000001,200,26,2026-08-28T17:51:27.520Z
887,Benedict CELESTIN DEVENDRA,H,46,45-49M,FR,SCUF,630,f,Finisher,TRUE,1276,1090,208,42:36:20,153380.85,10327.52,200,26,2026-08-28T17:52:40.140Z
888,Jacinto GONZALEZ SAENZ,H,55,55-59M,ES,GANGUREN M.T.,630,f,Finisher,TRUE,588,500,9,35:21:37,127296.73,6373.679999999999,200,26,2026-08-28T17:49:32.840Z
889,Sebastian STIER,H,44,40-44M,DE,2Unlimited,630,f,Finisher,TRUE,462,387,85,33:08:52,119331.78,9232.380000000001,200,26,2026-08-28T17:49:13.670Z
891,Loïc MASSÉ,H,42,40-44M,FR,NA,630,f,Finisher,TRUE,494,418,95,33:44:53,121492.41,8548.89,200,26,2026-08-28T17:51:42.860Z
892,Luca CORNOLTI,H,46,45-49M,IT,FdT,631,f,Finisher,TRUE,380,316,39,31:26:19,113179.48,7839.340000000001,200,26,2026-08-28T17:51:12.020Z
893,Hayden SAVAGE,H,26,20-34M,AU,NA,629,f,Finisher,TRUE,1383,1172,253,43:30:10,156610.2,16673.74,200,26,2026-08-28T17:49:20.690Z
894,Håkon Amundsen NESHEIM,H,33,20-34M,NO,Varegg Fleridrett,629,a,DNF,FALSE,1721,1446,283,28:22:37,100631.59,13330.99,58,21,2026-08-28T17:50:14.820Z
895,Daniele MANTOVANI,H,39,35-39M,IT,NA,643,f,Finisher,TRUE,1134,969,197,41:09:40,148180.29,18433.93,200,26,2026-08-28T17:50:47.180Z
896,David GUILLIER,H,41,40-44M,FR,NA,628,f,Finisher,TRUE,562,477,106,34:59:47,125987,8343.89,200,26,2026-08-28T17:49:23.810Z
897,Graham WOODIN,H,62,60-64M,GB,Northampton Road Runners,628,a,DNF,FALSE,2221,1842,41,13:21:06,48065.97,1571.27,22,8,2026-08-28T17:52:44.680Z
898,Dorian BONIFACE,H,28,20-34M,FR,Sallanches Trail Club,628,f,Finisher,TRUE,1303,1111,247,42:54:01,154440.74,23614.820000000003,200,26,2026-08-28T17:52:00.410Z
899,Weiguang JI,H,44,40-44M,CN,NA,628,f,Finisher,TRUE,689,587,140,36:40:40,132039.57,10587.619999999999,200,26,2026-08-28T17:52:48.500Z
900,Matt NEAL,H,30,20-34M,GB,STRIDE Taunton,627,f,Finisher,TRUE,212,176,63,27:50:12,100211.48,4503.04,200,26,2026-08-28T17:50:00.830Z
901,Julien MATHEY,H,43,40-44M,FR,ACHM St Dié des Vosges,628,f,Finisher,TRUE,731,623,149,37:02:52,133372.04,12140.740000000002,200,26,2026-08-28T17:52:05.050Z
902,Cédric CHOMONT,H,35,35-39M,FR,Sam outillage,628,f,Finisher,TRUE,1013,866,187,39:43:13,142993.49,11170.34,200,26,2026-08-28T17:51:03.250Z
903,Matevz SLAPNICAR,H,57,55-59M,SI,NA,627,f,Finisher,TRUE,401,333,2,31:50:18,114617.42,4354.06,200,26,2026-08-28T17:49:08.600Z
904,Takio FUKUMOTO,H,53,50-54M,JP,NA,627,f,Finisher,TRUE,766,655,45,37:26:05,134764.62,13005.3,200,26,2026-08-28T17:49:27.850Z
906,Arthur JENNEQUIN,H,29,20-34M,FR,Raid EDHEC,627,np,Other,FALSE,NA,NA,NA,00:00:00,0,NA,NA,0,2026-08-28T17:48:12.000Z
907,Carlos Eduardo LOURENÇO,H,58,55-59M,PT,CCM Trail,627,f,Finisher,TRUE,656,557,12,36:12:27,130347.07,13615.98,200,26,2026-08-28T17:49:16.360Z
908,Carlo CARRARO,H,38,35-39M,IT,NA,627,f,Finisher,TRUE,530,451,114,34:23:46,123825.63,10274.92,200,26,2026-08-28T17:51:51.460Z
909,Antoine PLANCHON,H,30,20-34M,FR,Pirard coaching,626,a,DNF,FALSE,1923,1598,314,18:57:33,68253.01,5704.89,40,15,2026-08-28T17:49:17.000Z
910,Tim CHIU,H,51,50-54M,AU,NA,626,f,Finisher,TRUE,215,179,2,28:04:03,101042.75,2788.2599999999998,200,26,2026-08-28T17:50:03.780Z
911,Hugo FOURNIER,H,23,20-34M,FR,NA,626,f,Finisher,TRUE,897,766,205,38:38:40,139119.97,11061.300000000001,200,26,2026-08-28T17:49:42.580Z
912,Lambert FERRON,H,30,20-34M,FR,NA,625,f,Finisher,TRUE,406,338,116,31:58:41,115121.86,7336.1,200,26,2026-08-28T17:50:34.080Z
913,Dolf DHAENENS,H,32,20-34M,BE,Kortrijk Running Crew,626,f,Finisher,TRUE,231,191,67,28:19:49,101988.61,3958.59,200,26,2026-08-28T17:49:38.620Z
915,Michael GEORGET,H,49,45-49M,FR,Dragons de la Forge/JCR,626,f,Finisher,TRUE,616,525,75,35:42:53,128573.56,3946.06,200,26,2026-08-28T17:50:42.080Z
916,Nicolas ZARADZKI,H,41,40-44M,FR,NA,625,f,Finisher,TRUE,581,494,111,35:16:56,127015.13,9849.34,200,26,2026-08-28T17:49:02.960Z
918,Andres SÁNCHEZ PEREZ,H,39,35-39M,ES,CD montaña Vergara,625,f,Finisher,TRUE,618,527,130,35:44:14,128654.67,10145.93,200,25,2026-08-28T17:50:11.230Z
919,Oliver PAGE,H,46,45-49M,AU,NA,625,f,Finisher,TRUE,247,203,22,28:37:51,103071.18,4122.84,200,26,2026-08-28T17:50:02.280Z
920,Paul VALLERNAUD,H,27,20-34M,FR,@Bâton_Triste,625,np,Other,FALSE,NA,NA,NA,00:00:00,0,NA,NA,0,2026-08-28T17:48:12.000Z
921,Quentin ZANIER,H,33,20-34M,FR,NA,625,a,DNF,FALSE,2029,1690,322,21:50:01,78589.78,9508.89,38,14,2026-08-28T17:50:33.220Z
922,Julian CAILLET,H,30,20-34M,FR,ASTRE,625,f,Finisher,TRUE,375,311,107,31:23:00,112980.16,9388.310000000001,200,26,2026-08-28T17:49:06.550Z
923,Eric GEIDEL,H,48,45-49M,DE,TEAM REVARIO SWITZERLAND,625,a,DNF,FALSE,1720,1445,277,28:15:52,98685.05,11161.630000000001,58,21,2026-08-28T17:51:30.690Z
924,Ben SMITH,H,45,45-49M,GB,Dulwich Runners AC,625,f,Finisher,TRUE,479,403,51,33:30:21,120621.4,6690.4,200,26,2026-08-28T17:51:37.450Z
925,Jaru LIMSILA,H,43,40-44M,TH,NA,622,f,Finisher,TRUE,895,764,187,38:37:33,139053.05,10059.41,200,26,2026-08-28T17:50:16.690Z
926,Fabien ZUNINO,H,48,45-49M,FR,Les Joggeurs Aubagnais,624,f,Finisher,TRUE,934,798,129,38:57:17,140237.02,9170.210000000001,200,26,2026-08-28T17:52:31.680Z
927,Jeremy GAUME,H,44,40-44M,FR,runninGraz,624,f,Finisher,TRUE,457,382,84,33:02:20,118939.91,7472.37,200,26,2026-08-28T17:49:09.830Z
928,Jean-Baptiste RENAUDIE,H,41,40-44M,FR,NA,624,f,Finisher,TRUE,691,589,141,36:41:43,132103.63,7530.67,200,26,2026-08-28T17:49:22.050Z
929,Marcus RODRE,H,43,40-44M,SE,Duveds IF,619,f,Finisher,TRUE,420,350,76,32:20:41,116440.44,8319.75,200,26,2026-08-28T17:50:12.740Z
930,Jonathan WONG,H,40,40-44M,HK,Hoka Hong Kong,624,f,Finisher,TRUE,835,710,171,38:06:05,137165.21,13306.94,200,26,2026-08-28T17:49:58.190Z
931,Louis ROUSSEL,H,25,20-34M,FR,NA,623,f,Finisher,TRUE,849,723,196,38:15:30,137730.59,23510.519999999997,200,26,2026-08-28T17:50:40.030Z
932,Julien DAUPLAIS,H,34,20-34M,CA,NA,614,f,Finisher,TRUE,87,75,34,24:32:04,88323.8,2221.91,200,26,2026-08-28T17:49:03.890Z
933,Deliang LI,H,42,40-44M,CN,NA,622,f,Finisher,TRUE,534,455,99,34:25:21,123920.64,11161.859999999999,200,26,2026-08-28T17:51:11.560Z
934,Olivier LAFARGE,H,49,45-49M,FR,NA,621,f,Finisher,TRUE,590,502,69,35:22:32,127351.69,10648.32,200,26,2026-08-28T17:48:57.360Z
935,Simon CHIFFOLEAU,H,31,20-34M,FR,NA,622,f,Finisher,TRUE,600,511,152,35:29:25,127764.93,8468.23,200,26,2026-08-28T17:49:27.430Z
936,Juan MARTÍNEZ ARAQUE,H,42,40-44M,ES,CD JAÉN TRAIL,621,a,DNF,FALSE,1744,1465,340,21:32:14,73508.48,6887.6,52,19,2026-08-28T17:49:04.380Z
937,Paul REGLINSKI,H,41,40-44M,GB,NA,610,f,Finisher,TRUE,1464,1239,292,44:12:50,159170.45,19692.06,200,26,2026-08-28T17:52:17.380Z
938,Robert SPREAD,H,46,45-49M,GB,Lewes AC,621,a,DNF,FALSE,2025,1686,325,20:02:31,72150.05,6097.139999999999,38,14,2026-08-28T17:49:25.950Z
939,Danushka SONNADARAGE,H,25,20-34M,LK,Nottingham Triathlon Club / GC Athletics / ETT / CNR,622,f,Finisher,TRUE,1190,1019,238,41:50:30,150630.28,16507.489999999998,200,26,2026-08-28T17:51:09.520Z
940,Martin BREMHOLM,H,46,45-49M,DK,Aarhus 1900 Kick,622,f,Finisher,TRUE,508,431,60,33:57:50,122270.29,5722.79,200,26,2026-08-28T17:49:28.510Z
942,Sylvain LE CORRE,H,39,35-39M,FR,NA,621,f,Finisher,TRUE,348,287,81,30:43:10,110589.85,6672.789999999999,200,26,2026-08-28T17:50:19.760Z
943,Hakim SAHRAOUI,H,48,45-49M,FR,Running Conseil Annemasse / Team Sahraoui/VALLOIRE,619,f,Finisher,TRUE,434,362,44,32:39:25,117564.61,7868.249999999999,200,26,2026-08-28T17:49:06.550Z
944,Hugo ESNAULT,H,28,20-34M,FR,US PUTANGES HANDBALL,621,f,Finisher,TRUE,290,241,89,29:27:28,106048.07,3487.12,200,26,2026-08-28T17:49:23.000Z
945,Ion MENA GOITISOLO,H,35,35-39M,ES,Suzien Mendi Kluba,621,f,Finisher,TRUE,963,821,178,39:08:45,140924.42,8115.170000000001,200,26,2026-08-28T17:50:23.970Z
946,Jean Baptiste FINEL,H,41,40-44M,FR,Duc d'Anjou,620,f,Finisher,TRUE,268,222,49,29:05:06,104706.11,4658.11,200,26,2026-08-28T17:49:11.570Z
947,Sébastien FINEL,H,44,40-44M,FR,NA,623,f,Finisher,TRUE,668,568,133,36:21:39,130898.41,9402.67,200,25,2026-08-28T17:49:11.810Z
948,Tony KOZIAK,H,40,40-44M,FR,NA,620,a,DNF,FALSE,1931,1606,368,19:54:15,70353.15,8127.69,40,15,2026-08-28T17:49:17.950Z
949,Paul RENAUDIE,H,36,35-39M,FR,NA,620,f,Finisher,TRUE,692,590,137,36:41:50,132110.85,7608.449999999999,200,25,2026-08-28T17:49:21.110Z
950,Fabien BOUYER,H,52,50-54M,FR,NA,620,f,Finisher,TRUE,647,549,37,36:05:21,129921.41,10200.820000000002,200,26,2026-08-28T17:49:04.150Z
951,Jérôme NAIF,H,43,40-44M,BE,NA,620,f,Finisher,TRUE,861,733,177,38:22:27,138147.34,11841,200,26,2026-08-28T17:52:41.270Z
952,Clement SERRES,H,30,20-34M,FR,NA,620,f,Finisher,TRUE,495,419,135,33:44:54,121493.79,12185.9,200,26,2026-08-28T17:49:40.240Z
953,Julien ROBERTON,H,39,35-39M,FR,Aucun,619,f,Finisher,TRUE,520,442,111,34:10:19,123018.96,8271.310000000001,200,26,2026-08-28T17:49:44.410Z
954,Alexandre FERNANDES,H,38,35-39M,FR,NA,619,f,Finisher,TRUE,355,293,84,30:52:50,111169.85,10450.94,200,26,2026-08-28T17:49:46.960Z
955,Martin BRUNEAU,H,42,40-44M,FR,NA,619,f,Finisher,TRUE,407,339,71,31:58:54,115134.05,6264.47,200,26,2026-08-28T17:49:19.640Z
956,Oray GUNGOR,H,46,45-49M,TR,NA,619,f,Finisher,TRUE,1089,932,167,40:44:52,146692.66,33665.47,200,26,2026-08-28T17:49:58.080Z
957,Charles-Andre POETE,H,34,20-34M,FR,EVIAN OFF COURSE,619,f,Finisher,TRUE,311,260,94,29:48:02,107282.34,4222.87,200,26,2026-08-28T17:50:41.430Z
958,Duško BANJAC,H,37,35-39M,SI,Gecko,619,f,Finisher,TRUE,950,810,174,39:04:47,140686.2,7177.360000000001,200,25,2026-08-28T17:50:51.910Z
960,Marc BEHRINGER,H,34,20-34M,FR,NA,618,f,Finisher,TRUE,280,231,84,29:21:36,105695.86,3221.22,200,26,2026-08-28T17:50:15.600Z
961,Jacob HACKER,H,32,20-34M,AU,NA,618,f,Finisher,TRUE,651,553,162,36:10:11,130210.86,12599.16,200,26,2026-08-28T17:52:32.420Z
962,Sebastien HEDIGUER,H,30,20-34M,FR,NA,618,f,Finisher,TRUE,836,711,192,38:08:36,137316.17,12357.82,200,26,2026-08-28T17:49:28.290Z
963,Tamas HARSANYI,H,34,20-34M,HU,NA,618,f,Finisher,TRUE,1096,937,228,40:47:45,146864.83,15545.01,200,25,2026-08-28T17:49:58.620Z
964,Alexis CALLEWAERT,H,38,35-39M,FR,JSFertegaucher,618,f,Finisher,TRUE,337,278,77,30:26:59,109618.78,4758.79,200,26,2026-08-28T17:50:53.330Z
965,Wonkyo KO,H,43,40-44M,KR,NA,618,f,Finisher,TRUE,982,837,206,39:22:44,141763.95,8978.97,200,26,2026-08-28T17:51:36.110Z
966,Paul SZYNDRALEWICZ,H,33,20-34M,FR,https://www.strava.com/clubs/1270615?oq=gree,617,f,Finisher,TRUE,333,275,97,30:22:02,109322.05,7410.9800000000005,200,26,2026-08-28T17:51:05.820Z
967,Eirik UTHEIM,H,40,40-44M,NO,Hell Ultraløperklubb,617,f,Finisher,TRUE,659,560,129,36:14:16,130455.72,8771.089999999998,200,26,2026-08-28T17:52:32.880Z
968,Alexandre VILLANUEVA,H,38,35-39M,FR,NA,615,f,Finisher,TRUE,243,200,61,28:33:38,102817.68,4708.83,200,26,2026-08-28T17:49:02.370Z
969,Michael TAYLOR,H,54,50-54M,AU,NA,617,f,Finisher,TRUE,1104,942,80,40:52:19,147139.02,15628.050000000001,200,26,2026-08-28T17:49:56.810Z
970,Malo THOMAS,H,29,20-34M,FR,NADA,616,a,DNF,FALSE,1807,1509,293,18:25:17,66317.07,2851.69,48,17,2026-08-28T17:49:00.250Z
971,Matt SCHULMAN,H,32,20-34M,US,NA,617,f,Finisher,TRUE,498,422,136,33:48:14,121693.89,5416.78,200,26,2026-08-28T17:50:25.910Z
972,Istvan SZILAGYI,H,38,35-39M,HU,CoachT és az Elvetemültek,617,f,Finisher,TRUE,532,453,116,34:24:18,123857.93,7383.299999999999,200,26,2026-08-28T17:50:02.630Z
973,Albert COTS ROSIÑOL,H,54,50-54M,ES,Mountain Runners del Berguedà,616,f,Finisher,TRUE,464,389,20,33:10:09,119409.61,8733.19,200,26,2026-08-28T17:49:12.290Z
974,Brian MARTIN,H,33,20-34M,US,NA,616,f,Finisher,TRUE,504,428,137,33:51:22,121881.29,16057.070000000003,200,26,2026-08-28T17:50:56.790Z
975,Basile PERRIN-REYMOND,H,35,35-39M,FR,NA,653,f,Finisher,TRUE,270,223,65,29:12:42,105161.97,3688.16,200,26,2026-08-28T17:49:40.240Z
976,Benoit LEROY,H,31,20-34M,FR,Duc Army,616,f,Finisher,TRUE,619,528,154,35:44:25,128664.62,12554.56,200,26,2026-08-28T17:49:42.430Z
977,Adrien FRAYSSE,H,45,45-49M,FR,NA,616,a,DNF,FALSE,1838,1531,291,20:41:14,74359.1,4052.26,48,17,2026-08-28T17:49:48.530Z
978,Emanuel MONGE,H,38,35-39M,AR,Nadalez Team,616,a,DNF,FALSE,1701,1429,268,27:41:40,99700.33,3295.64,62,23,2026-08-28T17:50:01.560Z
979,Dave KANIA,H,48,45-49M,US,NA,615,f,Finisher,TRUE,298,248,27,29:35:51,106550.99,3700.6499999999996,200,26,2026-08-28T17:50:03.610Z
980,Todd NOTT,H,62,60-64M,US,Lincoln Running Club Nebraska,615,a,DNF,FALSE,1845,1534,23,22:43:46,81825.16,3264.87,48,17,2026-08-28T17:51:34.940Z
981,Arnaud ROSSION,H,33,20-34M,BE,Trakks Ambasseur / TLMC,615,f,Finisher,TRUE,484,408,132,33:34:16,120856.01,5223.5,200,26,2026-08-28T17:49:25.050Z
982,Marc-Antoine JACQZ,H,41,40-44M,FR,NA,615,f,Finisher,TRUE,377,313,65,31:23:16,112995.94,6132.589999999999,200,26,2026-08-28T17:50:07.690Z
983,Mason PARKER,H,27,20-34M,US,NA,629,f,Finisher,TRUE,644,546,159,36:04:02,129841.76,20203.559999999998,200,26,2026-08-28T17:52:23.520Z
984,Mateusz BUŁKA,H,47,45-49M,PL,FPT,615,f,Finisher,TRUE,743,633,98,37:12:06,133926.66,9150.02,200,26,2026-08-28T17:52:10.170Z
985,Raphael DRIVET,H,41,40-44M,FR,NA,615,f,Finisher,TRUE,758,648,156,37:19:13,134352.15,14069.53,200,26,2026-08-28T17:49:00.870Z
986,Oliver MORGADE,H,40,40-44M,ES,NA,615,f,Finisher,TRUE,255,211,47,28:46:58,103618.28,3979.7699999999995,200,26,2026-08-28T17:50:35.070Z
987,Brett ANDREWS,H,42,40-44M,AU,NA,615,f,Finisher,TRUE,486,410,94,33:35:03,120902.96,5338.92,200,26,2026-08-28T17:50:17.550Z
988,David FARJOT,H,45,45-49M,FR,MILOTRAIL,615,f,Finisher,TRUE,503,427,58,33:51:08,121868.06,9355.74,200,26,2026-08-28T17:52:23.130Z
989,Éric LEPRIEUR,H,49,45-49M,FR,NA,615,f,Finisher,TRUE,467,392,47,33:11:29,119489.02,9909.55,200,26,2026-08-28T17:50:03.780Z
990,Jordan MILLAR,H,27,20-34M,GB,Holmfirth Harriers,615,f,Finisher,TRUE,1348,1143,251,43:13:03,155583.54,13324.51,200,26,2026-08-28T17:51:40.210Z
991,Nicolas ROUSSEAU,H,44,40-44M,FR,NA,615,f,Finisher,TRUE,416,347,74,32:13:29,116008.17,7245.19,200,26,2026-08-28T17:50:18.830Z
992,Tim MARTIN,H,46,45-49M,GB,NA,615,a,DNF,FALSE,1702,1430,276,29:37:18,106637.6,9631.18,62,23,2026-08-28T17:49:59.620Z
993,Aurélien MUSY,H,34,20-34M,FR,Duc Army / MSN73,615,f,Finisher,TRUE,603,514,153,35:33:33,128012.89,12494.35,200,26,2026-08-28T17:49:42.430Z
994,Tomasz NOWAK,H,43,40-44M,PL,Activlab,615,f,Finisher,TRUE,466,391,88,33:11:20,119480.62,6445.139999999999,200,26,2026-08-28T17:51:35.060Z
995,Rocco ADDANTE,H,40,40-44M,US,NA,614,f,Finisher,TRUE,674,574,136,36:24:28,131068.44,6110.14,200,26,2026-08-28T17:49:44.080Z
996,Loic LE BRUN,H,32,20-34M,FR,NA,613,f,Finisher,TRUE,511,434,138,33:59:03,122343.29,8836.12,200,26,2026-08-28T17:52:33.070Z
997,Sébastien KNECHT,H,51,50-54M,BE,NA,613,a,DNF,FALSE,1916,1593,186,16:42:56,60176.28,2534.89,40,15,2026-08-28T17:49:18.250Z
998,Jacob CLOETE,H,28,20-34M,ZA,NA,613,a,DNF,FALSE,2091,1740,328,17:34:28,63268.31,4487.120000000001,30,11,2026-08-28T17:52:17.100Z
999,Xin ZHANG,H,33,20-34M,CN,luson,613,f,Finisher,TRUE,843,718,195,38:12:12,137531.59,11582.87,200,26,2026-08-28T17:50:26.970Z
1000,Roan VALLAT,H,42,40-44M,CH,NA,613,f,Finisher,TRUE,886,755,183,38:34:18,138857.79,16833.59,200,26,2026-08-28T17:50:23.870Z
1001,Eric BRANDT,H,56,55-59M,US,NA,613,f,Finisher,TRUE,570,484,8,35:10:17,126616.83,8590.851,200,26,2026-08-28T17:50:05.720Z
1002,Julien CONTE,H,45,45-49M,CA,NA,608,f,Finisher,TRUE,412,343,42,32:06:38,115598.43,9495.619999999999,200,26,2026-08-28T17:49:07.180Z
1003,Eric SANS,H,42,40-44M,FR,CARCASSONNE SPORT POLICE,613,f,Finisher,TRUE,381,317,66,31:26:48,113208.24,10255.92,200,26,2026-08-28T17:50:14.300Z
1004,Benjamin PERRIN,H,41,40-44M,FR,NA,612,f,Finisher,TRUE,893,762,186,38:36:24,138984.17,14310.84,200,26,2026-08-28T17:50:01.310Z
1005,Damien BERTRAND,H,35,35-39M,FR,NA,612,f,Finisher,TRUE,454,379,103,33:01:15,118874.74,6400.839999999999,200,26,2026-08-28T17:51:48.380Z
1006,Benjamin JOUANNAUD,H,53,50-54M,FR,Kaçkar Utmb,612,a,DNF,FALSE,2319,1925,246,07:14:16,26055.9,545.14,12,4,2026-08-28T17:52:14.100Z
1007,Jonathan DESHAIS,H,28,20-34M,FR,NA,612,f,Finisher,TRUE,733,625,178,37:04:57,133497.44,13009.140000000001,200,26,2026-08-28T17:50:32.470Z
1008,Alban PASSILLY,H,48,45-49M,FR,NA,612,a,DNF,FALSE,2126,1772,335,15:14:40,54880.34,2358.38,28,11,2026-08-28T17:50:31.140Z
1009,James SULLIVAN,H,40,40-44M,AU,NA,612,f,Finisher,TRUE,1460,1236,291,44:11:28,159088.64,14715.470000000001,200,26,2026-08-28T17:49:16.170Z
1010,Noé VIDONNE,H,34,20-34M,FR,NA,609,f,Finisher,TRUE,523,445,141,34:14:45,123284.83,4899.79,200,26,2026-08-28T17:49:46.960Z
1012,Jarrod SOPNIEWSKI,H,29,20-34M,AU,NA,611,a,DNF,FALSE,1943,1617,317,22:13:28,76431.99,13029.14,40,15,2026-08-28T17:52:59.590Z
1013,Chengwu SUN,H,46,45-49M,CN,Beijing Longyuan Ironman Triathlon,611,hd,DNF,FALSE,2373,1965,362,06:02:42,20683.03,1078.57,10,3,2026-08-28T17:53:01.440Z
1014,Abel GONÇALVES DE SANTIAGO,H,29,20-34M,FR,NA,611,f,Finisher,TRUE,783,669,183,37:36:09,135368.75,15648.610000000002,200,26,2026-08-28T17:48:56.340Z
1015,Franck BAUDOUIN,H,34,20-34M,FR,NA,610,f,Finisher,TRUE,395,328,113,31:46:35,114395.43,3871.5999999999995,200,26,2026-08-28T17:50:19.380Z
1016,Harry MURDOCH,H,34,20-34M,AU,NA,610,f,Finisher,TRUE,563,478,148,34:59:56,125996.49,6757.4,200,25,2026-08-28T17:52:32.410Z
1017,David O'DWYER,H,43,40-44M,GB,NA,637,f,Finisher,TRUE,519,441,97,34:10:16,123015.18,10296.350000000002,200,26,2026-08-28T17:50:07.990Z
1018,Michael COLLOT,H,35,35-39M,FR,NA,610,f,Finisher,TRUE,531,452,115,34:23:57,123836.49,7103.280000000001,200,26,2026-08-28T17:49:13.690Z
1019,Damien MATZ,H,30,20-34M,FR,NA,610,a,DNF,FALSE,2265,1878,356,08:42:39,31346.83,540.07,16,6,2026-08-28T17:50:31.410Z
1020,James CLEAL,H,40,40-44M,AU,Dream Chafers,610,f,Finisher,TRUE,966,823,202,39:12:02,141121.64,21243.280000000002,200,26,2026-08-28T17:49:15.950Z
1021,Sébastien LEDIG,H,42,40-44M,FR,Team Kiprun,610,f,Finisher,TRUE,601,512,120,35:30:10,127810.1,10114.61,200,26,2026-08-28T17:49:15.270Z
1022,Michele AIELLO,H,31,20-34M,IT,NA,623,f,Finisher,TRUE,854,727,199,38:18:31,137910.71,17682.2,200,26,2026-08-28T17:52:33.360Z
1023,Riccardo MALACRIDA,H,39,35-39M,IT,DU Coaching,610,f,Finisher,TRUE,571,485,123,35:11:26,126685.37,5504.129999999999,200,26,2026-08-28T17:51:05.780Z
1024,Ruben ESQUERDA ROLDAN,H,50,50-54M,ES,Vegantrail,610,f,Finisher,TRUE,637,541,35,35:57:42,129461.85,14422.25,200,26,2026-08-28T17:49:34.230Z
1025,Alexandre SAILLARD,H,32,20-34M,FR,Dérapage Running Club,610,f,Finisher,TRUE,249,205,71,28:39:36,103175.78,6278.740000000001,200,26,2026-08-28T17:51:20.880Z
1026,Eric BUFFET,H,47,45-49M,FR,ESL Francheville,609,f,Finisher,TRUE,669,569,83,36:22:52,130971.58,7234.799999999999,200,26,2026-08-28T17:52:05.780Z
1028,Aidan D'ARCY,H,34,20-34M,AU,NA,608,f,Finisher,TRUE,930,795,211,38:53:24,140003.5,8746.199999999999,200,26,2026-08-28T17:49:39.680Z
1029,Maxime JONVAL,H,30,20-34M,FR,TTC,609,f,Finisher,TRUE,515,438,140,34:04:10,122649.82,6559.79,200,26,2026-08-28T17:49:52.530Z
1030,Geoffray ANDRE,H,50,50-54M,FR,NCA Querqueville,609,f,Finisher,TRUE,769,658,46,37:27:56,134875.67,8929.74,200,26,2026-08-28T17:50:41.830Z
1031,Sebastien SELLIER,H,46,45-49M,FR,NA,606,a,DNF,FALSE,1725,1450,278,29:27:37,101853.77,12942.8,58,21,2026-08-28T17:51:07.950Z
1032,Marius GROLLERON,H,24,20-34M,FR,NA,609,hd,DNF,FALSE,2240,1859,353,15:19:33,55173.007,1143.6399999999999,22,8,2026-08-28T17:50:06.920Z
1033,Tapio PAASO,H,48,45-49M,FI,Team Leijonantassu,609,f,Finisher,TRUE,1231,1051,199,42:09:41,151781.31,13883.32,200,26,2026-08-28T17:51:15.340Z
1034,Florian PREHU,H,38,35-39M,FR,NA,597,f,Finisher,TRUE,320,266,75,29:59:43,107982.98,7794.500000000001,200,26,2026-08-28T17:50:28.410Z
1035,Benoit COSSETTE-ROMPRÉ,H,31,20-34M,CA,NA,608,a,DNF,FALSE,2340,1939,365,04:16:16,12884.76,2490.67,10,3,2026-08-28T17:49:02.580Z
1036,Jani RIPATTI,H,46,45-49M,FI,Downtown 65,608,a,DNF,FALSE,1928,1603,304,19:43:57,69686.45,7496.43,40,15,2026-08-28T17:52:31.100Z
1037,Yvan CHARITA,H,53,50-54M,FR,Jogg'Attitude Vals,608,f,Finisher,TRUE,643,545,36,36:01:43,129703.46,7593.36,200,26,2026-08-28T17:50:17.210Z
1038,Jacek BARANOWSKI,H,46,45-49M,PL,JacekBiega Running Team,608,f,Finisher,TRUE,507,430,59,33:54:11,122051.25,14131.23,200,26,2026-08-28T17:52:26.540Z
1039,Léo GALLET,H,32,20-34M,FR,NA,608,f,Finisher,TRUE,558,473,147,34:50:38,125437.83,11483.97,200,26,2026-08-28T17:49:24.530Z
1040,Thibault BECQUET,H,29,20-34M,FR,RUN EXPERT ANNECY,608,a,DNF,FALSE,1719,1444,282,27:44:28,90888.84,14196.36,58,21,2026-08-28T17:49:16.000Z
1041,Lorenzo MORSIANI,H,32,20-34M,IT,MyPace,608,f,Finisher,TRUE,622,531,156,35:46:11,128770.68,6742.469999999999,200,26,2026-08-28T17:49:55.700Z
1042,Francesco CARBONE,H,34,20-34M,IT,ASD INRUN,594,f,Finisher,TRUE,409,341,117,31:59:34,115174.18,1857.15,200,26,2026-08-28T17:49:53.350Z
1043,Michel CHEFGROS,H,46,45-49M,FR,A l'arrache,608,f,Finisher,TRUE,888,757,123,38:35:23,138923.07,11209.18,200,26,2026-08-28T17:49:11.110Z
1044,Pavel SHMIDT,H,39,35-39M,KG,NA,607,a,DNF,FALSE,1789,1499,287,23:33:10,84790.03,1904.5500000000002,51,18,2026-08-28T17:50:49.800Z
1045,Daniel ZUMSTEG,H,44,40-44M,CH,Laufgruppe Solothurn,607,a,DNF,FALSE,2124,1770,396,14:57:26,53846.12,852.38,28,11,2026-08-28T17:50:52.800Z
1046,Serge HILTPOLD,H,55,55-59M,CH,NA,607,f,Finisher,TRUE,1106,944,31,40:52:40,147159.89,13841.13,200,26,2026-08-28T17:52:38.120Z
1047,Florent DUPONT,H,39,35-39M,GB,NA,607,f,Finisher,TRUE,1294,1104,213,42:48:53,154133.2,13663.59,200,26,2026-08-28T17:52:20.620Z
1049,Juan Carlos CEBALLOS,H,43,40-44M,CO,Tri&Trail,607,f,Finisher,TRUE,794,678,165,37:45:10,135909.96,12311.13,200,26,2026-08-28T17:49:35.060Z
1050,Davut ALTUN,H,40,40-44M,TR,NA,600,f,Finisher,TRUE,1067,914,227,40:34:51,146091.04,20142.829999999998,200,26,2026-08-28T17:50:04.760Z
1051,Blake ARNOLD,H,28,20-34M,AU,NA,606,f,Finisher,TRUE,864,736,201,38:23:08,138187.7,10772.41,200,26,2026-08-28T17:50:55.950Z
1052,Rodolphe CLAEYS,H,48,45-49M,BE,NA,604,f,Finisher,TRUE,1006,859,145,39:39:18,142757.97,15316.330000000002,200,26,2026-08-28T17:50:05.800Z
1053,Régis CAMPION,H,43,40-44M,FR,RAID FS,606,f,Finisher,TRUE,1170,1000,245,41:37:39,149859.23,14133.91,200,26,2026-08-28T17:52:26.220Z
1054,Thibaut REVENAZ,H,47,45-49M,CA,EuroSport,605,a,DNF,FALSE,1836,1530,290,20:04:52,72292.33,4863.92,48,17,2026-08-28T17:49:17.510Z
1055,Bernard JOSEPH,H,49,45-49M,BE,NA,599,f,Finisher,TRUE,1220,1042,198,42:04:11,151451.31,16137.19,200,26,2026-08-28T17:50:50.080Z
1056,Suha AKMAN,H,46,45-49M,TR,Bold Union,605,f,Finisher,TRUE,1088,931,166,40:44:41,146680.7,32998.75,200,26,2026-08-28T17:50:09.800Z
1057,Julien BALADOU,H,43,40-44M,FR,Sommets des Bauges,605,f,Finisher,TRUE,805,688,167,37:49:03,136142.34,15065.95,200,25,2026-08-28T17:48:56.990Z
1058,Adam HEISER,H,50,50-54M,US,ITL Coaching,604,np,Other,FALSE,NA,NA,NA,00:00:00,0,NA,NA,0,2026-08-28T17:48:12.000Z
1059,Laurent LARUELLE,H,38,35-39M,BE,Les Gars Lactiques,658,f,Finisher,TRUE,403,335,97,31:54:56,114895.73,6049.58,200,26,2026-08-28T17:49:57.500Z
1060,Charles HELLO,H,31,20-34M,FR,NA,604,f,Finisher,TRUE,635,540,157,35:57:04,129424.39,14101.55,200,26,2026-08-28T17:50:28.410Z
1061,Valeriu CRUDU,H,52,50-54M,MD,Blessing Hearts,604,f,Finisher,TRUE,1021,874,73,39:47:45,143264.77,8767.14,200,26,2026-08-28T17:52:47.300Z
1062,Eymeric BOURGIER,H,37,35-39M,FR,SMRT,604,f,Finisher,TRUE,431,359,99,32:33:23,117203.26,5138.46,200,26,2026-08-28T17:49:34.430Z
1063,Franck MARECAUX,H,36,35-39M,FR,TEAM BROTHER,601,f,Finisher,TRUE,517,439,110,34:08:29,122908.82,12545.78,200,26,2026-08-28T17:49:08.980Z
1064,Alexandre SECCAUD,H,53,50-54M,FR,Physionline,603,f,Finisher,TRUE,1293,1103,110,42:48:37,154116.71,18848.02,200,26,2026-08-28T17:51:53.770Z
1065,Manabu INOUE,H,46,45-49M,JP,NA,603,f,Finisher,TRUE,700,597,89,36:44:36,132276.33,10014.07,200,26,2026-08-28T17:49:22.160Z
1066,William SIGGERS,H,38,35-39M,GB,NA,602,f,Finisher,TRUE,542,461,119,34:28:36,124116.48,10665.11,200,26,2026-08-28T17:52:34.500Z
1067,Guillaume CACHON,H,29,20-34M,FR,NA,603,a,DNF,FALSE,1918,1594,311,17:38:10,59734.88,5552.88,40,15,2026-08-28T17:51:19.690Z
1068,Julien LE GARREC,H,48,45-49M,FR,Footing Airvaudais trail,602,f,Finisher,TRUE,487,411,55,33:35:09,120909.39,7197.29,200,26,2026-08-28T17:50:21.020Z
1069,Emeric ROZIAU,H,44,40-44M,FR,NA,602,f,Finisher,TRUE,716,610,146,36:53:41,132820.11,9896.07,200,25,2026-08-28T17:51:06.920Z
1070,Vincent ROBERT,H,47,45-49M,CH,NA,602,f,Finisher,TRUE,362,298,36,31:03:45,111824.82,5869.8,200,26,2026-08-28T17:49:23.610Z
1071,Frédéric PIQUET,H,41,40-44M,FR,sas Indukraft,601,f,Finisher,TRUE,617,526,122,35:43:14,128594.76,8698.81,200,26,2026-08-28T17:49:14.060Z
1072,Olivier VALERY,H,57,55-59M,FR,RUNINCRES,602,f,Finisher,TRUE,994,848,23,39:30:26,142225.1,15865.580000000002,200,26,2026-08-28T17:51:57.900Z
1073,Alexandre LE VERGER,H,34,20-34M,FR,Tonton Outdoor,603,f,Finisher,TRUE,392,325,111,31:43:21,114201.11,10950.300000000001,200,26,2026-08-28T17:52:47.300Z
1074,Weerasak NIYAMABHA,H,40,40-44M,TH,AAVENTURE,602,hd,DNF,FALSE,1774,1488,345,31:35:55,113754.24,6095.0599999999995,52,19,2026-08-28T17:52:56.800Z
1075,Jose Alberto ESTRADA ARAGON,H,43,40-44M,ES,Scott ,601,f,Finisher,TRUE,475,399,92,33:21:55,120114.93,7792.41,200,26,2026-08-28T17:49:47.150Z
1076,Samuel DERIEZ GRANGER,H,43,40-44M,FR,Paris Racing Cluc,602,f,Finisher,TRUE,680,579,139,36:28:13,131293.38,7183.960000000001,200,26,2026-08-28T17:50:29.380Z
1077,Marco REPPUCCI,H,35,35-39M,IT,Si-Sport S.Stefano Borgomanero,608,f,Finisher,TRUE,953,813,175,39:06:06,140766.21,15745.550000000001,200,26,2026-08-28T17:51:19.030Z
1078,Maxence MALENFANT,H,32,20-34M,FR,Team Trail Paris,601,a,DNF,FALSE,1745,1466,288,21:33:06,71959.99,9358.84,52,19,2026-08-28T17:49:42.580Z
1079,Lorenzo PICCININI,H,52,50-54M,IT,rimini marathon unstoppable,601,f,Finisher,TRUE,967,824,68,39:12:05,141124.85,20010.890000000003,200,26,2026-08-28T17:49:44.620Z
1080,Jérome THOLLET,H,48,45-49M,FR,NA,601,f,Finisher,TRUE,347,286,35,30:42:28,110548.29,4547.79,200,26,2026-08-28T17:49:15.460Z
1081,Benoît MUSELET,H,34,20-34M,FR,Verti'Trail,600,f,Finisher,TRUE,1537,1302,264,44:41:13,160872.4,14380.69,200,26,2026-08-28T17:52:01.790Z
1082,Savinien LEGELEUX,H,32,20-34M,FR,NA,600,f,Finisher,TRUE,289,240,88,29:25:56,105955.96,7379.7300000000005,200,25,2026-08-28T17:48:56.110Z
1083,Jules CAILLOT,H,36,35-39M,FR,BAMBOCHE,600,f,Finisher,TRUE,335,277,76,30:22:51,109371.08,6908.220000000001,200,26,2026-08-28T17:52:01.770Z
1084,Łukasz RÓŻANOWSKI,H,41,40-44M,PL,NA,600,f,Finisher,TRUE,469,394,90,33:16:22,119781.98,3870.42,200,26,2026-08-28T17:52:23.970Z
1085,Masato TANAKA,H,59,55-59M,JP,NA,598,f,Finisher,TRUE,793,677,15,37:43:05,135785.03,9980.01,200,26,2026-08-28T17:51:12.020Z
1086,David LAURIERE,H,32,20-34M,FR,NA,598,f,Finisher,TRUE,405,337,115,31:57:27,115047.52,4754.5,200,26,2026-08-28T17:49:28.270Z
1087,Francesco MAZZIOTTI,H,50,50-54M,IT,NA,600,f,Finisher,TRUE,998,852,70,39:33:48,142428.12,5378.92,200,26,2026-08-28T17:51:02.360Z
1088,Arturo GARCIA-HUIDOBRO PRIETO,H,48,45-49M,CL,Hampstead Heath Huevones,600,f,Finisher,TRUE,577,490,67,35:15:36,126935.99,9208.289999999999,200,26,2026-08-28T17:50:45.730Z
1089,Antoine MARPEAU,H,41,40-44M,FR,NA,599,f,Finisher,TRUE,744,634,150,37:12:09,133929.49,12699.529999999999,200,26,2026-08-28T17:52:54.130Z
1090,David GARCÍA LINDO,H,37,35-39M,ES,G.M. San Bernardo,599,a,DNF,FALSE,2066,1720,313,15:06:24,54384.1,3753.3599999999997,30,12,2026-08-28T17:50:50.250Z
1091,Anthony GALERNE,H,35,35-39M,FR,NA,599,f,Finisher,TRUE,1251,1069,208,42:21:30,152490,18130.51,200,26,2026-08-28T17:51:57.330Z
1092,Elias BERNARD,H,31,20-34M,FR,NA,599,a,DNF,FALSE,2125,1771,339,15:02:54,54174.28,9292.83,28,11,2026-08-28T17:49:07.210Z
1093,Karolina SOPA,F,48,45-49W,PL,NA,598,f,Finisher,TRUE,865,129,14,38:23:16,138196.06,10289.41,200,26,2026-08-28T17:49:22.140Z
1094,Yannick BONIS,H,44,40-44M,FR,SC CHATEAURENARD,598,f,Finisher,TRUE,1080,924,232,40:40:54,146453.97,12037.410000000002,200,26,2026-08-28T17:49:24.790Z
1095,Philippe ERNST,H,47,45-49M,FR,None,598,f,Finisher,TRUE,485,409,54,33:34:31,120870.92,7153.75,200,26,2026-08-28T17:51:18.310Z
1096,Joze TRSELIC,H,48,45-49M,SI,Amfibija Outdoor Adventures,598,f,Finisher,TRUE,754,644,102,37:18:56,134335.29,6923.52,200,25,2026-08-28T17:52:16.860Z
1097,Ming LI,H,40,40-44M,SG,NA,596,f,Finisher,TRUE,1497,1267,300,44:22:57,159777.09,17381.48,200,26,2026-08-28T17:51:54.000Z
1098,Kazuki MATSUMURA,H,40,40-44M,JP,NA,598,f,Finisher,TRUE,748,638,153,37:14:49,134088.48,10435.91,200,26,2026-08-28T17:51:00.720Z
1099,Thomas D'HUMIERES,H,37,35-39M,FR,Inglorious Trailers,596,f,Finisher,TRUE,1237,1057,205,42:11:47,151907.05,14197.23,200,26,2026-08-28T17:50:48.320Z
1100,Thierry PECHERAND,H,53,50-54M,FR,EAC,598,f,Finisher,TRUE,701,598,41,36:44:53,132292.62,12587.430000000002,200,26,2026-08-28T17:49:37.690Z
1101,Steve ROWBURY,H,59,55-59M,GB,Donner Party Mountain Runners,599,f,Finisher,TRUE,450,375,3,32:50:09,118208.28,6878.789999999999,200,26,2026-08-28T17:49:44.990Z
1102,Jiyoung PARK,F,43,40-44W,KR,NA,596,f,Finisher,TRUE,1071,155,26,40:35:22,146122.41,10933.27,200,26,2026-08-28T17:49:27.180Z
1103,Matt CLARK,H,45,45-49M,GB,NA,594,f,Finisher,TRUE,1206,1031,194,41:58:31,151111.67,8454.289999999999,200,26,2026-08-28T17:51:49.320Z
1104,Peter CHAPMAN,H,44,40-44M,US,NA,597,f,Finisher,TRUE,410,342,72,31:59:59,115198.45,5899.219999999999,200,26,2026-08-28T17:50:42.930Z
1105,Sébastien KOSLOFF,H,51,50-54M,FR,NA,597,f,Finisher,TRUE,1296,1106,111,42:48:56,154136.2,14563.8,200,26,2026-08-28T17:49:28.270Z
1106,Iñaki SANCHO DE LA GARZA,H,42,40-44M,ES,GANERANTZ M.T.,597,f,Finisher,TRUE,594,505,117,35:24:46,127485.87,10798.630000000001,200,26,2026-08-28T17:50:38.130Z
1107,Julien FREDONNET,H,51,50-54M,AU,Sentier Run Club,597,f,Finisher,TRUE,771,660,47,37:29:36,134975.86,13436.749999999998,200,26,2026-08-28T17:50:20.300Z
1108,François HINAULT,H,39,35-39M,FR,Grand Raid du Finistère,596,f,Finisher,TRUE,553,469,121,34:44:26,125065.38,10770.62,200,26,2026-08-28T17:48:56.800Z
1109,Juliane HOFMANN,F,38,35-39W,DE,NA,660,f,Finisher,TRUE,604,90,32,35:33:53,128032.07,15799.939999999999,200,26,2026-08-28T17:52:27.990Z
1110,Amber HOULE,F,36,35-39W,CA,SFRC,596,f,Finisher,TRUE,516,78,27,34:07:56,122876.66,6298.14,200,26,2026-08-28T17:50:26.290Z
1111,Roser NICOLAU,F,49,45-49W,ES,15 CUMBRES,602,f,Finisher,TRUE,582,88,10,35:18:35,127115.85,7773.16,200,26,2026-08-28T17:51:53.140Z
1112,Alessandro MICHELINI,H,36,35-39M,IT,Asd Maiella Trail,596,f,Finisher,TRUE,894,763,165,38:37:04,139024.95,13702.850000000002,200,25,2026-08-28T17:49:34.000Z
1113,Jamie FUNNELL,H,36,35-39M,GB,Springfield Striders RC,602,f,Finisher,TRUE,428,356,98,32:29:22,116961.88,6365.339999999999,200,26,2026-08-28T17:51:06.960Z
1114,Matthew MCCLAIN,H,45,45-49M,US,NA,596,f,Finisher,TRUE,765,654,104,37:25:32,134731.34,9709.97,200,26,2026-08-28T17:49:17.970Z
1115,Artur PIECHA,H,49,45-49M,PL,Orange Running Team,593,np,Other,FALSE,NA,NA,NA,00:00:00,0,NA,NA,0,2026-08-28T17:48:12.000Z
1116,Andrea SAPORITO,H,45,45-49M,IT,NA,596,a,DNF,FALSE,1856,1545,295,25:12:07,90726.43,4650.95,48,17,2026-08-28T17:50:20.810Z
1117,Jean Baptiste DUMONT,H,41,40-44M,FR,NA,596,f,Finisher,TRUE,1118,954,237,40:56:31,147390.81,12081.23,200,26,2026-08-28T17:51:58.370Z
1118,Jerome GUYOT,H,48,45-49M,FR,NA,595,a,DNF,FALSE,2344,1942,361,04:37:45,15637.93,1027.28,10,3,2026-08-28T17:50:27.730Z
1119,Nicolas ROBLES,H,44,40-44M,FR,Les Chamois du Lac,595,f,Finisher,TRUE,545,463,103,34:34:19,124459.2,11391.669999999998,200,26,2026-08-28T17:49:38.120Z
1120,Nikola BABIC,H,30,20-34M,FR,SCUF,595,f,Finisher,TRUE,907,774,208,38:43:25,139404.82,13347.27,200,26,2026-08-28T17:51:45.290Z
1121,Dylan COLE-JONES,H,54,50-54M,AU,Noosa Ultra Trail Runners (NUTR),595,f,Finisher,TRUE,708,605,42,36:50:12,132612.12,12164.29,200,26,2026-08-28T17:49:56.830Z
1122,Meng Yun TUNG,F,38,35-39W,TW,GFRC,595,f,Finisher,TRUE,506,77,26,33:52:44,121964.37,4624.59,200,26,2026-08-28T17:50:14.250Z
1123,Jordan BOUTHERIN,H,35,35-39M,FR,NA,595,f,Finisher,TRUE,559,474,122,34:50:47,125447.24,14572.050000000001,200,26,2026-08-28T17:49:30.330Z
1125,Tsen Tsz CHZHAN,H,32,20-34M,CA,NA,594,f,Finisher,TRUE,284,235,86,29:23:51,105831.22,6666.8,200,26,2026-08-28T17:48:51.380Z
1126,Thibaut RINGEISEN,H,32,20-34M,FR,Morraly Running Club,545,f,Finisher,TRUE,1041,892,223,40:09:53,144593.02,20097.77,200,26,2026-08-28T17:52:34.260Z
1127,David LAULHEY,H,53,50-54M,FR,NA,593,f,Finisher,TRUE,632,538,34,35:53:54,129234.1,9785.640000000001,200,26,2026-08-28T17:49:11.340Z
1128,Steeve BERTAZZONI,H,50,50-54M,FR,NA,594,f,Finisher,TRUE,1099,939,77,40:49:29,146968.89,10467.799999999997,200,26,2026-08-28T17:51:17.570Z
1129,Antoine MARTIN,H,42,40-44M,FR,NA,594,f,Finisher,TRUE,818,699,169,37:53:34,136414.86,9396.529999999999,200,26,2026-08-28T17:50:23.040Z
1130,Nicolas TOURNILLON,H,44,40-44M,FR,club 26 allan,594,f,Finisher,TRUE,660,561,130,36:14:47,130487.71,12247.890000000001,200,26,2026-08-28T17:51:32.200Z
1131,Maxime LEYZOUR,H,43,40-44M,FR,Team Breiz'Line,594,f,Finisher,TRUE,1459,1235,290,44:10:21,159020.79,27438.760000000002,200,26,2026-08-28T17:48:56.350Z
1132,Marthe MAGIS,F,39,35-39W,FR,Ncs traileman,594,f,Finisher,TRUE,1003,147,46,39:36:22,142581.86,19099.04,200,26,2026-08-28T17:52:23.510Z
1133,Arthur LE PAIGE,H,31,20-34M,BE,NA,593,f,Finisher,TRUE,1022,875,220,39:48:23,143303.44,16127.830000000002,200,26,2026-08-28T17:50:05.110Z
1134,João VEIGA,H,53,50-54M,PT,OCS - Arrábida Trail Team,593,f,Finisher,TRUE,838,713,54,38:10:03,137403.18,8621.14,200,26,2026-08-28T17:50:38.360Z
1135,Ilya DYUKOV,H,45,45-49M,AN,Beganutie,593,f,Finisher,TRUE,1184,1014,189,41:48:39,150518.43,16121.949999999999,200,26,2026-08-28T17:52:52.670Z
1136,Jordan FARISSIER,H,35,35-39M,FR,AS RAISMES ATHLETISME,589,f,Finisher,TRUE,1274,1088,211,42:34:58,153298.31,19228.55,200,26,2026-08-28T17:50:29.400Z
1137,Kazuhito TAJIMA,H,62,60-64M,JP,Hiroo Father's Running Club,592,f,Finisher,TRUE,1261,1077,13,42:29:51,152991.33,12331.730000000001,200,26,2026-08-28T17:50:20.020Z
1138,Fei GAO,F,37,35-39W,CN,Flossie Fei Gao,592,a,DNF,FALSE,2190,369,93,13:38:00,49061.91,209.62,26,10,2026-08-28T17:51:24.090Z
1139,Wen Shan LIM,H,42,40-44M,MY,NA,592,f,Finisher,TRUE,760,650,157,37:22:10,134530.19,9783.83,200,26,2026-08-28T17:49:29.230Z
1140,Jules ISERENTANT,H,40,40-44M,FR,NA,592,f,Finisher,TRUE,468,393,89,33:12:34,119554.14,5984.199999999999,200,25,2026-08-28T17:52:18.000Z
1141,Kevin PEURON,H,35,35-39M,FR,Trail Rostren,592,f,Finisher,TRUE,749,639,145,37:15:33,134133.53,7153.269999999999,200,26,2026-08-28T17:50:54.240Z
1142,Killian GUENICHOT,H,34,20-34M,FR,NA,600,a,DNF,FALSE,2354,1951,366,05:24:44,18369.7,1114.95,10,3,2026-08-28T17:50:58.210Z
1143,Arinnakorn CHINNAHUNHA,H,44,40-44M,TH,Success Gym,592,np,Other,FALSE,NA,NA,NA,00:00:00,0,NA,NA,0,2026-08-28T17:48:12.000Z
1144,Igor KARPINSKI,H,36,35-39M,FR,NA,592,f,Finisher,TRUE,400,332,96,31:50:15,114615.66,9217.619999999999,200,26,2026-08-28T17:51:24.310Z
1145,David FAUSTINO,H,61,60-64M,PT,SS CGD,591,f,Finisher,TRUE,707,604,4,36:49:47,132587.29,4836.570000000001,200,26,2026-08-28T17:52:19.460Z
1146,Janis UKASS,H,40,40-44M,LV,VSK Burkanciems&CO,591,f,Finisher,TRUE,361,297,61,31:01:16,111675.82,4583.23,200,26,2026-08-28T17:50:55.180Z
1147,Olivier GAVALAND,H,55,55-59M,FR,EA Pays de broceliande,591,f,Finisher,TRUE,741,631,14,37:11:26,133886.41,9574.49,200,26,2026-08-28T17:49:29.240Z
1148,Silviu Adrian MOISE,H,35,35-39M,RO,NA,591,f,Finisher,TRUE,737,628,144,37:07:23,133643.36,7909.5999999999995,200,26,2026-08-28T17:49:18.490Z
1149,Luca MARCONI,H,48,45-49M,IT,asd kinomana,590,f,Finisher,TRUE,762,652,103,37:24:18,134657.88,12858.099999999999,200,26,2026-08-28T17:50:51.920Z
1150,Thibaud SIMONNET,H,35,35-39M,FR,NA,591,f,Finisher,TRUE,597,508,126,35:28:32,127711.44,9292.470000000001,200,26,2026-08-28T17:49:09.930Z
1151,Po Wah YEUNG,H,40,40-44M,HK,NA,591,f,Finisher,TRUE,1034,885,217,40:01:30,144090.35,7328.46,200,26,2026-08-28T17:51:42.590Z
1152,Jarkko PALONIEMI,H,46,45-49M,FI,NA,590,f,Finisher,TRUE,456,381,45,33:01:24,118884.81,3973,200,26,2026-08-28T17:52:31.080Z
1153,Rebecka FORSBERG,F,34,20-34W,SE,Hippos RC,590,f,Finisher,TRUE,444,75,27,32:45:18,117918.65,5194.110000000001,200,26,2026-08-28T17:49:52.250Z
1154,Ben CAMERON,H,45,45-49M,NZ,Fulham Running Club,590,f,Finisher,TRUE,729,621,94,37:02:37,133357.2,5961.25,200,26,2026-08-28T17:50:16.790Z
1155,Cosmo RICHARDS,H,51,50-54M,AU,NA,590,a,DNF,FALSE,2361,1957,250,05:37:08,19890.13,337.74,10,3,2026-08-28T17:52:29.300Z
1156,Damien CARFANTAN,H,39,35-39M,FR,Team LASA,590,f,Finisher,TRUE,595,506,125,35:24:53,127492.93,14464.37,200,26,2026-08-28T17:52:21.650Z
1157,Luke LLOYD,H,26,20-34M,GB,Clayton le-moors Harriers,590,a,DNF,FALSE,2274,1886,358,10:05:49,36342.55,NA,16,6,2026-08-28T17:51:39.990Z
1158,Hugo FRANCO,H,47,45-49M,MX,Cuesta Arriba Trail Running,590,f,Finisher,TRUE,813,695,110,37:51:13,136273.37,6127.4400000000005,200,26,2026-08-28T17:52:15.050Z
1159,Leonie HASENAUER,F,31,20-34W,AT,LC Oberpinzgau,597,f,Finisher,TRUE,631,94,32,35:53:52,129232.48,7450.94,200,26,2026-08-28T17:49:46.270Z
1160,Marc-Antoine MILLONES,H,26,20-34M,CA,NA,603,f,Finisher,TRUE,1443,1223,259,43:57:20,158240.17,23458.12,200,26,2026-08-28T17:49:50.430Z
1163,Angelo PAPA,H,49,45-49M,VE,Ultramaratones Venezuela,589,f,Finisher,TRUE,828,705,112,38:03:10,136990.35,9027.79,200,26,2026-08-28T17:49:09.010Z
1164,Clément ESTEVE,H,31,20-34M,FR,NA,589,f,Finisher,TRUE,697,594,173,36:44:09,132249.03,12260.42,200,26,2026-08-28T17:52:10.440Z
1166,Sam VAN GERVEN,H,40,40-44M,NL,NA,589,f,Finisher,TRUE,914,780,188,38:46:00,139559.47,20294.22,200,26,2026-08-28T17:49:45.640Z
1167,Kmysti REGUIG,H,48,45-49M,FR,NA,589,hd,DNF,FALSE,1983,1651,315,23:21:07,79864.44,11907.119999999999,40,15,2026-08-28T17:52:19.950Z
1168,William SÉNÉ,H,39,35-39M,FR,Mazouman,589,f,Finisher,TRUE,983,838,180,39:24:24,141863.28,14546.019999999999,200,25,2026-08-28T17:50:09.810Z
1169,Benjamin DEYZERALD,H,39,35-39M,FR,NA,589,f,Finisher,TRUE,673,573,134,36:24:04,131044.14,14338.46,200,26,2026-08-28T17:49:22.360Z
1170,Hélder CUNHA,H,46,45-49M,PT,LR TRAIL RUNNING,589,f,Finisher,TRUE,738,629,97,37:08:30,133710,8203.95,200,26,2026-08-28T17:52:10.450Z
1171,Pablo Sebastian BONILLA,H,48,45-49M,AR,NA,589,f,Finisher,TRUE,613,523,73,35:42:33,128553.67,3653.7900000000004,200,26,2026-08-28T17:50:56.170Z
1172,Charles MAISONNIER,H,27,20-34M,FR,HCG Team,589,f,Finisher,TRUE,989,844,218,39:28:33,142112.94,5390.19,200,26,2026-08-28T17:52:23.960Z
1173,Henry Stephen GROSS,H,46,45-49M,US,Run PA,588,f,Finisher,TRUE,923,788,127,38:48:53,139733.12,12883.960000000001,200,26,2026-08-28T17:50:06.050Z
1174,Mariana HAMMOND,F,40,40-44W,AR,Civa Endurance Club,588,a,DNF,FALSE,1837,307,59,20:05:08,72289.23,1048.16,48,17,2026-08-28T17:48:59.070Z
1175,Vitor DINIZ,H,55,55-59M,PT,Clube de Atletismo de Ferreira do Zêzere,588,f,Finisher,TRUE,592,504,11,35:22:51,127371.04,10638,200,26,2026-08-28T17:51:19.130Z
1176,Carmen Maria MONTAÑO LEZAMA,F,47,45-49W,VE,teamcm,588,f,Finisher,TRUE,1030,148,20,39:58:23,143903.21,7434.72,200,26,2026-08-28T17:50:24.640Z
1177,Sean John AYING,H,32,20-34M,PH,OLÉ ATHLTC / Sta Cruz Trail Runners,588,f,Finisher,TRUE,1224,1046,241,42:07:14,151633.93,10967.86,200,26,2026-08-28T17:49:10.900Z
1178,Vittorio SILVA,H,40,40-44M,IT,Atletica Franciacorta,588,f,Finisher,TRUE,583,495,112,35:20:23,127223.05,7104.13,200,25,2026-08-28T17:49:19.180Z
1179,Thomas STEINKELLNER,H,46,45-49M,AT,RTR ATUS Weiz,586,np,Other,FALSE,NA,NA,NA,00:00:00,0,NA,NA,0,2026-08-28T17:48:12.000Z
1180,Harold ZOUARI,H,36,35-39M,FR,NA,587,f,Finisher,TRUE,987,842,181,39:28:24,142103.58,13716.009999999998,200,26,2026-08-28T17:50:40.690Z
1181,Jessica SCHLUTER,F,46,45-49W,AU,NA,602,f,Finisher,TRUE,440,73,8,32:43:06,117786.02,6834.52,200,26,2026-08-28T17:49:56.620Z
1182,Lionel PERRON,H,49,45-49M,FR,Courir a Guénin,587,f,Finisher,TRUE,1427,1209,235,43:48:59,157739.43,15024.54,200,26,2026-08-28T17:51:18.060Z
1183,Pere MONGAY MONTESO,H,56,55-59M,ES,TGCBINN,586,f,Finisher,TRUE,328,270,1,30:11:45,108705.29,4785.39,200,26,2026-08-28T17:51:23.390Z
1184,Fernando ALMEIDA,H,50,50-54M,PT,Nocturnos de Paredes,586,f,Finisher,TRUE,649,551,38,36:09:38,130177.7,9984.65,200,25,2026-08-28T17:50:22.830Z
1185,Gustavo REYES,H,48,45-49M,AR,GR Team,587,f,Finisher,TRUE,529,450,62,34:22:49,123769.82,7122.39,200,26,2026-08-28T17:52:18.110Z
1186,Vincenzo SPACCAPELI,H,52,50-54M,IT,D+ Trail,587,a,DNF,FALSE,2127,1773,210,15:24:24,55463.25,867,28,11,2026-08-28T17:51:55.950Z
1187,Nicola CLOS,H,43,40-44M,CH,Team Kipfmuller,586,f,Finisher,TRUE,576,489,109,35:13:19,126799.7,7246.379999999999,200,26,2026-08-28T17:49:50.200Z
1188,Giorgio LOCCI,H,27,20-34M,IT,NA,586,a,DNF,FALSE,2284,1895,360,10:57:47,39458.2,1579.25,16,6,2026-08-28T17:51:02.790Z
1189,Philippe BETEND,H,38,35-39M,FR,Arvicyclette,586,f,Finisher,TRUE,359,295,85,30:56:49,111408.6,9303.05,200,26,2026-08-28T17:51:57.870Z
1190,Ziguang YAN,H,38,35-39M,CN,NA,586,f,Finisher,TRUE,1676,1411,263,45:37:26,164245.68,6340.87,200,26,2026-08-28T17:50:36.480Z
1191,Keisuke ICHIDO,H,42,40-44M,JP,POWERSPORTS,586,f,Finisher,TRUE,847,721,174,38:14:42,137682.29,11200.439999999999,200,26,2026-08-28T17:50:57.690Z
1192,Laura LAGIER,F,32,20-34W,FR,POSITIVE TRAIL CLUB,586,f,Finisher,TRUE,541,81,28,34:28:13,124093.57,12169.470000000001,200,26,2026-08-28T17:50:21.240Z
1193,Max HELLIN,H,45,45-49M,BE,NA,586,f,Finisher,TRUE,425,353,43,32:25:57,116756.81,4016.6600000000003,200,26,2026-08-28T17:49:50.200Z
1194,Ioannis OIKONOMAKIS,H,44,40-44M,GR,TrailGoats -Rethymno,585,f,Finisher,TRUE,677,576,138,36:26:11,131171.4,9289.609999999999,200,26,2026-08-28T17:51:41.360Z
1195,Chi Ho TAM,H,36,35-39M,HK,The Peak Hunter HK,586,f,Finisher,TRUE,756,646,147,37:19:03,134343.31,11607.94,200,26,2026-08-28T17:50:15.130Z
1196,Nicolas BECK,H,31,20-34M,DE,Running-Point Germany,585,f,Finisher,TRUE,621,530,155,35:45:35,128735.53,9733.05,200,26,2026-08-28T17:49:58.010Z
1197,Patrick SCHRYBURT,H,57,55-59M,CA,NA,585,f,Finisher,TRUE,550,467,6,34:39:59,124799.76,2041.8000000000002,200,26,2026-08-28T17:50:59.180Z
1198,Eve LE FLOCH,F,38,35-39W,FR,Entente Athlétique du Pays de Brocéliande,585,f,Finisher,TRUE,798,117,40,37:47:05,136025.34,15601.599999999999,200,26,2026-08-28T17:49:44.190Z
1199,Florian CASTEL,H,30,20-34M,FR,NA,585,f,Finisher,TRUE,376,312,108,31:23:05,112985.27,9970.57,200,26,2026-08-28T17:49:01.440Z
1200,Hampus YMAN,H,42,40-44M,SE,NA,585,f,Finisher,TRUE,767,656,159,37:27:22,134842.58,14494.74,200,25,2026-08-28T17:49:04.380Z
1201,Daniele DEL PRETE,H,44,40-44M,IT,no,585,f,Finisher,TRUE,889,758,185,38:35:37,138936.37,9656.04,200,26,2026-08-28T17:50:55.880Z
1202,Aljaz HOLCMAN,H,34,20-34M,SI,Pohorska trail banda,618,f,Finisher,TRUE,797,681,184,37:46:59,136019.02,5831.84,200,24,2026-08-28T17:49:53.890Z
1203,Ole Jørgen VIK,H,47,45-49M,NO,Devold Test Lab,585,f,Finisher,TRUE,1495,1265,246,44:22:39,159758.53,24316.600000000006,200,26,2026-08-28T17:50:50.550Z
1204,Salim MOHAMED,H,59,55-59M,GB,NA,584,f,Finisher,TRUE,513,436,5,34:01:30,122489.7,6644.6,200,26,2026-08-28T17:50:46.950Z
1205,Nicolas VAUDRON,H,45,45-49M,FR,NA,582,f,Finisher,TRUE,1384,1173,226,43:30:14,156613.58,15742.999999999998,200,26,2026-08-28T17:52:41.930Z
1206,Stephane BARRAILLER,H,46,45-49M,FR,NA,584,f,Finisher,TRUE,669,569,83,36:22:52,130971.59,8086.329999999999,200,26,2026-08-28T17:52:05.640Z
1207,Arthur DEPIENNE,H,36,35-39M,FR,LILLE TRAIL CLUB,584,f,Finisher,TRUE,881,750,161,38:31:02,138662.02,16989.34,200,26,2026-08-28T17:50:20.280Z
1208,Mirco CARAFFA,H,49,45-49M,IT,Bergamo Stars,584,f,Finisher,TRUE,1076,921,162,40:40:00,146400.25,10867.5,200,26,2026-08-28T17:51:25.270Z
1209,Brandon LAI,H,33,20-34M,FR,NA,584,f,Finisher,TRUE,566,481,149,35:04:31,126271.38,6017.6,200,25,2026-08-28T17:51:53.340Z
1210,Aaron PEREZ DE LA PEÑA,H,41,40-44M,ES,Mountain Runners Del Berguedà,584,f,Finisher,TRUE,658,559,128,36:13:15,130395.29,10832.830000000002,200,26,2026-08-28T17:50:36.480Z
1211,Miklos VICZENA,H,45,45-49M,HU,AMMO Sports Energy,583,f,Finisher,TRUE,1073,918,160,40:37:25,146245.27,12791.16,200,26,2026-08-28T17:49:31.240Z
1212,Wout DEMIN,H,28,20-34M,BE,NA,583,f,Finisher,TRUE,653,554,163,36:10:16,130216.76,6464.92,200,25,2026-08-28T17:49:14.080Z
1213,Mallory LEFKOWITZ,F,30,20-34W,US,NA,582,np,Other,FALSE,NA,NA,NA,00:00:00,0,NA,NA,0,2026-08-28T17:48:12.000Z
1214,Ronen LIND,H,52,50-54M,CH,NA,582,f,Finisher,TRUE,518,440,26,34:08:46,122925.97,8724.06,200,26,2026-08-28T17:49:14.770Z
1215,Jean Michel GROGNUX,H,52,50-54M,FR,NA,641,f,Finisher,TRUE,304,253,9,29:40:50,106850,5751.83,200,26,2026-08-28T17:49:15.100Z
1216,Gaspard SCHMITT,H,46,45-49M,FR,Les trailers décadents,581,f,Finisher,TRUE,483,407,53,33:33:35,120814.63,5755.9400000000005,200,25,2026-08-28T17:49:55.560Z
1218,Claire STONE,F,50,50-54W,GB,Larkfield Athletic Club,582,f,Finisher,TRUE,819,120,8,37:54:36,136475.52,6340.880000000001,200,26,2026-08-28T17:52:13.700Z
1219,Loid SAILLARD,H,52,50-54M,US,NA,582,f,Finisher,TRUE,968,825,69,39:12:58,141177.46,14397.220000000001,200,26,2026-08-28T17:50:00.830Z
1220,Matthieu SEROUART,H,42,40-44M,FR,Team Chouquette,581,f,Finisher,TRUE,427,355,77,32:26:11,116770.6,9848.159999999998,200,26,2026-08-28T17:52:15.540Z
1221,Matthew RYAN,H,47,45-49M,GB,NA,582,f,Finisher,TRUE,830,707,113,38:03:25,137004.29,14645.150000000001,200,26,2026-08-28T17:50:17.970Z
1222,Tsugumi KAWANA,F,36,35-39W,JP,Sengenyama Trail Club,581,f,Finisher,TRUE,709,104,36,36:50:51,132650.62,8796.05,200,26,2026-08-28T17:49:01.440Z
1223,Ruud CENTS,H,44,40-44M,NL,-none,581,f,Finisher,TRUE,958,817,201,39:07:33,140853.13,8614.3,200,26,2026-08-28T17:51:26.080Z
1224,Baptiste LIGUORI,H,33,20-34M,FR,Jean-Michel,581,f,Finisher,TRUE,664,564,165,36:18:08,130688.58,7651.219999999999,200,26,2026-08-28T17:51:54.010Z
1225,Thomas SPORER,H,49,45-49M,DE,Maratom.TV,514,f,Finisher,TRUE,1158,990,183,41:30:50,149449.93,13055.66,200,26,2026-08-28T17:52:21.690Z
1226,Randy STOFBERG,H,46,45-49M,NL,,580,hd,DNF,FALSE,1883,1571,301,27:58:42,100722.088,4544.29,48,17,2026-08-28T17:51:06.470Z
1227,Clément DIAZ,H,33,20-34M,FR,Zoom Volt Runners,580,f,Finisher,TRUE,460,385,130,33:07:15,119235.1,6081.300000000001,200,26,2026-08-28T17:52:50.730Z
1228,Maria Belen PACCHIOTTI,F,45,45-49W,AR,FUN RUNNERS CLUB ESPORTIU,580,f,Finisher,TRUE,675,101,12,36:25:23,131122.85,10279.800000000001,200,26,2026-08-28T17:49:44.170Z
1229,Alexa JOHNSTON,F,36,35-39W,CA,NA,580,a,DNF,FALSE,1790,291,75,24:02:24,86543.59,5398.929999999999,51,17,2026-08-28T17:50:37.650Z
1230,Lindsay HAMILTON,F,46,45-49W,AU,NA,580,f,Finisher,TRUE,1052,151,21,40:20:15,145214.34,7780.6500000000005,200,26,2026-08-28T17:51:04.830Z
1231,Katarzyna JUDONG,F,40,40-44W,FR,NA,580,f,Finisher,TRUE,810,118,19,37:50:36,136235.82,14702.279999999999,200,26,2026-08-28T17:52:05.280Z
1232,Lammert VRIELING,H,58,55-59M,NL,Trail Club Saint Gervais Mont Blanc,580,f,Finisher,TRUE,453,378,4,33:00:55,118855.36,7711.92,200,26,2026-08-28T17:49:02.260Z
1233,Kyle BURNS,H,32,20-34M,US,NA,580,f,Finisher,TRUE,1321,1123,250,43:00:59,154858.85,15357.689999999999,200,26,2026-08-28T17:51:02.600Z
1234,Philip PEDERSEN,H,45,45-49M,DK,Birkerøddernes Løbeklub,580,a,DNF,FALSE,1947,1621,308,22:27:56,79417.96,6329.2699999999995,40,15,2026-08-28T17:52:46.480Z
1235,Nicolas CASAS MENDEZ,H,42,40-44M,ES,C.E. SANLORIA,580,a,DNF,FALSE,2346,1944,420,04:54:33,16730.02,943.46,10,3,2026-08-28T17:49:58.080Z
1236,Stan FERGUSON,H,63,60-64M,US,Arkansas Ultra Running Association,580,f,Finisher,TRUE,1218,1040,11,42:03:10,151390.59,8873.91,200,26,2026-08-28T17:52:40.220Z
1237,Wojciech DLUBACZ,H,57,55-59M,PL,NA,580,f,Finisher,TRUE,1061,909,27,40:28:21,145700.98,13913.93,200,26,2026-08-28T17:51:12.780Z
1238,Benjamin DUBOIS,H,36,35-39M,FR,CAB,580,f,Finisher,TRUE,521,443,112,34:11:51,123111.07,7925.820000000001,200,26,2026-08-28T17:50:23.600Z
1239,Robin DUBREUCQ,H,37,35-39M,FR,NA,578,f,Finisher,TRUE,960,819,176,39:07:58,140878.85,24217.63,200,26,2026-08-28T17:50:38.130Z
1240,Kristina PATTISON,F,46,45-49W,US,NA,579,f,Finisher,TRUE,981,145,18,39:19:52,141591.52,11165.61,200,26,2026-08-28T17:51:05.820Z
1241,Maciej ZAMBRZYCKI,H,47,45-49M,PL,NA,616,f,Finisher,TRUE,681,580,86,36:29:27,131366.91,11449.230000000001,200,26,2026-08-28T17:50:42.750Z
1242,Florent LEGEAY,H,39,35-39M,FR,NA,579,f,Finisher,TRUE,509,432,108,33:57:52,122271.24,6346.56,200,25,2026-08-28T17:52:21.860Z
1243,Yannick ABOULIKAM,H,46,45-49M,FR,NA,579,f,Finisher,TRUE,772,661,105,37:30:56,135056.37,11596.66,200,26,2026-08-28T17:52:30.070Z
1244,Nicolas GOSSET,H,40,40-44M,FR,NA,579,f,Finisher,TRUE,564,479,107,35:00:57,126056.87,12180.83,200,25,2026-08-28T17:51:57.330Z
1245,Laurent PARDON,H,40,40-44M,BE,VICTOR HADRIEN CHARLES,579,f,Finisher,TRUE,567,482,108,35:05:14,126313.87,12746.499999999998,200,26,2026-08-28T17:52:03.860Z
1246,Davide DONINA,H,52,50-54M,IT,ASD 3SantiTrail,581,f,Finisher,TRUE,607,517,32,35:40:15,128415.28,11646.629999999997,200,26,2026-08-28T17:49:41.610Z
1247,Julien COINDET,H,46,45-49M,FR,Altore Trail Running,578,a,DNF,FALSE,1847,1536,292,22:58:02,82682.42,8007.120000000001,48,15,2026-08-28T17:49:17.510Z
1248,Franck MORIN,H,35,35-39M,FR,TEAM GAN ASSURANCES,578,f,Finisher,TRUE,1059,907,194,40:24:54,145493.94,13569.97,200,26,2026-08-28T17:48:59.360Z
1249,Olivier MAVIEL,H,41,40-44M,FR,Foulées Vertes de Lalo,577,f,Finisher,TRUE,1008,861,210,39:41:15,142875.14,16195.079999999998,200,26,2026-08-28T17:49:49.230Z
1250,Loïc ANGENARD,H,44,40-44M,FR,NA,578,f,Finisher,TRUE,418,348,75,32:18:23,116302.55,9299.72,200,26,2026-08-28T17:52:37.450Z
1251,Jérémie BALLET-BAZ,H,43,40-44M,FR,NA,575,f,Finisher,TRUE,454,379,83,33:01:15,118875.27,6413.25,200,26,2026-08-28T17:51:49.060Z
1252,Felipe TORIBIO,H,38,35-39M,US,Old Man Run Club,578,f,Finisher,TRUE,961,820,177,39:08:05,140885.05,7114.43,200,25,2026-08-28T17:51:12.030Z
1253,Alexandre DEMANET,H,47,45-49M,FR,JeffBTrail,576,f,Finisher,TRUE,1123,959,175,40:59:20,147560.22,11864.49,200,26,2026-08-28T17:50:41.640Z
1254,Jeremy COURTIN,H,42,40-44M,FR,Brissac Loire Aubance Athlétisme,607,f,Finisher,TRUE,671,571,134,36:23:06,130985.9,12954.239999999998,200,26,2026-08-28T17:49:46.310Z
1255,Jeremy DESPREAUX,H,47,45-49M,FR,KIPRUN,577,f,Finisher,TRUE,623,532,77,35:46:35,128794.88,4896.610000000001,200,26,2026-08-28T17:48:52.870Z
1256,Yanis DEBAUD,H,24,20-34M,FR,NA,577,a,DNF,FALSE,1919,1595,312,17:50:22,63204.18,2299.18,40,15,2026-08-28T17:48:36.090Z
1257,Freddy PAILLARD,H,42,40-44M,FR,KWA | Solutions Bien-Être,579,f,Finisher,TRUE,387,323,68,31:33:16,113596.03,6320.73,200,26,2026-08-28T17:49:40.400Z
1258,Arnaud TERRIER,H,50,50-54M,FR,EMSAM,577,f,Finisher,TRUE,866,737,57,38:23:55,138235.44,12474.53,200,26,2026-08-28T17:52:17.380Z
1260,Stéphane GEHIN,H,63,60-64M,FR,US Ventron,576,hd,DNF,FALSE,2253,1868,44,16:04:21,57860.142,1784.42,22,8,2026-08-28T17:50:36.950Z
1261,Ward VONDELING,H,31,20-34M,NL,NA,576,f,Finisher,TRUE,806,689,186,37:49:34,136174.18,10357.26,200,26,2026-08-28T17:50:15.720Z
1262,Isabel Martine SCHÜSSLER,F,41,40-44W,DE,Mammut,576,a,DNF,FALSE,2342,402,81,04:27:22,15207.31,835.01,10,3,2026-08-28T17:48:58.630Z
1263,Michael SULLIVAN,H,69,65-69M,AU,Snowy Mtns Trail Runners,576,f,Finisher,TRUE,1138,973,1,41:13:12,148391.72,11359.740000000002,200,26,2026-08-28T17:50:20.300Z
1264,Guillaume COSTES,H,35,35-39M,FR,Team IFTL / XRUN,576,f,Finisher,TRUE,891,760,163,38:36:04,138963.49,10202.68,200,26,2026-08-28T17:50:02.900Z
1266,Guillaume SOURISSEAU,H,48,45-49M,FR,le club campus,576,f,Finisher,TRUE,984,839,139,39:24:41,141880.32,14680.199999999999,200,26,2026-08-28T17:51:46.950Z
1267,Francois GOLEC,H,47,45-49M,FR,ATHLETIC CLUB PAYS DE L'OURCQ,576,f,Finisher,TRUE,1254,1072,205,42:23:07,152586.91,11069.45,200,26,2026-08-28T17:49:14.770Z
1268,Logann LÉPINE,H,32,20-34M,FR,NA,576,f,Finisher,TRUE,471,396,131,33:17:34,119854.19,6367.549999999999,200,26,2026-08-28T17:49:01.440Z
1269,Florian DELORME,H,41,40-44M,FR,NA,576,f,Finisher,TRUE,814,696,168,37:51:36,136296.73,7656.659999999999,200,26,2026-08-28T17:52:08.070Z
1270,Fabrice RENAULT,H,53,50-54M,FR,4S,576,f,Finisher,TRUE,1167,998,90,41:37:19,149839.09,11476.039999999999,200,26,2026-08-28T17:52:33.340Z
1271,Maxime MIROUX,H,28,20-34M,FR,NA,575,f,Finisher,TRUE,740,630,179,37:11:02,133862.03,13064.730000000001,200,26,2026-08-28T17:49:06.320Z
1272,Nicolas MONJOU,H,46,45-49M,FR,Dévoluy - UTOBI,575,f,Finisher,TRUE,477,401,49,33:23:34,120214.13,8081.610000000001,200,26,2026-08-28T17:49:05.630Z
1273,Eric WINTENBERGER,H,50,50-54M,FR,NA,575,f,Finisher,TRUE,442,369,16,32:43:51,117831.41,8397.02,200,26,2026-08-28T17:50:13.570Z
1274,Myrvete ZEKAJ DULI,F,40,40-44W,XK,Equipo Militar de Esquí y Montaña,575,np,Other,FALSE,NA,NA,NA,00:00:00,0,NA,NA,0,2026-08-28T17:48:12.000Z
1275,Guillaume CHAMBON,H,46,45-49M,FR,Verneuil Oxygène,575,f,Finisher,TRUE,727,619,93,37:02:11,133331.03,12059.3,200,26,2026-08-28T17:50:35.720Z
1276,Jean Baptiste HANTON,H,50,50-54M,FR,ECSA,575,f,Finisher,TRUE,561,476,28,34:55:19,125719.45,10239.83,200,25,2026-08-28T17:50:22.230Z
1277,Pierrick STABLO,H,29,20-34M,FR,NA,575,f,Finisher,TRUE,1241,1060,242,42:14:45,152084.85,13242.21,200,26,2026-08-28T17:49:55.940Z
1278,Jarosław WINIARSKI,H,51,50-54M,PL,Biegające Krejzole / Kamil Leśniak Team,575,f,Finisher,TRUE,896,765,60,38:38:14,139094.27,8494.42,200,26,2026-08-28T17:52:08.310Z
1279,Yang YANG,H,43,40-44M,CN,,574,f,Finisher,TRUE,977,833,204,39:17:27,141446.65,4724.75,200,26,2026-08-28T17:50:53.980Z
1280,Emmanuel VAN ACKER,H,55,55-59M,BE,NA,573,a,DNF,FALSE,2141,1781,119,16:42:57,60176.63,1254.58,28,11,2026-08-28T17:51:08.480Z
1281,Sarah LAHAYE,F,40,40-44W,US,NA,597,f,Finisher,TRUE,1341,205,37,43:10:48,155448.61,17917.78,200,26,2026-08-28T17:51:26.080Z
1282,Florian ALONZI,H,46,45-49M,FR,team so bugey,573,f,Finisher,TRUE,702,599,90,36:45:07,132306.8,8253.95,200,25,2026-08-28T17:49:14.580Z
1284,Pierre HERTAULT,H,28,20-34M,FR,NA,573,f,Finisher,TRUE,1026,879,221,39:53:16,143596.16,18931.750000000004,200,26,2026-08-28T17:51:55.710Z
1285,Julien RODALLEC,H,46,45-49M,FR,RAID FS,573,f,Finisher,TRUE,1169,999,185,41:37:37,149856.6,14535.32,200,26,2026-08-28T17:52:27.830Z
1286,Oskars PUNANS,H,35,35-39M,LV,NA,570,f,Finisher,TRUE,902,770,167,38:39:39,139179.67,11748.209999999997,200,26,2026-08-28T17:51:51.280Z
1287,Juan Pedro RUBIO GARCIA,H,49,45-49M,ES,Alhama coym,572,a,DNF,FALSE,2267,1880,348,09:06:45,32798.89,773.08,16,6,2026-08-28T17:51:55.450Z
1288,Sonthaya DUNPHERI,H,46,45-49M,TH,Success gym,572,f,Finisher,TRUE,1371,1163,222,43:26:29,156389.25,21112.4,200,26,2026-08-28T17:50:40.530Z
1289,Fabrice DELPECH,H,44,40-44M,FR,Academy Marathon,571,f,Finisher,TRUE,980,836,205,39:18:53,141532.75,16124.7,200,26,2026-08-28T17:51:06.780Z
1290,Guillaume LÖRCHNER,H,41,40-44M,FR,NA,571,f,Finisher,TRUE,1205,1030,253,41:58:04,151084.25,20804.429999999997,200,26,2026-08-28T17:52:50.730Z
1291,Thomas WATSON,H,38,35-39M,NZ,NA,571,f,Finisher,TRUE,446,371,102,32:48:50,118130.01,3914.62,200,26,2026-08-28T17:49:20.190Z
1292,Gustavo GONCALVES BOTELHO,H,50,50-54M,BR,Team Noronha,568,f,Finisher,TRUE,1447,1227,138,43:57:47,158267.65,18382.41,200,26,2026-08-28T17:50:06.300Z
1293,Quentin HOVINE,H,33,20-34M,FR,Ibex outdoor,571,a,DNF,FALSE,1722,1447,284,28:36:31,101543.09,8025.25,58,21,2026-08-28T17:52:12.300Z
1294,Guillermo CHUECO FERNÁNDEZ,H,39,35-39M,ES,Mas rendimiento,570,a,DNF,FALSE,1724,1449,273,29:05:12,104711.46,7223.43,58,21,2026-08-28T17:49:27.870Z
1295,Sonia POUTREL,F,35,35-39W,FR,NA,570,f,Finisher,TRUE,695,103,35,36:43:40,132219.79,3800.4599999999996,200,26,2026-08-28T17:52:04.900Z
1296,James LEE,H,37,35-39M,CA,NA,570,f,Finisher,TRUE,1012,865,186,39:42:00,142920.12,13404.07,200,26,2026-08-28T17:50:48.320Z
1297,Finn AMUNDSEN,H,32,20-34M,NO,NA,570,f,Finisher,TRUE,1110,947,229,40:53:32,147212.09,16095.480000000001,200,26,2026-08-28T17:52:29.570Z
1298,Thomas CARREZ,H,45,45-49M,FR,Les Chamois du Lac,570,f,Finisher,TRUE,648,550,80,36:08:22,130101.37,10272.65,200,26,2026-08-28T17:49:20.730Z
1299,Christophe QUERRY,H,55,55-59M,FR,NA,569,f,Finisher,TRUE,799,682,16,37:47:08,136028.07,13185.75,200,26,2026-08-28T17:50:29.280Z
1300,Liang DENG,H,47,45-49M,HK,NA,570,f,Finisher,TRUE,959,818,135,39:07:35,140855.02,13950.26,200,26,2026-08-28T17:52:48.970Z
1301,Kevin LECOMTE,H,39,35-39M,FR,NA,570,np,Other,FALSE,NA,NA,NA,00:00:00,0,NA,NA,0,2026-08-28T17:48:12.000Z
1302,Katarina PERSSON,F,54,50-54W,SE,NA,570,f,Finisher,TRUE,955,141,11,39:06:45,140804.6,4520.76,200,26,2026-08-28T17:50:01.530Z
1303,Denis DEPAOLI,H,47,45-49M,IT,NA,570,f,Finisher,TRUE,1345,1140,218,43:11:22,155482.28,22213.45,200,26,2026-08-28T17:50:24.160Z
1304,Jiayun HAN,H,29,20-34M,CN,NA,570,a,DNF,FALSE,1854,1543,304,24:51:53,89513.29,2166.73,48,17,2026-08-28T17:50:34.580Z
1305,Aaron RICHARDS,H,36,35-39M,US,NA,570,f,Finisher,TRUE,803,686,154,37:48:37,136117.34,9860.1,200,26,2026-08-28T17:51:42.280Z
1306,So Young PARK,F,48,45-49W,KR,HOKA KOREA,569,a,DNF,FALSE,2219,379,55,13:03:47,46083.73,2770.0199999999995,22,8,2026-08-28T17:49:18.000Z
1307,Loic LEGRAS,H,43,40-44M,FR,US CAMON,569,f,Finisher,TRUE,586,498,114,35:21:15,127275.72,7496.549999999999,200,26,2026-08-28T17:52:26.220Z
1308,Mickael DI COSTANZO,H,44,40-44M,FR,Le bol d'air gignacois/ team Torquebiau,569,f,Finisher,TRUE,605,515,121,35:36:27,128187.09,8804.65,200,26,2026-08-28T17:49:13.240Z
1309,Emmanuel VERRIERE,H,60,60-64M,FR,rc vichy,563,f,Finisher,TRUE,470,395,1,33:17:27,119847.17,6751.04,200,26,2026-08-28T17:50:21.800Z
1310,Meepoom MONGKOLSUKSRI,H,41,40-44M,TH,NA,569,a,DNF,FALSE,1980,1648,374,23:17:20,83839.58,1685.02,40,15,2026-08-28T17:52:50.960Z
1311,David DECAESTEKER,H,49,45-49M,FR,NA,569,f,Finisher,TRUE,912,778,126,38:45:13,139513.35,14446.52,200,26,2026-08-28T17:49:37.460Z
1312,Alexandre DANJOU,H,52,50-54M,FR,SIMIE,568,a,DNF,FALSE,1850,1539,181,23:48:58,85738.23,4844.110000000001,48,17,2026-08-28T17:49:07.430Z
1313,Martin LERAY,H,40,40-44M,FR,Team DLPK Finishers,568,f,Finisher,TRUE,1481,1254,297,44:17:24,159443.73,15881.440000000002,200,26,2026-08-28T17:51:57.860Z
1314,Alexandre BRIOT,H,47,45-49M,FR,Total Technical Touch Telecom Trail Team,568,f,Finisher,TRUE,575,488,66,35:13:13,126793.19,12310.89,200,26,2026-08-28T17:50:41.640Z
1315,Fabrice MILOU,H,52,50-54M,FR,NA,567,f,Finisher,TRUE,710,606,43,36:50:59,132659.02,9775.51,200,26,2026-08-28T17:50:10.970Z
1316,Tiago MACHADO,H,54,50-54M,PT,Monsanto Running Team,568,f,Finisher,TRUE,572,486,30,35:11:42,126702.63,11420.28,200,26,2026-08-28T17:52:18.000Z
1317,Henry HERKES,H,33,20-34M,AU,NA,568,f,Finisher,TRUE,815,697,190,37:52:08,136328.28,14547.46,200,26,2026-08-28T17:49:18.690Z
1318,Alexandre ESNAULT,H,28,20-34M,FR,NA,568,f,Finisher,TRUE,1544,1308,265,44:42:31,160951.42,18553.95,200,26,2026-08-28T17:53:00.040Z
1319,Sébastien FRANTZ,H,31,20-34M,FR,NA,567,a,DNF,FALSE,1869,1557,305,26:59:41,91727.98,10955.08,48,17,2026-08-28T17:49:45.350Z
1320,Sébastien VARDELLE,H,51,50-54M,FR,Verneuil Oxygène,567,f,Finisher,TRUE,856,729,55,38:19:12,137951.14,7249.08,200,26,2026-08-28T17:50:36.940Z
1321,Julien MENDES,H,40,40-44M,FR,SAFRAN / UPTB,567,f,Finisher,TRUE,578,491,110,35:16:28,126988.75,5479.620000000001,200,26,2026-08-28T17:50:28.000Z
1322,Miguel SAINCIR,H,33,20-34M,FR,NA,567,f,Finisher,TRUE,938,801,212,38:57:41,140260.86,14024.699999999999,200,26,2026-08-28T17:50:43.640Z
1323,Roger BRUNET ROIG,H,49,45-49M,ES,Unio Excursionista Urgellenca,567,f,Finisher,TRUE,499,423,57,33:48:40,121720,11341.03,200,26,2026-08-28T17:50:41.200Z
1324,Thibault MENESTRET,H,40,40-44M,FR,NA,566,a,DNF,FALSE,2030,1691,378,22:02:01,79320.06,4620.62,38,14,2026-08-28T17:52:06.940Z
1325,David MIAO,H,62,60-64M,US,Misty Mountains Runners,566,f,Finisher,TRUE,491,415,3,33:40:03,121202.94,6555.89,200,26,2026-08-28T17:51:23.390Z
1326,Brittney JACOBSON,F,36,35-39W,US,NA,564,f,Finisher,TRUE,1306,194,58,42:56:07,154566.96,12083.67,200,26,2026-08-28T17:51:10.760Z
1327,Jordan BOUVIER,H,34,20-34M,FR,D.Pulse,566,f,Finisher,TRUE,1164,995,235,41:35:46,149745.8,26202.300000000003,200,25,2026-08-28T17:49:01.970Z
1328,Lukáš KOZUBÍK,H,46,45-49M,CZ,OBSIDIAN,542,f,Finisher,TRUE,1243,1061,201,42:15:47,152147.22,13445.130000000001,200,26,2026-08-28T17:51:03.250Z
1329,Ludovic GUILBON,H,47,45-49M,FR,Team Family ultra Trail,566,a,DNF,FALSE,2042,1703,327,23:18:53,83398.79,2441.41,38,14,2026-08-28T17:51:22.210Z
1330,Xiaofei YANG,H,45,45-49M,CN,NA,566,hd,DNF,FALSE,2236,1856,344,15:16:50,55010.495,2516.49,22,8,2026-08-28T17:52:04.310Z
1331,Jesús ALONSO FERREIRA,H,58,55-59M,ES,C.A Puente del Canto,566,a,DNF,FALSE,1736,1459,79,25:22:21,91335.56,3526.79,56,19,2026-08-28T17:49:01.440Z
1332,Bryan LENNON,H,44,40-44M,MU,NA,566,f,Finisher,TRUE,995,849,207,39:32:11,142330.69,10514.8,200,26,2026-08-28T17:49:07.400Z
1333,Jean Pascal BERNARD HERVE,H,50,50-54M,FR,Armée du Salut - Team Autour Du Trail,564,f,Finisher,TRUE,612,522,33,35:41:47,128506.25,5837.18,200,25,2026-08-28T17:49:10.900Z
1334,Anonymous,H,51,50-54M,AN,NA,NA,f,Finisher,TRUE,1017,870,72,39:45:12,143112.63,8491.5,200,26,2026-08-28T17:49:26.130Z
1335,Benoit CHARACHE,H,53,50-54M,FR,NA,565,f,Finisher,TRUE,501,425,24,33:49:13,121752.82,6618.680000000001,200,25,2026-08-28T17:51:24.580Z
1336,Sławomir BUK,H,45,45-49M,PL,BG TEAM | UTA | LNLR,565,f,Finisher,TRUE,908,775,124,38:43:27,139406.49,8447.96,200,26,2026-08-28T17:52:10.900Z
1337,Olivier VINCENT,H,45,45-49M,FR,PELAWINF,565,f,Finisher,TRUE,880,749,121,38:29:58,138597.84,14184.49,200,25,2026-08-28T17:49:17.510Z
1338,Gaëtan VERHELST,H,40,40-44M,FR,NA,565,f,Finisher,TRUE,755,645,154,37:19:02,134342.11,11580.02,200,26,2026-08-28T17:50:31.550Z
1339,Kahei TAMURA,H,47,45-49M,JP,NA,565,f,Finisher,TRUE,986,841,141,39:26:28,141987.99,21527.34,200,26,2026-08-28T17:52:31.460Z
1340,Alfonso MARQUEZ,H,55,55-59M,ES,NA,564,a,DNF,FALSE,2264,1877,133,08:07:35,29247.12,393.57,16,6,2026-08-28T17:49:28.800Z
1341,Alfred SANDVIG,H,33,20-34M,NO,Haugesund Sprettballklubb,564,f,Finisher,TRUE,426,354,123,32:26:08,116767.81,7261.999999999999,200,26,2026-08-28T17:50:22.840Z
1342,Miguel SABUGUEIRO,H,56,55-59M,FR,Grupo BTT de Manteigas,563,f,Finisher,TRUE,829,706,18,38:03:11,136990.97,13151.71,200,26,2026-08-28T17:50:40.270Z
1343,Victor VARIN,H,33,20-34M,FR,NA,564,f,Finisher,TRUE,987,842,217,39:28:24,142103.92,13756.480000000001,200,26,2026-08-28T17:50:40.530Z
1344,Cecilia RAGAZZI,F,42,40-44W,IT,NA,561,f,Finisher,TRUE,1463,225,42,44:12:49,159169.13,14227.789999999999,200,26,2026-08-28T17:52:19.420Z
1345,Sanduo HE,H,43,40-44M,CN,NA,564,f,Finisher,TRUE,747,637,152,37:14:30,134070.34,9072.53,200,26,2026-08-28T17:52:14.090Z
1347,Pablo DELGADO,H,39,35-39M,CR,UMBRAL+,564,f,Finisher,TRUE,1542,1306,246,44:42:11,160930.46,9931.660000000002,200,26,2026-08-28T17:49:07.900Z
1348,Carolina PALICIO VARELA,F,43,40-44W,ES,G.M. Cumbre  LLangreu,566,f,Finisher,TRUE,629,93,17,35:51:49,129108.28,4790.379999999999,200,26,2026-08-28T17:51:50.890Z
1349,Pierre Jean RUEDA,H,44,40-44M,FR,NA,562,f,Finisher,TRUE,973,830,203,39:15:25,141325,15956.54,200,26,2026-08-28T17:50:57.250Z
1350,Toni GRACIA,F,45,45-49W,AU,NA,563,a,DNF,FALSE,2130,356,49,15:56:56,57416.58,1459.03,28,11,2026-08-28T17:49:55.080Z
1351,Pablo SANCHEZ FERNANDEZ,H,32,20-34M,FR,NA,563,f,Finisher,TRUE,249,205,71,28:39:36,103176.87,4822.96,200,26,2026-08-28T17:51:20.030Z
1352,Nicolas KUS,H,37,35-39M,FR,NA,563,f,Finisher,TRUE,1020,873,189,39:47:07,143227.64,17060.359999999997,200,25,2026-08-28T17:49:10.100Z
1353,Nathalie MILOU,F,54,50-54W,FR,NA,563,f,Finisher,TRUE,711,105,5,36:51:00,132660.36,9751.7,200,26,2026-08-28T17:50:10.110Z
1354,Nicolas CURY,H,44,40-44M,FR,NA,596,f,Finisher,TRUE,726,618,148,37:02:00,133319.97,10734.81,200,26,2026-08-28T17:50:23.600Z
1355,Antoine FOURCADE,H,40,40-44M,FR,NA,562,f,Finisher,TRUE,879,748,181,38:29:15,138554.57,13181.809999999998,200,26,2026-08-28T17:49:46.720Z
1356,Julien FARGEAT,H,35,35-39M,FR,NA,562,f,Finisher,TRUE,1025,878,190,39:50:48,143448.75,17488.02,200,26,2026-08-28T17:51:09.090Z
1357,Fabien STUCKER,H,50,50-54M,CH,velosophe,562,np,Other,FALSE,NA,NA,NA,00:00:00,0,NA,NA,0,2026-08-28T17:48:12.000Z
1358,Marcel ILIE,H,41,40-44M,RO,Titanii,562,f,Finisher,TRUE,858,731,176,38:21:34,138094.08,8699.15,200,25,2026-08-28T17:51:07.740Z
1359,Julien CARRE,H,50,50-54M,FR,Vivonne Loisirs,562,np,Other,FALSE,NA,NA,NA,00:00:00,0,NA,NA,0,2026-08-28T17:48:12.000Z
1360,Claude FAGOUET,H,47,45-49M,FR,Haltsu Team,562,f,Finisher,TRUE,609,519,71,35:40:45,128444.28,5681.410000000001,200,26,2026-08-28T17:49:49.750Z
1361,David VAVASSEUR,H,48,45-49M,FR,NA,562,f,Finisher,TRUE,482,406,52,33:32:41,120761.71,4361.8,200,26,2026-08-28T17:50:30.150Z
1362,Jose MEDINA,H,51,50-54M,PR,Team RunRun,562,f,Finisher,TRUE,735,627,44,37:05:20,133520.58,8734.29,200,26,2026-08-28T17:51:41.310Z
1363,Luca BASSI,H,39,35-39M,IT,NA,607,f,Finisher,TRUE,639,543,133,36:00:10,129609.59,8966.94,200,26,2026-08-28T17:52:05.640Z
1364,Jorge BORAD,H,44,40-44M,UY,DIEZ CLUB,562,f,Finisher,TRUE,873,742,179,38:25:48,138347.43,7342.45,200,26,2026-08-28T17:49:05.790Z
1365,David BENDER,H,44,40-44M,CH,Next Percent,562,a,DNF,FALSE,2269,1881,407,09:45:46,35145.89,1261.38,16,6,2026-08-28T17:50:48.770Z
1366,Mathieu CASAS,H,50,50-54M,FR,Ginestas X-TRAIL,562,f,Finisher,TRUE,500,424,23,33:48:45,121724.53,5340.209999999999,200,26,2026-08-28T17:50:00.820Z
1367,Pansak BOONKONG,H,43,40-44M,TH,CORE V POW,562,f,Finisher,TRUE,1181,1011,246,41:48:05,150485.71,16165.849999999999,200,26,2026-08-28T17:52:04.130Z
1368,Marialuisa TAGLIAPIETRA,F,59,55-59W,IT,United Trail & Running,561,f,Finisher,TRUE,739,110,3,37:09:18,133758.8,6428.539999999999,200,26,2026-08-28T17:50:55.100Z
1369,Naoki KOBAYASHI,H,48,45-49M,JP,Milers Tokyo,562,f,Finisher,TRUE,1053,902,155,40:20:17,145216.57,20366.440000000002,200,26,2026-08-28T17:49:07.710Z
1370,Wei LIU,H,43,40-44M,CN,NA,562,f,Finisher,TRUE,1200,1027,250,41:55:10,150909.98,20964.440000000002,200,26,2026-08-28T17:51:37.270Z
1371,Thomas PASSAGUET,H,50,50-54M,FR,LA FOULEE VOURLOISE,561,f,Finisher,TRUE,876,745,58,38:27:01,138421.7,14046.86,200,26,2026-08-28T17:51:13.260Z
1372,Loïc ALVES,H,31,20-34M,FR,ECA - Entente Chalonnaise d'Athlétisme,561,f,Finisher,TRUE,816,698,191,37:52:17,136337.67,20250.48,200,26,2026-08-28T17:52:12.050Z
1373,Kun WANG,H,34,20-34M,CN,跑者日历,561,f,Finisher,TRUE,714,608,176,36:52:42,132761.47,5120.21,200,26,2026-08-28T17:51:14.910Z
1374,Peter VERHEYDEN,H,56,55-59M,BE,b.u.t.t.,561,f,Finisher,TRUE,1369,1161,51,43:25:40,156340.12,13038.84,200,26,2026-08-28T17:51:17.120Z
1375,Gonzalo GIULI,H,42,40-44M,AR,KIPRE INTEGRAL,561,f,Finisher,TRUE,1112,949,236,40:54:29,147268.94,17541.94,200,26,2026-08-28T17:51:15.570Z
1376,Selahatti̇n ILDIRAR,H,48,45-49M,TR,-,561,f,Finisher,TRUE,931,796,128,38:53:38,140018.83,10552.58,200,26,2026-08-28T17:50:01.060Z
1378,Grégory COURNEIL,H,47,45-49M,FR,NA,560,f,Finisher,TRUE,993,847,142,39:29:59,142199.8,9881.670000000002,200,26,2026-08-28T17:51:24.080Z
1379,Guillaume DESJARDINS,H,45,45-49M,FR,Compiegne Triathlon,560,a,DNF,FALSE,1848,1537,293,23:36:35,84994.6,2616.09,48,17,2026-08-28T17:51:08.930Z
1380,Roberto GAMBA,H,56,55-59M,IT,LA VETTA RUNNING,560,f,Finisher,TRUE,1180,1010,39,41:47:51,150470.29,15664.61,200,26,2026-08-28T17:51:06.730Z
1381,Raffaele SCACCIA,H,41,40-44M,IT,ERNICA VEROLI,560,f,Finisher,TRUE,1554,1315,311,44:45:47,161147.14,20015.98,200,26,2026-08-28T17:52:04.150Z
1382,Vincent MISCOPAIN,H,42,40-44M,FR,Sporting Club Dudu,560,f,Finisher,TRUE,655,556,127,36:11:30,130290.2,10021.16,200,26,2026-08-28T17:49:39.040Z
1383,Anthony ETAVARD,H,47,45-49M,FR,Vivonne loisirs,560,f,Finisher,TRUE,996,850,143,39:32:39,142358.57,4758.92,200,26,2026-08-28T17:49:53.900Z
1384,Alexander JEFFS,H,31,20-34M,US,NA,560,f,Finisher,TRUE,842,717,194,38:10:57,137456.74,11460.47,200,26,2026-08-28T17:51:02.770Z
1385,Thomas BOUCHARD,H,40,40-44M,FR,SAM MERIGNAC,560,f,Finisher,TRUE,1155,987,241,41:29:09,149348.67,19277.57,200,26,2026-08-28T17:50:28.990Z
1386,Ante ERCEGOVIC,H,48,45-49M,HR,TTK STrka,560,f,Finisher,TRUE,969,826,137,39:13:00,141179.36,9626.51,200,26,2026-08-28T17:51:14.910Z
1387,Hemrick VERWAERDE,H,36,35-39M,FR,NA,560,f,Finisher,TRUE,776,663,150,37:31:50,135109.68,9299.8,200,26,2026-08-28T17:51:16.500Z
1388,Nikolai QUIGLEY,H,31,20-34M,US,NA,559,f,Finisher,TRUE,557,472,146,34:49:58,125398.22,6879.499999999999,200,26,2026-08-28T17:52:27.000Z
1389,Sarah MANGLER,F,44,40-44W,DE,LG Ultralauf,559,f,Finisher,TRUE,859,128,21,38:21:59,138118.89,8785.83,200,26,2026-08-28T17:50:13.230Z
1390,Gabriel PELMUS,H,39,35-39M,RO,Trail Running Academy,555,a,DNF,FALSE,1755,1474,280,25:30:27,91686.15,7548.11,52,19,2026-08-28T17:52:03.180Z
1391,Thibault COMPAIN,H,29,20-34M,FR,ALPV,559,f,Finisher,TRUE,549,466,145,34:39:05,124744.61,8574.5,200,25,2026-08-28T17:49:50.420Z
1392,Ana Maria CARRERES TORTOSA,F,51,50-54W,ES,Guerrers de Moixent,559,f,Finisher,TRUE,1069,154,14,40:35:11,146110.91,12181.679999999998,200,26,2026-08-28T17:49:00.870Z
1393,Lara MEYER,F,35,35-39W,FR,Lemongrass,559,f,Finisher,TRUE,1207,176,53,41:59:39,151179.16,10055.77,200,26,2026-08-28T17:50:07.480Z
1394,Dawn NUNES,F,45,45-49W,ZA,NA,560,f,Finisher,TRUE,1214,178,25,42:02:16,151336.02,11248.29,200,26,2026-08-28T17:49:51.590Z
1396,Kwang Wook CHOI,H,36,35-39M,KR,NA,559,f,Finisher,TRUE,1001,855,184,39:35:25,142525.02,15118.640000000001,200,26,2026-08-28T17:49:35.300Z
1397,Wenliang TANG,H,45,45-49M,CN,NA,557,f,Finisher,TRUE,1539,1304,254,44:41:50,160909.13,24452.760000000002,200,26,2026-08-28T17:51:12.990Z
1398,Joanna KOWAL,F,33,20-34W,PL,NA,558,f,Finisher,TRUE,1159,169,43,41:31:20,149479.92,12603.670000000002,200,26,2026-08-28T17:52:31.680Z
1399,Rakchanok SUTAMMAJARN,F,50,50-54W,TH,SUCCESS GYM,558,f,Finisher,TRUE,1396,213,24,43:36:50,157009.79,18434.74,200,25,2026-08-28T17:50:39.540Z
1400,Daouda DIARRA,H,40,40-44M,FR,Les Marchands de Sable,557,f,Finisher,TRUE,846,720,173,38:14:09,137648.34,10901.55,200,26,2026-08-28T17:50:53.750Z
1401,Kamil KROL,H,37,35-39M,PL,CERN Running Club,558,f,Finisher,TRUE,706,603,139,36:49:21,132560.64,3646.0899999999997,200,26,2026-08-28T17:49:34.430Z
1402,Alejandro FERIA,H,43,40-44M,MX,SEAMOS COMPLICES,558,f,Finisher,TRUE,757,647,155,37:19:06,134346.23,11165.43,200,26,2026-08-28T17:52:08.570Z
1403,Pierre VENTURINI,H,30,20-34M,FR,Liebherr Duathlon,558,f,Finisher,TRUE,862,734,200,38:22:28,138147.38,12819.390000000001,200,26,2026-08-28T17:49:56.820Z
1404,Guillem PELISSIER,H,46,45-49M,FR,NA,560,f,Finisher,TRUE,555,471,65,34:45:36,125136.15,7732.839999999999,200,26,2026-08-28T17:50:58.440Z
1405,Gianluca GIACOMINI,H,43,40-44M,IT,Bione Trail Teams,558,a,DNF,FALSE,1862,1551,358,25:34:12,91972.05,4085.15,48,17,2026-08-28T17:52:22.340Z
1406,Joe AMO,H,61,60-64M,US,NA,557,f,Finisher,TRUE,972,829,7,39:14:55,141295.5,11920.38,200,25,2026-08-28T17:49:22.170Z
1407,Melissa ROBERTSON,F,45,45-49W,AU,Terrigal Trotters,557,f,Finisher,TRUE,992,146,19,39:29:51,142191.26,13463.240000000002,200,26,2026-08-28T17:49:07.220Z
1408,Lingyi HE,F,35,35-39W,CN,NA,569,f,Finisher,TRUE,652,99,34,36:10:15,130214.91,4861.210000000001,200,26,2026-08-28T17:49:31.740Z
1409,François MULLER,H,61,60-64M,FR,SAMPHI AIX LES BAINS,562,f,Finisher,TRUE,764,653,5,37:25:19,134719.59,10263.259999999998,200,26,2026-08-28T17:53:00.290Z
1410,Kim DE BAENE,F,45,45-49W,CA,NA,583,f,Finisher,TRUE,1439,220,28,43:56:12,158172.01,27311.03,200,26,2026-08-28T17:50:59.190Z
1411,Lucas DE GRACIA,H,37,35-39M,FR,NA,557,f,Finisher,TRUE,892,761,164,38:36:21,138981.13,14761.59,200,26,2026-08-28T17:51:09.760Z
1412,Vincent LANCHEC,H,42,40-44M,FR,NA,557,f,Finisher,TRUE,472,397,91,33:17:42,119862.26,9585.68,200,26,2026-08-28T17:51:13.100Z
1413,Zdenek KRIVANEK,H,45,45-49M,CZ,Trailpoint,555,f,Finisher,TRUE,1433,1214,237,43:53:02,157982.32,14728.589999999998,200,26,2026-08-28T17:50:42.030Z
1414,Arthur LANOS,H,31,20-34M,FR,NA,557,f,Finisher,TRUE,684,583,169,36:37:29,131849.27,7150.49,200,26,2026-08-28T17:52:22.060Z
1415,Yulan WU,F,36,35-39W,CN,G2QRXV,556,f,Finisher,TRUE,1109,163,51,40:53:17,147196.86,16428.28,200,25,2026-08-28T17:51:04.570Z
1416,Julien VEYSSEYRE,H,39,35-39M,FR,Para Team Salomon,556,f,Finisher,TRUE,1475,1249,236,44:16:04,159363.82,7870.67,200,26,2026-08-28T17:48:35.680Z
1417,Miquel VIDAL ROSO,H,43,40-44M,ES,NA,556,a,DNF,FALSE,1926,1601,366,19:28:14,68701.23,6225.28,40,14,2026-08-28T17:49:15.540Z
1418,Laurent ZAZA,H,43,40-44M,FR,Les 3 Traileurs ,556,f,Finisher,TRUE,1204,1029,252,41:57:50,151069.84,19244.33,200,26,2026-08-28T17:52:19.250Z
1419,Anonymous,H,58,55-59M,AN,NA,NA,a,DNF,FALSE,2026,1687,105,20:05:19,72318.362,3603.1499999999996,38,14,2026-08-28T17:50:44.840Z
1420,Jean Rémy PAYA,H,42,40-44M,FR,OM ATHLETISME,556,f,Finisher,TRUE,942,805,198,38:59:32,140372.89,13183.559999999998,200,26,2026-08-28T17:49:49.020Z
1421,Yan MORVAN,H,49,45-49M,FR,Amadeus Trail,556,f,Finisher,TRUE,1474,1248,242,44:15:56,159356.14,15107.15,200,26,2026-08-28T17:52:21.390Z
1422,Julie MCNAMEE,F,53,50-54W,IE,Running Coach Ireland,556,f,Finisher,TRUE,1524,235,29,44:33:57,160436.86,9588.28,200,26,2026-08-28T17:50:22.480Z
1423,Jumpei KAWAUCHI,H,50,50-54M,JP,ONO-REN,556,f,Finisher,TRUE,1195,1024,92,41:52:13,150733.09,13605.380000000001,200,26,2026-08-28T17:51:21.070Z
1424,Paul SELLEM,H,30,20-34M,FR,Crazy Runners Shop,556,f,Finisher,TRUE,1367,1159,252,43:22:49,156169.21,33932.869999999995,200,26,2026-08-28T17:48:38.390Z
1425,Ralf ELSAESSER,H,51,50-54M,DE,NA,555,f,Finisher,TRUE,916,782,64,38:46:08,139567.77,9958.94,200,26,2026-08-28T17:51:56.910Z
1426,Baptiste GRILLET-AUBERT,H,32,20-34M,FR,Golden Running Co.,555,f,Finisher,TRUE,687,586,170,36:37:50,131870.32,14637.24,200,26,2026-08-28T17:52:24.650Z
1427,Masashi HIGO,H,54,50-54M,JP,runplus,555,f,Finisher,TRUE,1253,1071,101,42:22:21,152541.22,20084.3,200,26,2026-08-28T17:50:37.630Z
1428,Andre STUDER,H,48,45-49M,CH,NA,562,f,Finisher,TRUE,610,520,72,35:41:00,128460.38,9416.9,200,26,2026-08-28T17:50:45.260Z
1429,Jouni VISKARI,H,52,50-54M,FI,Samba Trail Running Club,555,a,DNF,FALSE,2279,1891,239,10:24:45,37484.95,779.24,16,6,2026-08-28T17:50:10.320Z
1430,Maurice DE JONGE,H,45,45-49M,NL,NA,558,f,Finisher,TRUE,957,816,134,39:07:21,140840.72,14674.949999999999,200,26,2026-08-28T17:52:12.290Z
1431,Mark WILSON,H,40,40-44M,GB,NA,555,a,DNF,FALSE,2069,1721,384,17:39:48,63588.38,15957.720000000001,30,12,2026-08-28T17:50:03.360Z
1432,Pollaphat AKAPAN,H,44,40-44M,TH,NA,610,a,DNF,FALSE,2305,1914,412,12:03:25,42589.28,1876.0700000000002,16,6,2026-08-28T17:50:44.620Z
1433,Daniel LARSSON,H,51,50-54M,SE,iRunTeam,555,a,DNF,FALSE,1977,1645,193,23:14:31,81715.58,9755.18,40,15,2026-08-28T17:50:08.930Z
1434,Benjamin GIBBARD,H,50,50-54M,US,NA,555,a,DNF,FALSE,2137,1777,211,16:25:06,59106.61,1357.32,28,11,2026-08-28T17:49:30.060Z
1435,Antoine YVON CLEAUD,H,45,45-49M,FR,Merci Karen,554,a,DNF,FALSE,1896,1579,302,23:12:22,83541.37,6698.62,44,16,2026-08-28T17:51:23.630Z
1436,Philippe HAUSSAIRE,H,32,20-34M,FR,NA,554,f,Finisher,TRUE,890,759,204,38:35:42,138941.87,11434.55,200,26,2026-08-28T17:51:05.560Z
1437,Kunnika TONSAKUL,F,53,50-54W,TH,Core team,566,hd,DNF,FALSE,2400,417,48,04:57:29,17849.27,NA,6,2,2026-08-28T17:51:19.470Z
1438,Christophe BOUZY,H,28,20-34M,FR,Les Bornés,553,f,Finisher,TRUE,369,305,103,31:15:08,112507.27,4701.88,200,26,2026-08-28T17:50:07.920Z
1439,Eduardo AMBROSIO,H,44,40-44M,BR,JVM Trail Run,554,f,Finisher,TRUE,598,509,119,35:28:45,127725.27,10404.960000000001,200,26,2026-08-28T17:51:14.420Z
1440,Sara DEL GIUSTO,F,51,50-54W,SI,ŠD Nanos Podnanos,554,a,DNF,FALSE,1955,328,40,22:42:03,81723.89,7556.6,40,15,2026-08-28T17:52:35.000Z
1441,Rafał JOŃCZYK,H,49,45-49M,PL,JacekBiega Running Team,554,f,Finisher,TRUE,1166,997,184,41:36:51,149811.67,17935.79,200,26,2026-08-28T17:52:18.270Z
1442,Teo COUTURIER,H,30,20-34M,FR,TEAM ATRC,551,f,Finisher,TRUE,1292,1102,246,42:47:52,154072.24,14462.650000000001,200,26,2026-08-28T17:49:39.040Z
1443,Martin PLONER,H,60,60-64M,CH,NA,554,f,Finisher,TRUE,490,414,2,33:37:37,121057.34,6637.5999999999995,200,26,2026-08-28T17:50:49.050Z
1444,Yuen Wing LI,H,47,45-49M,HK,SaiYan.Run,554,f,Finisher,TRUE,1528,1293,251,44:37:56,160675.79,13189.17,200,26,2026-08-28T17:52:37.460Z
1445,Luca MARCON,H,54,50-54M,IT,SCUOLA DI MARATONA,554,f,Finisher,TRUE,925,790,65,38:49:27,139767.35,12322.349999999999,200,26,2026-08-28T17:52:43.470Z
1446,Maxime CUSSAC,H,39,35-39M,FR,S/L ATHLE 632,554,f,Finisher,TRUE,927,792,169,38:52:10,139930.59,13745.449999999999,200,26,2026-08-28T17:50:39.300Z
1447,Ronan LE MORTELLEC,H,47,45-49M,FR,NA,554,f,Finisher,TRUE,679,578,85,36:26:36,131195.89,11079.98,200,26,2026-08-28T17:49:24.550Z
1448,Jérémy GARANDEL,H,36,35-39M,FR,Ose,553,a,DNF,FALSE,2027,1688,309,20:57:45,75457.93,5469.57,38,14,2026-08-28T17:51:30.070Z
1449,Tomi PEKKARINEN,H,51,50-54M,FI,Ultra Perros,553,f,Finisher,TRUE,1043,894,75,40:12:07,144726.53,20117.39,200,26,2026-08-28T17:50:02.900Z
1450,Rafał TABIŚ-HUBKA,H,48,45-49M,PL,ZabrzańskieParkoweBieganie/ReshapeRunners,553,f,Finisher,TRUE,1365,1157,220,43:22:40,156160.35,14277.329999999998,200,26,2026-08-28T17:51:27.120Z
1451,Ouisam JEMILI,H,39,35-39M,FR,Easc,553,f,Finisher,TRUE,1387,1176,226,43:32:29,156748.99,12929.52,200,26,2026-08-28T17:52:34.760Z
1452,Ka Chun LI,H,30,20-34M,HK,The Peak Hunter,553,f,Finisher,TRUE,1189,1018,237,41:49:54,150594.11,19645.67,200,26,2026-08-28T17:50:38.580Z
1453,Wai Kei LAM,H,52,50-54M,HK,Follow Me,553,f,Finisher,TRUE,599,510,31,35:29:20,127759.59,6665.25,200,26,2026-08-28T17:49:43.810Z
1454,Morgan QUÉTIN,H,32,20-34M,FR,CA CAUCHOIS,553,f,Finisher,TRUE,404,336,114,31:55:17,114916.8,7561.68,200,26,2026-08-28T17:52:18.530Z
1455,Anne MAXWELL,F,44,40-44W,US,NA,551,f,Finisher,TRUE,1286,190,33,42:43:32,153811.69,15938.500000000002,200,26,2026-08-28T17:51:13.450Z
1456,Danielle FAZIO,F,46,45-49W,US,NA,552,f,Finisher,TRUE,936,137,16,38:57:37,140257.47,13898.38,200,26,2026-08-28T17:50:24.100Z
1457,David CHAMBEFORT,H,53,50-54M,FR,Team bugey libre,552,f,Finisher,TRUE,779,666,48,37:34:13,135252.35,11544.42,200,26,2026-08-28T17:50:05.710Z
1458,Bertrand FUMEX,H,44,40-44M,FR,B L G team trail,551,f,Finisher,TRUE,785,671,163,37:38:10,135490.08,10628.19,200,26,2026-08-28T17:52:14.790Z
1459,Romain ECHIVARD,H,33,20-34M,FR,STADE RENNAIS ATHLÉTISME,552,f,Finisher,TRUE,1561,1320,267,44:46:39,161199.13,23926.35,200,26,2026-08-28T17:52:06.730Z
1460,Tristan BOUILLOT,H,27,20-34M,FR,NA,552,np,Other,FALSE,NA,NA,NA,00:00:00,0,NA,NA,0,2026-08-28T17:48:12.000Z
1461,Alexandre DELORD,H,44,40-44M,FR,NA,552,f,Finisher,TRUE,1002,856,209,39:35:54,142554.53,11257.68,200,26,2026-08-28T17:51:54.250Z
1462,Olivier PÉLIKS,H,53,50-54M,FR,NA,552,a,DNF,FALSE,2150,1789,218,17:19:52,62392.05,1062.24,28,11,2026-08-28T17:49:46.490Z
1463,Stuart HOULISTON,H,50,50-54M,AU,N/A,552,f,Finisher,TRUE,1461,1237,141,44:12:43,159163.36,8398.02,200,26,2026-08-28T17:50:09.350Z
1464,Rabin SRISUTTINUN,H,40,40-44M,TH,no,551,f,Finisher,TRUE,1024,877,215,39:49:54,143393.68,13090.53,200,26,2026-08-28T17:52:20.630Z
1465,Olivier BONEF,H,43,40-44M,FR,PERONNE ATHLETISME CLUB,552,f,Finisher,TRUE,1500,1270,301,44:23:19,159798.47,22375.18,200,26,2026-08-28T17:52:28.660Z
1466,Domenico GRECO,H,58,55-59M,IT,Portogruaro Runners,552,f,Finisher,TRUE,1572,1329,65,44:54:55,161695.06,13949.439999999999,200,26,2026-08-28T17:52:06.420Z
1467,Robin VUILLAUME,H,44,40-44M,FR,ASM PAU,552,a,DNF,FALSE,2122,1768,395,14:15:51,51350.67,1294.98,28,11,2026-08-28T17:51:36.500Z
1468,Chun Wa WONG,H,49,45-49M,HK,Take it Slow/WRC,552,a,DNF,FALSE,1777,1489,285,31:37:21,113840.77,9105.029999999999,52,19,2026-08-28T17:49:51.580Z
1469,Raphaël KIENER,H,38,35-39M,CH,NA,574,f,Finisher,TRUE,768,657,149,37:27:36,134855.67,15911.490000000002,200,26,2026-08-28T17:50:55.560Z
1470,Laurent VUILLERMOZ,H,49,45-49M,FR,NA,552,a,DNF,FALSE,2276,1888,350,10:16:04,36957.31,817.85,16,6,2026-08-28T17:52:09.480Z
1471,Antonio Ramon NAVARRO PEREZ,H,36,35-39M,ES,C.D MTB Y TRAIL PULPI,552,a,DNF,FALSE,1953,1626,302,22:40:50,78270.62,9201.2,40,15,2026-08-28T17:51:33.690Z
1472,Anonymous,H,45,45-49M,AN,NA,NA,f,Finisher,TRUE,1364,1156,219,43:21:35,156095.15,17642.74,200,26,2026-08-28T17:52:17.360Z
1473,Attila HODOR,H,39,35-39M,NL,ultra terrestrial,551,f,Finisher,TRUE,722,614,141,36:56:57,133016.85,8302.779999999999,200,26,2026-08-28T17:50:30.380Z
1474,Grzegorz RZADCA,H,45,45-49M,PL,NA,550,f,Finisher,TRUE,1036,887,150,40:02:17,144137.23,9929.12,200,26,2026-08-28T17:52:46.170Z
1475,Jérôme OLRY,H,50,50-54M,FR,NA,549,a,DNF,FALSE,1853,1542,182,24:13:49,87031.8,2444.7,48,17,2026-08-28T17:52:28.680Z
1476,Sophie MAZIERES,F,35,35-39W,FR,BNBRC,551,f,Finisher,TRUE,1308,195,59,42:56:19,154579.65,15878.419999999998,200,26,2026-08-28T17:51:32.270Z
1478,Zongheng ZHENG,H,34,20-34M,CN,NA,551,f,Finisher,TRUE,1050,900,225,40:16:10,144969.08,11790.87,200,26,2026-08-28T17:50:13.970Z
1479,Alastair BURGESS,H,41,40-44M,AU,NA,551,f,Finisher,TRUE,1018,871,213,39:45:20,143119.81,21332.43,200,26,2026-08-28T17:51:35.840Z
1480,Nicolas BIDAULT,H,34,20-34M,FR,Team Creuse l'Ecart,546,f,Finisher,TRUE,429,357,124,32:31:16,117075.91,7956.880000000001,200,26,2026-08-28T17:50:25.340Z
1481,Pierrick VENIER,H,40,40-44M,FR,NA,550,f,Finisher,TRUE,1606,1356,319,45:08:11,162491.19,10335.869999999999,200,26,2026-08-28T17:52:12.300Z
1482,Lana PECHERSKAYA,F,41,40-44W,ES,RAIDLIGHT,550,a,DNF,FALSE,2351,403,82,05:21:18,17843.71,1643.1000000000001,10,3,2026-08-28T17:51:22.930Z
1483,Marco DI FELICE,H,53,50-54M,IT,I Grifoni - Rappresentativa G di F,548,f,Finisher,TRUE,1356,1151,121,43:18:17,155897.76,15207.9,200,26,2026-08-28T17:50:14.090Z
1484,David CASTILLO,H,52,50-54M,FR,Lezitrail 34,550,a,DNF,FALSE,2149,1788,217,17:19:06,62346.27,1434.37,28,11,2026-08-28T17:50:17.050Z
1485,Alan GAVARIN,H,37,35-39M,FR,Barbell Union,582,f,Finisher,TRUE,573,487,124,35:12:48,126767.68,9484.5,200,26,2026-08-28T17:51:42.870Z
1486,Julien MAREC,H,43,40-44M,FR,Team Bouconne,550,f,Finisher,TRUE,292,243,52,29:29:23,106163.58,7071.63,200,26,2026-08-28T17:48:56.120Z
1488,Sigríður Rúna ÞÓRODDSDÓTTIR,F,56,55-59W,IS,NA,549,f,Finisher,TRUE,817,119,4,37:52:55,136375.02,6753.36,200,26,2026-08-28T17:52:25.860Z
1489,Jake GALLIGANI,H,31,20-34M,US,NA,547,f,Finisher,TRUE,751,641,181,37:17:02,134222.56,13002.910000000002,200,26,2026-08-28T17:51:05.130Z
1490,Wilse GRAVELAND,H,45,45-49M,NL,NA,552,f,Finisher,TRUE,838,713,114,38:10:03,137403.3,8927.689999999999,200,26,2026-08-28T17:49:12.090Z
1491,Jay HADDLEY,H,41,40-44M,GB,Chester Triathlon Club,549,f,Finisher,TRUE,536,456,100,34:25:35,123934.67,9636.92,200,26,2026-08-28T17:52:39.860Z
1492,Daniel BOECKER,H,46,45-49M,DE,Trailrunning Squad,549,f,Finisher,TRUE,1005,858,144,39:39:05,142744.99,11647.46,200,26,2026-08-28T17:50:14.670Z
1493,Jerzy DZIADOSZ,H,57,55-59M,PL,OneManTeam,549,f,Finisher,TRUE,1333,1132,48,43:06:54,155214.27,15489.85,200,26,2026-08-28T17:52:22.310Z
1494,David MARGAIN,H,56,55-59M,FR,CMBM,548,f,Finisher,TRUE,802,685,17,37:48:16,136096.4,6840.78,200,26,2026-08-28T17:49:34.230Z
1495,Adrien ROTHÉ,H,40,40-44M,FR,TOR,548,f,Finisher,TRUE,919,785,192,38:47:23,139642.97,21184.370000000003,200,26,2026-08-28T17:51:00.050Z
1496,Francois LAROCHETTE DE ROECK,H,54,50-54M,FR,ASPTT ANNECY,547,f,Finisher,TRUE,940,803,67,38:58:31,140311.1,13721.939999999999,200,26,2026-08-28T17:48:58.620Z
1497,Yoshinori SAITO,H,57,55-59M,JP,Hiroo Father's Running Club,548,f,Finisher,TRUE,979,835,22,39:18:46,141526.03,10080.83,200,26,2026-08-28T17:50:19.490Z
1498,Yannick NICOULEAU,H,54,50-54M,FR,S/L CM FLOIRAC,548,a,DNF,FALSE,1793,1501,177,26:39:45,95984.91,8070.889999999999,51,18,2026-08-28T17:51:01.380Z
1499,Rafael CAMPOS,H,50,50-54M,BR,Paraty UTMB,548,f,Finisher,TRUE,935,799,66,38:57:23,140243.2,9224.3,200,26,2026-08-28T17:52:45.300Z
1500,Tony FUSS,H,40,40-44M,DE,Rhöner Basaltwaden,548,f,Finisher,TRUE,1040,891,218,40:08:03,144482.93,7876.3099999999995,200,26,2026-08-28T17:52:32.590Z
1501,Alessandro PAOLUCCI,H,31,20-34M,IT,NA,546,f,Finisher,TRUE,693,591,171,36:42:01,132120.72,13168.880000000001,200,26,2026-08-28T17:50:37.620Z
1502,Honglong GUO,H,39,35-39M,CN,520,548,f,Finisher,TRUE,941,804,172,38:59:16,140355.83,21674.25,200,26,2026-08-28T17:51:45.310Z
1503,Anthony GRÉGOIRE,H,51,50-54M,FR,Mutirun,548,f,Finisher,TRUE,784,670,49,37:37:23,135442.94,11141,200,26,2026-08-28T17:52:12.970Z
1504,Benjamin BAJAC,H,35,35-39M,FR,Team Pif,548,f,Finisher,TRUE,1007,860,185,39:40:46,142846.64,14183.39,200,26,2026-08-28T17:50:17.000Z
1505,Josiane Otilia De Souza KALFELTZ,F,45,45-49W,BR,WR,548,f,Finisher,TRUE,1139,166,23,41:13:39,148419.22,9021.72,200,26,2026-08-28T17:49:25.290Z
1506,Roberta WONG,F,41,40-44W,HK,NA,548,f,Finisher,TRUE,688,102,18,36:39:26,131965.23,4727.74,200,26,2026-08-28T17:50:36.770Z
1507,Mathieu GOMBAULT,H,32,20-34M,BE,NA,544,f,Finisher,TRUE,713,607,175,36:51:09,132668.72,10828.430000000002,200,26,2026-08-28T17:50:21.810Z
1509,Joana Maria CLERE,F,38,35-39W,PH,NA,547,f,Finisher,TRUE,845,126,43,38:12:32,137551.83,10255.99,200,26,2026-08-28T17:49:40.660Z
1510,Edoardo ORLANDI,H,32,20-34M,IT,"Team Under 2,5",547,f,Finisher,TRUE,812,694,189,37:50:52,136251.4,14828.88,200,25,2026-08-28T17:49:44.630Z
1511,Andrew BOGUS,H,37,35-39M,US,NA,547,f,Finisher,TRUE,1329,1130,220,43:04:32,155071.92,14875.099999999999,200,26,2026-08-28T17:49:51.580Z
1512,François JAUBERT-SOURY,H,36,35-39M,FR,Inglorious Paillettes,546,f,Finisher,TRUE,1240,1059,207,42:12:07,151926.51,14533.22,200,26,2026-08-28T17:50:50.560Z
1513,Sophye SIFFERT,F,42,40-44W,FR,Corsica Sport Mezzavia,547,a,DNF,FALSE,2146,361,76,17:01:48,61307.99,988.74,28,11,2026-08-28T17:51:40.690Z
1514,Christophe LEFOYER,H,53,50-54M,FR,Hanb ball,547,f,Finisher,TRUE,1004,857,71,39:36:32,142591.54,11150.68,200,26,2026-08-28T17:49:47.690Z
1515,Mariko KIRIHATA,F,52,50-54W,JP,moderate runners/HK Meisokai,548,f,Finisher,TRUE,1678,267,34,45:38:01,164281.04,18855.829999999998,200,26,2026-08-28T17:49:55.560Z
1516,Vivien MALAVIELLE,H,44,40-44M,FR,Bol d'Air Gignacois,547,f,Finisher,TRUE,667,567,132,36:19:16,130756.3,10419.85,200,26,2026-08-28T17:52:43.260Z
1517,Julien CARPELS,H,36,35-39M,FR,NA,546,a,DNF,FALSE,2220,1841,331,13:04:30,47069.11,2160.9900000000002,22,8,2026-08-28T17:51:07.930Z
1518,Meixiong YANG,F,50,50-54W,CN,Paomaren,546,f,Finisher,TRUE,642,98,4,36:01:22,129682.24,7238.61,200,26,2026-08-28T17:49:43.130Z
1519,Kiyoshi KOBAYASHI,H,59,55-59M,JP,NA,546,f,Finisher,TRUE,1556,1317,62,44:46:21,161180.91,18024.920000000002,200,26,2026-08-28T17:52:15.790Z
1520,Meisha STRYKOWSKI,F,47,45-49W,AU,NA,546,f,Finisher,TRUE,663,100,11,36:17:22,130642.7,9604.189999999999,200,26,2026-08-28T17:50:04.010Z
1521,Shohei OKU,H,39,35-39M,JP,SOYUKAI,618,f,Finisher,TRUE,1114,951,195,40:55:02,147301.67,16705.300000000003,200,26,2026-08-28T17:49:23.620Z
1522,Valentin GRUBER,H,29,20-34M,AT,DFC Fieberbrunn,543,a,DNF,FALSE,2155,1793,341,17:28:48,62928.13,3540.67,28,11,2026-08-28T17:49:22.030Z
1523,Le SHI,H,42,40-44M,CA,NA,546,a,DNF,FALSE,1756,1475,342,25:56:55,93415.54,7098.459999999999,52,19,2026-08-28T17:52:59.160Z
1525,Dan SPAKOWICZ,H,44,40-44M,US,NA,546,np,Other,FALSE,NA,NA,NA,00:00:00,0,NA,NA,0,2026-08-28T17:48:12.000Z
1526,Dino Franco NOLLY,H,55,55-59M,IT,ASD Montagnesprit,546,a,DNF,FALSE,1851,1540,87,23:56:13,86172.09,4994.8,48,17,2026-08-28T17:51:50.930Z
1527,Kevin TUYBENS,H,36,35-39M,FR,ULTRA SPORTEAM PEVELE,546,f,Finisher,TRUE,473,398,104,33:20:17,120017.42,7625.33,200,26,2026-08-28T17:51:04.150Z
1528,Stéphane GIRARD,H,50,50-54M,FR,Team Trail Jura,546,a,DNF,FALSE,2144,1784,215,16:57:55,61075.55,2061.56,28,11,2026-08-28T17:49:33.290Z
1529,Samira ADJAOUD,F,48,45-49W,FR,NA,546,f,Finisher,TRUE,1334,202,26,43:07:05,155224.43,13927.9,200,26,2026-08-28T17:52:18.690Z
1530,Andrew GLAZE,H,48,45-49M,US,NA,543,f,Finisher,TRUE,1137,972,179,41:11:33,148292.79,8825,200,26,2026-08-28T17:49:06.980Z
1531,Maurane DE VROEY,F,30,20-34W,BE,Sportex Team,545,f,Finisher,TRUE,593,89,30,35:23:50,127430.26,5491.280000000001,200,26,2026-08-28T17:50:17.320Z
1532,Julio Cesar GOMEZ AGUILAR,H,36,35-39M,MX,Ninguno,545,f,Finisher,TRUE,1171,1001,200,41:38:16,149896.32,8748.33,200,26,2026-08-28T17:49:37.420Z
1533,Jérémy SOTO,H,42,40-44M,FR,EYGUIERES,545,f,Finisher,TRUE,1445,1225,289,43:57:38,158257.96,15644.47,200,26,2026-08-28T17:51:56.670Z
1534,Laurent JANSSEN,H,49,45-49M,FR,ASPTT Belfort Trail,545,a,DNF,FALSE,1864,1552,297,26:03:13,93187.83,3385.37,48,17,2026-08-28T17:49:15.950Z
1535,Alexander O'ROURKE,H,41,40-44M,CO,NA,544,f,Finisher,TRUE,875,744,180,38:25:59,138359.24,11126.3,200,26,2026-08-28T17:49:53.600Z
1536,Theo BRIANE,H,32,20-34M,FR,LES GC,544,f,Finisher,TRUE,774,662,182,37:31:40,135100.54,10214.93,200,26,2026-08-28T17:51:52.410Z
1537,Olivier ZYZAK,H,37,35-39M,FR,NA,542,f,Finisher,TRUE,1332,1131,221,43:06:19,155179.88,15904.320000000002,200,26,2026-08-28T17:51:55.000Z
1538,Matthew OGG,H,39,35-39M,GB,We Are Daybreak,515,f,Finisher,TRUE,1589,1343,252,45:04:07,162247.63,15625.130000000001,200,26,2026-08-28T17:51:27.190Z
1539,Meghan CANFIELD,F,65,65-69W,US,NA,543,f,Finisher,TRUE,946,140,1,39:01:47,140507.09,7956.84,200,25,2026-08-28T17:52:47.090Z
1540,Vincent BAUDOT,H,29,20-34M,FR,NÉVÉ,544,f,Finisher,TRUE,297,247,90,29:34:13,106453.77,3147.31,200,26,2026-08-28T17:49:07.000Z
1541,Lennert CALLENS,H,33,20-34M,BE,NA,541,f,Finisher,TRUE,970,827,214,39:13:13,141192.13,15659.539999999997,200,26,2026-08-28T17:51:30.910Z
1542,Gilbert VILLIEN,H,65,65-69M,FR,NA,544,a,DNF,FALSE,1861,1550,4,25:29:24,90401.35,6070.120000000001,48,17,2026-08-28T17:49:09.800Z
1543,John WILSON,H,41,40-44M,GB,NA,543,f,Finisher,TRUE,1406,1193,283,43:40:54,157254.75,14832.63,200,26,2026-08-28T17:52:46.010Z
1544,Grégoire VON RAKOWSKI,H,34,20-34M,FR,NA,545,a,DNF,FALSE,1930,1605,316,19:52:42,68861.33,8423.33,40,15,2026-08-28T17:51:29.440Z
1545,Rima VILIUNIENE,F,55,55-59W,LT,Love Streams Running,543,f,Finisher,TRUE,636,96,1,35:57:22,129442.21,4768.87,200,26,2026-08-28T17:51:20.570Z
1546,Fabien LEBAS,H,48,45-49M,FR,NA,543,f,Finisher,TRUE,1028,881,149,39:53:37,143616.98,9745.970000000001,200,26,2026-08-28T17:52:46.480Z
1547,Yoshinori SAKAMOTO,H,50,50-54M,JP,NA,543,a,DNF,FALSE,2298,1907,241,11:34:47,41678.08,499.17,16,6,2026-08-28T17:50:45.260Z
1548,Ricardo Sebastian HEREDIA,H,49,45-49M,AR,TEAM D-SPORT,544,f,Finisher,TRUE,853,726,117,38:17:40,137859.89,9152.92,200,26,2026-08-28T17:50:37.650Z
1549,Michel PERCEVAUX,H,49,45-49M,FR,NA,543,f,Finisher,TRUE,1264,1080,207,42:31:15,153075.34,12814.329999999998,200,25,2026-08-28T17:49:08.320Z
1550,Anthony LE ROUSIC,H,48,45-49M,FR,néant,542,a,DNF,FALSE,1932,1607,305,19:56:09,70719.69,5469.459999999999,40,15,2026-08-28T17:49:29.420Z
1551,Bruno VERBEKE,H,45,45-49M,BE,NA,542,f,Finisher,TRUE,939,802,130,38:57:56,140276.43,10987.64,200,26,2026-08-28T17:49:51.380Z
1552,Barbara GASSMANN,F,40,40-44W,AR,NA,542,f,Finisher,TRUE,1305,193,34,42:55:41,154541.36,16190.72,200,26,2026-08-28T17:51:49.530Z
1553,Sébastien CUSTOT,H,44,40-44M,CH,NA,542,f,Finisher,TRUE,1106,944,234,40:52:40,147160.31,13189.480000000003,200,26,2026-08-28T17:52:39.080Z
1554,Andrea MORNET,H,30,20-34M,FR,NA,542,f,Finisher,TRUE,991,846,219,39:29:22,142162.31,13139.399999999998,200,26,2026-08-28T17:51:52.430Z
1555,Jérôme MILCENDEAU,H,49,45-49M,FR,TRAILXBEER,540,f,Finisher,TRUE,883,752,122,38:32:23,138743.08,17695.640000000003,200,26,2026-08-28T17:52:03.860Z
1556,Libor MILOŠEVSKÝ,H,46,45-49M,CZ,Ultra SOB,542,f,Finisher,TRUE,1243,1061,201,42:15:47,152146.57,12443.52,200,26,2026-08-28T17:51:03.480Z
1557,The Anh NGUYEN,H,37,35-39M,VN,Activ Runner Ha Noi,542,f,Finisher,TRUE,781,668,152,37:36:06,135365.55,6984.2,200,26,2026-08-28T17:50:33.630Z
1558,Anonymous,H,30,20-34M,AN,NA,NA,a,DNF,FALSE,2095,1744,329,18:24:12,66252.31,1903.4500000000003,30,12,2026-08-28T17:52:02.320Z
1559,David BRADLEY-JONES,H,52,50-54M,GB,NA,541,f,Finisher,TRUE,1145,978,86,41:18:23,148702.86,14222.080000000002,200,26,2026-08-28T17:49:25.320Z
1560,Yannick JANSEN,H,41,40-44M,FR,NA,541,f,Finisher,TRUE,591,503,116,35:22:38,127357.98,3463.32,200,26,2026-08-28T17:50:59.190Z
1561,Zuffova JANA,F,51,50-54W,SK,SlovakUltraTrail,545,f,Finisher,TRUE,718,107,6,36:54:45,132885.33,9541.919999999998,200,26,2026-08-28T17:51:36.500Z
1562,Cynthia GAY,F,31,20-34W,CH,Reaching Summits,545,f,Finisher,TRUE,552,84,29,34:44:02,125042.47,5578.5599999999995,200,26,2026-08-28T17:51:54.250Z
1563,Emmanuel COULOMBEL,H,49,45-49M,FR,Arcam le rouge,541,f,Finisher,TRUE,1014,867,148,39:44:14,143053.65,7235.68,200,26,2026-08-28T17:51:59.680Z
1564,Isabella VIDILI,F,49,45-49W,IT,Baudenasca,541,a,DNF,FALSE,1794,293,41,27:10:39,97838.81,1076.17,51,18,2026-08-28T17:49:23.940Z
1565,Soon Saam LEE,H,40,40-44M,MY,Snack Right,541,f,Finisher,TRUE,1322,1124,267,43:01:32,154891.55,17217.62,200,26,2026-08-28T17:49:30.730Z
1566,Joonas PIKKARAINEN,H,44,40-44M,FI,Lauttasaaren Läpsyttelijät,539,f,Finisher,TRUE,720,613,147,36:55:46,132946.17,8714.1,200,26,2026-08-28T17:52:02.800Z
1567,Lisa-Maria SCHREIER,F,36,35-39W,DE,NA,538,f,Finisher,TRUE,821,121,41,37:56:12,136572.06,8662.369999999999,200,26,2026-08-28T17:50:42.480Z
1568,Pierre-Henry COPPERE,H,42,40-44M,FR,NA,541,f,Finisher,TRUE,358,294,60,30:56:23,111382.97,6307.889999999999,200,26,2026-08-28T17:50:20.570Z
1569,Anthony GROSSEAU,H,35,35-39M,FR,PGAC Herbignac,541,f,Finisher,TRUE,1584,1340,251,45:00:54,162053.89,7681.82,200,26,2026-08-28T17:52:25.860Z
1570,Romain BLUSSEAU,H,34,20-34M,FR,Challengers,541,f,Finisher,TRUE,1428,1210,258,43:50:08,157808.78,17084.65,200,25,2026-08-28T17:52:09.080Z
1571,Olivier MATHIAS,H,41,40-44M,CH,NA,550,f,Finisher,TRUE,999,853,208,39:35:13,142513.09,16941.460000000003,200,26,2026-08-28T17:52:50.730Z
1572,Julien AUPET,H,44,40-44M,FR,UOAT ALBERTVILLE,541,f,Finisher,TRUE,746,636,151,37:14:19,134058.4,10122.24,200,26,2026-08-28T17:51:27.670Z
1573,Michael BETTS,H,38,35-39M,GB,Shrewsbury AC,540,np,Other,FALSE,NA,NA,NA,00:00:00,0,NA,NA,0,2026-08-28T17:48:12.000Z
1574,Tara HANUSA,F,34,20-34W,US,NA,540,f,Finisher,TRUE,1312,197,46,42:57:27,154646.75,14347.810000000001,200,26,2026-08-28T17:49:00.250Z
1575,Holly RYERSON,F,43,40-44W,US,Salomon,540,f,Finisher,TRUE,1374,209,38,43:27:34,156453.79,5883.44,200,26,2026-08-28T17:49:28.510Z
1576,Roland BARBIER,H,47,45-49M,FR,Anonymous Runners,540,f,Finisher,TRUE,1176,1006,187,41:39:48,149988.57,10241.970000000001,200,26,2026-08-28T17:50:19.050Z
1577,Pierre DE LA TULLAYE,H,48,45-49M,FR,DASSAULT SPORTS,540,f,Finisher,TRUE,863,735,118,38:22:33,138153.48,8711.77,200,26,2026-08-28T17:49:44.440Z
1578,Sheila SANEI,F,51,50-54W,SE,NA,539,f,Finisher,TRUE,1586,246,30,45:01:49,162109.34,10550.310000000001,200,26,2026-08-28T17:49:37.190Z
1579,Adrien VIAUD,H,43,40-44M,FR,NA,540,f,Finisher,TRUE,1054,903,222,40:20:40,145240.7,18260.82,200,26,2026-08-28T17:51:46.250Z
1580,Clement COILOT,H,39,35-39M,FR,APRG,540,f,Finisher,TRUE,786,672,153,37:38:22,135502.23,16080.429999999998,200,26,2026-08-28T17:51:33.200Z
1581,Tsuyoshi SEKIJIMA,H,40,40-44M,JP,NA,540,f,Finisher,TRUE,831,708,170,38:03:29,137009.12,9909.330000000002,200,26,2026-08-28T17:51:56.220Z
1582,Pierre CARRIÉ,H,45,45-49M,FR,-,537,f,Finisher,TRUE,620,529,76,35:45:20,128720.25,12580.229999999998,200,26,2026-08-28T17:49:59.040Z
1583,Rubén CÓNSUL MANRIQUE,H,41,40-44M,ES,NA,540,hd,DNF,FALSE,2243,1861,405,15:33:57,56036.775,1613.2200000000003,22,8,2026-08-28T17:50:33.630Z
1584,Carlos NOGUERA SOLIS,H,42,40-44M,NI,Tourrettes Esprit Trail,540,f,Finisher,TRUE,705,602,144,36:48:42,132521.81,12783.1,200,26,2026-08-28T17:50:28.710Z
1585,Stéphanie LARTILLEUX,F,55,55-59W,FR,Club des sports val d Isère,540,a,DNF,FALSE,1843,310,18,22:24:27,80666.96,2840.2400000000002,48,17,2026-08-28T17:52:42.820Z
1586,Aurelien FORGUES,H,46,45-49M,FR,NA,537,f,Finisher,TRUE,1075,920,161,40:39:43,146382.2,26189.16,200,26,2026-08-28T17:50:12.800Z
1587,Quentin HAUET,H,47,45-49M,FR,TCN,539,f,Finisher,TRUE,1489,1260,245,44:20:53,159653.13,18895.42,200,26,2026-08-28T17:50:05.370Z
1588,Valentin BOURGEOIS,H,49,45-49M,FR,NA,538,f,Finisher,TRUE,606,516,70,35:38:48,128328.34,13475.210000000001,200,26,2026-08-28T17:51:00.050Z
1589,Giles NEWMARCH,H,46,45-49M,GB,NA,539,f,Finisher,TRUE,580,493,68,35:16:44,127003.13,3805.57,200,26,2026-08-28T17:52:44.920Z
1590,Patrick BEAUDRON,H,58,55-59M,FR,DSA PONTARLIER,559,f,Finisher,TRUE,954,814,21,39:06:32,140792.11,16575.04,200,26,2026-08-28T17:49:45.830Z
1591,John KABERNA,H,52,50-54M,US,Summit Runners BCN,538,f,Finisher,TRUE,1027,880,74,39:53:25,143605.2,18181.010000000002,200,26,2026-08-28T17:51:22.500Z
1592,Daniel WERCHOLA,H,45,45-49M,GB,NA,539,f,Finisher,TRUE,1011,864,147,39:41:44,142904.07,15248.560000000001,200,26,2026-08-28T17:52:29.530Z
1593,José Pascual ROCHERA ALBA,H,33,20-34M,ES,ERTeam,538,f,Finisher,TRUE,1042,893,224,40:10:15,144614.53,10396.880000000001,200,26,2026-08-28T17:52:26.990Z
1594,Lei HAN,H,34,20-34M,CN,NA,539,f,Finisher,TRUE,800,683,185,37:47:56,136076.11,8288.28,200,26,2026-08-28T17:50:50.080Z
1595,Christine FORSELL,F,43,40-44W,SE,Team Cristal,539,f,Finisher,TRUE,1581,244,45,44:59:08,161947.85,11038.75,200,26,2026-08-28T17:49:36.790Z
1596,Zhipeng LIU,H,39,35-39M,CN,One Percent Crew,539,f,Finisher,TRUE,901,769,166,38:39:33,139172.3,8278.04,200,26,2026-08-28T17:51:06.950Z
1597,Leonard BENNING,H,36,35-39M,DE,NA,536,f,Finisher,TRUE,703,600,138,36:45:41,132340.98,14616.37,200,26,2026-08-28T17:51:25.340Z
1598,Rocio ARIAS GARCIA,F,38,35-39W,CR,Ro Running Team,538,f,Finisher,TRUE,1494,230,62,44:22:27,159747.69,10077.07,200,26,2026-08-28T17:49:09.230Z
1600,Richard PHELAN,H,41,40-44M,IE,Crusaders Running Club,538,f,Finisher,TRUE,1563,1322,313,44:47:16,161236.04,12351.33,200,26,2026-08-28T17:51:52.230Z
1601,Davy FATRAS,H,39,35-39M,FR,LA GRAINE ,538,f,Finisher,TRUE,1580,1337,249,44:59:03,161942.79,15218.380000000001,200,26,2026-08-28T17:51:41.490Z
1602,Mohamed CHAIR,H,48,45-49M,FR,E2A,538,f,Finisher,TRUE,734,626,96,37:04:59,133498.37,8582.75,200,26,2026-08-28T17:51:05.830Z
1603,Shirhaan HAMEED,H,48,45-49M,MV,Springwell Running Club,538,f,Finisher,TRUE,1116,952,172,40:55:29,147329.55,12297.04,200,26,2026-08-28T17:50:04.090Z
1604,Alexis Matias ALI,H,43,40-44M,AR,DD RUNNING TEAM,538,f,Finisher,TRUE,1478,1251,295,44:16:34,159394.28,14907.77,200,26,2026-08-28T17:51:21.490Z
1606,Matevž PERME,H,33,20-34M,SI,AK Pivka,538,f,Finisher,TRUE,1090,933,227,40:45:08,146707.7,5356.01,200,26,2026-08-28T17:52:34.790Z
1607,Gregory LARSON,H,59,55-59M,US,NA,603,f,Finisher,TRUE,589,501,10,35:21:41,127301.56,4245.7300000000005,200,26,2026-08-28T17:51:14.110Z
1608,Arnaud CAILLE,H,37,35-39M,FR,US Valenciennes Athlétisme,537,f,Finisher,TRUE,1314,1117,218,42:58:06,154686.07,11223.75,200,26,2026-08-28T17:49:19.380Z
1609,Samuel VICAT,H,49,45-49M,FR,NA,537,f,Finisher,TRUE,1285,1096,211,42:43:15,153795.63,23102.82,200,26,2026-08-28T17:51:34.220Z
1610,Stefanus VAN DER VEEN,H,46,45-49M,NL,NA,537,f,Finisher,TRUE,1452,1231,239,44:02:11,158531.52,13862.09,200,26,2026-08-28T17:51:00.040Z
1611,Thomas NOWAK,H,47,45-49M,FR,NA,537,f,Finisher,TRUE,1418,1203,233,43:45:08,157508.6,11600.93,200,26,2026-08-28T17:52:22.340Z
1612,Sylvain JOUANNAUD,H,49,45-49M,FR,NA,537,f,Finisher,TRUE,909,776,125,38:43:28,139408.61,12874.3,200,26,2026-08-28T17:52:15.050Z
1613,Fátima GONÇALVES,F,59,55-59W,PT,O Mundo da Corrida,536,f,Finisher,TRUE,1114,164,5,40:55:02,147301.35,10099.4,200,26,2026-08-28T17:49:10.900Z
1614,Richard BRAY,H,45,45-49M,NZ,Haslemere Border Athletics Club,536,f,Finisher,TRUE,1093,935,168,40:46:15,146774.7,10269.75,200,26,2026-08-28T17:49:06.500Z
1615,Chris TRUMBAUER,H,52,50-54M,US,Adventures for the Cure,536,f,Finisher,TRUE,1247,1065,98,42:18:57,152337.03,12297.11,200,26,2026-08-28T17:49:30.750Z
1616,Justas DAINAUSKAS,H,36,35-39M,LT,NA,536,a,DNF,FALSE,1937,1611,301,21:07:57,74687.89,5502.249999999999,40,15,2026-08-28T17:50:46.460Z
1617,Konrad DLUGOLECKI,H,48,45-49M,PL,BIEGOWA ŚWIDNICA,536,f,Finisher,TRUE,1323,1125,215,43:02:42,154961.96,17277.69,200,26,2026-08-28T17:50:47.180Z
1618,Laurent FRIEDL,H,49,45-49M,CH,NA,536,f,Finisher,TRUE,971,828,138,39:14:05,141245.34,13190.31,200,26,2026-08-28T17:50:21.030Z
1619,Michel MORICE,H,40,40-44M,FR,BRISSAC LOIRE AUBANCE ATHLETISME,536,f,Finisher,TRUE,1673,1409,328,45:34:35,164074.93,15910.19,200,26,2026-08-28T17:49:44.640Z
1620,Olivier BONIFACE,H,39,35-39M,FR,Flize Army,536,f,Finisher,TRUE,1302,1110,215,42:53:52,154431.8,22623.76,200,26,2026-08-28T17:52:06.200Z
1621,Mariola DOMENECH PASTOR,F,37,35-39W,ES,Club Atletismo Alcoy,534,f,Finisher,TRUE,1100,161,50,40:50:54,147054.16,12479.5,200,26,2026-08-28T17:51:22.400Z
1622,Vincent NELSON,H,42,40-44M,FR,NA,535,f,Finisher,TRUE,448,373,81,32:49:41,118180.74,5110.26,200,26,2026-08-28T17:49:18.940Z
1623,Eric SANCHEZ,H,57,55-59M,FR,NA,535,f,Finisher,TRUE,997,851,24,39:32:52,142371.11,8746.78,200,26,2026-08-28T17:50:46.950Z
1624,Maxime HANAU,H,40,40-44M,FR,NA,535,f,Finisher,TRUE,777,664,161,37:32:39,135159.01,11211.249999999998,200,26,2026-08-28T17:51:24.820Z
1625,Flavio ILARIUCCI,H,59,55-59M,IT,+KUOTA,535,a,DNF,FALSE,2161,1799,122,17:49:15,64155.3,2703.9,28,11,2026-08-28T17:50:45.260Z
1626,Antoine VERSTRAETEN,H,53,50-54M,NL,NA,536,f,Finisher,TRUE,1450,1229,140,44:01:23,158483.24,15203.82,200,26,2026-08-28T17:49:42.580Z
1627,George HOLT,H,30,20-34M,GB,Preston Harriers,535,f,Finisher,TRUE,202,167,61,27:31:49,99109.16,5167.240000000001,200,26,2026-08-28T17:49:34.480Z
1628,Stephane LIDOREAU,H,50,50-54M,FR,Crest,534,hd,DNF,FALSE,2380,1971,255,06:07:27,19261.76,2785.39,10,3,2026-08-28T17:52:15.780Z
1629,Marcin BODZIACHOWSKI,H,45,45-49M,PL,Ultras Legia / JacekBiega Running Team,535,f,Finisher,TRUE,1301,1109,213,42:53:48,154428.66,13853.71,200,26,2026-08-28T17:52:19.250Z
1630,Eric MARECAUX,H,41,40-44M,FR,TEAM BROTHER,534,f,Finisher,TRUE,699,596,143,36:44:31,132270.76,15658,200,26,2026-08-28T17:49:04.550Z
1631,Tom VAN ASSCHE,H,44,40-44M,BE,NA,534,f,Finisher,TRUE,922,787,194,38:47:54,139673.76,9873.26,200,26,2026-08-28T17:49:49.910Z
1632,Alex RYAZANOV,H,48,45-49M,GB,No,534,f,Finisher,TRUE,840,715,115,38:10:26,137425.89,13698.74,200,26,2026-08-28T17:52:21.840Z
1633,Eiji TAGAMI,H,50,50-54M,JP,TeamNextStep/3HAWK/STU,534,f,Finisher,TRUE,1394,1182,128,43:35:24,156924.83,14100.46,200,26,2026-08-28T17:52:01.130Z
1634,Bernadette EGGERSCHWILER,F,60,60-64W,CH,LA Nidwalden,534,a,DNF,FALSE,2268,388,14,09:27:49,34068.9,911.33,16,6,2026-08-28T17:50:26.410Z
1635,Thomas MALDONADO,H,45,45-49M,FR,Autour du Trail,534,f,Finisher,TRUE,1412,1198,232,43:43:07,157387.08,15169.87,200,26,2026-08-28T17:50:12.320Z
1636,René KIPPER,H,40,40-44M,DE,VfL Fosite Helgoland,534,f,Finisher,TRUE,715,609,145,36:53:37,132817.1,15706.39,200,26,2026-08-28T17:52:51.220Z
1637,Remus Mihail PRUNESCU,H,42,40-44M,RO,NA,534,a,DNF,FALSE,2358,1954,422,05:31:01,18339.26,1522.15,10,3,2026-08-28T17:50:47.180Z
1638,Fanny BARBARA,F,35,35-39W,FR,stade Bagnerais athlétisme,534,f,Finisher,TRUE,1092,158,49,40:45:43,146743.54,13053.64,200,26,2026-08-28T17:48:34.000Z
1639,Sébastien LE CORRE,H,43,40-44M,FR,ACC Ramonville,534,f,Finisher,TRUE,1085,928,233,40:42:59,146579.17,15662.629999999997,200,26,2026-08-28T17:49:22.560Z
1640,Manuel SANCHO,H,50,50-54M,CH,What's Life Project / Trail Blonay Saint-Légier,533,f,Finisher,TRUE,913,779,63,38:45:25,139525.11,17118.300000000003,200,26,2026-08-28T17:50:44.400Z
1642,Satoshi IMAI,H,60,60-64M,JP,Joshu Mountain Joyrunners,533,a,DNF,FALSE,2230,1850,42,15:00:07,52725.76,1949.5700000000002,22,8,2026-08-28T17:50:18.390Z
1643,Giorgio TRUCCONE,H,57,55-59M,IT,NA,533,f,Finisher,TRUE,855,728,19,38:18:50,137930.33,13840.88,200,26,2026-08-28T17:50:01.510Z
1644,Cedric BUSSEUIL,H,48,45-49M,FR,NA,533,f,Finisher,TRUE,1068,915,158,40:34:52,146091.88,14731.31,200,26,2026-08-28T17:51:47.480Z
1645,Ludovic LARCHER,H,56,55-59M,FR,NA,533,a,DNF,FALSE,1859,1548,89,25:26:29,88825.83,8662.39,48,17,2026-08-28T17:51:32.170Z
1646,Axel VAGANAY,H,46,45-49M,FR,NA,533,f,Finisher,TRUE,1147,980,181,41:20:36,148835.77,11134.32,200,26,2026-08-28T17:51:31.680Z
1647,Jordi PANTIN,H,43,40-44M,ES,NA,532,f,Finisher,TRUE,918,784,191,38:47:18,139637.28,11241.020000000002,200,26,2026-08-28T17:51:21.890Z
1648,Brian LOPEZ,H,34,20-34M,AR,PAULUZAKTRT,532,a,DNF,FALSE,2226,1847,352,14:34:34,52474,2749.63,22,8,2026-08-28T17:49:01.900Z
1649,Thomas CORNARDEAU,H,41,40-44M,FR,Trailers des Aravis,532,f,Finisher,TRUE,1417,1202,285,43:44:47,157487.27,21241.539999999997,200,26,2026-08-28T17:51:34.030Z
1650,Kin Wah CHAN,H,44,40-44M,HK,NA,535,f,Finisher,TRUE,1469,1243,293,44:14:52,159291.82,18192.989999999998,200,26,2026-08-28T17:52:35.190Z
1651,Benoit DESACHY,H,57,55-59M,FR,Lyon,532,f,Finisher,TRUE,568,483,7,35:07:14,126434.12,8019.91,200,26,2026-08-28T17:50:05.360Z
1652,Yann DELSAUT,H,26,20-34M,FR,Les Foulées de l'Olivier,532,f,Finisher,TRUE,1315,1118,248,42:58:46,154726.57,11293.31,200,26,2026-08-28T17:50:15.080Z
1653,Sylvain LUCHINI,H,30,20-34M,FR,NA,532,f,Finisher,TRUE,694,592,172,36:43:17,132196.95,9673.949999999999,200,26,2026-08-28T17:49:23.080Z
1654,Sheree ROWLING,F,43,40-44W,AU,NA,531,a,DNF,FALSE,2129,355,73,15:54:10,57250.67,2200.66,28,11,2026-08-28T17:52:38.090Z
1655,Mohammad ZARGHAMI,H,48,45-49M,CA,NA,529,f,Finisher,TRUE,554,470,64,34:44:31,125071.55,3280.13,200,26,2026-08-28T17:52:44.400Z
1656,Karin Louise JOUBERT,F,51,50-54W,DK,Team Fizz,531,hd,DNF,FALSE,2371,407,46,06:02:09,19197.85,2632.0899999999997,10,3,2026-08-28T17:50:43.160Z
1658,Yuki NITTA,H,33,20-34M,JP,ndmc neurosurgery,531,f,Finisher,TRUE,650,552,161,36:10:09,130209.25,5652.38,200,26,2026-08-28T17:49:02.160Z
1659,Masaya OSAWA,H,41,40-44M,JP,NA,531,f,Finisher,TRUE,1651,1392,324,45:26:21,163580.42,10839.260000000002,200,26,2026-08-28T17:51:28.840Z
1660,Samuel GRELIER,H,34,20-34M,FR,AR REDERIENS,531,f,Finisher,TRUE,952,812,213,39:05:21,140721.2,15456.310000000001,200,26,2026-08-28T17:50:08.710Z
1661,Kazuto KIMURA,H,56,55-59M,JP,NA,532,f,Finisher,TRUE,1520,1286,60,44:32:25,160345.32,11428.86,200,26,2026-08-28T17:49:55.070Z
1662,Farley RIMON,H,27,20-34M,NL,Run Far / Running Junkies,527,f,Finisher,TRUE,662,563,164,36:17:02,130621.61,11790.660000000002,200,26,2026-08-28T17:50:51.890Z
1663,Alain ROSSIAUD,H,55,55-59M,FR,A S AIX LES BAINS SAMPHI SEPAS IMPOSSIBLE,530,a,DNF,FALSE,1855,1544,88,24:53:09,89589.79,5525.2,48,17,2026-08-28T17:50:46.050Z
1664,Guillaume BLANQUET,H,37,35-39M,FR,plan-my-race.com,530,a,DNF,FALSE,1970,1639,303,23:06:46,83206.07,6363.35,40,15,2026-08-28T17:52:06.190Z
1665,Aurelia RONDOLE,F,58,55-59W,FR,TEAM RUNNER 77,468,f,Finisher,TRUE,1618,255,13,45:15:22,162921.78,10413.49,200,26,2026-08-28T17:51:13.270Z
1666,Samuel TOUTAIN,H,49,45-49M,FR,EAPB,529,f,Finisher,TRUE,844,719,116,38:12:28,137547.8,9823.09,200,26,2026-08-28T17:49:41.380Z
1667,Fabrizio GRIMALDI,H,56,55-59M,IT,Team Marguareis,530,f,Finisher,TRUE,1493,1264,58,44:21:44,159703.58,18384.959999999995,200,26,2026-08-28T17:50:32.960Z
1668,Boštjan KAMENŠEK,H,48,45-49M,SI,Pohorska trail banda,530,f,Finisher,TRUE,1192,1021,192,41:51:05,150664.4,12261.14,200,25,2026-08-28T17:52:21.860Z
1669,Frederic MALRAISON,H,37,35-39M,FR,Chullanka Metz,529,a,DNF,FALSE,2077,1727,314,18:00:48,64848.82,5671.0599999999995,30,12,2026-08-28T17:50:44.080Z
1670,Mathias SANVOISIN,H,42,40-44M,FR,NA,529,f,Finisher,TRUE,1161,992,243,41:33:14,149593.63,22788.04,200,26,2026-08-28T17:51:39.690Z
1671,Mats DUIJN,H,31,20-34M,NL,Clearly Run Club,529,f,Finisher,TRUE,851,725,198,38:16:57,137817.1,5662.24,200,25,2026-08-28T17:51:01.380Z
1672,Matthieu ZARAGOSA,H,38,35-39M,FR,SLC MARTIGUES,550,f,Finisher,TRUE,1304,1112,216,42:55:04,154504.58,11540.66,200,26,2026-08-28T17:49:55.080Z
1673,Sean CHAN,H,49,45-49M,AU,Hale running club,529,f,Finisher,TRUE,1070,916,159,40:35:21,146121.01,5819.83,200,26,2026-08-28T17:50:45.530Z
1674,Martin ROBER,H,32,20-34M,SI,NA,529,f,Finisher,TRUE,1029,882,222,39:56:30,143790.46,10165.93,200,26,2026-08-28T17:52:43.260Z
1675,Mederic LANGLET,H,31,20-34M,FR,Team Chouquette,529,f,Finisher,TRUE,1160,991,234,41:32:18,149538.49,13952.57,200,26,2026-08-28T17:52:16.490Z
1676,Vincent COURGEY,H,53,50-54M,FR,NA,529,f,Finisher,TRUE,1268,1083,105,42:32:06,153126.33,20137.75,200,26,2026-08-28T17:51:19.460Z
1677,Loris GROS-BALTHAZARD,H,36,35-39M,FR,NA,528,a,DNF,FALSE,2225,1846,332,14:20:27,51627.45,3453.94,22,8,2026-08-28T17:51:20.030Z
1678,Alice GUILLEMOT,F,29,20-34W,FR,NA,528,f,Finisher,TRUE,1317,198,47,42:59:58,154798.14,19983.76,200,26,2026-08-28T17:51:26.720Z
1679,Andrew LEACH,H,34,20-34M,US,NA,528,f,Finisher,TRUE,899,767,206,38:39:14,139153.98,12485.08,200,26,2026-08-28T17:50:40.090Z
1680,Caroline ZAHNOW,F,33,20-34W,US,NA,528,f,Finisher,TRUE,832,124,37,38:04:22,137062.34,12241.009999999998,200,26,2026-08-28T17:50:39.050Z
1681,Marcel TOOROP,H,36,35-39M,NL,NA,527,f,Finisher,TRUE,933,797,171,38:54:51,140091.48,15430.94,200,26,2026-08-28T17:49:22.230Z
1682,Marine Elodie CHABROL,F,37,35-39W,FR,CTC,528,f,Finisher,TRUE,826,123,42,38:00:25,136825.72,8611.000000000002,200,26,2026-08-28T17:49:47.190Z
1683,Mario AMORE,H,44,40-44M,IT,NA,522,a,DNF,FALSE,1877,1565,360,27:48:02,99044.97,7989.13,48,17,2026-08-28T17:51:09.790Z
1684,Sophie VILLIEN,F,63,60-64W,FR,Notre Dame de Bellecombe,529,a,DNF,FALSE,1863,312,8,25:41:00,90400.14,7563.240000000001,48,17,2026-08-28T17:49:09.800Z
1685,Mary TAYLOR,F,32,20-34W,US,NA,527,f,Finisher,TRUE,641,97,33,36:01:20,129679.33,13689.64,200,26,2026-08-28T17:52:08.760Z
1686,David JEANJEAN,H,56,55-59M,FR,SAINT-SERIES POUR TOUS,527,f,Finisher,TRUE,1156,988,35,41:29:39,149379.17,13331.749999999998,200,26,2026-08-28T17:50:32.200Z
1687,Victor DECAIX,H,38,35-39M,FR,NA,536,f,Finisher,TRUE,1357,1152,223,43:18:45,155925.13,13328.23,200,26,2026-08-28T17:49:31.030Z
1688,Caitlin KNOX,F,25,20-34W,NZ,NA,525,a,DNF,FALSE,2283,389,72,10:39:22,38310.95,938.9599999999999,16,6,2026-08-28T17:51:47.890Z
1689,Antonio RENNA,H,53,50-54M,IT,ASD Splendor 1922,527,f,Finisher,TRUE,1209,1032,93,42:00:17,151216.83,17398.79,200,26,2026-08-28T17:52:07.430Z
1690,Larry CHAN,H,60,60-64M,HK,FanlingSD,527,a,DNF,FALSE,1865,1553,24,26:10:40,94116.5,4603.4000000000005,48,17,2026-08-28T17:51:40.190Z
1691,Olivier PERRIER,H,53,50-54M,FR,UA Societe Generale,527,f,Finisher,TRUE,1058,906,76,40:22:44,145363.97,6945.27,200,25,2026-08-28T17:50:01.320Z
1692,Zhongyin PENG,F,44,40-44W,HK,NA,527,a,DNF,FALSE,1727,277,51,33:29:00,120113.76,6378.71,58,21,2026-08-28T17:51:46.010Z
1693,Micah SHERMAN,H,40,40-44M,US,NA,527,f,Finisher,TRUE,538,458,102,34:26:51,124011.29,10975.550000000003,200,26,2026-08-28T17:48:59.130Z
1694,Joan DELGADO ALCALA,H,49,45-49M,ES,NA,526,f,Finisher,TRUE,1095,936,169,40:46:37,146796.73,12063.44,200,26,2026-08-28T17:52:43.400Z
1695,Arnaud MOULIN,H,38,35-39M,BE,Fleurus athlétisme,629,f,Finisher,TRUE,928,793,170,38:52:33,139952.57,15198.779999999999,200,26,2026-08-28T17:52:12.970Z
1696,Tatsumi KAGAWA,H,59,55-59M,JP,RUN TO THE MOON,526,f,Finisher,TRUE,728,620,13,37:02:16,133336.19,4745.3099999999995,200,26,2026-08-28T17:51:29.440Z
1697,Luca PASCAL,H,54,50-54M,IT,NA,533,f,Finisher,TRUE,698,595,40,36:44:18,132257.82,7566.049999999999,200,26,2026-08-28T17:51:03.700Z
1698,Jeroen VERHEYEN,H,40,40-44M,BE,NA,533,f,Finisher,TRUE,1032,883,216,39:59:08,143947.4,17451.179999999997,200,25,2026-08-28T17:49:35.860Z
1699,Lina JUSEVICIUTE,F,31,20-34W,LT,NA,533,f,Finisher,TRUE,1031,149,40,39:59:07,143946.98,16653.800000000003,200,24,2026-08-28T17:49:35.860Z
1700,Olivier MENG,H,46,45-49M,FR,NA,526,f,Finisher,TRUE,1037,888,151,40:04:42,144282.11,18452.039999999997,200,26,2026-08-28T17:52:09.710Z
1701,Riccardo TORRIGIANI,H,58,55-59M,IT,ATL Vinci,452,hd,DNF,FALSE,2182,1815,125,18:54:15,68054.88,2990.26,28,11,2026-08-28T17:50:10.490Z
1702,Théo PETON-LANGLOIS,H,30,20-34M,FR,NA,526,f,Finisher,TRUE,910,777,209,38:44:05,139445.14,11713.21,200,26,2026-08-28T17:49:22.610Z
1703,Alexandre DERRIEN,H,40,40-44M,FR,NA,525,f,Finisher,TRUE,887,756,184,38:34:36,138875.95,11339.15,200,26,2026-08-28T17:50:07.090Z
1704,Olivier BOULANGÉ,H,42,40-44M,FR,NA,523,a,DNF,FALSE,1731,1454,336,36:56:08,132967.7,15732.11,58,21,2026-08-28T17:51:54.790Z
1705,Tadasu AMASAKI,H,53,50-54M,JP,NA,525,f,Finisher,TRUE,1538,1303,153,44:41:34,160894.81,10302.189999999999,200,26,2026-08-28T17:52:09.070Z
1706,Michael TIEFENBÖCK,H,47,45-49M,AT,NA,527,a,DNF,FALSE,1938,1612,307,21:21:06,76865.86,4804.889999999999,40,15,2026-08-28T17:49:13.440Z
1707,Kin Kan LEE,H,48,45-49M,HK,NA,524,f,Finisher,TRUE,878,747,120,38:29:03,138543.19,11455.170000000002,200,26,2026-08-28T17:51:55.450Z
1708,Frédéric ROIGNANT,H,51,50-54M,FR,Les mollets pétillants,525,f,Finisher,TRUE,1449,1228,139,43:58:22,158302.27,20430.649999999994,200,26,2026-08-28T17:52:56.330Z
1709,Sylvain MAJTAN,H,40,40-44M,FR,NA,525,a,DNF,FALSE,1796,1502,346,27:42:15,99735.23,3955.16,51,18,2026-08-28T17:52:07.140Z
1710,Anonymous,H,34,20-34M,AN,NA,NA,f,Finisher,TRUE,1656,1395,275,45:28:03,163682.89,9129.189999999999,200,26,2026-08-28T17:49:54.590Z
1711,Joseph Mau Shun NGUI,H,46,45-49M,MY,NA,525,f,Finisher,TRUE,1458,1234,241,44:07:45,158864.34,16303.150000000001,200,26,2026-08-28T17:52:53.710Z
1712,Michelle CLAYDON,F,43,40-44W,GB,Nomads / Town and Country Harriers,525,a,DNF,FALSE,2136,360,75,16:24:28,59068.23,2070.37,28,11,2026-08-28T17:51:10.510Z
1713,Greg PLIER,H,49,45-49M,AU,Melbourne Midday Milers,525,f,Finisher,TRUE,1152,984,182,41:27:23,149243.45,16794.89,200,26,2026-08-28T17:49:16.350Z
1714,Domenico LONGO,H,56,55-59M,IT,DOME SPORT,524,np,Other,FALSE,NA,NA,NA,00:00:00,0,NA,NA,0,2026-08-28T17:48:12.000Z
1715,Jorge Luis RODRIGUEZ ZAMORA,H,55,55-59M,ES,C.D. SAN URBANO,524,f,Finisher,TRUE,1097,938,30,40:48:20,146899.73,10559.2,200,26,2026-08-28T17:50:11.560Z
1716,Laurent LATERRA,H,42,40-44M,FR,NA,524,f,Finisher,TRUE,915,781,189,38:46:03,139563.03,8567.25,200,26,2026-08-28T17:49:19.870Z
1717,Alexander EHRENSTRASSER,H,44,40-44M,AT,Ferrari Club Austria,524,a,DNF,FALSE,1798,1503,347,30:19:48,109187.57,8042.01,51,18,2026-08-28T17:52:48.810Z
1718,Wojciech FEODORÓW,H,57,55-59M,PL,ReshapeRunners,523,f,Finisher,TRUE,1366,1158,50,43:22:42,156161.53,12926.329999999998,200,26,2026-08-28T17:51:28.540Z
1719,Adrien GAUTIER,H,28,20-34M,FR,NA,523,f,Finisher,TRUE,1269,1084,244,42:32:07,153126.25,22922.98,200,26,2026-08-28T17:52:22.790Z
1720,Yann BENZ,H,54,50-54M,FR,YanSolo,524,f,Finisher,TRUE,1588,1342,159,45:04:04,162243.64,17958.71,200,26,2026-08-28T17:51:16.930Z
1721,Freddy COINE,H,38,35-39M,FR,Triathlon club des weppes,524,f,Finisher,TRUE,948,808,173,39:03:45,140624.99,20589.25,200,26,2026-08-28T17:52:08.320Z
1722,Joël DE MOROQUE SLUCKI,H,36,35-39M,FR,NA,524,f,Finisher,TRUE,1450,1229,234,44:01:23,158483.31,17359.41,200,26,2026-08-28T17:50:52.330Z
1723,Volker LÖCHTE,H,48,45-49M,DE,Teuto Runner,524,f,Finisher,TRUE,1124,960,176,41:01:04,147664.13,13057.76,200,26,2026-08-28T17:51:10.500Z
1724,Tyler JOHANSSON,H,39,35-39M,US,Endurance @ Work,524,a,DNF,FALSE,1730,1453,274,36:47:44,131959.36,19078.51,58,21,2026-08-28T17:51:13.080Z
1725,Juergen KLOPFER,H,48,45-49M,DE,100 Marathon Club,524,f,Finisher,TRUE,1508,1276,250,44:27:28,160047.2,15318.16,200,26,2026-08-28T17:52:12.970Z
1726,Takahiro MOCHINO,H,48,45-49M,JP,NA,524,f,Finisher,TRUE,654,555,81,36:10:59,130258.66,5805.630000000001,200,26,2026-08-28T17:51:03.700Z
1727,Kehui WANG,F,35,35-39W,CN,NA,524,f,Finisher,TRUE,773,112,38,37:31:14,135073.43,5961.86,200,26,2026-08-28T17:48:57.930Z
1728,Cyril BOSSAVIE,H,37,35-39M,FR,Ricard et Nibards,523,f,Finisher,TRUE,1140,974,199,41:13:52,148432.34,16303.43,200,26,2026-08-28T17:49:59.280Z
1729,Ting Piu CHONG,H,43,40-44M,HK,RMAC,523,f,Finisher,TRUE,1628,1371,320,45:18:23,163102.99,11787.93,200,26,2026-08-28T17:50:07.920Z
1730,Federico FAGA,H,36,35-39M,IT,NA,562,f,Finisher,TRUE,974,831,179,39:16:00,141359.59,14650.87,200,26,2026-08-28T17:50:22.840Z
1731,Gonzague SAILLARD,H,39,35-39M,FR,DSA Besançon,523,hd,DNF,FALSE,2154,1792,326,17:26:08,62767.46,2752.79,28,11,2026-08-28T17:52:15.990Z
1732,Jeremie VINDRET,H,31,20-34M,FR,NA,523,f,Finisher,TRUE,1660,1399,276,45:29:04,163744.31,7349.959999999999,200,26,2026-08-28T17:50:55.100Z
1733,Erik JOHANSSON,H,49,45-49M,ES,NA,523,f,Finisher,TRUE,1087,930,165,40:43:51,146631.07,11990.99,200,26,2026-08-28T17:49:37.200Z
1734,Florian HERVE,H,29,20-34M,FR,Team trail grand cru/ Chenove triathlon,522,a,DNF,FALSE,2028,1689,321,21:42:22,78133.53,8020.99,38,14,2026-08-28T17:49:37.470Z
1735,Marco BISCONTIN,H,45,45-49M,IT,MMT,523,np,Other,FALSE,NA,NA,NA,00:00:00,0,NA,NA,0,2026-08-28T17:48:12.000Z
1736,Nicolai Gravers NIELSEN,H,56,55-59M,DK,NA,522,f,Finisher,TRUE,1288,1098,46,42:45:18,153917.98,17916.77,200,26,2026-08-28T17:52:54.930Z
1737,Arnold LIM,H,57,55-59M,US,EMW Therapeutics,520,hd,DNF,FALSE,2036,1697,106,22:45:41,81940.97,4508.88,38,14,2026-08-28T17:50:40.030Z
1738,Julien SOL,H,38,35-39M,FR,Pour Mamie <3,522,f,Finisher,TRUE,1271,1086,209,42:33:38,153218.19,20194.469999999998,200,26,2026-08-28T17:52:16.500Z
1739,Andrei TARASENKO,H,45,45-49M,AN,TRS,522,f,Finisher,TRUE,1184,1014,189,41:48:39,150518.49,15065.29,200,26,2026-08-28T17:52:51.950Z
1740,Hideyuki SAKAMOTO,H,46,45-49M,JP,NA,521,hd,DNF,FALSE,2172,1809,340,18:26:12,66372.44,1264.6599999999999,28,11,2026-08-28T17:52:06.060Z
1741,Stefano LIONETTI,H,46,45-49M,IT,Pizza Run Club,522,a,DNF,FALSE,1902,1582,303,22:46:21,81061.58,4390.23,44,16,2026-08-28T17:51:39.420Z
1742,Jekmet THINLESS,H,50,50-54M,IN,Endurance 72,522,f,Finisher,TRUE,811,693,51,37:50:44,136244.18,7278.680000000001,200,26,2026-08-28T17:52:24.460Z
1743,Kazuha MATSUI,F,68,65-69W,JP,M.Hiratsuka,521,f,Finisher,TRUE,1567,243,2,44:52:23,161543.14,10342,200,26,2026-08-28T17:50:02.310Z
1745,Kobai LI,F,43,40-44W,JP,Tokyo Trail Running,521,f,Finisher,TRUE,1330,200,35,43:05:46,155146.61,15647.990000000002,200,26,2026-08-28T17:51:04.000Z
1746,Emil ALBRECHTSEN,H,28,20-34M,DK,NA,529,a,DNF,FALSE,1762,1479,289,31:19:08,95508.7,30793.050000000003,52,19,2026-08-28T17:51:06.770Z
1747,Etienne SERIVE,H,38,35-39M,FR,NA,521,f,Finisher,TRUE,1223,1045,203,42:06:50,151609.89,23285.809999999998,200,26,2026-08-28T17:51:56.450Z
1748,Thomas SCHERTZINGER,H,43,40-44M,FR,NA,521,f,Finisher,TRUE,1519,1285,303,44:32:18,160338.08,12215.999999999998,200,26,2026-08-28T17:49:32.840Z
1749,Quentin GUILHOT,H,41,40-44M,FR,OuiRun La Rochelle,521,f,Finisher,TRUE,1047,898,220,40:13:22,144801.21,10818.589999999998,200,26,2026-08-28T17:52:52.900Z
1751,Frédéric MOGET,H,56,55-59M,FR,ULTRA MARATHON FRANCE,521,f,Finisher,TRUE,1259,1075,43,42:27:34,152853.81,11095.820000000002,200,26,2026-08-28T17:51:43.720Z
1752,Yves MOREAU,H,50,50-54M,BE,Kikourou UBBC,520,f,Finisher,TRUE,547,465,27,34:37:06,124625.39,6658.63,200,26,2026-08-28T17:49:12.820Z
1753,Vladimir GUSIATNIKOV,H,53,50-54M,US,Orienteering Cincinnati,520,a,DNF,FALSE,2164,1802,221,17:53:28,64407.82,2468.8999999999996,28,11,2026-08-28T17:52:30.580Z
1754,Nicky BROUWER,H,33,20-34M,NL,KBOOM RUNNING,520,f,Finisher,TRUE,1317,1120,249,42:59:58,154798.77,16400.91,200,26,2026-08-28T17:50:24.160Z
1755,Corinne HOFSTETTER,F,63,60-64W,CH,NA,520,f,Finisher,TRUE,1361,207,5,43:19:59,155999.49,10862.25,200,26,2026-08-28T17:52:37.440Z
1756,Jing SHI,H,40,40-44M,CN,NA,520,f,Finisher,TRUE,1236,1056,260,42:11:41,151900.9,25954.190000000002,200,26,2026-08-28T17:52:47.540Z
1757,Sarah MALONE,F,45,45-49W,US,NA,520,f,Finisher,TRUE,712,106,13,36:51:01,132661.1,9453.38,200,26,2026-08-28T17:51:59.510Z
1758,Teddy MULLIEZ,H,37,35-39M,FR,Inglorious Trailers,519,f,Finisher,TRUE,1238,1058,206,42:11:49,151909.37,13672.060000000001,200,26,2026-08-28T17:50:49.070Z
1759,Ben BATE,H,44,40-44M,GB,NA,520,f,Finisher,TRUE,585,497,113,35:20:48,127247.19,7006.139999999999,200,26,2026-08-28T17:51:04.840Z
1760,Richard NUNAN,H,57,55-59M,IE,NA,517,f,Finisher,TRUE,1121,957,32,40:58:31,147511.06,16066.42,200,26,2026-08-28T17:51:23.390Z
1761,Hélène LERNOULD,F,61,60-64W,FR,SCUF,519,f,Finisher,TRUE,1196,172,2,41:52:45,150765.4,14454.6,200,26,2026-08-28T17:51:50.580Z
1762,Philippe ROUALLE,H,43,40-44M,FR,NA,519,a,DNF,FALSE,1858,1547,357,25:23:43,89896.87,8151.1,48,17,2026-08-28T17:52:56.110Z
1763,Motoki MURATA,H,59,55-59M,JP,NA,519,f,Finisher,TRUE,1680,1413,73,45:39:06,164345.42,6111.18,200,26,2026-08-28T17:52:47.820Z
1764,Romain CANDAU,H,36,35-39M,FR,Le Geek Trotteur,519,f,Finisher,TRUE,823,702,157,37:57:55,136675.06,14202.04,200,26,2026-08-28T17:51:47.710Z
1765,Simon JAKOB,H,33,20-34M,DE,NA,519,a,DNF,FALSE,1924,1599,315,18:59:39,68379.48,5289.48,40,15,2026-08-28T17:50:12.380Z
1766,Emmanuel JULIEN,H,45,45-49M,FR,Team 2B,519,f,Finisher,TRUE,964,822,136,39:10:08,141007.87,16559.829999999998,200,26,2026-08-28T17:51:32.180Z
1767,Harriet GAYWOOD,F,53,50-54W,GB,FUGA Mountain Club,518,f,Finisher,TRUE,833,125,9,38:04:48,137087.58,9444.73,200,26,2026-08-28T17:48:54.440Z
1768,Mickael MASNADA,H,50,50-54M,FR,Les Trailleurs de la Londaine,518,f,Finisher,TRUE,1466,1240,142,44:13:19,159199.96,11176.960000000001,200,26,2026-08-28T17:49:22.020Z
1769,Sheryn DEANE,F,51,50-54W,AU,Mile 27,518,f,Finisher,TRUE,1239,181,19,42:12:02,151922.51,10087.33,200,26,2026-08-28T17:50:21.280Z
1770,Stiliyan KIROV,H,54,50-54M,BG,Plovdiv Hill's,517,np,Other,FALSE,NA,NA,NA,00:00:00,0,NA,NA,0,2026-08-28T17:48:12.000Z
1771,Paolo PROMPICAI,H,59,55-59M,IT,Baudenasca,518,f,Finisher,TRUE,869,740,20,38:24:53,138293.36,3465.7099999999996,200,26,2026-08-28T17:49:23.620Z
1772,Leo CAM,H,41,40-44M,VN,NA,518,f,Finisher,TRUE,665,565,131,36:18:40,130720.34,5994.22,200,26,2026-08-28T17:49:00.250Z
1773,Benoit GUITAUT,H,52,50-54M,FR,ASJ74,516,f,Finisher,TRUE,1132,967,81,41:08:05,148085.54,17121.46,200,26,2026-08-28T17:50:55.090Z
1774,Scott KUNZ,H,44,40-44M,US,NA,518,f,Finisher,TRUE,929,794,196,38:53:11,139991.29,9190.720000000001,200,26,2026-08-28T17:51:58.400Z
1775,Romain PARENT,H,40,40-44M,FR,NA,518,f,Finisher,TRUE,1019,872,214,39:46:07,143167.62,18596.76,200,26,2026-08-28T17:51:43.080Z
1776,Margot FLEMING,F,41,40-44W,US,n/a,518,f,Finisher,TRUE,1227,180,30,42:07:59,151678.98,17294.84,200,26,2026-08-28T17:51:26.040Z
1777,Romain GISSELBRECHT,H,34,20-34M,FR,Jolie Foulée,518,f,Finisher,TRUE,742,632,180,37:11:28,133887.23,10281.65,200,26,2026-08-28T17:49:07.910Z
1778,Stefan NORLIN,H,56,55-59M,SE,NA,518,a,DNF,FALSE,1940,1614,94,21:59:02,76129,8890.789999999999,40,15,2026-08-28T17:49:14.780Z
1779,Ken HJELTNES,H,45,45-49M,NO,NA,544,f,Finisher,TRUE,792,676,108,37:41:21,135681.04,6214.08,200,26,2026-08-28T17:51:26.490Z
1780,Nicolas TARDY,H,44,40-44M,FR,NA,517,f,Finisher,TRUE,1203,1028,251,41:57:00,151019.59,16843.27,200,26,2026-08-28T17:52:55.810Z
1781,Jinko RICHARDS,F,56,55-59W,JP,NA,518,f,Finisher,TRUE,1327,199,9,43:04:24,155064.75,10046.03,200,26,2026-08-28T17:52:29.120Z
1782,Stine HEISELBERG,F,51,50-54W,DK,NA,517,f,Finisher,TRUE,1338,204,22,43:09:04,155343.65,13045.159999999998,200,26,2026-08-28T17:50:15.950Z
1783,Luc JOLLER,H,49,45-49M,CH,Cornalin Racing Team,517,f,Finisher,TRUE,1105,943,170,40:52:30,147150.35,12292.04,200,26,2026-08-28T17:52:39.380Z
1784,Jan Andreas WALDMANN,H,43,40-44M,MX,Guts MX,517,hd,DNF,FALSE,1683,1415,329,43:59:17,158256.3,14391.139999999998,82,25,2026-08-28T17:52:07.700Z
1785,Florian VIGNOT,H,42,40-44M,FR,AIX ATHLE PROVENCE,516,f,Finisher,TRUE,1054,903,222,40:20:40,145240.7,16805.71,200,26,2026-08-28T17:51:46.010Z
1786,Jean-Baptiste JULIEN,H,50,50-54M,FR,Ensam,517,f,Finisher,TRUE,451,376,18,32:55:28,118527.25,5618.2300000000005,200,26,2026-08-28T17:52:14.820Z
1787,Hui TANG,H,35,35-39M,CN,NA,517,f,Finisher,TRUE,1378,1167,225,43:28:56,156535.77,15847.95,200,26,2026-08-28T17:51:06.470Z
1788,Leanne BRETT,F,50,50-54W,NZ,NA,517,f,Finisher,TRUE,1103,162,17,40:52:18,147138.21,14818.740000000002,200,26,2026-08-28T17:49:57.560Z
1789,Marco NONNI,H,41,40-44M,IT,United Trail Running,523,f,Finisher,TRUE,625,534,123,35:50:14,129014.72,9111.310000000001,200,26,2026-08-28T17:50:56.080Z
1790,Huihui YUAN,F,44,40-44W,CN,NA,539,f,Finisher,TRUE,943,138,25,39:00:20,140419.96,10442.26,200,26,2026-08-28T17:50:17.760Z
1791,Manabu YAMANAKA,H,51,50-54M,JP,gojo forestry cooperative,516,f,Finisher,TRUE,1498,1268,145,44:23:07,159786.95,15062.769999999999,200,26,2026-08-28T17:52:21.090Z
1792,Arnaud CARCASSONNE,H,53,50-54M,FR,NA,516,f,Finisher,TRUE,882,751,59,38:31:44,138704.04,12138.199999999997,200,26,2026-08-28T17:49:31.440Z
1793,Marcos Antonio CORVINO,H,52,50-54M,AR,NA,515,f,Finisher,TRUE,1359,1154,123,43:18:51,155930.32,11096.42,200,26,2026-08-28T17:51:34.950Z
1794,Petra RAICEVIC,F,36,35-39W,ME,Pk Vjeverica,516,f,Finisher,TRUE,1297,191,56,42:49:57,154197.33,9202.189999999999,200,26,2026-08-28T17:51:49.070Z
1795,Baptiste OCTAU,H,38,35-39M,FR,TEAM TRAIL RENARD,516,a,DNF,FALSE,2349,1947,344,05:12:32,17947.88,804.06,10,3,2026-08-28T17:51:42.280Z
1796,Jiří KOBELKA,H,41,40-44M,CZ,NA,516,a,DNF,FALSE,1695,1423,331,40:22:11,145269.03,10292.02,64,24,2026-08-28T17:52:50.310Z
1797,David MOHRING,H,48,45-49M,GB,NA,516,a,DNF,FALSE,2384,1973,363,03:38:09,12816.22,272.62,6,2,2026-08-28T17:52:31.680Z
1798,Ella PEYRARD,F,32,20-34W,FR,NA,513,f,Finisher,TRUE,871,130,39,38:25:31,138331.04,10980.989999999998,200,26,2026-08-28T17:50:15.520Z
1799,Frederic MAGNIEN,H,59,55-59M,FR,ANNECY RUNNING CLUB,515,f,Finisher,TRUE,1199,1026,41,41:54:57,150897.17,11177.39,200,26,2026-08-28T17:51:16.640Z
1800,Sergiusz PRAZANOWSKI,H,37,35-39M,PL,NA,515,f,Finisher,TRUE,1035,886,192,40:02:08,144128.28,12125.98,200,26,2026-08-28T17:50:40.270Z
1801,Daniel BROSTELLA,H,54,50-54M,PA,NA,515,f,Finisher,TRUE,904,772,62,38:42:27,139347.06,5753.93,200,26,2026-08-28T17:51:43.900Z
1802,Bruno MEIER,H,37,35-39M,MX,NA,514,f,Finisher,TRUE,723,615,142,36:57:28,133048.31,8335.18,200,26,2026-08-28T17:50:50.560Z
1803,Dimitri DUFOUR,H,45,45-49M,BE,Templeuve,514,f,Finisher,TRUE,1401,1188,230,43:38:06,157086.33,16135.51,200,26,2026-08-28T17:50:56.370Z
1804,Baptiste SAINT-MACARY,H,36,35-39M,FR,KTT,482,a,DNF,FALSE,1852,1541,292,23:59:38,86377.9,5909.6,48,17,2026-08-28T17:50:53.160Z
1805,Marcel KIRCHHOFF,H,38,35-39M,DE,/,511,a,DNF,FALSE,2277,1889,339,10:21:08,37268.22,1106.57,16,6,2026-08-28T17:51:56.670Z
1806,Leandro Gabriel CAMPO,H,50,50-54M,AR,Cool Training,515,f,Finisher,TRUE,1406,1193,131,43:40:54,157254.02,23905.71,200,26,2026-08-28T17:50:59.180Z
1807,Gabriele GEAT,H,60,60-64M,IT,ASD GENTE FUORI STRADA,515,a,DNF,FALSE,1871,1559,26,27:18:18,95017.43,14892.919999999998,48,17,2026-08-28T17:50:23.300Z
1808,Luis KRYZOZUN,H,56,55-59M,BR,CONFORT FITNESS,515,f,Finisher,TRUE,1313,1116,47,42:57:59,154679.4,14169.480000000001,200,24,2026-08-28T17:52:02.040Z
1809,Xing LÜ,H,48,45-49M,CN,Next Stop,515,f,Finisher,TRUE,1250,1068,204,42:21:12,152472.42,13251.48,200,26,2026-08-28T17:52:17.560Z
1810,Morihiro MIZUTANI,H,40,40-44M,JP,NA,515,f,Finisher,TRUE,857,730,175,38:19:55,137995.15,6434.52,200,26,2026-08-28T17:50:41.640Z
1811,Robert JOHANSSON,H,46,45-49M,SE,MUNKTORP,515,f,Finisher,TRUE,1217,1039,197,42:02:57,151376.99,9056.619999999999,200,26,2026-08-28T17:51:01.660Z
1812,Konstantinos NTOLKAS,H,48,45-49M,GR,RITSONA TRAILS,515,f,Finisher,TRUE,1060,908,156,40:25:52,145551.7,10377.93,200,26,2026-08-28T17:49:42.420Z
1813,Nicolas VANHILLE,H,42,40-44M,FR,INDIVIDUEL,515,np,Other,FALSE,NA,NA,NA,00:00:00,0,NA,NA,0,2026-08-28T17:48:12.000Z
1814,Jonas GRETRY,H,38,35-39M,BE,NA,514,f,Finisher,TRUE,1324,1126,219,43:02:49,154968.64,18349.79,200,26,2026-08-28T17:50:20.570Z
1815,David CZUPRYNA,H,49,45-49M,BE,Team vegan,514,f,Finisher,TRUE,750,640,100,37:15:50,134150.03,7973.26,200,26,2026-08-28T17:50:07.140Z
1816,Dimitri VAN DEN BOSSCHE,H,49,45-49M,BE,Whale Running,514,hd,DNF,FALSE,2093,1742,334,18:20:07,66006.98,2449.92,30,12,2026-08-28T17:50:12.020Z
1817,Jonathan LECONTE,H,36,35-39M,FR,Team Trail Renard,514,f,Finisher,TRUE,834,709,158,38:05:43,137142.86,8650.37,200,26,2026-08-28T17:51:40.690Z
1818,Teng HUANG,H,37,35-39M,CN,NA,514,hd,DNF,FALSE,1996,1664,307,23:33:38,84818.101,5291.78,40,15,2026-08-28T17:52:43.260Z
1819,Erwann DONARD,H,30,20-34M,FR,Vert.run,513,f,Finisher,TRUE,678,577,167,36:26:24,131183.51,8142.470000000001,200,26,2026-08-28T17:49:41.890Z
1820,Brian HANLEY,H,47,45-49M,IE,Galway City Harriers,514,a,DNF,FALSE,1968,1637,312,23:05:51,83150.5,6609.52,40,15,2026-08-28T17:52:30.770Z
1821,Emma Anitta BERGMANN HANSEN,F,50,50-54W,DK,ÅRHUS 1900,514,a,DNF,FALSE,1967,331,41,23:04:40,81819.39,7705.74,40,15,2026-08-28T17:49:40.630Z
1822,Frederic BADIE,H,52,50-54M,FR,NA,512,f,Finisher,TRUE,1436,1217,135,43:54:14,158054.55,16824.239999999998,200,26,2026-08-28T17:49:39.270Z
1823,Zhao LI,H,36,35-39M,CN,NA,514,np,Other,FALSE,NA,NA,NA,00:00:00,0,NA,NA,0,2026-08-28T17:48:12.000Z
1824,Emanuele TAPELLA,H,55,55-59M,IT,100%ANIMATRAIL,517,a,DNF,FALSE,1960,1630,98,22:50:15,82215.86,5667.219999999999,40,15,2026-08-28T17:52:05.050Z
1825,Spyridon LEIVADIOTIS,H,46,45-49M,GR,Kasimis Training,513,f,Finisher,TRUE,947,807,132,39:02:59,140579,7163.049999999999,200,26,2026-08-28T17:49:42.080Z
1826,Yikun YU,H,45,45-49M,NL,Bosch,513,f,Finisher,TRUE,1373,1165,224,43:27:02,156422.32,11631.439999999999,200,26,2026-08-28T17:50:18.530Z
1827,Guillermo SALTO GIRAUD,H,47,45-49M,AR,Barrana Energética,513,f,Finisher,TRUE,1505,1274,248,44:26:03,159962.54,18563.8,200,26,2026-08-28T17:51:37.760Z
1828,Sam CHOROSZEWSKI,H,30,20-34M,GB,NA,521,f,Finisher,TRUE,1146,979,231,41:19:39,148778.63,11210.039999999999,200,26,2026-08-28T17:49:51.580Z
1829,Thomas HEBRARD,H,42,40-44M,FR,Les Tubistes,513,f,Finisher,TRUE,1536,1301,308,44:41:05,160864.58,13272.5,200,26,2026-08-28T17:49:20.710Z
1830,Sebastien THOMAS,H,50,50-54M,FR,AC MORTAGNE,513,a,DNF,FALSE,1954,1627,190,22:41:39,79534.64,9451.06,40,15,2026-08-28T17:50:50.290Z
1831,Kentaro HIROSE,H,49,45-49M,JP,TeamOsada,513,f,Finisher,TRUE,1435,1216,238,43:54:08,158048.52,11838.289999999999,200,26,2026-08-28T17:50:51.200Z
1832,Candy Ka Ling MAN,F,46,45-49W,HK,NA,513,f,Finisher,TRUE,1598,247,32,45:06:34,162393.71,11776.14,200,26,2026-08-28T17:52:38.500Z
1833,Jose Manuel MARTINEZ ACOSTA,H,49,45-49M,ES,Club Ciclista Majadahonda,513,f,Finisher,TRUE,1083,926,163,40:42:43,146563.2,10547.460000000001,200,26,2026-08-28T17:51:42.420Z
1834,Sadık TAŞKIN,H,39,35-39M,TR,NA,512,f,Finisher,TRUE,1404,1191,229,43:39:17,157157.4,10987.789999999999,200,26,2026-08-28T17:49:59.430Z
1835,Bernard LEJEUNE,H,55,55-59M,BE,RCA SPA/FHT/BOITHEUX,513,a,DNF,FALSE,1933,1608,93,20:01:04,72064.76,7384.55,40,15,2026-08-28T17:49:09.230Z
1836,Su Weng LAI,H,42,40-44M,MO,Trailman100 Macau,513,f,Finisher,TRUE,1437,1218,288,43:54:30,158069.91,8430.720000000001,200,26,2026-08-28T17:49:03.880Z
1837,Guillaume GUICHARD,H,51,50-54M,FR,Pelousey Court Tout Doubs,512,f,Finisher,TRUE,1646,1388,168,45:24:48,163488.49,12213.820000000002,200,26,2026-08-28T17:49:30.330Z
1838,Lawrence HESTER,H,43,40-44M,US,NA,509,a,DNF,FALSE,2263,1876,406,07:58:46,28726.51,658.48,16,6,2026-08-28T17:49:22.360Z
1840,Jonas ANDERSSON,H,41,40-44M,SE,NA,512,a,DNF,FALSE,1857,1546,356,25:18:07,90866.32,6732.979999999999,48,17,2026-08-28T17:52:00.410Z
1841,Michal JANÁČEK,H,50,50-54M,CZ,NA,512,f,Finisher,TRUE,827,704,53,38:01:04,136864.34,6555.74,200,26,2026-08-28T17:53:02.350Z
1842,Adrien BIZIEUX,H,37,35-39M,FR,Trail Again,519,f,Finisher,TRUE,752,642,146,37:18:44,134324.61,10299.46,200,26,2026-08-28T17:50:11.380Z
1843,Pascal BELE,H,49,45-49M,FR,GDM saint james,512,f,Finisher,TRUE,801,684,109,37:47:58,136078.2,9950.1,200,26,2026-08-28T17:50:27.450Z
1844,Jacek NERING,H,55,55-59M,PL,NA,512,a,DNF,FALSE,2084,1733,115,18:23:00,66179.8,2439.2700000000004,30,12,2026-08-28T17:52:41.930Z
1845,David DESVAUX,H,53,50-54M,FR,Association OSE,512,a,DNF,FALSE,1962,1632,191,22:51:31,82290.84,4386.29,40,15,2026-08-28T17:51:23.400Z
1846,Alejandra CANO SUAREZ,F,41,40-44W,MX,Guerreros Trail,511,f,Finisher,TRUE,921,135,24,38:47:34,139653.42,11327.56,200,26,2026-08-28T17:49:03.630Z
1847,Mónica ROBLES RAMÍREZ,F,36,35-39W,ES,GM San Bernardo,511,a,DNF,FALSE,2067,347,88,15:06:23,54382.93,3612.1000000000004,30,12,2026-08-28T17:50:51.430Z
1848,Valéry BEMELMANS,H,48,45-49M,BE,NA,511,f,Finisher,TRUE,628,536,79,35:51:37,129097.51,8247.18,200,26,2026-08-28T17:50:37.180Z
1849,Youngil CHOI,H,60,60-64M,KR,NA,511,a,DNF,FALSE,2403,1985,51,00:00:00,0,NA,NA,0,2026-08-28T17:53:00.510Z
1850,Stéphane GAUDRY,H,49,45-49M,FR,USM MALAKOFF,511,f,Finisher,TRUE,752,642,101,37:18:44,134324.25,9644.98,200,26,2026-08-28T17:50:54.240Z
1851,Muhammad SYAHRUDIN,H,31,20-34M,ID,larilari.id,549,f,Finisher,TRUE,1392,1180,254,43:34:45,156884.75,12236.539999999999,200,26,2026-08-28T17:51:28.780Z
1852,Marcela Evelyn ARIAS GAETA,F,38,35-39W,MX,Deporte hábitat,507,f,Finisher,TRUE,1056,152,47,40:21:41,145300.91,7250.92,200,26,2026-08-28T17:52:43.270Z
1853,Marko TUTT,H,39,35-39M,EE,Treeningpartner,510,f,Finisher,TRUE,1477,1250,237,44:16:28,159387.66,18080.23,200,26,2026-08-28T17:52:34.790Z
1854,Jimmy WICKMAYER,H,49,45-49M,BE,Seroto Trail Running Team,488,a,DNF,FALSE,2174,1811,341,18:35:06,66905.97,2563.42,28,11,2026-08-28T17:52:37.620Z
1855,James WILKINSON,H,40,40-44M,GB,NA,510,a,DNF,FALSE,2320,1926,413,07:38:34,27163.32,1276.47,12,4,2026-08-28T17:51:34.680Z
1856,Justin GAERLAN,H,45,45-49M,US,NA,510,f,Finisher,TRUE,1600,1352,261,45:07:01,162421.06,8134.6,200,26,2026-08-28T17:52:03.170Z
1857,Akihiro SUZUKI,H,58,55-59M,JP,赤城山トレイルランニング協会,510,f,Finisher,TRUE,1681,1414,74,45:53:17,165196.22,7505.03,200,26,2026-08-28T17:49:51.780Z
1858,Pierre-Olivier VEYSSET,H,36,35-39M,FR,NA,510,f,Finisher,TRUE,778,665,151,37:32:44,135164.35,9096.26,200,26,2026-08-28T17:51:24.540Z
1859,Stoyan KOVACHEV,H,50,50-54M,BG,SUPER MARIO,510,f,Finisher,TRUE,1347,1142,119,43:12:13,155533.36,19626.3,200,26,2026-08-28T17:52:34.510Z
1862,Christopher SMITH,H,61,60-64M,FR,CA2S,509,f,Finisher,TRUE,1634,1376,20,45:21:33,163292.91,7436.23,200,26,2026-08-28T17:52:48.810Z
1863,Joe SHREEVES,H,32,20-34M,GB,NA,510,a,DNF,FALSE,1765,1482,290,31:30:12,113178.81,9328.66,52,19,2026-08-28T17:52:43.260Z
1864,Parn TAENGON,H,58,55-59M,TH,NA,510,hd,DNF,FALSE,2186,1819,126,19:05:16,68716.57,1438.91,28,11,2026-08-28T17:52:51.220Z
1865,Agnieszka MARCINISZYN,F,45,45-49W,PL,Trail running factory,509,f,Finisher,TRUE,932,136,15,38:53:43,140022.84,5564.68,200,26,2026-08-28T17:51:41.820Z
1866,Pierre Louis VILLETTE,H,53,50-54M,FR,RUNNING CONSEIL ANNEMASSE,505,a,DNF,FALSE,1927,1602,187,19:33:00,70379.89,1711.5,40,15,2026-08-28T17:52:02.910Z
1867,Jaroslav BELSKIJ,H,48,45-49M,LT,F.O.C.U.S. running,509,a,DNF,FALSE,1950,1624,309,22:30:29,77316.44,8993.21,40,15,2026-08-28T17:51:48.110Z
1868,Castellet Farelo QUIM,H,48,45-49M,ES,4000 peus Collbato,509,f,Finisher,TRUE,1045,896,154,40:12:27,144747.16,4407.53,200,26,2026-08-28T17:51:14.620Z
1869,Gilles GUY,H,51,50-54M,FR,Maria Blanga,510,f,Finisher,TRUE,1233,1053,97,42:11:08,151867.51,13203.57,200,26,2026-08-28T17:49:04.550Z
1870,Renaud FERMENTEL,H,47,45-49M,FR,LES BLES D'OR - SEQUENCE TRAIL,509,hd,DNF,FALSE,1997,1665,319,23:34:16,82086.5,15650.98,40,15,2026-08-28T17:50:08.740Z
1871,Stanislav CHIKNAVARYAN,H,56,55-59M,US,NA,509,f,Finisher,TRUE,1472,1246,55,44:15:29,159329.17,20590.93,200,26,2026-08-28T17:52:57.500Z
1872,Ridho Rizqi FIRMANSYAH,H,33,20-34M,ID,Skyfox Running,509,f,Finisher,TRUE,1549,1311,266,44:44:32,161072.49,8416.810000000001,200,26,2026-08-28T17:49:53.140Z
1873,Dominique SUAU,H,58,55-59M,FR,COURBEVOIE TRIATHLON,508,f,Finisher,TRUE,1266,1082,45,42:31:55,153114.94,17553.68,200,26,2026-08-28T17:50:05.490Z
1874,Nicolas DUBUGET,H,44,40-44M,FR,NA,506,a,DNF,FALSE,2109,1758,392,10:53:26,39205.6,491.26,28,11,2026-08-28T17:49:00.690Z
1875,Monique MESSIÉ,F,46,45-49W,FR,NA,508,f,Finisher,TRUE,976,144,17,39:16:54,141414.22,12321,200,26,2026-08-28T17:50:07.070Z
1876,Gwangsoon CHOI,H,55,55-59M,US,NA,508,f,Finisher,TRUE,1122,958,33,40:58:52,147531.85,4741.05,200,26,2026-08-28T17:52:13.700Z
1877,Boris DURAND,H,54,50-54M,FR,Club de cœur ASMN,508,f,Finisher,TRUE,1221,1043,95,42:05:38,151537.44,10443.04,200,26,2026-08-28T17:51:18.810Z
1878,Jerome GUDEFIN,H,48,45-49M,FR,TEAM ENDURANCE TRAIL,508,f,Finisher,TRUE,1187,1016,191,41:49:49,150588.6,11574.09,200,26,2026-08-28T17:52:43.620Z
1879,Nicolas RENOUS,H,38,35-39M,FR,NA,508,f,Finisher,TRUE,905,773,168,38:42:41,139360.42,9066.949999999999,200,26,2026-08-28T17:51:33.920Z
1880,Ben TURNBULL,H,42,40-44M,AU,NA,507,f,Finisher,TRUE,1049,899,221,40:15:51,144951.47,20677.93,200,26,2026-08-28T17:49:26.150Z
1881,Josselin MARCHAND,H,29,20-34M,FR,NA,508,f,Finisher,TRUE,704,601,174,36:47:45,132464.7,10993.960000000001,200,26,2026-08-28T17:48:56.990Z
1882,Victoria PERCIC,F,44,40-44W,MD,DealRun,507,f,Finisher,TRUE,1511,233,43,44:29:22,160162.72,14623.45,200,26,2026-08-28T17:51:18.010Z
1883,Spencer MILLBERY,H,49,45-49M,GB,Muntjac Trails Running Club,508,a,DNF,FALSE,2056,1713,329,20:20:22,73221.51,2109.0099999999998,36,13,2026-08-28T17:51:22.490Z
1884,Clovis CROUZET,H,44,40-44M,FR,NA,506,f,Finisher,TRUE,1326,1128,269,43:03:55,155034.91,18646.07,200,26,2026-08-28T17:52:51.710Z
1885,Guillaume HASSAINI,H,33,20-34M,FR,NA,507,f,Finisher,TRUE,1154,986,233,41:29:06,149345.67,19031.21,200,26,2026-08-28T17:50:21.800Z
1886,Tara WARREN,F,52,50-54W,US,NA,507,f,Finisher,TRUE,781,114,7,37:36:06,135365.68,3266.42,200,26,2026-08-28T17:49:25.940Z
1887,Andras DANYI,H,33,20-34M,HU,NA,507,a,DNF,FALSE,2376,1967,367,06:03:57,19527.41,2865.77,10,3,2026-08-28T17:50:24.780Z
1888,Danyang LI,F,35,35-39W,CN,Running Panda,507,f,Finisher,TRUE,1168,170,52,41:37:22,149841.37,16539.47,200,26,2026-08-28T17:51:48.810Z
1889,Alexander DEJONGHE,H,41,40-44M,BE,NA,507,f,Finisher,TRUE,1270,1085,262,42:33:04,153184.58,14996.77,200,26,2026-08-28T17:52:28.380Z
1890,Miguel GONZALEZ,H,32,20-34M,CO,Rejoov Runners,507,a,DNF,FALSE,2140,1780,340,16:41:26,60085.65,3910.54,28,11,2026-08-28T17:52:02.720Z
1891,Maxence DUFOREAU,H,45,45-49M,FR,NA,507,f,Finisher,TRUE,1549,1311,257,44:44:32,161071.76,14269.039999999999,200,26,2026-08-28T17:52:54.890Z
1892,Mercè SUBILS TORRAS,F,48,45-49W,ES,Club Excursionista Esparreguera,506,f,Finisher,TRUE,1094,159,22,40:46:34,146793.71,12167.789999999999,200,26,2026-08-28T17:52:43.950Z
1893,Florian VIRAT,H,41,40-44M,FR,PETIT COEUR DE BEURRE / CLUB ATHLETIQUE BRIOUDE,505,f,Finisher,TRUE,1482,1255,298,44:18:19,159499.33,12078.6,200,26,2026-08-28T17:52:35.600Z
1894,Loïc ANDRE,H,49,45-49M,FR,Spheniscus,506,f,Finisher,TRUE,1295,1105,212,42:48:54,154134.3,3490.25,200,26,2026-08-28T17:52:00.680Z
1895,Alexandre DA COSTA VELOSO,H,43,40-44M,PT,C.E.Sanloria,506,np,Other,FALSE,NA,NA,NA,00:00:00,0,NA,NA,0,2026-08-28T17:48:12.000Z
1896,Matthieu MEUNIER,H,49,45-49M,FR,NA,506,f,Finisher,TRUE,1340,1136,217,43:10:31,155431.14,14731.310000000001,200,26,2026-08-28T17:50:59.820Z
1897,Emmanuel FIRBAL,H,40,40-44M,FR,Safran Power Units,506,hd,DNF,FALSE,1887,1575,361,28:14:25,101664.745,2965.99,48,17,2026-08-28T17:51:17.330Z
1898,Nicolas JULLION,H,40,40-44M,FR,uglow,506,f,Finisher,TRUE,761,651,158,37:22:22,134541.93,7557.71,200,26,2026-08-28T17:49:31.980Z
1899,Carlos ROBLES,H,44,40-44M,CR,The Crew Costa Rica,506,f,Finisher,TRUE,1010,863,211,39:41:35,142894.82,14249.25,200,26,2026-08-28T17:50:09.420Z
1900,Jean-Paul HUETTE,H,64,60-64M,FR,A3Alençon,506,f,Finisher,TRUE,1174,1004,10,41:38:49,149929.47,11721.93,200,26,2026-08-28T17:52:29.290Z
1901,Ikuko SHIGA,F,47,45-49W,JP,OSJ,505,hd,DNF,FALSE,2074,350,47,17:40:56,63655.93,6329.799999999999,30,12,2026-08-28T17:50:44.930Z
1902,Fabien GALI,H,46,45-49M,FR,NA,505,f,Finisher,TRUE,985,840,140,39:25:31,141931.47,13068.25,200,26,2026-08-28T17:51:53.150Z
1903,Tsukasa ENDO,H,36,35-39M,JP,Makabe Firebirds,505,f,Finisher,TRUE,1446,1226,233,43:57:40,158259.62,11304.990000000002,200,26,2026-08-28T17:49:58.620Z
1904,Jaime DAWES,F,48,45-49W,US,NA,505,f,Finisher,TRUE,1143,167,24,41:16:19,148579.51,12415.26,200,26,2026-08-28T17:52:49.470Z
1905,Ján ŠEVČÍK,H,43,40-44M,SK,NA,505,f,Finisher,TRUE,917,783,190,38:47:09,139629.04,10906.380000000001,200,26,2026-08-28T17:51:46.270Z
1906,Sean OCHOA,H,36,35-39M,US,NA,505,a,DNF,FALSE,2163,1801,327,17:52:54,64374,2896.4900000000002,28,11,2026-08-28T17:51:05.100Z
1907,King Wa SIN,H,38,35-39M,HK,NA,505,f,Finisher,TRUE,1627,1370,258,45:18:04,163084.54,5956.0599999999995,200,26,2026-08-28T17:51:58.120Z
1908,Lior OREN,H,51,50-54M,IL,NA,505,f,Finisher,TRUE,1352,1147,120,43:16:00,155760.17,17832.11,200,26,2026-08-28T17:50:00.090Z
1909,Ido GAZIT,H,43,40-44M,IL,G2KMUG,505,f,Finisher,TRUE,1354,1149,275,43:16:03,155762.62,17930.21,200,26,2026-08-28T17:49:59.930Z
1910,Vinod MENON,H,57,55-59M,GB,NA,505,f,Finisher,TRUE,1566,1324,64,44:49:20,161360.2,8557.8,200,26,2026-08-28T17:52:00.410Z
1911,Nicolas DANDURAND,H,48,45-49M,FR,SMAC78,505,f,Finisher,TRUE,1215,1037,196,42:02:27,151347.89,16149.91,200,26,2026-08-28T17:50:31.060Z
1912,Mickael LE BARON,H,53,50-54M,FR,COURIR A KERVIGNAC,505,f,Finisher,TRUE,1300,1108,112,42:53:12,154392.42,15519.97,200,26,2026-08-28T17:52:37.250Z
1913,Cheryll JANUSZEWSKI,F,45,45-49W,GB,NA,505,f,Finisher,TRUE,1377,211,27,43:28:54,156533.81,14443.26,200,26,2026-08-28T17:51:22.480Z
1914,Cristina MORENO RUBIO,F,48,45-49W,ES,ARAN TRAIL,507,a,DNF,FALSE,1797,295,42,30:01:32,108092.43,7591.16,51,18,2026-08-28T17:51:49.070Z
1915,Sébastien GUINEL,H,50,50-54M,FR,NA,504,f,Finisher,TRUE,1525,1290,151,44:35:05,160504.89,21377.52,200,26,2026-08-28T17:50:34.570Z
1916,Anton VICH ENRICH,H,56,55-59M,ES,5´30 / ST JERONI,504,f,Finisher,TRUE,1046,897,25,40:12:34,144753.93,4248.2699999999995,200,26,2026-08-28T17:51:14.120Z
1918,Matthijn TEN DOESCHOT,H,46,45-49M,NL,NA,504,f,Finisher,TRUE,824,703,111,37:58:10,136690.29,15515.999999999998,200,26,2026-08-28T17:50:15.330Z
1919,Grzegorz GARBIEN,H,50,50-54M,PL,G.O.A.T. Team,504,f,Finisher,TRUE,1177,1007,91,41:41:55,150114.81,13176.02,200,26,2026-08-28T17:51:15.330Z
1920,Francois BOUJU,H,48,45-49M,FR,NA,504,f,Finisher,TRUE,870,741,119,38:25:20,138320.85,13295.2,200,26,2026-08-28T17:50:48.100Z
1921,Peter OXLEY,H,59,55-59M,GB,Otford Trail Runners,504,f,Finisher,TRUE,1234,1054,42,42:11:12,151872.19,13031.15,200,26,2026-08-28T17:51:35.660Z
1922,Thibaud HENNEQUIN,H,39,35-39M,FR,NA,504,f,Finisher,TRUE,1518,1284,243,44:32:14,160333.74,10172.35,200,26,2026-08-28T17:49:52.890Z
1923,Christopher SIMONS,H,41,40-44M,BE,JD Construction SA,503,f,Finisher,TRUE,924,789,195,38:48:59,139739.54,6651.02,200,26,2026-08-28T17:52:58.240Z
1924,Ryo MIYAZAKI,H,54,50-54M,JP,Yokohama Tsuzuki AC,503,f,Finisher,TRUE,1574,1331,157,44:56:03,161763.13,13959.939999999999,200,26,2026-08-28T17:50:25.590Z
1925,Antoine AUGE,H,53,50-54M,FR,NA,503,f,Finisher,TRUE,1101,940,78,40:51:46,147105.81,12987.240000000003,200,26,2026-08-28T17:49:46.490Z
1926,Arthur TRAMCOURT,H,33,20-34M,FR,NA,510,f,Finisher,TRUE,978,834,216,39:18:11,141490.79,16330.419999999998,200,26,2026-08-28T17:50:39.770Z
1927,José Carlos CORREIA,H,44,40-44M,PT,Trail da Ladeia Running Team,503,f,Finisher,TRUE,841,716,172,38:10:30,137430.07,9119.13,200,26,2026-08-28T17:50:12.740Z
1928,Nasser HAKAMI,H,41,40-44M,SA,R7 RUN CLUB,503,f,Finisher,TRUE,546,464,104,34:35:04,124503.54,9176.279999999999,200,26,2026-08-28T17:50:14.900Z
1929,Laura LEAES LOPES,F,44,40-44W,BR,Studi Saúde,506,f,Finisher,TRUE,1419,216,40,43:45:40,157540.26,11865.07,200,26,2026-08-28T17:52:32.170Z
1930,Mats ROSENBERG,H,60,60-64M,SE,AAK Running Team,503,a,DNF,FALSE,1874,1562,27,27:37:47,98839.85,6167.17,48,17,2026-08-28T17:50:32.760Z
1931,Daniele STRAZZER,H,44,40-44M,IT,scuola di maratona,503,f,Finisher,TRUE,1072,917,228,40:35:41,146141.32,8928.68,200,26,2026-08-28T17:52:06.210Z
1932,Raphael FEHLMANN,H,38,35-39M,CH,NA,503,hd,DNF,FALSE,2386,1975,346,04:06:10,14769.89,NA,6,2,2026-08-28T17:52:36.520Z
1933,Wai Ling WONG,F,52,50-54W,HK,TPH/Crazyrunningclub,503,hd,DNF,FALSE,1773,286,37,31:35:06,113706.14,6964.3499999999995,52,19,2026-08-28T17:49:36.790Z
1934,Maxime LECONTE,H,41,40-44M,FR,N/A,503,f,Finisher,TRUE,1225,1047,256,42:07:19,151638.81,23415.15,200,26,2026-08-28T17:52:35.580Z
1935,Janneke SCHERPENHUYZEN,F,35,35-39W,NL,Lesseau / Hoka,500,f,Finisher,TRUE,1298,192,57,42:50:41,154241.58,12522.380000000001,200,26,2026-08-28T17:49:49.020Z
1936,Rostislav HAVLIK,H,52,50-54M,US,Pelican State Running,502,f,Finisher,TRUE,795,679,50,37:45:33,135933.27,7630.4,200,26,2026-08-28T17:53:00.110Z
1937,Guillaume LONJON,H,43,40-44M,FR,NA,502,f,Finisher,TRUE,1325,1127,268,43:03:51,155030.69,18796.940000000002,200,26,2026-08-28T17:52:55.330Z
1938,Franck FIOLLET,H,57,55-59M,FR,team endurance trail,502,f,Finisher,TRUE,1188,1017,40,41:49:51,150591.61,12670.55,200,26,2026-08-28T17:52:43.260Z
1939,Vivien LEONARD,H,44,40-44M,CH,NA,579,a,DNF,FALSE,2365,1960,423,05:55:41,19767.19,1573.47,10,3,2026-08-28T17:49:28.800Z
1940,Paul VOOREND,H,48,45-49M,NZ,NA,500,a,DNF,FALSE,1972,1641,313,23:08:37,83316.86,6224.22,40,15,2026-08-28T17:51:31.670Z
1941,Lucile FAYON,F,36,35-39W,FR,Running Unlimited Neuchâtel,501,f,Finisher,TRUE,1257,184,55,42:25:25,152724.89,11552.06,200,26,2026-08-28T17:51:31.680Z
1942,Yoshihiko FUKUSHIMA,H,53,50-54M,JP,non,502,hd,DNF,FALSE,1885,1573,185,28:03:42,101022.382,8336.54,48,17,2026-08-28T17:49:48.550Z
1943,Marisa MAURI,F,43,40-44W,FR,Salève Trail,502,f,Finisher,TRUE,898,132,23,38:38:49,139128.92,15912.92,200,26,2026-08-28T17:49:41.600Z
1944,Pedro DIAZ,H,52,50-54M,ES,Escola Trail Barcelona,502,f,Finisher,TRUE,1151,983,88,41:27:09,149228.95,16835.61,200,26,2026-08-28T17:51:39.990Z
1945,Suda TANTIVEERASUT,F,40,40-44W,TH,HOKA TH,504,f,Finisher,TRUE,1282,189,32,42:40:48,153647.49,6574.389999999999,200,26,2026-08-28T17:52:18.710Z
1946,Bertrand LECLERC,H,44,40-44M,FR,NA,502,f,Finisher,TRUE,1351,1146,273,43:15:24,155724.2,17361.22,200,26,2026-08-28T17:51:03.700Z
1948,Sandrine GIPPA,F,56,55-59W,FR,Eac,501,f,Finisher,TRUE,1267,185,7,42:31:58,153117.66,18370.899999999998,200,26,2026-08-28T17:50:04.650Z
1949,Mariko OMURA,F,51,50-54W,JP,NA,498,a,DNF,FALSE,1804,297,38,31:44:05,114245.34,4866.410000000001,51,18,2026-08-28T17:50:27.350Z
1950,Mei Ping KWONG,F,56,55-59W,HK,NA,501,hd,DNF,FALSE,1771,285,16,31:34:22,113661.73,10232.96,52,19,2026-08-28T17:50:25.340Z
1951,Jamie STARR,H,54,50-54M,GB,Old Runner,501,f,Finisher,TRUE,820,700,52,37:56:09,136568.46,7874.76,200,26,2026-08-28T17:49:40.870Z
1952,Ninon BROQUET,F,36,35-39W,FR,NCS Trailéman,499,f,Finisher,TRUE,1503,231,63,44:25:08,159908.73,15911.77,200,26,2026-08-28T17:52:23.130Z
1953,Cristiano SIRIANNI,H,38,35-39M,IT,Runners Legnano,501,hd,DNF,FALSE,2015,1680,308,23:46:21,85580.68,5409.38,40,15,2026-08-28T17:49:33.530Z
1954,Mathias KRAUT,H,35,35-39M,FR,NA,501,f,Finisher,TRUE,1590,1344,253,45:04:32,162271.79,18466.39,200,26,2026-08-28T17:50:38.880Z
1955,Bjarne Skov SOERENSEN,H,56,55-59M,DK,NA,501,f,Finisher,TRUE,1631,1374,70,45:19:49,163188.9,11681.87,200,26,2026-08-28T17:51:46.990Z
1956,Benjamin AUTRICQUE,H,37,35-39M,FR,Aubius,501,f,Finisher,TRUE,1582,1338,250,44:59:19,161958.98,3248.45,200,26,2026-08-28T17:52:15.760Z
1957,Gregory AMADIO,H,53,50-54M,FR,Union Sportive de Bonnefamille (USB),502,a,DNF,FALSE,2347,1945,248,04:58:24,17598.41,306.04,10,3,2026-08-28T17:49:43.360Z
1958,Ludvig DICKMAN,H,40,40-44M,SE,Åkersberga SK,498,f,Finisher,TRUE,1149,981,240,41:23:54,149033.77,14864.630000000001,200,26,2026-08-28T17:49:07.880Z
1959,Takashi KUROKAWA,H,52,50-54M,JP,LDA-RC,501,hd,DNF,FALSE,2011,1676,199,23:44:21,85461.168,4949.91,40,15,2026-08-28T17:49:48.140Z
1960,Julien TOURIGNY,H,41,40-44M,FR,NA,501,f,Finisher,TRUE,633,539,124,35:55:30,129330.67,9920.720000000001,200,26,2026-08-28T17:49:17.300Z
1961,Kenichi YAMASHITA,H,57,55-59M,JP,Waku-Waku(^^),501,f,Finisher,TRUE,1350,1145,49,43:14:36,155676.71,19012.58,200,26,2026-08-28T17:50:05.110Z
1962,Alexandre PRUNELET,H,49,45-49M,FR,RC Arras Trail,498,hd,DNF,FALSE,2071,1722,331,17:44:04,63843.99,4974.99,30,12,2026-08-28T17:52:12.970Z
1963,Mihael LONČAR,H,28,20-34M,HR,none,501,a,DNF,FALSE,2272,1884,357,09:57:25,35820.68,1255.29,16,6,2026-08-28T17:50:22.580Z
1964,Nicolas BAZIN DELESTREZ,H,34,20-34M,FR,DUC ARMY,501,f,Finisher,TRUE,1198,1025,239,41:53:42,150821.47,17345.34,200,26,2026-08-28T17:50:02.900Z
1965,Rossano ANTONINI,H,43,40-44M,IT,WERUN,501,f,Finisher,TRUE,1125,961,238,41:03:26,147805.54,15506.899999999998,200,26,2026-08-28T17:52:45.770Z
1966,Paolo PISCHIUTTA,H,66,65-69M,IT,MMT Magredi Mountain trail,501,a,DNF,FALSE,1941,1615,9,22:10:46,76085.6,9041.93,40,15,2026-08-28T17:51:14.890Z
1967,Jerome TAURINES,H,50,50-54M,FR,NA,500,a,DNF,FALSE,1759,1477,176,28:24:57,100643.6,10508.36,52,19,2026-08-28T17:51:57.330Z
1968,Justine KINCH,F,54,50-54W,AU,NA,500,a,DNF,FALSE,1694,272,35,40:20:21,145220.73,16058.4,64,24,2026-08-28T17:49:58.620Z
1969,Nicolas COILLARD,H,41,40-44M,FR,NA,500,hd,DNF,FALSE,2092,1741,389,18:19:30,65970.05,5809.460000000001,30,12,2026-08-28T17:52:05.840Z
1970,Pierre FRACHETTE,H,32,20-34M,FR,NA,500,f,Finisher,TRUE,1086,929,226,40:43:49,146629.21,11725.830000000002,200,26,2026-08-28T17:51:31.270Z
1971,Joseph HAYWARD,H,25,20-34M,GB,NA,498,f,Finisher,TRUE,1617,1363,272,45:14:17,162857.44,14752.59,200,26,2026-08-28T17:51:57.150Z
1972,Wai CHONG,H,42,40-44M,HK,THE PEAK HUNTER,500,a,DNF,FALSE,2044,1705,381,23:19:43,83038.18,4209.99,38,14,2026-08-28T17:51:24.820Z
1973,Michal MROWIEC,H,50,50-54M,US,NA,500,f,Finisher,TRUE,1291,1101,109,42:47:09,154029.47,12293.000000000002,200,26,2026-08-28T17:51:01.000Z
1974,Aleksandr ELISEEV,H,32,20-34M,AN,NA,500,f,Finisher,TRUE,640,544,158,36:00:35,129635.03,5953.05,200,26,2026-08-28T17:52:19.250Z
1975,Bruno CHEMAMA,H,47,45-49M,FR,NA,500,f,Finisher,TRUE,1665,1402,270,45:30:49,163849.35,11751.68,200,26,2026-08-28T17:49:39.280Z
1976,Sébastien PHILIPPE,H,37,35-39M,FR,NA,500,f,Finisher,TRUE,1307,1113,217,42:56:11,154571.17,12719.02,200,26,2026-08-28T17:49:32.470Z
1977,Olivier BROUILLET,H,50,50-54M,FR,NA,500,a,DNF,FALSE,2142,1782,214,16:50:38,60637.3,1203.04,28,11,2026-08-28T17:49:54.780Z
1978,Laurent ROUSSET,H,50,50-54M,FR,AAA DU LYONNAIS,500,f,Finisher,TRUE,1150,982,87,41:25:54,149153.42,11571.98,200,26,2026-08-28T17:50:46.690Z
1979,Antony BROWN,H,57,55-59M,GB,.,500,a,DNF,FALSE,2360,1956,143,05:32:30,19315.35,634.82,10,3,2026-08-28T17:52:47.800Z
1980,Carles DUZ PALAU,H,43,40-44M,GB,Lanaspa Running Club,500,a,DNF,FALSE,1965,1635,371,22:59:59,81579.38,7209.57,40,15,2026-08-28T17:51:45.310Z
1981,Andres MANRIQUEZ,H,52,50-54M,CL,TR SUMMIT,500,a,DNF,FALSE,1939,1613,188,21:48:30,75228.02,8729.990000000002,40,15,2026-08-28T17:49:22.140Z
1983,Wei ZHANG,F,60,60-64W,US,BURN,489,f,Finisher,TRUE,1202,175,3,41:56:07,150967.29,5816.64,200,26,2026-08-28T17:51:16.400Z
1984,Roberto SAN MIGUEL MAYO,H,61,60-64M,ES,no tengo,499,f,Finisher,TRUE,1113,950,9,40:54:57,147297.65,8192.15,200,26,2026-08-28T17:50:21.020Z
1985,Fernando PINHEIRO MENDES,H,56,55-59M,PT,SLB,499,f,Finisher,TRUE,1414,1199,53,43:43:23,157403.28,10496.499999999998,200,26,2026-08-28T17:50:17.000Z
1986,Miki SAWADA,F,39,35-39W,JP,NA,499,f,Finisher,TRUE,944,139,45,39:00:24,140424.22,9679.38,200,26,2026-08-28T17:50:35.710Z
1988,Claudia BOTELHO,F,51,50-54W,BR,Team Noronha,498,f,Finisher,TRUE,1448,221,27,43:57:50,158269.69,18169.47,200,26,2026-08-28T17:50:07.410Z
1989,Louane PERRET,F,34,20-34W,CH,Reaching Summits,498,f,Finisher,TRUE,1309,196,45,42:56:33,154592.99,11366.24,200,26,2026-08-28T17:51:55.310Z
1990,Karl PACHOT,H,43,40-44M,FR,NA,498,f,Finisher,TRUE,1230,1050,258,42:09:27,151766.68,19583.28,200,26,2026-08-28T17:50:13.970Z
1991,Benoît PERNOT,H,42,40-44M,FR,NA,498,f,Finisher,TRUE,1212,1035,254,42:02:03,151323.48,19221.229999999996,200,26,2026-08-28T17:51:23.290Z
1992,Milan MICHNA,H,56,55-59M,CZ,NA,498,a,DNF,FALSE,2350,1948,139,05:14:43,17992.12,890.66,10,3,2026-08-28T17:49:54.610Z
1993,Dan MARSON,H,46,45-49M,GB,NA,498,f,Finisher,TRUE,1038,889,152,40:05:14,144314.33,16188.790000000003,200,25,2026-08-28T17:49:22.040Z
1994,Adam Nathan SCHULTZ,H,40,40-44M,PL,NA,498,a,DNF,FALSE,1952,1625,370,22:38:23,79701.74,8916.57,40,15,2026-08-28T17:51:44.510Z
1995,Teruyuki YANO,H,57,55-59M,JP,"hot spring prefecture,s men ♨️",470,hd,DNF,FALSE,2037,1698,107,22:48:21,82100.95,2239.32,38,14,2026-08-28T17:49:34.050Z
1996,Billy FUNG,H,65,65-69M,HK,Mountain Explorers,498,a,DNF,FALSE,1873,1561,5,27:28:42,98412.36,7922.81,48,17,2026-08-28T17:52:55.600Z
1997,Luis Pedro CALVO PRUSEN,H,50,50-54M,ES,NA,498,f,Finisher,TRUE,1144,977,85,41:17:21,148640.96,6343.5999999999995,200,26,2026-08-28T17:51:33.560Z
1998,Mohammed ALAOUI,H,37,35-39M,SE,NA,497,f,Finisher,TRUE,1299,1107,214,42:51:09,154268.96,15768.32,200,26,2026-08-28T17:52:50.610Z
2000,Youdi DING,H,65,65-69M,CN,NA,498,hd,DNF,FALSE,1886,1574,7,28:03:48,100040.21,6625.02,48,17,2026-08-28T17:50:53.740Z
2001,Kazuhiro TAMAKI,H,52,50-54M,JP,no,500,f,Finisher,TRUE,1141,975,84,41:14:50,148490.2,8320.31,200,26,2026-08-28T17:52:57.250Z
2002,Bojan VELJANOVSKI,H,35,35-39M,MK,NA,498,f,Finisher,TRUE,1523,1289,245,44:33:28,160408.65,9173.62,200,26,2026-08-28T17:51:28.110Z
2003,Susana ZARRALUQUI GUILLÉN,F,56,55-59W,ES,Independiente,498,f,Finisher,TRUE,1278,188,8,42:37:58,153478.41,17137.15,200,26,2026-08-28T17:50:09.370Z
2004,Cátia GEREMIA,F,49,45-49W,BR,Bento Trail Runners,498,a,DNF,FALSE,2204,374,53,18:19:11,64091.3,3752.86,26,10,2026-08-28T17:51:19.700Z
2005,Morgan DESFONTAINES,H,37,35-39M,FR,NA,497,f,Finisher,TRUE,1491,1262,240,44:21:05,159665.12,17858.600000000002,200,26,2026-08-28T17:51:59.740Z
2006,Konrad Mateusz ZAREBSKI,H,34,20-34M,IT,NA,497,f,Finisher,TRUE,975,832,215,39:16:40,141400.06,10999.759999999998,200,26,2026-08-28T17:49:18.280Z
2007,Guillaume SCELLIER,H,48,45-49M,FR,Villeurbanne Les Poulettes,497,f,Finisher,TRUE,1063,910,157,40:31:49,145908.65,14372.530000000002,200,26,2026-08-28T17:52:54.610Z
2008,Marc VALLET,H,43,40-44M,FR,NA,497,f,Finisher,TRUE,1065,912,225,40:33:35,146015.53,12316.109999999999,200,26,2026-08-28T17:52:33.360Z
2009,Yoshiyuki FUKUHARA,H,50,50-54M,JP,DO M Club,497,f,Finisher,TRUE,1279,1091,106,42:38:49,153528.79,16289.88,200,26,2026-08-28T17:49:08.600Z
2010,Takamitsu MIYAKE,H,41,40-44M,JP,NA,497,f,Finisher,TRUE,1502,1272,302,44:23:57,159836.15,17258.210000000003,200,26,2026-08-28T17:51:52.910Z
2011,Jun ITO,H,49,45-49M,JP,NA,497,hd,DNF,FALSE,2031,1692,326,22:20:43,79222.21,6214.71,38,14,2026-08-28T17:52:01.790Z
2012,Sergi RIU ANGUERA,H,44,40-44M,ES,Club Atlètic Ivars,497,f,Finisher,TRUE,1344,1139,272,43:11:06,155466.57,13164.710000000001,200,26,2026-08-28T17:52:02.420Z
2013,Benoit BURNIER,H,39,35-39M,FR,NA,497,f,Finisher,TRUE,1178,1008,201,41:44:02,150241.98,19035.489999999998,200,26,2026-08-28T17:52:48.960Z
2014,Eric BREN,H,60,60-64M,FR,NAVEIL,497,f,Finisher,TRUE,1468,1242,17,44:14:38,159278.74,10600.82,200,26,2026-08-28T17:52:16.000Z
2015,Jasmine BURTON,F,22,20-34W,AU,NA,496,f,Finisher,TRUE,1564,242,54,44:48:23,161303.04,12418.140000000001,200,26,2026-08-28T17:50:25.000Z
2016,Jodine COE,F,34,20-34W,US,NA,496,a,DNF,FALSE,1768,284,60,31:31:52,113512.01,8230.79,52,19,2026-08-28T17:51:43.520Z
2017,Tom BEEBY,H,46,45-49M,AU,NA,496,f,Finisher,TRUE,1552,1313,258,44:45:14,161114.01,18798.68,200,26,2026-08-28T17:52:42.600Z
2018,Maxime BERNE,H,29,20-34M,FR,RUNNING CLUB ELUSATE,496,a,DNF,FALSE,2090,1739,327,16:43:51,60230.39,1744.8899999999999,30,12,2026-08-28T17:49:35.690Z
2019,Quentin TROUPEL,H,38,35-39M,FR,TRAILING CLUB BZK,496,hd,DNF,FALSE,2153,1791,325,17:26:05,62764.55,3473.76,28,11,2026-08-28T17:52:16.490Z
2020,Marc KEISER,H,61,60-64M,CH,4x4,496,hd,DNF,FALSE,2379,1970,50,06:06:19,19923.8,2055.26,10,3,2026-08-28T17:49:57.550Z
2021,Anders VEKVE,H,53,50-54M,NO,"Vestfold Ultraløperklubb, Dynafit",496,f,Finisher,TRUE,1397,1184,129,43:37:29,157049.14,12864.410000000002,200,26,2026-08-28T17:52:47.300Z
2022,Fabrizio BERTONI,H,51,50-54M,IT,100% Anima Trail,496,f,Finisher,TRUE,1499,1269,146,44:23:18,159797.72,17874.11,200,26,2026-08-28T17:52:05.780Z
2023,Will PASCARELLA,H,43,40-44M,US,NA,495,f,Finisher,TRUE,1074,919,229,40:39:30,146369.91,10850.41,200,26,2026-08-28T17:49:55.780Z
2024,Xiaonan ZHANG,H,58,55-59M,CN,NNJJ,495,a,DNF,FALSE,1958,1629,97,22:47:58,80931.19,5096.53,40,15,2026-08-28T17:49:37.920Z
2025,Yoann BENOIT,H,36,35-39M,FR,NA,495,f,Finisher,TRUE,1117,953,196,40:55:58,147357.55,14689.29,200,26,2026-08-28T17:52:31.870Z
2026,Naoki MORIYAMA,H,38,35-39M,JP,NA,495,f,Finisher,TRUE,1644,1386,261,45:23:27,163406.45,10491.52,200,26,2026-08-28T17:49:36.790Z
2027,Quentin DELOHEN,H,48,45-49M,CH,NA,496,f,Finisher,TRUE,1108,946,171,40:52:42,147162.13,12904.44,200,26,2026-08-28T17:52:36.060Z
2028,Yu ZHANG,H,39,35-39M,CN,NA,514,f,Finisher,TRUE,848,722,159,38:15:04,137704.8,7859.59,200,26,2026-08-28T17:50:44.110Z
2029,Gianni Justo MASSIN,H,32,20-34M,AR,Club de corredores corrientes,494,f,Finisher,TRUE,1423,1207,257,43:48:05,157684.58,22042.58,200,25,2026-08-28T17:49:01.610Z
2030,Vladimir LABRY,H,49,45-49M,FR,NA,495,hd,DNF,FALSE,1879,1567,300,27:50:24,98945.87,8534.96,48,17,2026-08-28T17:52:35.840Z
2031,Sungmin PARK,H,36,35-39M,KR,OKSAL,495,hd,DNF,FALSE,2234,1854,333,15:12:57,54776.693,1213.13,22,8,2026-08-28T17:52:07.680Z
2032,David BAUD,H,53,50-54M,CH,NA,495,a,DNF,FALSE,2301,1910,242,11:37:09,41814.58,1039.24,16,6,2026-08-28T17:52:47.100Z
2033,Arnaud LEONI,H,54,50-54M,FR,IMPULSION TRAIL,494,hd,DNF,FALSE,2237,1857,234,15:17:50,55069.609,3205.24,22,8,2026-08-28T17:49:48.810Z
2034,Miwa OOKA,F,56,55-59W,JP,NA,494,f,Finisher,TRUE,1485,228,12,44:20:16,159616.72,10677.619999999999,200,26,2026-08-28T17:49:29.230Z
2035,Janett ALOYSEOUS,F,33,20-34W,NO,Team 68’47,494,f,Finisher,TRUE,1455,223,50,44:06:46,158805.19,12180.42,200,26,2026-08-28T17:50:03.820Z
2036,Arnold TWITCHELL,H,62,60-64M,US,NA,487,a,DNF,FALSE,2286,1897,45,11:01:12,39664.16,1678.07,16,6,2026-08-28T17:49:33.770Z
2037,Gwenaëlle BABARIT,F,45,45-49W,FR,NOUZILLY ATHLETISME,494,f,Finisher,TRUE,1662,263,37,45:29:28,163767.55,8519.550000000001,200,26,2026-08-28T17:51:37.790Z
2038,Mark WESTERHOLT,H,46,45-49M,NL,Dutch on the trails,507,hd,DNF,FALSE,2170,1808,339,18:14:53,65693.16,1862.77,28,11,2026-08-28T17:52:44.330Z
2039,Andro DU PLESSIS,H,39,35-39M,ZA,Stellies Shake Out,494,hd,DNF,FALSE,2183,1816,328,18:56:46,68205.41,3914.42,28,11,2026-08-28T17:51:37.960Z
2040,Piotr CISKI,H,52,50-54M,PL,TRF,494,f,Finisher,TRUE,1133,968,82,41:09:34,148173.95,8897.71,200,26,2026-08-28T17:51:41.760Z
2041,James MEARES,H,43,40-44M,GB,NA,493,hd,DNF,FALSE,2014,1679,377,23:46:12,85572.19,5318.83,40,15,2026-08-28T17:51:15.570Z
2042,Stuart CHUTTER,H,42,40-44M,CA,NA,493,a,DNF,FALSE,1929,1604,367,19:51:33,67338.64,5535.2699999999995,40,15,2026-08-28T17:49:14.370Z
2043,Ka Chun TSE,H,49,45-49M,HK,NA,493,f,Finisher,TRUE,1410,1196,231,43:42:48,157368.5,12084.309999999998,200,26,2026-08-28T17:52:49.470Z
2044,Marc LONGARON,H,58,55-59M,ES,Pardals de Regencos,493,f,Finisher,TRUE,1173,1003,38,41:38:36,149916.3,19980.13,200,26,2026-08-28T17:52:34.500Z
2045,David FURTADO,H,44,40-44M,US,NA,492,f,Finisher,TRUE,1527,1292,304,44:36:43,160603.01,9727.099999999999,200,26,2026-08-28T17:50:06.430Z
2046,Paolo BOSONIN,H,41,40-44M,IT,NA,493,f,Finisher,TRUE,676,575,137,36:25:53,131153.48,14135.8,200,26,2026-08-28T17:49:35.300Z
2047,Guiping YAN,H,46,45-49M,CN,NA,493,f,Finisher,TRUE,1635,1377,267,45:22:00,163319.14,9645.26,200,26,2026-08-28T17:51:30.900Z
2048,Alexander WORMALD,H,42,40-44M,GB,Endura Ohana,493,f,Finisher,TRUE,1066,913,226,40:34:37,146077.03,11954.89,200,26,2026-08-28T17:52:33.340Z
2050,Ignacio BOAGLIO,H,36,35-39M,AR,NA,493,f,Finisher,TRUE,1577,1334,248,44:57:26,161846.81,14559.39,200,26,2026-08-28T17:51:23.150Z
2051,Dhanvalarp SUKKARAKS,H,50,50-54M,TH,NA,493,a,DNF,FALSE,2169,1807,224,18:14:02,65642.34,735.31,28,11,2026-08-28T17:51:02.340Z
2053,Jort SCHURINGA,H,48,45-49M,NL,VENIVIDIDUS,492,a,DNF,FALSE,2148,1787,338,17:06:44,61603.49,1303.04,28,11,2026-08-28T17:51:00.700Z
2054,Paul MAZEAU,H,28,20-34M,FR,NA,492,f,Finisher,TRUE,732,624,177,37:03:19,133398.75,12539.169999999998,200,26,2026-08-28T17:50:33.400Z
2055,Zoran FETAH,H,41,40-44M,SI,NA,492,f,Finisher,TRUE,949,809,199,39:04:14,140654.29,12423.03,200,26,2026-08-28T17:51:46.500Z
2056,Wéber DE PAULA OLIVEIRA BARBOSA,H,44,40-44M,BR,Pé na Trilha,492,f,Finisher,TRUE,1583,1339,318,44:59:34,161974.31,16764.92,200,26,2026-08-28T17:50:13.320Z
2057,Léo ROSET,H,25,20-34M,FR,NA,492,a,DNF,FALSE,2195,1825,343,17:39:42,63581.3,830,26,10,2026-08-28T17:51:55.700Z
2058,Guillaume SIMON,H,34,20-34M,FR,NA,492,f,Finisher,TRUE,868,739,202,38:24:22,138262.4,13380.55,200,26,2026-08-28T17:51:45.160Z
2059,Sylvain BERNARDEAU,H,49,45-49M,FR,Jogging Loisir Orgères,492,f,Finisher,TRUE,1183,1013,188,41:48:38,150518.46,11479.85,200,26,2026-08-28T17:51:21.490Z
2060,Laura EHRHARD,F,27,20-34W,FR,NA,492,hd,DNF,FALSE,2175,364,69,18:36:56,67015.52,660.72,28,11,2026-08-28T17:50:11.900Z
2061,Stéphane GUICHARD,H,49,45-49M,FR,NA,491,f,Finisher,TRUE,1263,1079,206,42:30:17,153016.54,13294.99,200,26,2026-08-28T17:52:03.620Z
2062,Gerard COGNET FANTE,H,63,60-64M,FR,NA,491,hd,DNF,FALSE,1989,1657,31,23:29:51,84590.66,4537.54,40,15,2026-08-28T17:51:21.490Z
2063,Caroline UPTON,F,62,60-64W,GB,Notfast,491,f,Finisher,TRUE,1330,200,4,43:05:46,155146.04,11758.47,200,26,2026-08-28T17:51:09.520Z
2064,Joanna ROBERTS,F,42,40-44W,GB,NA,453,np,Other,FALSE,NA,NA,NA,00:00:00,0,NA,NA,0,2026-08-28T17:48:12.000Z
2065,Krzysztof MORAWSKI,H,57,55-59M,PL,NA,491,f,Finisher,TRUE,1473,1247,56,44:15:53,159352.75,15500.81,200,26,2026-08-28T17:50:40.270Z
2066,Rene WEINMANN,H,58,55-59M,DE,LTV GEnthin,426,a,DNF,FALSE,1966,1636,99,23:02:32,81107.47,4940.549999999999,40,15,2026-08-28T17:52:40.640Z
2067,Eisuke OOKA,H,57,55-59M,JP,NA,490,f,Finisher,TRUE,1486,1258,57,44:20:17,159617.22,14394.759999999998,200,26,2026-08-28T17:49:29.220Z
2068,Xin REN,F,40,40-44W,CN,NA,490,f,Finisher,TRUE,1186,171,27,41:49:30,150569.74,14361.34,200,26,2026-08-28T17:51:36.780Z
2069,David OLIVEIRA,H,52,50-54M,FR,NA,490,a,DNF,FALSE,2270,1882,237,09:45:50,35149.75,1071.48,16,6,2026-08-28T17:50:49.560Z
2070,Chongwei ZHANG,H,40,40-44M,CN,Outopia,490,f,Finisher,TRUE,937,800,197,38:57:38,140257.37,11772.54,200,26,2026-08-28T17:51:37.790Z
2072,Masato YOKOKURA,H,48,45-49M,JP,NA,492,f,Finisher,TRUE,1543,1307,256,44:42:28,160948.12,14055.739999999998,200,26,2026-08-28T17:49:14.620Z
2073,Shigeaki NAKAMURA,H,57,55-59M,JP,NA,490,a,DNF,FALSE,1706,1434,77,37:16:08,134167.88,8547.04,60,22,2026-08-28T17:52:55.120Z
2074,Mark FORD,H,48,45-49M,NZ,N/A,486,a,DNF,FALSE,1692,1421,275,40:21:37,145296.3,7938.189999999999,64,24,2026-08-28T17:50:10.780Z
2075,Yoann LECOINTE,H,42,40-44M,FR,NA,489,f,Finisher,TRUE,1420,1204,286,43:46:21,157581.37,13966.57,200,26,2026-08-28T17:52:38.090Z
2076,Krzysztof CZYŚCIAK,H,53,50-54M,PL,KB Sobótka,489,f,Finisher,TRUE,1311,1115,113,42:57:09,154628.4,11091.220000000001,200,26,2026-08-28T17:50:10.760Z
2077,Cyril CALDERON,H,48,45-49M,FR,NA,489,a,DNF,FALSE,1870,1558,299,27:06:07,97434.12,5909.0199999999995,48,17,2026-08-28T17:50:59.230Z
2078,Partho SAHA,H,30,20-34M,BD,Run Bangla,489,f,Finisher,TRUE,1637,1379,273,45:22:38,163358.04,12982.33,200,26,2026-08-28T17:50:33.400Z
2080,Victoria CARA,F,34,20-34W,MD,NA,489,f,Finisher,TRUE,1208,177,44,42:00:13,151213.18,19560.59,200,26,2026-08-28T17:49:56.400Z
2081,Timothe LAFON,H,26,20-34M,FR,NA,489,hd,DNF,FALSE,1984,1652,319,23:21:57,83191.36,10499.18,40,15,2026-08-28T17:51:30.570Z
2082,Fred CAZAU,H,54,50-54M,FR,NA,489,f,Finisher,TRUE,1513,1279,148,44:30:03,160203.02,6907.38,200,26,2026-08-28T17:49:45.840Z
2083,Wai Yan CHAN,F,42,40-44W,HK,NA,489,f,Finisher,TRUE,1454,222,41,44:06:13,158772.76,9309.390000000001,200,26,2026-08-28T17:49:45.640Z
2085,Tomoe SASAKI,F,57,55-59W,JP,NA,488,f,Finisher,TRUE,1456,224,11,44:07:13,158832.98,10675.97,200,26,2026-08-28T17:51:15.100Z
2086,Brent BOZARTH,H,34,20-34M,US,NA,488,f,Finisher,TRUE,682,581,168,36:32:41,131560.33,7800.66,200,26,2026-08-28T17:52:42.820Z
2087,Corinne FOUCHÉ,F,49,45-49W,FR,Oc'trail/Foulées vertes de Lalo,488,a,DNF,FALSE,2134,359,50,16:11:34,58293.55,2445.89,28,11,2026-08-28T17:49:49.500Z
2088,David BOHERS,H,49,45-49M,FR,NA,488,f,Finisher,TRUE,1175,1005,186,41:39:28,149967.68,14918.599999999999,200,26,2026-08-28T17:50:56.550Z
2089,Francisco Javier DE BENITO BUSTILLO,H,64,60-64M,ES,Bali Trail Running BTR,488,f,Finisher,TRUE,1630,1373,19,45:19:34,163174.12,19854.829999999998,200,26,2026-08-28T17:50:42.070Z
2090,Keith JENSEN,H,43,40-44M,US,NA,487,f,Finisher,TRUE,796,680,166,37:46:22,135981.94,7750.21,200,26,2026-08-28T17:49:11.090Z
2091,Guangtao XIE,H,34,20-34M,CN,NA,487,f,Finisher,TRUE,1415,1200,256,43:44:16,157456.75,14648.4,200,26,2026-08-28T17:52:55.120Z
2092,Dane RYAN,H,63,60-64M,GB,NA,485,a,DNF,FALSE,2299,1908,47,11:35:28,41728.57,688.86,16,6,2026-08-28T17:49:34.230Z
2093,Jose LUGARDO ESPEJEL,H,39,35-39M,MX,N/A,487,f,Finisher,TRUE,874,743,160,38:25:56,138355.57,10479.140000000001,200,26,2026-08-28T17:49:58.650Z
2094,Renaud SAMUEL,H,41,40-44M,FR,NA,479,f,Finisher,TRUE,1235,1055,259,42:11:15,151875.29,12219.49,200,26,2026-08-28T17:52:53.140Z
2095,Hryhorii CHUIKOV,H,38,35-39M,UA,NA,487,f,Finisher,TRUE,1571,1328,247,44:54:40,161679.11,18221.3,200,26,2026-08-28T17:52:06.940Z
2096,Susan LANG,F,55,55-59W,US,SU Runners Club,486,f,Finisher,TRUE,1148,168,6,41:22:01,148920.9,14238.83,200,26,2026-08-28T17:50:04.320Z
2097,Yumei PACCONI,F,56,55-59W,US,NA,486,hd,DNF,FALSE,2241,382,25,15:31:03,55862.741,1755.58,22,8,2026-08-28T17:51:34.480Z
2098,Loïc PLATEAU,H,38,35-39M,FR,Team Charentes Triathlon,490,f,Finisher,TRUE,1032,883,191,39:59:08,143947.61,3644.6099999999997,200,26,2026-08-28T17:49:56.400Z
2099,Laura BOSSUT,F,30,20-34W,FR,Run Aventure Lorient & Lorient Athlétisme Club,484,hd,DNF,FALSE,2203,373,71,18:09:02,65305.7,3326.84,26,10,2026-08-28T17:49:46.300Z
2100,Xavier LOUVET,H,51,50-54M,FR,Runners de Bondues,486,f,Finisher,TRUE,1559,1319,156,44:46:30,161189.97,14229.08,200,26,2026-08-28T17:50:44.130Z
2101,Daniele FACCIA,H,43,40-44M,IT,A.S.D PAM MONDOVÌ- CHIUSA PESIO,486,f,Finisher,TRUE,1165,996,244,41:35:50,149750.21,6011.26,200,26,2026-08-28T17:52:22.340Z
2102,Chris GILROY,H,38,35-39M,IE,NA,486,a,DNF,FALSE,2310,1917,341,12:05:32,43531.78,1026.38,16,6,2026-08-28T17:53:01.440Z
2103,Jeremy BRAS,H,37,35-39M,FR,Team pif,485,f,Finisher,TRUE,1462,1238,235,44:12:48,159168.91,14085.9,200,26,2026-08-28T17:52:09.030Z
2104,Andrew WOOLLEY,H,49,45-49M,GB,none,486,hd,DNF,FALSE,1766,1483,283,31:30:40,113440.28,14798.51,52,19,2026-08-28T17:50:37.620Z
2105,Sofiane SROUTTA-PAILLUSSEAU,H,43,40-44M,FR,NA,485,f,Finisher,TRUE,596,507,118,35:25:39,127539.71,6446.369999999999,200,26,2026-08-28T17:50:04.090Z
2106,Patrick HERNANDEZ,H,68,65-69M,FR,Les Mureaux Val de Seine,483,hd,DNF,FALSE,2180,1813,13,18:49:42,67781.54,2135.1099999999997,28,11,2026-08-28T17:50:04.830Z
2107,Mariangeles SANCHEZ,F,53,50-54W,ES,TRAILRUNNERS AVANZA JAEN,485,f,Finisher,TRUE,1476,227,28,44:16:25,159385.65,10399.85,200,26,2026-08-28T17:49:05.110Z
2108,Vincent BAYLE,H,46,45-49M,FR,Kikourou,485,hd,DNF,FALSE,1686,1418,273,44:01:46,158505.36,10135.75,82,25,2026-08-28T17:49:45.640Z
2109,Julien BOU,H,41,40-44M,FR,Les Marchands de Sable,485,a,DNF,FALSE,1976,1644,373,23:14:17,83656.85,8191.33,40,15,2026-08-28T17:51:17.810Z
2110,Leonardo RIBEIRO DE AZEVEDO,H,49,45-49M,BR,Upfitrail,536,f,Finisher,TRUE,951,811,133,39:05:14,140713.76,8057.33,200,26,2026-08-28T17:51:52.400Z
2111,Simone STOPPA,H,38,35-39M,IT,Mornington Chasers,484,f,Finisher,TRUE,725,617,143,36:59:38,133177.98,7884.110000000001,200,26,2026-08-28T17:52:42.700Z
2112,Bert COERVER,H,37,35-39M,NL,XMEN,480,f,Finisher,TRUE,884,753,162,38:32:28,138747.59,13836.51,200,26,2026-08-28T17:52:31.680Z
2113,Michael BOHNERT,H,47,45-49M,DE,NA,485,a,DNF,FALSE,1860,1549,296,25:28:27,90997.86,5054.16,48,17,2026-08-28T17:51:54.250Z
2114,Liwei ZOU,H,38,35-39M,CN,NA,485,f,Finisher,TRUE,1663,1400,262,45:29:43,163783.6,16520.11,200,26,2026-08-28T17:49:00.210Z
2115,Romain ROLAND,H,44,40-44M,BE,Les PotosROSes,483,f,Finisher,TRUE,1391,1179,280,43:34:32,156871.99,9448.73,200,26,2026-08-28T17:50:56.370Z
2116,Simone IORI,H,46,45-49M,IT,NA,485,f,Finisher,TRUE,1501,1271,247,44:23:21,159800.74,17632.21,200,26,2026-08-28T17:52:05.840Z
2117,Antonio Manuel DIAZ GARCIA,H,47,45-49M,ES,Trailrunners Avanza Jaén,485,f,Finisher,TRUE,1479,1252,243,44:16:45,159404.52,17330.1,200,26,2026-08-28T17:49:04.820Z
2118,Sergio JEREZ FALCÓN,H,47,45-49M,ES,La Sala,484,a,DNF,FALSE,1936,1610,306,20:32:48,72933.49,6638.04,40,15,2026-08-28T17:50:34.340Z
2119,Diego BARBIERI,H,49,45-49M,IT,BERGAMO STARS,484,a,DNF,FALSE,1956,1628,310,22:44:41,80931.04,4388.26,40,15,2026-08-28T17:51:25.700Z
2120,Quy NGUYEN,H,55,55-59M,US,SJVRC OneMile4OneChild,484,f,Finisher,TRUE,1587,1341,66,45:03:11,162191.44,14758.03,200,26,2026-08-28T17:50:15.080Z
2122,Alexandre PRUDON,H,43,40-44M,FR,DX GROUPE,484,f,Finisher,TRUE,1111,948,235,40:54:05,147244.93,14383.84,200,26,2026-08-28T17:52:30.070Z
2123,Christophe CENS,H,54,50-54M,FR,NA,484,a,DNF,FALSE,2348,1946,249,04:58:49,17928.65,NA,10,3,2026-08-28T17:51:42.530Z
2124,Meng SHAO,H,33,20-34M,CN,NA,484,f,Finisher,TRUE,1492,1263,261,44:21:40,159699.31,14338.1,200,26,2026-08-28T17:51:43.980Z
2126,Hamidou DIA,H,43,40-44M,MR,RunRun Tours,484,f,Finisher,TRUE,1290,1100,264,42:45:26,153925.78,9513.08,200,26,2026-08-28T17:52:25.870Z
2127,Thomas Zhi Xiong TANG,H,63,60-64M,NZ,The Y Marathon Club,481,hd,DNF,FALSE,1685,1417,22,44:00:51,158451.173,13434.630000000001,82,25,2026-08-28T17:51:35.420Z
2128,Nicolas PARVEDY,H,40,40-44M,FR,anjou raid oxygen,483,f,Finisher,TRUE,672,572,135,36:23:09,130989.59,12970.269999999999,200,26,2026-08-28T17:49:46.270Z
2129,Josquin TESSON,H,41,40-44M,FR,ES COUERON,483,f,Finisher,TRUE,1078,923,231,40:40:20,146420.21,17428.420000000002,200,26,2026-08-28T17:51:42.200Z
2130,Andy LIANGE,H,42,40-44M,FR,Létraceurs,483,hd,DNF,FALSE,2181,1814,400,18:50:21,67821.07,1585.77,28,11,2026-08-28T17:49:25.050Z
2131,Sergi CONSUEGRA DURAN,H,55,55-59M,ES,CE CAMI DELS IBERS TRAIL RUNNING,483,a,DNF,FALSE,2275,1887,134,10:15:23,36915.15,731,16,6,2026-08-28T17:49:47.850Z
2132,Raymond PERDON,H,53,50-54M,NL,NA,483,hd,DNF,FALSE,1982,1650,196,23:20:14,84014.82,2996.31,40,15,2026-08-28T17:52:26.080Z
2133,Julien FOUET,H,47,45-49M,FR,NA,483,f,Finisher,TRUE,1128,963,177,41:06:01,147961.11,11122.98,200,26,2026-08-28T17:51:09.550Z
2134,John WACKER,H,56,55-59M,AU,The Moon Men,483,a,DNF,FALSE,1881,1569,90,27:53:16,100395.7,6913.5199999999995,48,17,2026-08-28T17:51:33.920Z
2135,Michel POLETTI,H,71,70-74M,FR,UTMB GROUP,491,f,Finisher,TRUE,1578,1335,1,44:58:26,161906.16,16919.45,200,26,2026-08-28T17:49:58.620Z
2136,Adeline VENTURA,F,37,35-39W,FR,NA,482,a,DNF,FALSE,1957,329,86,22:45:16,81915.81,3465.8900000000003,40,15,2026-08-28T17:49:52.530Z
2137,Philippe GOUTEYRON,H,52,50-54M,FR,ASPTT ORLEANS RUNNING,482,a,DNF,FALSE,1979,1647,195,23:15:28,83728.31,2438.63,40,15,2026-08-28T17:50:58.210Z
2139,Antoine SOULIMAN,H,31,20-34M,FR,NA,480,f,Finisher,TRUE,1568,1325,268,44:53:24,161604.52,18673.22,200,26,2026-08-28T17:51:38.400Z
2141,Morgane DESORGE,F,33,20-34W,FR,NA,480,hd,DNF,FALSE,2016,336,67,23:49:05,85745.636,3037.83,40,15,2026-08-28T17:52:54.160Z
2142,Jérôme NOBILET,H,40,40-44M,FR,NA,481,f,Finisher,TRUE,1077,922,230,40:40:08,146407.62,17036,200,26,2026-08-28T17:51:38.400Z
2143,Thomas WALTHER,H,43,40-44M,DE,Nordkurve Nürnberg,481,f,Finisher,TRUE,1193,1022,249,41:51:27,150687.46,19633.53,200,26,2026-08-28T17:49:43.340Z
2144,Fatih TOSUN,H,66,65-69M,TR,NA,478,np,Other,FALSE,NA,NA,NA,00:00:00,0,NA,NA,0,2026-08-28T17:48:12.000Z
2145,Fabrizio CASTRO FLORIO,H,41,40-44M,IT,Tartarughe Della Kirghisia,480,f,Finisher,TRUE,1310,1114,265,42:57:03,154623.32,13812.689999999999,200,26,2026-08-28T17:50:06.430Z
2146,Sergio JIMÉNEZ OLMO,H,46,45-49M,ES,LANASPA RUNNING CLUB,480,f,Finisher,TRUE,1131,966,178,41:07:17,148037.48,8923.57,200,26,2026-08-28T17:51:45.310Z
2147,Tolga GULER,H,50,50-54M,TR,Twilight Team,480,f,Finisher,TRUE,1467,1241,143,44:13:33,159212.21,15385.579999999998,200,26,2026-08-28T17:50:24.870Z
2149,Dennis KOORS,H,54,50-54M,DK,NA,479,a,DNF,FALSE,1867,1555,183,26:36:38,95141.42,4706.51,48,17,2026-08-28T17:49:38.620Z
2150,Michiko HIMURO,F,53,50-54W,JP,NA,479,f,Finisher,TRUE,1389,212,23,43:33:36,156815.39,15897.33,200,26,2026-08-28T17:49:47.700Z
2151,Eric STEINMETZ,H,52,50-54M,FR,NA,478,hd,DNF,FALSE,2374,1966,253,06:02:47,21767.5,NA,10,3,2026-08-28T17:52:24.000Z
2152,Emmanuel DUPONT,H,44,40-44M,FR,Run'In Champagney,478,f,Finisher,TRUE,1422,1206,287,43:46:50,157609.47,8223.6,200,26,2026-08-28T17:50:12.740Z
2153,Glenn GROUHEL,H,53,50-54M,FR,LAUZACH RUN IN NATURE,479,a,DNF,FALSE,2168,1806,223,18:06:43,65202.79,1992.9399999999998,28,11,2026-08-28T17:51:19.910Z
2154,Julien BONIFAY,H,43,40-44M,FR,TEAM BERTAGNE,478,f,Finisher,TRUE,1320,1122,266,43:00:48,154848.03,8760.32,200,26,2026-08-28T17:51:07.740Z
2155,Wen TIANJUN,H,42,40-44M,CN,MOUNTJOY,479,f,Finisher,TRUE,1362,1155,277,43:21:27,156086.65,11001.039999999999,200,26,2026-08-28T17:51:27.660Z
2156,Will ASKHAM,H,46,45-49M,GB,NA,479,a,DNF,FALSE,2087,1736,333,17:26:55,62814.64,1390.04,26,10,2026-08-28T17:52:17.360Z
2157,Mathieu SCALA,H,34,20-34M,FR,NA,478,f,Finisher,TRUE,1403,1190,255,43:38:46,157125.53,17662.239999999998,200,26,2026-08-28T17:51:04.850Z
2158,Alan LO,H,53,50-54M,HK,NA,478,f,Finisher,TRUE,1379,1168,124,43:29:13,156553.19,7032.79,200,26,2026-08-28T17:51:48.400Z
2159,Christian PLUESS,H,64,60-64M,CH,NA,478,a,DNF,FALSE,1942,1616,29,22:12:04,79923.64,5044.13,40,15,2026-08-28T17:52:40.590Z
2160,Ying LIU,F,38,35-39W,CN,NA,478,f,Finisher,TRUE,1424,217,61,43:48:30,157710.21,6755.6900000000005,200,26,2026-08-28T17:49:43.310Z
2161,Claire KENYON,F,41,40-44W,GB,NA,478,a,DNF,FALSE,2356,404,83,05:28:27,19706.79,NA,10,3,2026-08-28T17:51:30.690Z
2162,Quentin MONTESSUY,H,33,20-34M,FR,TUC TRIATHLON,478,f,Finisher,TRUE,1216,1038,240,42:02:36,151356.51,14956.15,200,26,2026-08-28T17:51:01.370Z
2163,Koya OKABE,H,47,45-49M,JP,ChickenHeartRunningTeam,478,f,Finisher,TRUE,1540,1305,255,44:41:54,160914,11808.77,200,26,2026-08-28T17:52:48.760Z
2164,Yoottapol SAMHANSOOK,H,41,40-44M,TH,Amino Vital Thailand / RNFL,479,hd,DNF,FALSE,2392,1978,425,04:15:22,15322.59,NA,6,2,2026-08-28T17:53:03.280Z
2165,Kevin WHEAT,H,41,40-44M,US,BPRunCo,478,hd,DNF,FALSE,1767,1484,344,31:31:28,113487.96,9289.61,52,19,2026-08-28T17:49:50.430Z
2166,Mouhamed DIOP,H,40,40-44M,SN,SINGA,477,f,Finisher,TRUE,1353,1148,274,43:16:01,155761.92,6695.09,200,26,2026-08-28T17:50:17.050Z
2167,Sarah RICHARDSON,F,40,40-44W,AU,NA,477,f,Finisher,TRUE,1256,183,31,42:24:15,152654.91,12950.459999999997,200,25,2026-08-28T17:49:47.900Z
2168,Olivier YUMA,H,38,35-39M,FR,NA,478,f,Finisher,TRUE,1441,1221,232,43:56:16,158176.4,18663.399999999998,200,26,2026-08-28T17:51:18.460Z
2169,Mathieu CASTEL,H,39,35-39M,FR,NA,477,a,DNF,FALSE,1876,1564,293,27:42:28,96440.42,8707.31,48,17,2026-08-28T17:51:46.750Z
2170,Gwenael DIGUE,H,44,40-44M,FR,Aucun,477,a,DNF,FALSE,2285,1896,408,11:00:29,39628.92,805.67,16,6,2026-08-28T17:52:36.970Z
2171,Pravin PANDEY,H,42,40-44M,NP,NA,477,a,DNF,FALSE,2151,1790,397,17:23:02,62582.06,1228.68,28,11,2026-08-28T17:51:14.400Z
2172,Yui Yeung TANG,H,36,35-39M,HK,Cambridge Harriers,475,f,Finisher,TRUE,1642,1384,260,45:23:13,163392.11,8773.89,200,26,2026-08-28T17:51:57.900Z
2173,James KELLER,H,55,55-59M,US,Silver State Striders,477,s,Other,FALSE,1760,1478,81,28:34:05,102754.28,13294.56,52,19,2026-08-28T17:49:29.630Z
2174,Ian JACQUES,H,32,20-34M,MU,NA,477,np,Other,FALSE,NA,NA,NA,00:00:00,0,NA,NA,0,2026-08-28T17:48:12.000Z
2175,Susanne DR. ENDRESS,F,61,60-64W,DE,Triathlon Nonstop Köln,477,f,Finisher,TRUE,1048,150,1,40:13:55,144835.3,16104.45,200,26,2026-08-28T17:49:30.080Z
2176,Yui TERASHIMA,F,34,20-34W,JP,NA,477,f,Finisher,TRUE,1585,245,55,45:01:34,162094.09,10216.230000000001,200,26,2026-08-28T17:49:26.440Z
2177,Sébastien DUMAS,H,33,20-34M,FR,NA,477,f,Finisher,TRUE,1663,1400,277,45:29:43,163783.44,7541.53,200,26,2026-08-28T17:50:18.380Z
2178,Michael BERRY,H,55,55-59M,GB,NA,448,a,DNF,FALSE,1948,1622,95,22:29:17,80956.71,3709.59,40,15,2026-08-28T17:51:42.860Z
2179,Gilles FABRY,H,59,55-59M,FR,Jogging Lavérune,476,f,Finisher,TRUE,1514,1280,59,44:30:05,160204.91,5806.6,200,26,2026-08-28T17:50:58.210Z
2180,Victor ZEEGERS,H,24,20-34M,BE,NA,473,a,DNF,FALSE,2223,1844,351,13:40:10,49209.99,3405.46,22,8,2026-08-28T17:52:55.670Z
2181,Sin On SO,H,59,55-59M,HK,saiyan.UTMB,476,a,DNF,FALSE,2224,1845,129,13:49:33,49772.68,1465.13,22,8,2026-08-28T17:52:39.380Z
2182,Anonymous,H,49,45-49M,AN,NA,NA,np,Other,FALSE,NA,NA,NA,00:00:00,0,NA,NA,0,2026-08-28T17:48:12.000Z
2183,Qiang LIU,H,39,35-39M,CN,Nankai Trail Team,476,f,Finisher,TRUE,1487,1259,238,44:20:21,159620.48,15881.81,200,26,2026-08-28T17:50:01.760Z
2184,Florent PATAUD,H,47,45-49M,FR,Etoile Oignies,475,a,DNF,FALSE,2085,1734,332,18:24:01,66241.7,4182.91,30,12,2026-08-28T17:50:49.050Z
2185,Hailun FANG,F,31,20-34W,CN,NA,476,hd,DNF,FALSE,2197,371,70,17:43:37,63816.68,1209.84,26,10,2026-08-28T17:50:10.320Z
2186,Nicholas ELS,H,45,45-49M,ZA,NA,475,f,Finisher,TRUE,1375,1166,225,43:27:56,156476.44,13818.06,200,26,2026-08-28T17:52:33.360Z
2187,Alex STEPHAN,H,50,50-54M,CH,NA,475,a,DNF,FALSE,2138,1778,212,16:33:19,59599.63,1165.97,28,11,2026-08-28T17:52:37.220Z
2188,Nicolas BOUSQUET,H,46,45-49M,FR,NA,475,f,Finisher,TRUE,1658,1397,269,45:28:18,163698,18448.25,200,26,2026-08-28T17:52:53.150Z
2189,Shigekazu TAKEDA,H,66,65-69M,JP,NA,474,a,DNF,FALSE,2288,1899,14,11:07:30,40036.25,369.86,16,6,2026-08-28T17:50:11.890Z
2190,Charles CUYPERS,H,59,55-59M,FR,NA,474,f,Finisher,TRUE,1618,1364,69,45:15:22,162921.85,12087.26,200,26,2026-08-28T17:49:54.870Z
2191,Boban STOJANOVSKI,H,42,40-44M,MK,NA,474,f,Finisher,TRUE,1548,1310,309,44:44:10,161050.25,12525.16,200,26,2026-08-28T17:51:49.710Z
2192,José TOCA,H,42,40-44M,GT,Team Lucianos,474,f,Finisher,TRUE,1402,1189,281,43:38:23,157103.49,14469.38,200,26,2026-08-28T17:49:49.500Z
2193,Payungjit KOSOPA,F,45,45-49W,TH,AAVENTURE,478,hd,DNF,FALSE,1775,287,40,31:35:56,113755.92,5437.96,52,19,2026-08-28T17:52:56.330Z
2194,Piotr JANUSZEWSKI,H,50,50-54M,PL,NA,474,a,DNF,FALSE,2194,1824,227,17:11:15,61812.78,3653.2799999999997,26,10,2026-08-28T17:51:34.220Z
2195,Sergey KARTAVY,H,49,45-49M,AN,NA,474,f,Finisher,TRUE,1084,927,164,40:42:54,146574.3,8941.26,200,26,2026-08-28T17:50:18.390Z
2196,Alicia BARROS,F,43,40-44W,UY,NA,474,f,Finisher,TRUE,872,131,22,38:25:47,138346.96,10396.43,200,26,2026-08-28T17:49:05.530Z
2197,Maxime VIGIER,H,34,20-34M,FR,NA,474,a,DNF,FALSE,1946,1620,318,22:16:56,80216.42,7048.25,40,15,2026-08-28T17:51:53.140Z
2198,Agnès LAVERGNE,F,32,20-34W,FR,Club Alpin Français Lyon/Villeurbanne,474,a,DNF,FALSE,1761,283,59,31:03:52,111832.25,8048.4,52,19,2026-08-28T17:50:28.100Z
2199,Raissa DIAS DE OLIVEIRA,F,35,35-39W,BR,Life Runners,433,f,Finisher,TRUE,1507,232,64,44:27:09,160028.68,13600.78,200,26,2026-08-28T17:49:45.830Z
2200,Guillaume AUDEBERT,H,45,45-49M,FR,Fartleck,474,f,Finisher,TRUE,1611,1359,264,45:10:10,162610.3,16330.82,200,26,2026-08-28T17:49:33.080Z
2201,Dakun SHI,H,40,40-44M,CN,NA,473,f,Finisher,TRUE,1182,1012,247,41:48:32,150511.32,8636.61,200,26,2026-08-28T17:51:51.720Z
2202,Xiuyan HU,F,40,40-44W,CN,NA,473,hd,DNF,FALSE,1687,269,48,44:09:10,158949.435,6361.319999999999,82,25,2026-08-28T17:51:45.600Z
2203,Yusuke HAKODA,H,55,55-59M,JP,RTRT,473,f,Finisher,TRUE,1532,1297,61,44:40:25,160825.5,12760.71,200,26,2026-08-28T17:52:00.180Z
2204,Sean KELLY,H,49,45-49M,IE,NA,473,hd,DNF,FALSE,1987,1655,317,23:28:23,83557.57,4631.64,40,15,2026-08-28T17:52:25.860Z
2205,Chao DI,H,48,45-49M,CN,Shanghai Zizhu Running Club,475,f,Finisher,TRUE,1372,1164,223,43:26:34,156394.41,14722.199999999999,200,26,2026-08-28T17:52:32.190Z
2206,Yutthana SIRISOMBAT,H,47,45-49M,TH,NA,519,f,Finisher,TRUE,1592,1346,260,45:06:00,162360.36,10796.710000000001,200,26,2026-08-28T17:52:46.470Z
2207,Steve CHIA,H,56,55-59M,SG,Singapore,473,a,DNF,FALSE,2133,1775,118,16:05:05,57905.17,1247.97,28,11,2026-08-28T17:51:38.660Z
2208,Julien HEBERT,H,42,40-44M,FR,MBDA Sport Athlétisme,472,f,Finisher,TRUE,1555,1316,312,44:45:54,161153.48,18943.170000000002,200,26,2026-08-28T17:51:36.790Z
2209,Pablo MACHUCA JANINI,H,55,55-59M,ES,NA,474,f,Finisher,TRUE,1091,934,29,40:45:25,146725.18,9200.01,200,26,2026-08-28T17:51:40.350Z
2211,Naoto ASOU,H,38,35-39M,JP,NA,527,f,Finisher,TRUE,1213,1036,202,42:02:13,151332.74,13835.64,200,26,2026-08-28T17:52:09.960Z
2212,Cédric THENON,H,53,50-54M,FR,Le sanglier bressan,472,f,Finisher,TRUE,1380,1169,125,43:29:36,156575.49,15298.309999999998,200,26,2026-08-28T17:52:29.570Z
2213,Jocelyne AMAR DELAPIERRE,F,63,60-64W,FR,UOAT,471,f,Finisher,TRUE,1603,249,6,45:07:13,162432.71,15791.92,200,26,2026-08-28T17:49:39.540Z
2214,Matjaz CAMPA,H,64,60-64M,SI,NA,471,f,Finisher,TRUE,1023,876,8,39:48:45,143325,6190.710000000001,200,26,2026-08-28T17:49:31.190Z
2215,Nicolas SOCQUET,H,53,50-54M,FR,NA,472,f,Finisher,TRUE,1547,1309,154,44:43:54,161033.91,14115.029999999999,200,26,2026-08-28T17:51:33.200Z
2216,Yusei YOKOYAMA,H,51,50-54M,JP,NA,472,f,Finisher,TRUE,1595,1349,161,45:06:20,162380.1,17653.33,200,26,2026-08-28T17:49:05.780Z
2217,Jiwon KIM,F,41,40-44W,KR,NA,470,f,Finisher,TRUE,1620,256,46,45:15:50,162949.7,13470.25,200,26,2026-08-28T17:51:35.310Z
2218,Freddy GUILLET,H,54,50-54M,FR,NA,472,a,DNF,FALSE,2368,1962,252,05:59:48,20181.19,1406.63,10,3,2026-08-28T17:52:19.910Z
2219,Vojtech JEZEK,H,63,60-64M,CZ,NA,471,a,DNF,FALSE,2353,1950,48,05:22:38,19002.24,356.1,10,3,2026-08-28T17:52:34.280Z
2220,Hirotaka YAMASHITA,H,56,55-59M,JP,NA,471,hd,DNF,FALSE,1882,1570,91,27:53:54,99284.84,7593.57,48,17,2026-08-28T17:49:25.720Z
2221,Benoît MOUNIER,H,40,40-44M,FR,MSN73,471,f,Finisher,TRUE,1553,1314,310,44:45:34,161133.56,13891.630000000001,200,26,2026-08-28T17:50:46.920Z
2222,Stuart REAY,H,54,50-54M,GB,Derwent Valley Running Club,446,f,Finisher,TRUE,1440,1220,137,43:56:15,158175.3,17804.1,200,26,2026-08-28T17:50:22.380Z
2223,Etsuko SUGATA,F,61,60-64W,JP,NA,471,hd,DNF,FALSE,2007,334,9,23:41:18,85278.63,4761.35,40,15,2026-08-28T17:50:19.120Z
2224,Cheng CHEN,H,62,60-64M,CN,Fudan MBA outdoor,470,hd,DNF,FALSE,1991,1659,32,23:30:26,83683.13,3075.5299999999997,40,15,2026-08-28T17:51:43.630Z
2225,Chiaki OTA,F,33,20-34W,JP,NA,470,f,Finisher,TRUE,1545,237,52,44:42:46,160965.83,12217.289999999999,200,26,2026-08-28T17:50:32.460Z
2226,Joerg HANEL,H,57,55-59M,DE,NA,470,f,Finisher,TRUE,1172,1002,37,41:38:33,149912.92,12201.07,200,26,2026-08-28T17:50:50.290Z
2227,Brijmohan SHARMA,H,52,50-54M,IN,TEAM BREEZE,470,hd,DNF,FALSE,2099,1748,209,19:21:28,69688.053,961.5699999999999,30,11,2026-08-28T17:50:16.310Z
2228,Lei WANG,H,46,45-49M,CN,LongYuanTriClub,470,f,Finisher,TRUE,1535,1300,253,44:41:00,160859.83,18335.980000000003,200,26,2026-08-28T17:52:57.810Z
2229,Kim SAROEUN,H,54,50-54M,KH,KK Running Club,470,hd,DNF,FALSE,2231,1851,232,15:09:10,54550.341,501.29,22,8,2026-08-28T17:52:26.060Z
2230,Luca VOLPE,H,32,20-34M,IT,asd 4 stormo,469,f,Finisher,TRUE,1671,1407,278,45:33:14,163993.93,9632.430000000002,200,26,2026-08-28T17:49:09.220Z
2231,Victor YAU,H,31,20-34M,HK,NA,470,a,DNF,FALSE,1903,1583,308,25:52:35,93134.13,3565.6399999999994,44,16,2026-08-28T17:50:43.870Z
2232,Rita PASSOS,F,43,40-44W,PT,NA,470,f,Finisher,TRUE,1334,202,36,43:07:05,155224.28,10971.14,200,26,2026-08-28T17:52:18.960Z
2233,Valentin VON MATT,H,26,20-34M,CH,NA,470,a,DNF,FALSE,2166,1804,342,18:05:43,65142.99,1738.2199999999998,28,11,2026-08-28T17:51:48.800Z
2234,Magali PIONNEAU,F,40,40-44W,FR,ToursN'Aventure,470,f,Finisher,TRUE,1558,240,44,44:46:25,161185.08,10206.369999999999,200,26,2026-08-28T17:50:37.180Z
2235,Rong LIN,F,61,60-64W,CN,NA,469,f,Finisher,TRUE,1667,264,7,45:30:53,163852.65,4343.82,200,26,2026-08-28T17:50:49.910Z
2236,Monica SAAVEDRA,F,44,40-44W,US,NA,469,f,Finisher,TRUE,1376,210,39,43:28:00,156479.91,12092.66,200,26,2026-08-28T17:50:41.640Z
2237,Sam JONES,H,42,40-44M,GB,NA,469,f,Finisher,TRUE,885,754,182,38:33:58,138838.31,15198.579999999998,200,25,2026-08-28T17:51:05.070Z
2238,Paul SCOTT,H,53,50-54M,GB,NA,469,f,Finisher,TRUE,1358,1153,122,43:18:49,155928.71,13061.28,200,26,2026-08-28T17:50:17.550Z
2239,Jean-Louis BOUVIER,H,71,70-74M,FR,HAUT GIFFRE TRAIL TEAM,469,f,Finisher,TRUE,1649,1390,2,45:25:28,163528.01,12802.900000000001,200,26,2026-08-28T17:49:33.060Z
2240,Luís Matheus SILVA,H,49,45-49M,BR,UPFIT TRAIL,469,a,DNF,FALSE,2227,1848,342,14:34:44,52484.04,997.05,22,8,2026-08-28T17:51:56.680Z
2241,Hanseul SHIN,F,33,20-34W,KR,NA,469,a,DNF,FALSE,2055,343,68,20:00:50,69999.8,6551.389999999999,36,13,2026-08-28T17:51:59.200Z
2242,Chi Chung CHAN,H,51,50-54M,HK,NA,469,f,Finisher,TRUE,1640,1382,167,45:22:45,163365.5,10374.710000000001,200,26,2026-08-28T17:52:39.260Z
2243,Roderick SALIH,H,52,50-54M,PH,Bar R Camp/Altra Team,467,f,Finisher,TRUE,1337,1134,115,43:08:53,155333.02,10331.57,200,26,2026-08-28T17:49:12.560Z
2244,Andrzej ULATOWSKI,H,55,55-59M,PL,ultraway.pl Wojtek Kotarba,469,a,DNF,FALSE,2039,1700,108,23:17:11,82069.82,3187.2,38,14,2026-08-28T17:52:44.180Z
2245,Nanae SUDA,F,52,50-54W,JP,NA,489,f,Finisher,TRUE,1598,247,31,45:06:34,162394,17541.19,200,26,2026-08-28T17:52:11.870Z
2246,Ruben BROUWER,H,42,40-44M,NL,Geneva Run Club,469,f,Finisher,TRUE,1479,1252,296,44:16:45,159404.82,13258.199999999999,200,26,2026-08-28T17:52:46.630Z
2247,Marc BEBIC,H,45,45-49M,FR,NA,469,a,DNF,FALSE,1961,1631,311,22:50:23,82223.62,4991.26,40,15,2026-08-28T17:52:14.300Z
2248,Eric LE BOURLAY,H,52,50-54M,FR,Vedas Endurance,475,a,DNF,FALSE,2222,1843,230,13:26:39,48399.16,2740.23,22,8,2026-08-28T17:49:18.490Z
2249,Roland HOCHMANN,H,55,55-59M,AT,NA,468,a,DNF,FALSE,2282,1894,135,10:38:22,37427.97,1537.74,16,6,2026-08-28T17:49:31.890Z
2250,Pascaline JOLY,F,56,55-59W,FR,NA,468,f,Finisher,TRUE,1646,259,15,45:24:48,163487.78,16336.369999999999,200,26,2026-08-28T17:49:30.560Z
2251,Liam SCOTT,H,38,35-39M,GB,NA,468,f,Finisher,TRUE,1626,1369,257,45:17:45,163064.94,7630.299999999999,200,26,2026-08-28T17:49:33.070Z
2252,Christian MARINO,H,45,45-49M,US,NA,468,np,Other,FALSE,NA,NA,NA,00:00:00,0,NA,NA,0,2026-08-28T17:48:12.000Z
2253,Kai Ho Howard Marvin NG,H,47,45-49M,HK,NA,468,a,DNF,FALSE,1801,1506,287,31:23:45,113024.78,10319.24,51,18,2026-08-28T17:51:29.440Z
2254,Toru MASUYAMA,H,46,45-49M,JP,HK Sankaikei,468,hd,DNF,FALSE,2001,1669,321,23:36:48,85008.769,3727.99,40,15,2026-08-28T17:50:41.210Z
2255,Tom KUBICZ,H,48,45-49M,US,NA,468,f,Finisher,TRUE,459,384,46,33:05:39,119138.74,4876.89,200,24,2026-08-28T17:50:08.380Z
2256,Veronika SEEBERGER,F,38,35-39W,DE,NA,468,f,Finisher,TRUE,906,133,44,38:43:00,139379.91,8902.02,200,26,2026-08-28T17:50:00.580Z
2257,Ulysse DJINDEREDJIAN GABRIELLE,H,22,20-34M,FR,Ochsner sport,467,f,Finisher,TRUE,1602,1354,271,45:07:04,162423.93,10848.99,200,26,2026-08-28T17:52:10.700Z
2258,Toby DURNALL,H,54,50-54M,GB,Inspire Action,467,f,Finisher,TRUE,1102,941,79,40:51:51,147111.56,14760.009999999998,200,26,2026-08-28T17:49:50.400Z
2259,Benoit JACQUEMIN,H,45,45-49M,FR,NA,467,f,Finisher,TRUE,1506,1275,249,44:26:21,159981.17,11224.630000000001,200,26,2026-08-28T17:52:30.050Z
2260,Daniel LODER,H,51,50-54M,US,Tower 26,466,f,Finisher,TRUE,1252,1070,100,42:22:09,152528.4,13736.32,200,26,2026-08-28T17:51:52.960Z
2261,Alistair GURNEY,H,44,40-44M,GB,NA,466,np,Other,FALSE,NA,NA,NA,00:00:00,0,NA,NA,0,2026-08-28T17:48:12.000Z
2262,Antonio NOGUEIRA,H,54,50-54M,FR,USB,466,f,Finisher,TRUE,1496,1266,144,44:22:53,159772.52,15949.900000000001,200,26,2026-08-28T17:52:13.840Z
2263,Félix HIVERT,H,68,65-69M,FR,ACPA,465,hd,DNF,FALSE,1995,1663,10,23:32:18,84738,4767.52,40,15,2026-08-28T17:51:11.200Z
2264,Yunguo XIAO,H,47,45-49M,US,NA,465,a,DNF,FALSE,1728,1451,279,36:35:39,131640.1,9110.76,58,21,2026-08-28T17:52:28.200Z
2265,David MACHMUD,H,55,55-59M,ID,Bali Trail Running,465,hd,DNF,FALSE,1779,1491,85,33:08:02,119282.082,13336.652,52,19,2026-08-28T17:50:43.400Z
2266,Indah JUNITA,F,40,40-44W,ID,TRC Indonesia,465,a,DNF,FALSE,1803,296,55,31:42:37,114156.65,2522.8199999999997,51,18,2026-08-28T17:50:28.700Z
2267,Monika CROUSE,F,49,45-49W,GB,NA,464,a,DNF,FALSE,2054,342,45,19:58:49,71929,3695.39,36,13,2026-08-28T17:51:01.000Z
2268,Stephane LUCAS,H,53,50-54M,FR,Galoupaden Montreuil le Gast,464,a,DNF,FALSE,1963,1633,192,22:56:25,77589.45,10368.98,40,15,2026-08-28T17:52:25.820Z
2269,Jean-Christel TRABAREL,H,51,50-54M,FR,NA,464,f,Finisher,TRUE,1386,1175,127,43:31:44,156703.98,10475.52,200,26,2026-08-28T17:52:45.280Z
2270,Evaristo Javier DOMINGUEZ,H,57,55-59M,ES,EXPRESO RUNNERS,466,f,Finisher,TRUE,1613,1361,68,45:11:00,162660.19,10690.990000000002,200,26,2026-08-28T17:49:59.270Z
2271,Jean Vincent FLORY,H,46,45-49M,FR,jogging laverune,464,f,Finisher,TRUE,1210,1033,195,42:01:45,151304.06,11084.43,200,26,2026-08-28T17:50:57.990Z
2272,Raphael DINAUT,H,48,45-49M,FR,Coach Sport Santé,464,hd,DNF,FALSE,2013,1678,323,23:45:52,85552.34,7971.73,40,15,2026-08-28T17:51:45.380Z
2273,Aleksis CAPILI,H,49,45-49M,PH,Hoka Philippines / Coros Philippines,464,f,Finisher,TRUE,1421,1205,234,43:46:28,157587.74,5638.41,200,26,2026-08-28T17:48:55.630Z
2274,Zhongqi YANG,H,41,40-44M,CN,NA,464,f,Finisher,TRUE,1470,1244,294,44:15:06,159305.77,17350.62,200,26,2026-08-28T17:50:56.840Z
2275,Xavier DUPONT,H,35,35-39M,FR,NA,463,f,Finisher,TRUE,1426,1208,231,43:48:57,157736.38,16228.740000000002,200,26,2026-08-28T17:49:27.850Z
2276,Mutita JUNIN,F,39,35-39W,TH,NA,477,f,Finisher,TRUE,1551,239,66,44:44:56,161095.32,9468.640000000001,200,26,2026-08-28T17:50:13.700Z
2277,Gregory NOWAK,H,54,50-54M,FR,NA,464,a,DNF,FALSE,1944,1618,189,22:14:54,80093.63,6292.04,40,15,2026-08-28T17:51:29.440Z
2278,Aurélie CASTILLO GARCIN,F,49,45-49W,FR,CMBM,462,a,DNF,FALSE,2070,349,46,17:51:35,64294.93,7029.9400000000005,30,12,2026-08-28T17:50:52.820Z
2279,Patrice ALVERNHES,H,59,55-59M,FR,VEDAS ENDURANCE,463,f,Finisher,TRUE,1265,1081,44,42:31:22,153082.21,11451.769999999999,200,26,2026-08-28T17:51:50.600Z
2280,Thomas CROISIER,H,52,50-54M,FR,NA,462,f,Finisher,TRUE,1287,1097,108,42:44:08,153847.91,12468.83,200,26,2026-08-28T17:49:26.730Z
2281,Jonathan DEXTERS,H,43,40-44M,BE,NA,462,a,DNF,FALSE,2156,1794,398,17:33:21,63200.23,1743.9299999999998,28,11,2026-08-28T17:50:55.880Z
2282,Maximilian HIRSCH,H,34,20-34M,DE,NA,622,f,Finisher,TRUE,493,417,134,33:43:22,121401.99,9468.24,200,26,2026-08-28T17:51:51.720Z
2283,Antoine PALAVIOUX,H,48,45-49M,FR,BCV,463,f,Finisher,TRUE,1316,1119,214,42:59:19,154758.45,15290.24,200,26,2026-08-28T17:49:53.590Z
2284,Mark STONE,H,56,55-59M,AU,NA,463,hd,DNF,FALSE,2397,1981,146,04:33:22,16402.169,NA,6,2,2026-08-28T17:51:32.450Z
2285,Cornel METCALFE,F,51,50-54W,ZA,FRC,463,f,Finisher,TRUE,1616,254,32,45:13:59,162838.71,10485.88,200,26,2026-08-28T17:51:35.340Z
2286,Hideo SUGAWARA,H,52,50-54M,JP,Ossankai Athlete Club,463,a,DNF,FALSE,1806,1508,180,31:44:47,114286.51,6828.719999999999,51,18,2026-08-28T17:50:12.980Z
2287,Justine THIEBAUT,F,32,20-34W,FR,NA,463,f,Finisher,TRUE,1126,165,42,41:03:32,147812.86,7886.5,200,26,2026-08-28T17:49:22.030Z
2288,Valérie GESTAS,F,49,45-49W,FR,NA,462,f,Finisher,TRUE,1622,257,35,45:16:36,162996.05,11452.63,200,26,2026-08-28T17:48:56.550Z
2289,Ron BESTER,H,54,50-54M,AU,Trails & Ales Bright,462,a,DNF,FALSE,2280,1892,240,10:25:25,37511.95,463.66,16,6,2026-08-28T17:49:19.170Z
2290,Hongming SHEN,H,59,55-59M,CN,NA,462,a,DNF,FALSE,1975,1643,100,23:12:32,83552.33,3479.78,40,15,2026-08-28T17:50:15.330Z
2291,See Man CHAN,F,45,45-49W,HK,NA,462,f,Finisher,TRUE,1610,252,34,45:09:07,162547.4,9267.470000000001,200,26,2026-08-28T17:50:42.030Z
2292,Peter MACUH,H,65,65-69M,SI,Team Grmada,462,hd,DNF,FALSE,1884,1572,6,28:00:21,100821.3,3192.21,48,17,2026-08-28T17:49:24.050Z
2293,Marcin BIAŁEK,H,43,40-44M,PL,Bielawska Akademia Biegania ,462,a,DNF,FALSE,2094,1743,390,18:22:40,66159.93,2736.6400000000003,30,11,2026-08-28T17:52:46.480Z
2294,Géraldine JUGE,F,39,35-39W,CH,NA,462,a,DNF,FALSE,2228,380,95,14:40:53,52852.45,2399.31,22,8,2026-08-28T17:50:10.980Z
2295,Hui WANG,F,57,55-59W,CN,NA,462,np,Other,FALSE,NA,NA,NA,00:00:00,0,NA,NA,0,2026-08-28T17:48:12.000Z
2296,Mikito FUJIMOTO,H,51,50-54M,JP,TRIACTIVE,462,f,Finisher,TRUE,1255,1073,102,42:23:19,152598.48,13437.720000000003,200,25,2026-08-28T17:51:08.950Z
2297,Tomas HYNEK,H,47,45-49M,CZ,NA,462,f,Finisher,TRUE,1039,890,153,40:07:37,144457.4,15810.269999999999,200,26,2026-08-28T17:51:14.400Z
2298,Boon Kok WONG,H,52,50-54M,SG,Na,461,f,Finisher,TRUE,1638,1380,166,45:22:39,163358.67,10347.35,200,26,2026-08-28T17:50:43.640Z
2299,Atsushi OGINO,H,51,50-54M,JP,NA,461,f,Finisher,TRUE,1162,993,89,41:33:46,149626.49,11799.660000000002,200,26,2026-08-28T17:51:19.380Z
2300,Jimmy VANDIERENDONCK,H,45,45-49M,BE,NA,461,f,Finisher,TRUE,1657,1396,268,45:28:15,163695.67,8449.12,200,26,2026-08-28T17:51:37.220Z
2301,Franck MAILLOTTE,H,54,50-54M,FR,NA,461,f,Finisher,TRUE,1429,1211,132,43:51:12,157871.56,14535.670000000002,200,26,2026-08-28T17:51:04.830Z
2302,Xiuxia ZHAN,F,53,50-54W,CN,NA,461,a,DNF,FALSE,2312,394,45,12:12:06,43926.32,320.9,16,6,2026-08-28T17:51:30.310Z
2303,Aleksandar GULEVSKI,H,42,40-44M,MK,NA,461,f,Finisher,TRUE,1579,1336,317,44:58:38,161917.94,6356.03,200,26,2026-08-28T17:51:28.520Z
2304,Thomas DENIS,H,50,50-54M,FR,NA,461,f,Finisher,TRUE,1557,1318,155,44:46:23,161182.91,8966.76,200,26,2026-08-28T17:50:36.940Z
2305,Sebastien THELIN,H,50,50-54M,FR,NA,462,f,Finisher,TRUE,1504,1273,147,44:25:17,159916.66,10607.83,200,26,2026-08-28T17:50:01.950Z
2306,Jacques CANON,H,65,65-69M,FR,Billère Athletic Triathlon,460,a,DNF,FALSE,1899,1580,8,25:33:49,92028.26,3453.94,44,16,2026-08-28T17:48:59.740Z
2307,Moisés CARMONA TORRES,H,48,45-49M,BR,Carmona,460,f,Finisher,TRUE,1142,976,180,41:16:10,148570.38,12609.880000000001,200,26,2026-08-28T17:49:28.270Z
2308,Martin MARTINOV,H,42,40-44M,BG,NA,460,f,Finisher,TRUE,1229,1049,257,42:08:08,151688.31,3655.8,200,26,2026-08-28T17:52:02.250Z
2309,Ihor STRATAN,H,40,40-44M,US,NA,460,f,Finisher,TRUE,1130,965,239,41:07:12,148032.69,16284.289999999997,200,26,2026-08-28T17:49:57.070Z
2310,Sarah LEMMON-WARDE,F,23,20-34W,AU,NA,460,f,Finisher,TRUE,1363,208,48,43:21:29,156089.18,13355.300000000001,200,26,2026-08-28T17:51:33.340Z
2311,Teresa BROUWER,F,53,50-54W,NL,NA,460,hd,DNF,FALSE,2010,335,43,23:43:56,85436.11,2628.82,40,15,2026-08-28T17:52:23.530Z
2312,Tammy NG,F,41,40-44W,HK,NA,460,hd,DNF,FALSE,1688,270,49,44:45:26,161125.571,10111.18,82,25,2026-08-28T17:50:34.910Z
2313,Nicolas DIES,H,41,40-44M,AR,Osky Tello,459,f,Finisher,TRUE,770,659,160,37:29:17,134957.02,11352.029999999999,200,26,2026-08-28T17:49:28.920Z
2314,Jose Angel CIFRE SOSPEDRA,H,48,45-49M,ES,CM Volta al terme Fondeguilla,459,f,Finisher,TRUE,1388,1177,227,43:33:15,156795.08,10966.3,200,26,2026-08-28T17:50:31.180Z
2315,Richard THOMPSON,H,58,55-59M,GB,NA,458,a,DNF,FALSE,1949,1623,96,22:29:26,80965.92,4547.74,40,15,2026-08-28T17:51:36.570Z
2316,Mark CRAVEN,H,38,35-39M,GB,Winchester Running Club,458,f,Finisher,TRUE,1015,868,188,39:44:17,143056.46,8140.8099999999995,200,26,2026-08-28T17:50:45.710Z
2317,Hung On CHENG,H,53,50-54M,HK,Pro Running Club,458,f,Finisher,TRUE,1434,1215,134,43:53:23,158003.23,12379.119999999999,200,26,2026-08-28T17:49:44.190Z
2318,Laurent DUSSEAU,H,50,50-54M,FR,Athlétique Club Reolais,458,f,Finisher,TRUE,1210,1033,94,42:01:45,151305.39,10603.75,200,26,2026-08-28T17:48:58.480Z
2319,Cédric MEGRI,H,43,40-44M,FR,Débilos,457,f,Finisher,TRUE,920,786,193,38:47:24,139644.47,21277.48,200,26,2026-08-28T17:51:00.250Z
2320,Etienne HARQUEVAUX,H,37,35-39M,FR,NA,457,hd,DNF,FALSE,1993,1661,306,23:31:50,83729.15,6909.25,40,15,2026-08-28T17:50:25.820Z
2321,Joshua DUVALL,H,41,40-44M,US,None,457,hd,DNF,FALSE,1764,1481,343,31:28:49,113328.54,12220.539999999999,52,19,2026-08-28T17:52:21.820Z
2322,Laurent POISBLAUD,H,55,55-59M,FR,NA,457,a,DNF,FALSE,1729,1452,78,36:38:52,131931.73,7052.19,58,21,2026-08-28T17:52:19.720Z
2323,Masao KODA,H,60,60-64M,JP,TOMO's pit,457,hd,DNF,FALSE,2184,1817,39,18:59:30,68369.92,796.8199999999999,28,11,2026-08-28T17:50:16.430Z
2324,Chunghyun LEE,H,36,35-39M,KR,Korea,457,hd,DNF,FALSE,2292,1903,340,11:22:49,40779.42,600.17,16,6,2026-08-28T17:49:44.960Z
2325,Philippe PREVOST,H,62,60-64M,FR,PELOUSEY COURT TOUT DOUBS,456,f,Finisher,TRUE,1444,1224,15,43:57:24,158243.87,20276.32,200,26,2026-08-28T17:49:29.610Z
2326,Aurélien OKONSKI,H,39,35-39M,FR,Les Escargots du Vexin,453,a,DNF,FALSE,2048,1708,310,23:21:09,83010.81,4548.43,38,14,2026-08-28T17:51:11.190Z
2327,Pierrick BES,H,47,45-49M,FR,NA,456,hd,DNF,FALSE,1981,1649,314,23:20:00,84000.08,3996.13,40,15,2026-08-28T17:52:05.280Z
2328,Thomas RUCHTI,H,55,55-59M,CH,TV Interlaken,456,f,Finisher,TRUE,1051,901,26,40:17:16,145036.53,14370.15,200,26,2026-08-28T17:52:57.250Z
2329,Romain BRUYERE,H,45,45-49M,FR,NA,461,f,Finisher,TRUE,1679,1412,271,45:38:49,164328.99,13195.079999999998,200,26,2026-08-28T17:51:14.120Z
2330,Lu Chung CHIANG,H,58,55-59M,TW,NA,456,a,DNF,FALSE,2057,1714,111,20:26:51,71601.84,5515.12,36,13,2026-08-28T17:50:53.160Z
2331,Xiangwei KONG,H,52,50-54M,CN,NA,456,hd,DNF,FALSE,2378,1969,254,06:04:32,20517.35,1354.95,10,3,2026-08-28T17:52:57.000Z
2332,Andrés BALADO SÁNCHEZ,H,50,50-54M,ES,Goimazpe/Goikogane,456,f,Finisher,TRUE,1283,1094,107,42:41:29,153689.17,10759.69,200,26,2026-08-28T17:50:30.140Z
2333,Rui WANG,H,43,40-44M,CN,NA,468,hd,DNF,FALSE,1994,1662,376,23:31:56,84715.91,2225.22,40,15,2026-08-28T17:52:53.150Z
2334,Aoi KONDO,F,29,20-34W,JP,NA,456,f,Finisher,TRUE,1488,229,51,44:20:27,159627.87,13780.21,200,26,2026-08-28T17:50:55.090Z
2335,Antonio FUSTO,H,42,40-44M,IT,LBM Sport Roma,456,f,Finisher,TRUE,1219,1041,255,42:03:18,151398.09,9854.44,200,26,2026-08-28T17:51:40.580Z
2336,Jérôme DOUCHÉ,H,44,40-44M,FR,NA,455,f,Finisher,TRUE,1355,1150,276,43:17:55,155875.58,11472.720000000001,200,26,2026-08-28T17:50:17.320Z
2337,Yoko KITAMURA,F,59,55-59W,JP,+819029771837,455,hd,DNF,FALSE,2171,363,23,18:25:56,66355.67,1438.76,28,11,2026-08-28T17:51:19.620Z
2338,Ka Yan HO,F,35,35-39W,HK,NA,455,a,DNF,FALSE,2132,358,91,16:03:49,57828.49,892.13,28,11,2026-08-28T17:50:41.860Z
2339,Arnaud ROUSE,H,50,50-54M,FR,NONOTRAIL,455,hd,DNF,FALSE,2012,1677,200,23:44:54,85493.89,2718.33,40,15,2026-08-28T17:52:39.220Z
2340,Huigu SON,H,35,35-39M,KP,NA,455,np,Other,FALSE,NA,NA,NA,00:00:00,0,NA,NA,0,2026-08-28T17:48:12.000Z
2341,Florence SANTROT,F,48,45-49W,FR,-,455,hd,DNF,FALSE,2390,413,61,04:13:01,15180.53,NA,6,2,2026-08-28T17:50:15.940Z
2342,Thierry GRELLIER,H,54,50-54M,FR,NA,454,f,Finisher,TRUE,1136,971,83,41:10:26,148225.84,19257.58,200,26,2026-08-28T17:50:23.160Z
2343,Véronique L'HÔTE,F,51,50-54W,FR,OCTRAIL,455,f,Finisher,TRUE,1098,160,16,40:49:08,146948.62,10213.300000000001,200,26,2026-08-28T17:49:49.240Z
2344,Franck GUTH,H,56,55-59M,FR,NA,455,f,Finisher,TRUE,1393,1181,52,43:35:14,156914.05,14756.169999999998,200,26,2026-08-28T17:52:49.170Z
2345,Michiko SHIBATA,F,55,55-59W,JP,Tomo’spit,454,a,DNF,FALSE,2046,340,21,23:20:26,83609.76,4974.7,38,14,2026-08-28T17:50:21.240Z
2346,Emma ZHAO,F,26,20-34W,US,NA,454,a,DNF,FALSE,2366,406,73,05:58:12,19776,1716.42,10,3,2026-08-28T17:49:22.180Z
2347,Ming ZHAO,H,48,45-49M,CN,CRIT,454,a,DNF,FALSE,1866,1554,298,26:34:07,95499.45,3376.77,48,17,2026-08-28T17:50:53.740Z
2348,Denes VILELA,H,47,45-49M,BR,UpfiTrail,454,f,Finisher,TRUE,1569,1326,259,44:54:07,161647.53,11567.14,200,26,2026-08-28T17:51:57.320Z
2349,Vidur PALIWAL,H,33,20-34M,IN,Wild Trail Manchester,454,f,Finisher,TRUE,1594,1348,269,45:06:19,162378.57,10001.33,200,26,2026-08-28T17:51:24.600Z
2350,Séverine DA COSTA,F,38,35-39W,FR,NA,454,f,Finisher,TRUE,1360,206,60,43:19:53,155992.62,7309.6500000000005,200,26,2026-08-28T17:49:46.460Z
2351,Lee WELLS,H,50,50-54M,GB,NA,453,f,Finisher,TRUE,1431,1213,133,43:51:56,157915.83,11856.800000000001,200,26,2026-08-28T17:52:14.830Z
2352,Etienne PALMESANI,H,63,60-64M,FR,RESTONICA TRAIL,453,a,DNF,FALSE,2369,1963,49,06:00:32,21632.45,NA,10,3,2026-08-28T17:49:42.400Z
2353,Donald VIEL,H,50,50-54M,CA,NA,452,a,DNF,FALSE,1978,1646,194,23:14:44,83683.47,5246.1,40,15,2026-08-28T17:51:27.990Z
2354,Antti TERÄVÄ,H,47,45-49M,FI,NA,453,a,DNF,FALSE,2135,1776,336,16:16:22,58581.83,1378.95,28,11,2026-08-28T17:50:29.760Z
2355,Eric LORPHÈVRE,H,55,55-59M,BE,NA,453,hd,DNF,FALSE,2018,1681,103,23:59:11,86351.49,688.93,40,14,2026-08-28T17:51:36.500Z
2356,Ngoc Song HOANG,H,43,40-44M,VN,Vinhomes Running Club,453,f,Finisher,TRUE,1668,1404,327,45:31:00,163859.65,10914.61,200,26,2026-08-28T17:52:12.530Z
2357,John TEEPLES,H,63,60-64M,US,NA,452,a,DNF,FALSE,1868,1556,25,26:52:27,96747.89,4713.88,48,17,2026-08-28T17:49:40.000Z
2358,Tony M H WONG,H,61,60-64M,HK,The Peak Hunter,452,hd,DNF,FALSE,1999,1667,33,23:35:44,84944.53,6092.43,40,15,2026-08-28T17:52:54.370Z
2360,Chris PANNEK,H,42,40-44M,US,NA,452,a,DNF,FALSE,2082,1731,388,18:22:34,66153.88,4522.68,30,12,2026-08-28T17:51:25.350Z
2361,Junghyun CHA,H,46,45-49M,KR,ROKA,452,f,Finisher,TRUE,1531,1296,252,44:39:53,160793,12842.18,200,26,2026-08-28T17:52:51.980Z
2362,Emmanuel NICLAUS,H,55,55-59M,FR,Meteor’s Gones,452,f,Finisher,TRUE,1593,1347,67,45:06:11,162370.92,10599.09,200,26,2026-08-28T17:50:53.160Z
2363,Seonyong HWANG,H,63,60-64M,KR,gyeonggi northern branch,452,hd,DNF,FALSE,1880,1568,28,27:53:02,99182.53,8389.220000000001,48,17,2026-08-28T17:51:32.720Z
2364,Jose Maria LUNA,H,46,45-49M,AR,NA,452,f,Finisher,TRUE,1280,1092,209,42:38:50,153530.79,17172.52,200,26,2026-08-28T17:49:40.180Z
2365,David BASTIN,H,40,40-44M,FR,NA,451,f,Finisher,TRUE,780,667,162,37:34:25,135265.39,8939.79,200,26,2026-08-28T17:50:32.220Z
2366,Tatsuro AOYAMA,H,54,50-54M,JP,NA,451,a,DNF,FALSE,2145,1785,216,17:00:31,61230.9,2071.8,28,11,2026-08-28T17:50:43.640Z
2367,Philippe GOY,H,48,45-49M,FR,CORCY ENDURANCE,451,f,Finisher,TRUE,1395,1183,228,43:35:55,156955.13,16283.32,200,26,2026-08-28T17:50:38.360Z
2368,Doug POW,H,60,60-64M,GB,NA,451,a,DNF,FALSE,2147,1786,38,17:03:07,61387.36,683.35,28,11,2026-08-28T17:51:59.200Z
2369,Aurélie PAULIN,F,45,45-49W,FR,DSA PONTARLIER,507,f,Finisher,TRUE,1655,261,36,45:27:41,163660.76,8466.140000000001,200,26,2026-08-28T17:49:43.630Z
2370,Scott BUCHAN,H,56,55-59M,US,NA,450,a,DNF,FALSE,1799,1504,86,30:23:17,109396.71,5762.99,51,18,2026-08-28T17:50:06.830Z
2371,Marc FLEURY,H,55,55-59M,FR,ACS SANTENY,450,f,Finisher,TRUE,1163,994,36,41:34:56,149695.42,9342.52,200,26,2026-08-28T17:52:35.870Z
2372,Léonard CHAPATTE,H,42,40-44M,CH,NA,450,f,Finisher,TRUE,1529,1294,305,44:39:25,160765.22,15928.050000000001,200,26,2026-08-28T17:50:38.370Z
2373,Sébastien BERNE,H,55,55-59M,FR,Running club Elusate,448,a,DNF,FALSE,2359,1955,142,05:32:21,19211.48,729.88,10,3,2026-08-28T17:49:36.300Z
2374,Jean-Philippe DEVAUX,H,55,55-59M,FR,NA,450,f,Finisher,TRUE,1127,962,34,41:04:05,147845.02,11489.28,200,26,2026-08-28T17:52:59.370Z
2375,Lucas ESTEVEZ,H,50,50-54M,AR,DDRT,450,hd,DNF,FALSE,2098,1747,208,18:28:07,66486.98,3039.1499999999996,30,12,2026-08-28T17:49:11.600Z
2376,Olivier SALEH,H,50,50-54M,LB,NA,450,hd,DNF,FALSE,2188,1820,226,19:07:46,68866.45,3292.08,28,11,2026-08-28T17:49:10.400Z
2377,Davide RUZZA,H,54,50-54M,IT,UNITED TRAIL & RUNNING,450,f,Finisher,TRUE,1258,1074,103,42:25:55,152755.23,10237.300000000001,200,26,2026-08-28T17:50:53.130Z
2378,Shuyu GUO,F,40,40-44W,AU,NA,449,a,DNF,FALSE,2131,357,74,16:02:08,57728.38,2318.85,28,11,2026-08-28T17:50:27.220Z
2379,Bastien POTHIER,H,37,35-39M,FR,Kikourou,449,f,Finisher,TRUE,1416,1201,230,43:44:33,157473.5,15261.93,200,26,2026-08-28T17:52:47.300Z
2380,Martin STAHALA,H,52,50-54M,DE,Alpenrunners,449,np,Other,FALSE,NA,NA,NA,00:00:00,0,NA,NA,0,2026-08-28T17:48:12.000Z
2381,Hoang-Nam NGUYEN,H,60,60-64M,US,NA,448,hd,DNF,FALSE,2196,1826,40,17:43:10,63772.44,893.76,26,10,2026-08-28T17:51:11.560Z
2382,Yui Chung WOO,H,53,50-54M,HK,SaiYan.UTMB,449,f,Finisher,TRUE,1526,1291,152,44:35:11,160511.15,14265.839999999998,200,26,2026-08-28T17:52:39.090Z
2383,Pierre SCHRAMECK,H,48,45-49M,FR,Smokers,449,f,Finisher,TRUE,1336,1133,216,43:07:51,155270.97,12321.98,200,26,2026-08-28T17:52:14.590Z
2384,Sook Sian SHIA,F,46,45-49W,MY,NA,448,f,Finisher,TRUE,1546,238,31,44:43:44,161023.8,9557.029999999999,200,26,2026-08-28T17:51:01.370Z
2385,Anonymous,F,44,40-44W,AN,NA,NA,a,DNF,FALSE,1897,318,64,25:35:10,92109.38,6926.040000000001,44,16,2026-08-28T17:52:03.620Z
2386,Hui-Ping LEE,F,49,45-49W,TW,NA,448,hd,DNF,FALSE,2187,368,52,19:07:18,68838.65,1372.8,28,11,2026-08-28T17:51:11.340Z
2387,Darren LINDT,H,61,60-64M,HK,NA,448,a,DNF,FALSE,2290,1901,46,11:12:55,40375.04,553.5,16,6,2026-08-28T17:50:46.460Z
2388,Guido PIZZORNO,H,67,65-69M,IT,NA,448,f,Finisher,TRUE,1614,1362,3,45:12:27,162747.87,11378.949999999999,200,26,2026-08-28T17:50:46.000Z
2389,Stephane FULCONIS,H,58,55-59M,FR,NA,448,a,DNF,FALSE,2083,1732,114,18:21:35,66095.02,2295.1,30,12,2026-08-28T17:53:03.050Z
2390,Clara GRUFFAZ,F,26,20-34W,FR,NA,448,a,DNF,FALSE,1795,294,61,27:39:21,99561.49,5326.04,51,18,2026-08-28T17:50:26.390Z
2391,Jocelyn CORNICHE,H,56,55-59M,CH,NA,447,f,Finisher,TRUE,1081,925,28,40:41:32,146492.13,14955.43,200,25,2026-08-28T17:53:00.730Z
2392,Kyoko YAMAMOTO,F,43,40-44W,JP,NA,447,hd,DNF,FALSE,2003,333,66,23:37:16,85036.35,1816.58,40,15,2026-08-28T17:51:11.190Z
2393,Alexandre SADLER,H,53,50-54M,FR,Colomiers Running Club,447,f,Finisher,TRUE,1665,1402,171,45:30:49,163849.28,12046.980000000001,200,26,2026-08-28T17:49:39.340Z
2394,Luca DOTTI,H,40,40-44M,IT,NA,447,a,DNF,FALSE,2158,1796,399,17:43:39,63818.02,868.73,28,11,2026-08-28T17:52:27.990Z
2395,Ka Ming MAK,H,49,45-49M,HK,NA,447,f,Finisher,TRUE,1399,1186,229,43:37:40,157059.27,21090.440000000002,200,26,2026-08-28T17:52:18.960Z
2396,Fernando Manuel AFONSO FRANCO,H,54,50-54M,ES,MAFASCA TRAIL,447,f,Finisher,TRUE,1319,1121,114,43:00:26,154825.92,15365.300000000001,200,26,2026-08-28T17:51:48.100Z
2397,Gérald RIPOLL,H,53,50-54M,FR,montpezat source du sport nature,447,f,Finisher,TRUE,1346,1141,118,43:12:00,155520.21,17837.379999999997,200,26,2026-08-28T17:49:32.210Z
2398,Sabrina PACE-HUMPHREYS,F,48,45-49W,GB,Black Trail Runners,447,a,DNF,FALSE,1691,271,39,40:21:56,145315.87,9500.79,64,24,2026-08-28T17:49:17.510Z
2399,Jean BOUILLET,H,64,60-64M,FR,NA,446,np,Other,FALSE,NA,NA,NA,00:00:00,0,NA,NA,0,2026-08-28T17:48:12.000Z
2400,Uthaiwan KHUNOTHAI,F,55,55-59W,TH,NA,444,s,Other,FALSE,1776,288,17,31:36:12,113772.94,4175.2300000000005,52,19,2026-08-28T17:52:57.010Z
2401,Richard KOPEC,H,50,50-54M,US,NA,446,f,Finisher,TRUE,1382,1171,126,43:30:00,156599.66,8371,200,26,2026-08-28T17:50:40.510Z
2402,Jose Manuel RIVERA DIAZ,H,46,45-49M,PR,Los Rivera,446,f,Finisher,TRUE,1368,1160,221,43:23:34,156213.83,6547.83,200,26,2026-08-28T17:49:59.620Z
2403,Jasmin MALDENER,F,53,50-54W,DE,NA,445,f,Finisher,TRUE,1277,187,21,42:37:25,153444.8,18234.03,200,26,2026-08-28T17:51:29.850Z
2404,Clayton SHAPIRO,H,50,50-54M,US,NA,446,a,DNF,FALSE,2139,1779,213,16:34:53,59693.29,5652.88,28,11,2026-08-28T17:50:34.340Z
2405,Marco ROOBOL,H,40,40-44M,NL,Leiden Atletiek,444,a,DNF,FALSE,1690,1420,330,39:43:06,142986.03,10914.72,64,24,2026-08-28T17:51:12.750Z
2407,Yang ZHOU,H,41,40-44M,CN,NA,445,f,Finisher,TRUE,1191,1020,248,41:50:53,150652.55,13643.980000000001,200,26,2026-08-28T17:50:31.550Z
2408,Meixiu ZHANG,F,45,45-49W,CN,无,445,a,DNF,FALSE,2372,408,60,06:02:32,21751.17,NA,10,3,2026-08-28T17:50:31.970Z
2409,Rachan SUNGMEK,H,49,45-49M,TH,LolSurat 100 miles,452,f,Finisher,TRUE,1601,1353,262,45:07:02,162422.24,7695.510000000001,200,26,2026-08-28T17:51:47.250Z
2410,Yannick LEDUC,H,54,50-54M,FR,NA,444,a,DNF,FALSE,1802,1507,179,31:41:35,114094.91,6720.71,51,18,2026-08-28T17:50:10.340Z
2412,Hiroyuki KOBAYASHI,H,54,50-54M,JP,NA,444,hd,DNF,FALSE,2019,1682,201,24:00:24,86424.05,3869.3599999999997,40,15,2026-08-28T17:50:25.150Z
2413,Nicolas VAGO,H,54,50-54M,CH,-,444,f,Finisher,TRUE,1249,1067,99,42:19:40,152380.19,13139.38,200,26,2026-08-28T17:52:58.140Z
2414,Stanislaw KUTYLA,H,54,50-54M,PL,Niepolomice Biegaja,444,f,Finisher,TRUE,1339,1135,116,43:09:40,155379.7,15346.250000000002,200,26,2026-08-28T17:51:49.940Z
2415,Hiroyuki MURAKOSHI,H,56,55-59M,JP,NA,443,f,Finisher,TRUE,1641,1383,71,45:23:08,163387.82,18727.79,200,26,2026-08-28T17:52:03.400Z
2416,Fabien DALE,H,36,35-39M,FR,NA,496,f,Finisher,TRUE,1228,1048,204,42:08:06,151686,15425.39,200,26,2026-08-28T17:52:48.480Z
2417,Sylvain BRIOLAY,H,38,35-39M,FR,ULTRAMITCH,535,f,Finisher,TRUE,990,845,182,39:28:34,142113.31,15464.679999999998,200,26,2026-08-28T17:52:53.710Z
2418,Alexis WILLIS,H,44,40-44M,FR,NA,443,f,Finisher,TRUE,1063,910,224,40:31:49,145909.22,15945.550000000003,200,26,2026-08-28T17:50:39.770Z
2419,Thomas SOUVERAIN,H,29,20-34M,FR,The Iron Twins,443,f,Finisher,TRUE,807,690,187,37:49:48,136187.54,10684.57,200,26,2026-08-28T17:51:34.840Z
2420,Grégoire SOUVERAIN,H,29,20-34M,FR,The Iron Twins,443,f,Finisher,TRUE,807,690,187,37:49:48,136188.05,8943.92,200,26,2026-08-28T17:51:35.050Z
2421,Sinem OZMEN,F,45,45-49W,TR,None,489,f,Finisher,TRUE,1609,251,33,45:08:51,162530.27,11240.95,200,26,2026-08-28T17:49:41.870Z
2422,Dave FUNNELL,H,60,60-64M,GB,Porter Valley Plodders,443,a,DNF,FALSE,2073,1724,36,18:10:30,65430.34,5414.76,30,12,2026-08-28T17:50:26.300Z
2423,Thomas GRALL,H,41,40-44M,FR,AFA FEYZIN VENISSIEUX,443,f,Finisher,TRUE,1530,1295,306,44:39:45,160784.79,13042.54,200,26,2026-08-28T17:52:25.690Z
2426,Andrei SOLODSKY,H,53,50-54M,US,NA,443,f,Finisher,TRUE,1604,1355,163,45:07:37,162456.83,14358.230000000003,200,26,2026-08-28T17:49:22.180Z
2427,Horacio GALANTI,H,56,55-59M,CA,None,442,f,Finisher,TRUE,1442,1222,54,43:56:18,158177.85,13346.529999999999,200,26,2026-08-28T17:51:46.500Z
2429,Mariano SALDANA,H,50,50-54M,AR,NA,442,a,DNF,FALSE,2362,1958,251,05:43:05,19313.23,1271.7,10,3,2026-08-28T17:51:29.160Z
2430,Gaetano SCHIFANO,H,52,50-54M,FR,CabanOCC,442,f,Finisher,TRUE,1222,1044,96,42:06:27,151586.95,16165.49,200,26,2026-08-28T17:52:29.110Z
2431,Giorgio MANONI,H,55,55-59M,IT,Podistica Solidarietà,442,a,DNF,FALSE,2081,1730,113,18:25:30,66330.25,3655.7,30,12,2026-08-28T17:49:33.290Z
2432,Morten PLANNTHIN,H,46,45-49M,DK,NA,441,a,DNF,FALSE,2256,1871,347,14:46:51,53210.83,2473.65,18,7,2026-08-28T17:52:24.170Z
2433,Prabhjot GREWAL,F,52,50-54W,US,NA,495,f,Finisher,TRUE,1425,218,25,43:48:56,157735.49,7537.68,200,26,2026-08-28T17:50:42.930Z
2434,Miowchin LIM,F,48,45-49W,MY,AMi3,441,hd,DNF,FALSE,2178,367,51,18:39:43,67182.88,1634.53,28,11,2026-08-28T17:49:38.630Z
2435,Ivan ALMEIDA,H,45,45-49M,BR,NA,441,hd,DNF,FALSE,1684,1416,272,43:59:21,158269.69,11499.83,82,25,2026-08-28T17:51:49.310Z
2436,Omer LORY,H,49,45-49M,IL,NA,441,f,Finisher,TRUE,1194,1023,193,41:51:48,150708.26,10104.84,200,26,2026-08-28T17:51:59.490Z
2437,Zhiqiang YANG,H,45,45-49M,CN,Tsinghua Trail Run Club,444,hd,DNF,FALSE,1689,1419,274,44:46:18,161178.091,5890.920000000001,82,25,2026-08-28T17:50:09.190Z
2438,Andrew FLINT,H,40,40-44M,GB,NA,441,f,Finisher,TRUE,1565,1323,314,44:48:47,161326.4,10868.01,200,26,2026-08-28T17:51:42.860Z
2440,Thitiwat CHEEPCHARNDETH,H,40,40-44M,TH,Aufu petmart,441,f,Finisher,TRUE,1648,1389,323,45:25:11,163511.26,11104.72,200,26,2026-08-28T17:50:59.200Z
2441,Iwona MATUSZCZAK SZULC,F,56,55-59W,PL,NA,441,a,DNF,FALSE,2152,362,22,17:24:58,62698.04,2043.94,28,11,2026-08-28T17:51:28.250Z
2442,Camille SAMPIC,H,38,35-39M,FR,NA,441,f,Finisher,TRUE,1510,1278,242,44:29:16,160156.45,13993.33,200,26,2026-08-28T17:52:07.430Z
2443,Xueping CHENG,H,44,40-44M,CN,NA,440,f,Finisher,TRUE,1343,1138,271,43:10:55,155455.45,10332.22,200,26,2026-08-28T17:52:39.260Z
2444,Emma JAMIESON - BLACK,F,28,20-34W,GB,NA,438,f,Finisher,TRUE,1615,253,56,45:13:18,162798.69,13157.449999999999,200,26,2026-08-28T17:49:18.020Z
2445,Kazuko KOBAYASHI,F,48,45-49W,JP,NA,439,a,DNF,FALSE,2296,391,58,11:30:01,41401.45,NA,16,6,2026-08-28T17:52:15.050Z
2446,Yun Sik WON,H,56,55-59M,KR,INVICTUS,439,a,DNF,FALSE,1763,1480,82,31:24:18,113058.1,4897.120000000001,52,19,2026-08-28T17:52:11.420Z
2447,Marcin PIECZARA,H,53,50-54M,PL,NA,439,a,DNF,FALSE,2167,1805,222,18:05:51,65151.36,1472.8899999999999,28,11,2026-08-28T17:51:41.160Z
2448,Claudio GOSETTI,H,67,65-69M,IT,ATLETICA MONTEROSA FOGU ARNAD,440,hd,DNF,FALSE,2377,1968,17,06:04:06,21846.53,NA,10,3,2026-08-28T17:50:49.070Z
2449,Marek NIZIOLEK,H,54,50-54M,PL,Pedraforca,437,hd,DNF,FALSE,2185,1818,225,19:01:09,68469.36,1456.71,28,11,2026-08-28T17:52:27.290Z
2450,David ARTAUD,H,53,50-54M,FR,Les foulées de Beauregard,435,f,Finisher,TRUE,1398,1185,130,43:37:38,157057.75,15424.570000000002,200,26,2026-08-28T17:52:10.460Z
2451,Clement GLESS,H,40,40-44M,FR,NA,453,a,DNF,FALSE,1945,1619,369,22:15:41,77773.16,8792.42,40,15,2026-08-28T17:52:53.150Z
2452,Gustavo ARANGO,H,71,70-74M,CO,NA,438,hd,DNF,FALSE,2250,1866,6,15:46:43,56802.881,418.46,22,8,2026-08-28T17:49:43.800Z
2453,Francisco Jesus VILLANUEVA,H,60,60-64M,AR,Leonardo Da Silva Running Team,438,hd,DNF,FALSE,2033,1694,35,22:42:49,81768.82,3280.98,38,14,2026-08-28T17:49:22.180Z
2455,Wai Yip SHING,H,47,45-49M,HK,NA,438,a,DNF,FALSE,2317,1923,357,10:55:11,39310.31,NA,14,4,2026-08-28T17:50:07.690Z
2456,Andrea SOUSA DANTAS,F,49,45-49W,BR,RunRun Tours,438,a,DNF,FALSE,2080,351,48,18:18:06,65885.26,4418.8,30,12,2026-08-28T17:52:24.920Z
2457,Evren KALAYCIKLIOGLU,H,45,45-49M,TR,MYRC,437,hd,DNF,FALSE,2398,1982,364,04:35:11,16511.521,NA,6,2,2026-08-28T17:50:03.350Z
2458,Rafal KRUZEL,H,55,55-59M,PL,NA,437,hd,DNF,FALSE,1772,1487,84,31:35:03,113703.38,1948.9599999999998,52,19,2026-08-28T17:51:51.300Z
2459,Christophe DE BEER,H,42,40-44M,FR,NA,436,a,DNF,FALSE,1969,1638,372,23:06:25,83184.99,3576.29,40,15,2026-08-28T17:51:06.950Z
2460,Ruifen ZHAN,H,35,35-39M,CN,NA,436,hd,DNF,FALSE,1974,1642,305,23:11:40,83500.83,4696.92,40,15,2026-08-28T17:51:14.110Z
2461,Wu LI,H,43,40-44M,CN,CHANGFENG RUNNING CLUB,436,a,DNF,FALSE,2302,1911,411,11:41:52,42111.86,1141.98,16,6,2026-08-28T17:50:25.290Z
2462,Olivier PIQUER,H,36,35-39M,FR,CONVIVIATRAIL,436,f,Finisher,TRUE,1509,1277,241,44:27:58,160077.83,14228.490000000002,200,26,2026-08-28T17:52:17.340Z
2463,Marc SAUVOUREL,H,42,40-44M,FR,BAZTANDARRAK,436,f,Finisher,TRUE,537,457,101,34:26:07,123967.41,4790.490000000001,200,26,2026-08-28T17:51:26.060Z
2464,Lisa DEWITT,F,64,60-64W,US,NA,433,hd,DNF,FALSE,2247,383,13,15:38:38,56317.488,1258.13,22,8,2026-08-28T17:51:05.540Z
2465,Mathilde DURAND,F,33,20-34W,FR,NA,435,f,Finisher,TRUE,1559,241,53,44:46:30,161190.62,8980.009999999998,200,26,2026-08-28T17:51:15.120Z
2466,Ewa PIECZARA,F,53,50-54W,PL,NA,435,f,Finisher,TRUE,1432,219,26,43:52:43,157962.44,12027.970000000001,200,26,2026-08-28T17:51:49.930Z
2467,Zhong WAN,H,56,55-59M,CN,Fudan Gobi,435,np,Other,FALSE,NA,NA,NA,00:00:00,0,NA,NA,0,2026-08-28T17:48:12.000Z
2468,Dejan BANKOVIĆ,H,39,35-39M,RS,Delta Running Club,435,f,Finisher,TRUE,1624,1367,255,45:17:11,163031.29,8991.24,200,26,2026-08-28T17:51:43.510Z
2469,Jérôme MARCOTTY,H,40,40-44M,BE,Team MCP,434,f,Finisher,TRUE,1483,1256,299,44:18:41,159521.17,10726.64,200,26,2026-08-28T17:52:13.700Z
2470,Yannick PASQUER,H,47,45-49M,FR,Les Trailers du Pic St Loup,434,f,Finisher,TRUE,1608,1358,263,45:08:28,162507.88,11786.050000000003,200,26,2026-08-28T17:49:49.770Z
2471,Christophe GAILLAC,H,52,50-54M,FR,Les Trailers du pic st Loup,434,f,Finisher,TRUE,1607,1357,164,45:08:23,162502.8,12161.58,200,26,2026-08-28T17:49:53.890Z
2472,Mei YANG,F,53,50-54W,CA,NA,434,f,Finisher,TRUE,1201,174,18,41:55:15,150914.22,13987.560000000001,200,26,2026-08-28T17:52:25.870Z
2474,Cairang ZHUOMA,F,37,35-39W,CN,NA,436,f,Finisher,TRUE,1605,250,67,45:07:46,162465.61,15301.220000000001,200,26,2026-08-28T17:50:11.560Z
2475,Siu Kit WONG,H,38,35-39M,HK,NA,432,f,Finisher,TRUE,1625,1368,256,45:17:27,163046.9,17277.29,200,26,2026-08-28T17:51:45.560Z
2476,Cuong NGUYEN VAN,H,47,45-49M,VN,Empire City,432,a,DNF,FALSE,2321,1927,358,08:14:22,29661.48,NA,12,4,2026-08-28T17:51:28.520Z
2477,Didier ANMELLA,H,62,60-64M,FR,NA,433,f,Finisher,TRUE,1260,1076,12,42:29:04,152943.26,10485.24,200,26,2026-08-28T17:51:13.880Z
2478,Al VELA,H,45,45-49M,GB,Ranelagh Harriers RC,433,hd,DNF,FALSE,2005,1672,322,23:40:43,80476.45,10364.21,40,15,2026-08-28T17:51:27.880Z
2479,Rodolfo ORTIZ,H,47,45-49M,CR,CR SkyRunning,432,f,Finisher,TRUE,1430,1212,236,43:51:35,157895.23,21443.489999999998,200,26,2026-08-28T17:49:12.170Z
2480,Éric DELSAUT,H,55,55-59M,FR,Les Foulées de l'olivier,432,a,DNF,FALSE,1986,1654,101,23:22:39,84159.36,3551.26,40,15,2026-08-28T17:50:15.090Z
2481,Takamichi IWAMOTO,H,44,40-44M,JP,NA,431,hd,DNF,FALSE,2399,1983,427,04:39:35,16775.433,NA,6,2,2026-08-28T17:49:16.000Z
2482,Neil KIERSEY,H,46,45-49M,GB,Team Prime,431,a,DNF,FALSE,2315,1921,356,10:52:56,39175.94,500.89,14,4,2026-08-28T17:52:22.060Z
2483,Ge SONG,H,54,50-54M,CN,NA,431,hd,DNF,FALSE,2034,1695,204,22:43:11,81790.13,926.1500000000001,38,14,2026-08-28T17:52:54.870Z
2484,Adriano PEREIRA,H,49,45-49M,BR,Doutor Corrida,431,hd,DNF,FALSE,2233,1853,343,15:12:14,54733.351,1007.95,22,8,2026-08-28T17:52:41.770Z
2486,Jeff MÉNIÈRE,H,56,55-59M,FR,NA,430,f,Finisher,TRUE,1645,1387,72,45:24:29,163468.9,13861.630000000001,200,26,2026-08-28T17:52:12.970Z
2487,Hervé DEMBSKI,H,52,50-54M,FR,Coach Sport Santé,430,f,Finisher,TRUE,1575,1332,158,44:56:06,161766.33,15044.009999999998,200,26,2026-08-28T17:51:29.260Z
2488,Pierrick PENSIBIS,H,55,55-59M,FR,Cap ou pas Cap,430,a,DNF,FALSE,1696,1424,75,40:23:37,145290.6,3353.629999999999,64,24,2026-08-28T17:50:19.640Z
2489,Cyrille CLARISSE,H,50,50-54M,FR,NA,430,a,DNF,FALSE,2273,1885,238,09:57:34,35854.23,1187.41,16,6,2026-08-28T17:51:27.130Z
2490,Nelly GISTEMULTE,F,38,35-39W,MD,Gheorghita Running Club,428,f,Finisher,TRUE,1511,233,65,44:29:22,160162.62,9782.28,200,26,2026-08-28T17:51:18.350Z
2491,Joonkyung KWON,F,50,50-54W,KR,Team Korea,429,hd,DNF,FALSE,2239,381,44,15:19:21,55160.748,1594.1399999999999,22,8,2026-08-28T17:49:26.940Z
2492,Yong ZHU,H,44,40-44M,CN,NA,429,f,Finisher,TRUE,1659,1398,326,45:28:49,163728.98,7464.73,200,26,2026-08-28T17:50:30.580Z
2493,Adam FEBRIANATA,H,36,35-39M,ID,3DASH,429,a,DNF,FALSE,2086,1735,316,18:18:03,65883.25,3920.7,30,12,2026-08-28T17:49:56.460Z
2494,Jasmina SVOBODA,F,60,60-64W,AU,NA,428,a,DNF,FALSE,2176,365,10,18:37:49,67069.44,2119.0299999999997,28,11,2026-08-28T17:49:37.020Z
2495,Houssem BEN ZAHRA,H,51,50-54M,TN,NA,428,hd,DNF,FALSE,1988,1656,197,23:29:10,83583.58,5673.2300000000005,40,15,2026-08-28T17:50:55.510Z
2496,Liviu Daniel HADA,H,52,50-54M,RO,NA,428,hd,DNF,FALSE,2235,1855,233,15:14:10,54849.499,870.55,22,8,2026-08-28T17:51:00.720Z
2497,Sovitha GURUNG,F,41,40-44W,NP,Runderbolt,426,a,DNF,FALSE,2308,393,78,12:04:28,42189.9,1876.55,16,6,2026-08-28T17:49:40.640Z
2498,Armin BUSS,H,58,55-59M,DE,TGV Schotten,428,a,DNF,FALSE,2355,1952,140,05:27:48,19355.8,312.4,10,3,2026-08-28T17:49:56.460Z
2499,Carole GUINCHARD,F,52,50-54W,FR,Les traiteurs de la Londaine,425,f,Finisher,TRUE,1272,186,20,42:33:53,153233.06,10395.56,200,26,2026-08-28T17:49:20.170Z
2500,Eugenio Maria CANNI FERRARI,H,61,60-64M,IT,Marciatori Dresano,427,f,Finisher,TRUE,822,701,6,37:56:36,136595.67,10770.08,200,25,2026-08-28T17:48:55.380Z
2501,Laurent FOSSARD,H,57,55-59M,FR,NA,427,a,DNF,FALSE,2357,1953,141,05:29:49,18276.78,1512.58,10,3,2026-08-28T17:50:11.560Z
2502,Olivier SIGRIST,H,52,50-54M,FR,NA,427,a,DNF,FALSE,2229,1849,231,14:42:50,52969.87,1669.4299999999998,22,8,2026-08-28T17:50:15.950Z
2503,Anonymous,H,51,50-54M,AN,NA,NA,f,Finisher,TRUE,1521,1287,150,44:33:06,160386.4,8153.7,200,26,2026-08-28T17:50:55.090Z
2504,Rui FAN,H,49,45-49M,HK,NA,426,hd,DNF,FALSE,2022,1684,324,24:03:47,86626.746,2798.26,40,15,2026-08-28T17:50:51.440Z
2505,Lionel MORAND,H,52,50-54M,FR,NA,426,a,DNF,FALSE,2157,1795,219,17:40:22,63622.19,2161.26,28,11,2026-08-28T17:52:12.080Z
2506,Grégory DUBOURG,H,48,45-49M,FR,Pessac Athletic Club,425,f,Finisher,TRUE,1246,1064,203,42:18:42,152322.73,14549.07,200,26,2026-08-28T17:52:18.130Z
2507,Willem WEEDA,H,40,40-44M,NL,None,421,f,Finisher,TRUE,1157,989,242,41:30:43,149442.22,10349.619999999999,200,26,2026-08-28T17:52:18.970Z
2508,Lau PUI TUEN,H,49,45-49M,HK,Hotpot Buddy,426,hd,DNF,FALSE,2244,1862,345,15:35:02,56101.806,1190.97,22,8,2026-08-28T17:49:35.700Z
2509,Zheng LIU,H,55,55-59M,US,NA,426,hd,DNF,FALSE,2232,1852,130,15:11:09,54668.718,1310.58,22,8,2026-08-28T17:51:43.640Z
2510,Francisco Conrado TRUJILLO SUAREZ,H,48,45-49M,ES,Pichón Trail Project,425,hd,DNF,FALSE,1770,1486,284,31:32:32,113551.46,5955.530000000001,52,19,2026-08-28T17:51:01.650Z
2511,Haruko OSHITA,F,43,40-44W,JP,Bangkok Fun Runners,425,hd,DNF,FALSE,2021,338,67,24:01:20,86479.564,2680.06,40,15,2026-08-28T17:51:21.740Z
2512,Samir FAZLAGIĆ,H,63,60-64M,BA,Sarajevo Running Club - SRC,425,f,Finisher,TRUE,1453,1232,16,44:05:18,158717.96,13304.31,200,26,2026-08-28T17:51:07.190Z
2513,Lionel JOFFRAIN,H,54,50-54M,FR,Veo 2000 La Plagne,423,a,DNF,FALSE,1878,1566,184,27:48:59,100062.39,5530.9400000000005,48,17,2026-08-28T17:50:44.610Z
2514,Jonathan NABOULET,H,33,20-34M,FR,Trail sans limite,425,f,Finisher,TRUE,1248,1066,243,42:19:14,152353.76,18083.18,200,26,2026-08-28T17:48:50.320Z
2515,Hoang Lien San NGUYEN,F,44,40-44W,AU,NA,424,hd,DNF,FALSE,1682,268,47,43:58:29,158308.26,5967.2699999999995,82,25,2026-08-28T17:50:42.740Z
2516,Natalia CARLINI,F,46,45-49W,AR,Cuesta Arriba,425,f,Finisher,TRUE,1465,226,29,44:12:57,159177.06,8062.58,200,26,2026-08-28T17:52:10.040Z
2517,Honghun CHOI,H,30,20-34M,KR,NA,424,f,Finisher,TRUE,1516,1282,262,44:30:58,160257.64,14104.170000000002,200,26,2026-08-28T17:51:36.510Z
2518,Vivian LEE,F,56,55-59W,US,NA,423,f,Finisher,TRUE,1413,215,10,43:43:10,157389.09,12337.12,200,26,2026-08-28T17:51:21.910Z
2520,Nicolas BRUNET,H,39,35-39M,FR,NA,423,a,DNF,FALSE,1971,1640,304,23:08:09,83288.81,6323.72,40,15,2026-08-28T17:50:27.460Z
2521,Sylvain EQUEL,H,42,40-44M,FR,NA,423,f,Finisher,TRUE,1405,1192,282,43:39:56,157195.09,11143.82,200,26,2026-08-28T17:52:09.950Z
2522,Jaegoon AUM,H,48,45-49M,KR,NA,423,f,Finisher,TRUE,1621,1365,266,45:15:52,162951.99,14738.219999999998,200,26,2026-08-28T17:51:35.440Z
2523,Andrew KIRK,H,58,55-59M,GB,NA,421,a,DNF,FALSE,2159,1797,120,17:44:14,63854.54,1148.04,28,11,2026-08-28T17:50:43.160Z
2524,Ran ITO,F,48,45-49W,JP,NA,421,hd,DNF,FALSE,2024,339,44,24:39:26,88765.941,3220.06,40,15,2026-08-28T17:51:18.460Z
2525,Matthew HAWKES,H,51,50-54M,GB,none,421,f,Finisher,TRUE,1672,1408,173,45:34:31,164071.71,11157.69,200,26,2026-08-28T17:52:02.050Z
2526,Pak Yu CHAN,H,49,45-49M,HK,NA,419,a,DNF,FALSE,2278,1890,351,10:21:12,37272.32,NA,16,6,2026-08-28T17:51:26.590Z
2527,Stephane OURSEL,H,53,50-54M,FR,LES LOUPS,420,hd,DNF,FALSE,2008,1674,198,23:41:31,85290.83,3776,40,15,2026-08-28T17:51:37.960Z
2528,Eric TOCQUEVILLE,H,53,50-54M,FR,Letraceurs,421,a,DNF,FALSE,1800,1505,178,30:58:42,111522.04,10730.32,51,18,2026-08-28T17:49:20.170Z
2529,Mohammad ARIF-UZ-ZAMAN,H,41,40-44M,BD,Team Bangladesh,422,np,Other,FALSE,NA,NA,NA,00:00:00,0,NA,NA,0,2026-08-28T17:48:12.000Z
2530,Byeung Sik AHN,H,53,50-54M,KR,Trans Jeju,420,f,Finisher,TRUE,1636,1378,165,45:22:15,163335.06,8262.36,200,26,2026-08-28T17:51:31.400Z
2531,Michele BALESTRI,H,55,55-59M,IT,NA,420,np,Other,FALSE,NA,NA,NA,00:00:00,0,NA,NA,0,2026-08-28T17:48:12.000Z
2532,Adrian KLEMENCO,H,59,55-59M,UY,NA,420,a,DNF,FALSE,1704,1432,76,40:34:01,146040.81,12496.859999999999,62,23,2026-08-28T17:50:19.640Z
2534,Romain CORSO,H,39,35-39M,FR,NA,419,f,Finisher,TRUE,1490,1261,239,44:20:55,159654.99,17408.370000000003,200,26,2026-08-28T17:51:59.480Z
2535,Nadia PORTELLI,F,58,55-59W,MT,NA,419,a,DNF,FALSE,2193,370,24,17:03:55,59474.82,4273.99,26,10,2026-08-28T17:49:19.180Z
2536,Bin DAI,H,42,40-44M,CN,NA,419,f,Finisher,TRUE,1639,1381,322,45:22:42,163362.12,9064.84,200,26,2026-08-28T17:52:38.290Z
2537,Tetsuya UEKUSA,H,62,60-64M,JP,NA,418,f,Finisher,TRUE,1411,1197,14,43:43:00,157379.92,12972.42,200,26,2026-08-28T17:50:12.110Z
2538,Real PERRIARD,H,66,65-69M,CA,NA,418,hd,DNF,FALSE,1998,1666,11,23:34:29,81316.74,6769.18,40,15,2026-08-28T17:49:55.540Z
2539,Michael KEALY,H,55,55-59M,US,NA,420,a,DNF,FALSE,2289,1900,136,11:09:19,40094.9,432.29,16,6,2026-08-28T17:49:52.900Z
2540,Simon THOMET,H,40,40-44M,CH,NA,418,f,Finisher,TRUE,1328,1129,270,43:04:31,155070.43,5790.98,200,26,2026-08-28T17:52:28.880Z
2541,Anver Tak Shing CHING,H,61,60-64M,HK,NA,416,a,DNF,FALSE,1964,1634,30,22:59:47,81325.61,5134.5199999999995,40,15,2026-08-28T17:50:52.310Z
2542,Zachary KRAUS,H,50,50-54M,US,NA,418,hd,DNF,FALSE,2035,1696,205,22:43:24,81493.35,4501.03,38,14,2026-08-28T17:51:22.650Z
2543,Jie SONG,F,43,40-44W,CN,NA,417,f,Finisher,TRUE,1226,179,29,42:07:27,151647.41,13385.920000000002,200,26,2026-08-28T17:51:36.310Z
2544,Aji RACHMAN,H,52,50-54M,ID,NA,417,hd,DNF,FALSE,2032,1693,203,22:42:06,80976.37,5039.27,38,14,2026-08-28T17:51:14.630Z
2545,Kyoko MATSUMOTO,F,63,60-64W,JP,NA,416,a,DNF,FALSE,2205,375,12,18:30:28,66617.88,3218.75,26,10,2026-08-28T17:49:48.120Z
2546,Vicenç PULIDO FRANCÀS,H,46,45-49M,ES,Club excursionista independent de Catalunya,415,a,DNF,FALSE,2307,1915,355,12:03:41,41879.72,1540.91,16,5,2026-08-28T17:50:27.710Z
2547,Raffaella BONETTI,F,55,55-59W,IT,ASD SCARPE BIANCHE,415,f,Finisher,TRUE,1633,258,14,45:21:02,163261.72,9323.65,200,26,2026-08-28T17:49:05.560Z
2548,Jean-Marc PAULIN,H,59,55-59M,FR,NA,415,a,DNF,FALSE,2041,1702,109,23:18:23,83282.78,4309.83,38,14,2026-08-28T17:51:37.220Z
2549,Jean-François GUILLEMET,H,43,40-44M,FR,NA,446,a,DNF,FALSE,2072,1723,385,18:08:52,65331.41,3127.79,30,12,2026-08-28T17:52:51.710Z
2550,Stephane LAURENT,H,57,55-59M,FR,NA,415,a,DNF,FALSE,2165,1803,123,18:00:27,64826.73,2213.63,28,11,2026-08-28T17:52:24.900Z
2551,Keiko SATO,F,57,55-59W,JP,NA,414,hd,DNF,FALSE,2249,384,26,15:45:38,56738.702,509.13,22,8,2026-08-28T17:50:55.060Z
2552,Damien FATREZ,H,46,45-49M,FR,9@thetree,414,f,Finisher,TRUE,1484,1257,244,44:19:25,159565.66,10463.590000000002,200,25,2026-08-28T17:52:50.160Z
2553,Chi Hang Frederick TAI,H,52,50-54M,HK,NA,414,a,DNF,FALSE,2311,1918,243,12:07:58,43668.56,1313.25,16,6,2026-08-28T17:51:25.700Z
2554,Toshiyuki MINAMI,H,43,40-44M,JP,Go-en no Kai,419,f,Finisher,TRUE,1652,1393,325,45:27:25,163644.84,16164.17,200,26,2026-08-28T17:50:58.480Z
2555,Duan LV,H,37,35-39M,CN,NA,414,f,Finisher,TRUE,1275,1089,212,42:35:28,153327.81,7796.310000000001,200,26,2026-08-28T17:51:08.480Z
2556,Roman SCHNETZ,H,67,65-69M,DE,Laufgruppe Bad Waldsee,414,a,DNF,FALSE,2367,1961,16,05:58:50,20866.34,664.33,10,3,2026-08-28T17:52:04.310Z
2557,Xavier COTS SOLE,H,65,65-69M,ES,club excursionista independent de catalunya,414,hd,DNF,FALSE,2179,1812,12,18:41:05,67264.03,669.52,28,11,2026-08-28T17:50:27.980Z
2558,Aura MAYORGA,F,56,55-59W,US,NA,413,a,DNF,FALSE,2364,405,27,05:53:10,20704.06,486.25,10,3,2026-08-28T17:49:23.090Z
2559,Maher FADEN,H,41,40-44M,SA,RUR,471,a,DNF,FALSE,1703,1431,332,40:27:17,145637.62,5671.339999999999,62,23,2026-08-28T17:50:33.210Z
2560,Aurélien SURMONT,H,41,40-44M,FR,LA MEUTE RUNNING,413,a,DNF,FALSE,2040,1701,380,23:17:58,83014.08,4293.43,38,14,2026-08-28T17:51:50.920Z
2561,Jérôme MOINET,H,43,40-44M,FR,NA,411,a,DNF,FALSE,2038,1699,379,23:04:49,83088.34,2177.74,38,14,2026-08-28T17:51:08.660Z
2562,Jaehyun PARK,H,40,40-44M,KR,NA,412,a,DNF,FALSE,2075,1725,386,18:14:36,65676.56,3897.7299999999996,30,12,2026-08-28T17:52:07.430Z
2563,Yoshifumi SAITO,H,70,70-74M,JP,NA,412,hd,DNF,FALSE,1708,1435,3,39:21:08,141667.66,9529.87,60,22,2026-08-28T17:49:06.340Z
2564,Chong ZHANG,H,74,70-74M,CN,NA,412,hd,DNF,FALSE,2005,1672,5,23:40:43,85243.008,5932.9,40,15,2026-08-28T17:51:36.250Z
2565,Boubékeur BOUKERMA,H,55,55-59M,FR,LYBREA CONSULTING,412,a,DNF,FALSE,2198,1827,127,17:43:58,63837.92,1845.52,26,10,2026-08-28T17:50:34.080Z
2566,Peter Michael NIELSEN,H,62,60-64M,DK,Copenhill Roof Runners Club,412,f,Finisher,TRUE,1669,1405,21,45:32:16,163935.78,9796.77,200,26,2026-08-28T17:51:31.670Z
2567,Pilu CHENG,H,36,35-39M,CN,NA,412,hd,DNF,FALSE,2245,1863,334,15:36:04,56163.21,1727.8200000000002,22,8,2026-08-28T17:52:55.830Z
2568,Sarjan NARWAN,H,31,20-34M,GB,NA,412,hd,DNF,FALSE,2381,1972,368,06:07:55,22075.85,NA,10,3,2026-08-28T17:52:09.030Z
2570,Florence COTEL,F,45,45-49W,FR,NA,411,f,Finisher,TRUE,1674,265,38,45:35:08,164108.51,17835.02,200,26,2026-08-28T17:49:00.450Z
2571,Erik TIBALDI,H,50,50-54M,IT,NA,411,f,Finisher,TRUE,1675,1410,174,45:36:05,164164.29,10956.98,200,26,2026-08-28T17:52:44.930Z
2572,Denis REYNARD,H,55,55-59M,FR,Les Trailers du Pic St Loup,411,hd,DNF,FALSE,2100,1749,116,19:22:44,69764.224,2053.6639999999998,30,12,2026-08-28T17:50:01.100Z
2573,Antonio ALVES,H,55,55-59M,PT,We Run,409,a,DNF,FALSE,2160,1798,121,17:48:45,64125.07,635.39,28,11,2026-08-28T17:51:00.260Z
2574,Eugene KUBOTA,H,55,55-59M,US,NA,409,a,DNF,FALSE,2045,1706,110,23:20:13,82158.12,7131.54,38,14,2026-08-28T17:49:40.880Z
2575,Guillaume SCHINCARIOL,H,48,45-49M,FR,Nîmes Triathlon,409,hd,DNF,FALSE,1985,1653,316,23:22:36,84156.06,4904.290000000001,40,15,2026-08-28T17:49:51.780Z
2576,Samuel POH,H,49,45-49M,SG,NA,409,np,Other,FALSE,NA,NA,NA,00:00:00,0,NA,NA,0,2026-08-28T17:48:12.000Z
2577,Paul HAYNES,H,49,45-49M,GB,Royston Runners,409,hd,DNF,FALSE,1999,1667,320,23:35:44,84944.571,2403.25,40,15,2026-08-28T17:51:42.400Z
2578,Lourens BIJSMA,H,42,40-44M,NL,NA,409,f,Finisher,TRUE,1629,1372,321,45:19:01,163141.07,16820.92,200,26,2026-08-28T17:52:27.830Z
2579,Vijayan PILLAI,H,53,50-54M,IN,Soles of Cochin Runners Club,409,f,Finisher,TRUE,1597,1351,162,45:06:32,162391.82,9497.68,200,26,2026-08-28T17:52:24.920Z
2580,Daniel RIBBI,H,53,50-54M,CH,Rose des Sables,408,a,DNF,FALSE,2255,1870,236,13:59:49,50388.01,818.5799999999999,18,7,2026-08-28T17:52:58.990Z
2581,Melisa MUSTAFA,F,39,35-39W,AU,NA,407,a,DNF,FALSE,2295,390,97,11:28:19,41185.82,718.7800000000001,16,6,2026-08-28T17:51:23.090Z
2582,Abdullah ALSUBAIT,H,33,20-34M,SA,RUR,407,hd,DNF,FALSE,2009,1675,320,23:43:28,85407.843,2342.83,40,15,2026-08-28T17:50:15.940Z
2584,Nicholas GONRING,H,42,40-44M,US,Ornery Mule Racing,406,a,DNF,FALSE,2076,1726,387,18:16:31,65791.44,4826.29,30,12,2026-08-28T17:52:54.130Z
2585,David HENRY,H,38,35-39M,GB,NA,405,f,Finisher,TRUE,1390,1178,227,43:34:30,156869.27,14590.810000000001,200,26,2026-08-28T17:51:38.890Z
2586,Hiroshi ISHIHARA,H,51,50-54M,JP,Hiroo Father's Running Club,403,hd,DNF,FALSE,2200,1829,228,17:55:19,64518.7,1924.45,26,10,2026-08-28T17:50:35.300Z
2587,Christian DEES,H,65,65-69M,DE,Erdinger Active Team,401,f,Finisher,TRUE,1570,1327,2,44:54:39,161679.05,10996.54,200,26,2026-08-28T17:50:38.830Z
2588,Hung CHOW,F,52,50-54W,HK,NA,403,f,Finisher,TRUE,1653,260,33,45:27:34,163653.86,7554.140000000001,200,26,2026-08-28T17:50:07.670Z
2589,Minhyuck KIM,H,44,40-44M,KR,NA,403,hd,DNF,FALSE,2287,1898,409,11:05:02,38206.23,1695.69,16,6,2026-08-28T17:51:32.270Z
2590,Alexandre BERROUA,H,32,20-34M,FR,NA,402,f,Finisher,TRUE,1471,1245,260,44:15:11,159311.38,13023.67,200,26,2026-08-28T17:51:09.320Z
2591,Bastien GATHY,H,36,35-39M,BE,NA,402,f,Finisher,TRUE,1370,1162,224,43:26:02,156361.43,7783.9400000000005,200,26,2026-08-28T17:52:32.880Z
2593,Jonathan IIGA,H,52,50-54M,NZ,NA,400,a,DNF,FALSE,2042,1703,206,23:18:53,82329,4298.47,38,14,2026-08-28T17:51:33.000Z
2594,Liping JIANG,F,49,45-49W,CN,NA,402,hd,DNF,FALSE,2252,385,56,15:49:41,56981.226,1358.8,22,8,2026-08-28T17:49:37.020Z
2595,Michel LEBOT,H,72,70-74M,FR,ouest trail reunion,401,hd,DNF,FALSE,2291,1902,7,11:13:56,39765.76,1259.2,16,6,2026-08-28T17:51:08.950Z
2596,Kazushige KIYAMA,H,72,70-74M,JP,Sola Tobu Noumin (Fermier Volant),401,a,DNF,FALSE,2297,1906,8,11:34:30,41670.52,NA,16,6,2026-08-28T17:51:52.200Z
2597,Mitsuho KOJIMA,F,59,55-59W,JP,NA,400,a,DNF,FALSE,2375,409,28,06:03:06,21124.93,661.74,10,3,2026-08-28T17:49:43.080Z
2598,Kensuke MOCHINAGA,H,56,55-59M,JP,Hiroo Father's Running Club,400,hd,DNF,FALSE,2002,1670,102,23:36:55,85014.39,6402.24,40,15,2026-08-28T17:50:29.760Z
2599,Megan HAMILL,F,27,20-34W,IE,NA,400,f,Finisher,TRUE,1082,157,41,40:42:29,146549.11,17122.68,200,24,2026-08-28T17:49:36.320Z
2600,Bo WAN,H,44,40-44M,CN,,399,a,DNF,FALSE,1872,1560,359,27:20:58,98457.3,2990.89,48,17,2026-08-28T17:52:27.840Z
2601,Shaun COE,H,36,35-39M,US,NA,399,a,DNF,FALSE,1693,1422,264,40:23:15,145395.54,7556.26,64,24,2026-08-28T17:51:45.220Z
2602,Marek KUDELA,H,42,40-44M,PL,NA,399,a,DNF,FALSE,2192,1823,403,17:02:48,60065.78,2238.24,26,10,2026-08-28T17:50:32.220Z
2603,Shinjiro YOSHIDA,H,69,65-69M,JP,酒猿組,399,a,DNF,FALSE,2309,1916,15,12:05:05,42408.1,1096.99,16,6,2026-08-28T17:49:03.250Z
2604,Meas CHHAY,H,52,50-54M,KH,Adventure Runner ,399,a,DNF,FALSE,2316,1922,245,10:53:10,39189.52,NA,14,4,2026-08-28T17:52:09.480Z
2605,Umadewi RAVINDRANATHAN,F,37,35-39W,MY,Miles Together,399,hd,DNF,FALSE,2389,412,104,04:12:35,15155.87,NA,6,2,2026-08-28T17:52:34.050Z
2606,Fabrizio LAVURI,H,45,45-49M,IT,UASG,398,a,DNF,FALSE,2271,1883,349,09:49:46,35385.54,NA,16,6,2026-08-28T17:50:05.710Z
2607,Matthew WALSH,H,38,35-39M,GB,NA,398,a,DNF,FALSE,2199,1828,329,17:44:59,63078.28,4334.360000000001,26,10,2026-08-28T17:51:39.720Z
2608,Maarten GERAETS,H,54,50-54M,NL,NA,398,hd,DNF,FALSE,2020,1683,202,24:00:57,86456.84,5309.42,40,15,2026-08-28T17:50:01.770Z
2610,Fernando AGIS,H,52,50-54M,UY,N7.uy,398,f,Finisher,TRUE,1515,1281,149,44:30:09,160209.14,15185.400000000001,200,26,2026-08-28T17:49:18.010Z
2611,Emmanuel QUIL,H,56,55-59M,FR,NA,397,a,DNF,FALSE,2363,1959,144,05:47:27,20847.23,NA,10,3,2026-08-28T17:52:31.090Z
2612,Daniel SCOTT,H,47,45-49M,GB,North endurance,397,f,Finisher,TRUE,1457,1233,240,44:07:25,158845.21,14711.399999999998,200,26,2026-08-28T17:51:18.060Z
2613,Tomomi TACHIBANA,F,41,40-44W,JP,NA,393,a,DNF,FALSE,1805,298,56,31:44:10,114249.79,2817.66,51,18,2026-08-28T17:50:26.520Z
2614,Bertrand MULLARTZ,H,55,55-59M,FR,NA,397,a,DNF,FALSE,2058,1715,112,20:47:10,74829.21,3475.31,36,13,2026-08-28T17:52:34.790Z
2615,Sébastien HIRSCH,H,40,40-44M,FR,NA,404,f,Finisher,TRUE,1245,1063,261,42:15:51,152150.54,12337.939999999999,200,26,2026-08-28T17:49:54.600Z
2616,Carlos Ángel GONZALEZ ARAGON,H,44,40-44M,ES,Club de Montana Anyera Ceuta,396,f,Finisher,TRUE,1408,1195,284,43:41:18,157278.04,12170.93,200,26,2026-08-28T17:50:10.780Z
2617,Christophe NAUROY,H,56,55-59M,FR,NA,396,a,DNF,FALSE,2313,1919,138,12:12:52,43964.68,2837.94,16,6,2026-08-28T17:52:45.460Z
2618,Chenhu LIU,H,52,50-54M,CN,1Rock,396,hd,DNF,FALSE,2246,1864,235,15:38:03,56282.203,1240.79,22,8,2026-08-28T17:51:05.820Z
2619,Sarad Kumar GAUCHAN,H,57,55-59M,NP,Hiroo Father's Running Club,395,hd,DNF,FALSE,2201,1830,128,17:55:29,64529,1778.93,26,10,2026-08-28T17:50:29.000Z
2620,Anne-Louise GIRARDET,F,39,35-39W,FR,Reaching Summits,412,f,Finisher,TRUE,1661,262,68,45:29:11,163751.09,11733.17,200,26,2026-08-28T17:51:55.460Z
2621,Svavar Hrafn ÁGÚSTSSON,H,27,20-34M,IS,NA,395,hd,DNF,FALSE,2393,1979,369,04:16:19,15379.29,NA,6,2,2026-08-28T17:51:54.000Z
2622,Ge LI,H,39,35-39M,CN,跑者日历,417,f,Finisher,TRUE,1349,1144,222,43:13:43,155622.53,5893.07,200,26,2026-08-28T17:50:07.990Z
2623,Jonghyun CHOI,H,54,50-54M,KR,드림써브쓰리마라톤클럽,395,a,DNF,FALSE,2314,1920,244,12:13:34,43997.5,831.85,16,6,2026-08-28T17:52:14.320Z
2624,Man Hay Alex WONG,H,40,40-44M,HK,N/A,395,a,DNF,FALSE,2387,1976,424,04:09:34,14849.15,124.46,6,2,2026-08-28T17:49:35.700Z
2625,Barbie LOH,F,57,55-59W,SG,NA,395,hd,DNF,FALSE,2017,337,20,23:54:10,86050.54,5587.83,40,15,2026-08-28T17:49:14.370Z
2626,Taeyun JEONG,H,26,20-34M,KR,NA,398,f,Finisher,TRUE,1643,1385,274,45:23:24,163404.12,7492.84,200,25,2026-08-28T17:52:01.130Z
2627,Stéphane BULTEAU,H,53,50-54M,BE,TNTB,510,f,Finisher,TRUE,1342,1137,117,43:10:49,155449.54,23138.39,200,26,2026-08-28T17:52:20.180Z
2628,Gustavo MAIA,H,50,50-54M,BR,MONT BLANC,394,f,Finisher,TRUE,1591,1345,160,45:05:24,162324.18,11939.07,200,26,2026-08-28T17:49:57.110Z
2629,Masayuki MATSUO,H,71,70-74M,JP,NA,393,a,DNF,FALSE,2403,1985,9,00:00:00,0,NA,NA,0,2026-08-28T17:51:17.810Z
2630,Tareq ALBHLAL,H,56,55-59M,SA,no,392,hd,DNF,FALSE,2238,1858,131,15:18:18,55097.535,1173.6100000000001,22,8,2026-08-28T17:50:22.840Z
2631,Bryan BOYLE,H,56,55-59M,US,NA,392,hd,DNF,FALSE,2173,1810,124,18:32:04,66723.85,1761.6799999999998,28,11,2026-08-28T17:52:49.480Z
2632,Juan DU,F,55,55-59W,CN,NNJJ,391,a,DNF,FALSE,1959,330,19,22:48:00,80929.47,5915.610000000001,40,15,2026-08-28T17:49:37.680Z
2633,Filip ROGANOVIC,H,36,35-39M,ME,NA,391,f,Finisher,TRUE,1632,1375,259,45:19:56,163195.64,8748.31,200,26,2026-08-28T17:51:45.560Z
2634,Jake TAYLOR,H,37,35-39M,GB,NA,390,a,DNF,FALSE,2078,1728,315,18:21:31,66090.41,1637.0900000000001,30,12,2026-08-28T17:52:36.760Z
2635,Calvin CHEUNG,H,47,45-49M,US,Pilo Pants,389,f,Finisher,TRUE,1612,1360,265,45:10:40,162640.22,9029.67,200,26,2026-08-28T17:52:53.450Z
2636,Primoz DROL,H,51,50-54M,SE,NA,388,hd,DNF,FALSE,2162,1800,220,17:50:22,64222.73,1130.49,28,10,2026-08-28T17:50:35.070Z
2637,Laurent PEIRONE,H,54,50-54M,FR,NA,388,f,Finisher,TRUE,1653,1394,170,45:27:34,163653.9,9541.48,200,26,2026-08-28T17:52:21.400Z
2638,Denis CHEW,H,68,65-69M,AU,NA,387,a,DNF,FALSE,2403,1985,19,00:00:00,0,NA,NA,0,2026-08-28T17:50:25.590Z
2639,Marc BOSSIS,H,64,60-64M,FR,,387,f,Finisher,TRUE,1533,1298,18,44:40:30,160830.74,10466.09,200,26,2026-08-28T17:52:33.070Z
2640,Kyaw Swar MYINT,H,37,35-39M,MM,Trail Running Club Myanmar,387,f,Finisher,TRUE,1623,1366,254,45:16:45,163004.23,6201.04,200,26,2026-08-28T17:50:58.890Z
2641,Akiko KOFUKU,F,62,60-64W,JP,NA,386,a,DNF,FALSE,2402,418,16,14:52:23,0,NA,NA,0,2026-08-28T17:50:27.820Z
2642,Jean-Charles DELAVOIPIERE,H,65,65-69M,FR,MBDA SPORT ATHLETISME,385,hd,DNF,FALSE,2388,1977,18,04:11:39,15098.79,NA,6,2,2026-08-28T17:50:49.910Z
2643,Hailin ZHENG,F,34,20-34W,CN,NA,384,hd,DNF,FALSE,2394,415,74,04:17:18,15438.03,NA,6,2,2026-08-28T17:50:25.590Z
2644,Tetsuji OGAWA,H,58,55-59M,JP,山歩き時々山走り,384,hd,DNF,FALSE,1888,1576,92,28:22:54,102173.802,4442.32,48,17,2026-08-28T17:50:12.990Z
2645,Olivier GARCIN,H,47,45-49M,FR,CMBM 4Fs,432,hd,DNF,FALSE,2143,1783,337,16:54:48,60888.12,3835.04,28,11,2026-08-28T17:50:52.650Z
2646,Celine NICAISE,F,52,50-54W,FR,CAVAM,383,a,DNF,FALSE,1973,332,42,23:09:03,83342.12,2906.1499999999996,40,15,2026-08-28T17:52:49.880Z
2647,Kiyotaka TERADA,H,44,40-44M,JP,NA,382,a,DNF,FALSE,2047,1707,382,23:20:49,82651.12,3362.29,38,14,2026-08-28T17:52:13.880Z
2648,Wei chao WANG,H,59,55-59M,CN,NA,382,f,Finisher,TRUE,1562,1321,63,44:47:08,161227.98,7389.99,200,26,2026-08-28T17:50:01.770Z
2649,Fei XIE,H,47,45-49M,CN,NA,381,a,DNF,FALSE,2303,1912,354,11:44:07,42246.27,353.71,16,6,2026-08-28T17:50:33.890Z
2650,Phuong Thi LE,F,49,45-49W,VN,NA,380,a,DNF,FALSE,2257,386,57,15:01:44,54103.02,507.84000000000003,18,7,2026-08-28T17:49:31.980Z
2651,Alejandro CANESE,H,31,20-34M,PY,NA,380,f,Finisher,TRUE,1596,1350,270,45:06:28,162388.02,14381.630000000001,200,26,2026-08-28T17:48:59.550Z
2652,Tsugio SASAKI,H,75,75-79M,JP,NA,379,hd,DNF,FALSE,2401,1984,1,04:59:46,17985.5,NA,6,2,2026-08-28T17:49:10.620Z
2653,Sabine GALPIN OSSONCE,F,35,35-39W,FR,NA,379,hd,DNF,FALSE,2177,366,92,18:38:54,67134.23,1598.3,28,11,2026-08-28T17:48:47.670Z
2654,Koji HAYASHI,H,55,55-59M,JP,Okinawa Trail Running Association,378,hd,DNF,FALSE,2248,1865,132,15:45:27,56726.371,2456.55,22,8,2026-08-28T17:50:53.770Z
2655,Wendy DU TOIT,F,62,60-64W,NZ,NA,377,a,DNF,FALSE,2306,392,15,12:03:28,42176.46,1231.17,16,6,2026-08-28T17:50:40.710Z
2656,Mari HATANO,F,61,60-64W,JP,NA,377,hd,DNF,FALSE,2202,372,11,17:59:50,64789.05,1559.4,26,10,2026-08-28T17:51:08.950Z
2657,Chris EADIE,H,37,35-39M,AU,NA,377,f,Finisher,TRUE,1400,1187,228,43:37:47,157066.93,12983.470000000001,200,26,2026-08-28T17:51:12.760Z
2658,Sandrine WEISS ÉPOUSE FROGIER,F,46,45-49W,FR,As magenta,376,f,Finisher,TRUE,1541,236,30,44:42:10,160930.29,9952.379999999997,200,26,2026-08-28T17:50:41.210Z
2659,Anonymous,H,50,50-54M,AN,NA,NA,f,Finisher,TRUE,1670,1406,172,45:32:26,163945.88,11002.44,200,26,2026-08-28T17:51:36.790Z
2660,Chunyan TENG,F,52,50-54W,CN,NA,374,hd,DNF,FALSE,2391,414,47,04:13:28,15208.34,NA,6,2,2026-08-28T17:51:49.070Z
2661,Ka Hei NG,H,36,35-39M,HK,BBTC,373,hd,DNF,FALSE,1778,1490,282,31:39:56,113996.48,7101.64,52,19,2026-08-28T17:50:29.120Z
2662,Naotake KATO,H,56,55-59M,JP,NA,372,hd,DNF,FALSE,2023,1685,104,24:19:27,87566.421,4716.52,40,15,2026-08-28T17:51:02.610Z
2663,Jonathan VILLALBA,H,40,40-44M,FR,Pas de club,368,f,Finisher,TRUE,1576,1333,316,44:56:24,161783.83,19665.67,200,26,2026-08-28T17:51:25.700Z
2664,Liz NEATE,F,39,35-39W,GB,NA,368,f,Finisher,TRUE,1677,266,69,45:37:39,164258.83,7360.76,200,26,2026-08-28T17:50:03.770Z
2665,Alexandre DE LA FERTÉ,H,30,20-34M,FR,NA,367,f,Finisher,TRUE,1517,1283,263,44:31:51,160310.13,12408.279999999999,200,26,2026-08-28T17:51:46.980Z
2666,Mark THOMASSON,H,70,70-74M,GB,NA,366,a,DNF,FALSE,1875,1563,4,27:39:38,99577.84,4920.2300000000005,48,17,2026-08-28T17:51:41.930Z
2667,Youngjun CHEONG,H,47,45-49M,KR,You Go We Go,365,a,DNF,FALSE,2293,1904,352,11:27:44,41102.2,487.96,16,6,2026-08-28T17:52:00.160Z
2668,Wolfgang LEGOFF,H,51,50-54M,FR,NA,361,f,Finisher,TRUE,1438,1219,136,43:54:33,158072.94,13968.269999999999,200,26,2026-08-28T17:51:48.100Z
2669,Abdul Aziz SAEFULLOH,H,36,35-39M,ID,Joy For Wild,359,a,DNF,FALSE,2049,1709,311,23:23:26,83134.01,3879.5400000000004,38,14,2026-08-28T17:49:44.990Z
2670,Jonny HUNTINGTON,H,40,40-44M,GB,NA,360,f,Finisher,TRUE,1534,1299,307,44:40:38,160837.94,10014,200,26,2026-08-28T17:48:46.840Z
2671,Amy WINTERS,F,54,50-54W,US,NA,357,a,DNF,FALSE,1707,273,36,39:01:09,140468.55,6791.280000000001,60,22,2026-08-28T17:48:50.450Z
2672,Wei XIE,H,48,45-49M,CN,Shange Outdoor,357,a,DNF,FALSE,2294,1905,353,11:27:52,40316.99,1408.19,16,6,2026-08-28T17:51:50.580Z
2673,Nicholas KEWELL,H,52,50-54M,GB,NA,355,a,DNF,FALSE,2079,1729,207,18:17:32,65851.56,2144.94,30,12,2026-08-28T17:52:36.760Z
2674,Gustavo VICECONTI,H,57,55-59M,AR,Trail Run Rosario,378,a,DNF,FALSE,1769,1485,83,31:32:27,113547.51,2387.4400000000005,52,19,2026-08-28T17:51:55.270Z
2675,Ang ZHAO,H,44,40-44M,CN,NA,354,a,DNF,FALSE,2300,1909,410,11:37:06,41765.75,366.92,16,6,2026-08-28T17:52:49.440Z
2676,Said AL KALBANI,H,42,40-44M,OM,Muscat Track,346,hd,DNF,FALSE,2395,1980,426,04:18:53,15533.25,NA,6,2,2026-08-28T17:49:12.560Z
2677,Chee Keong TANG,H,57,55-59M,SG,NA,330,a,DNF,FALSE,2370,1964,145,06:01:44,21703.98,NA,10,3,2026-08-28T17:49:43.340Z
2678,David STEWART,H,55,55-59M,GB,NA,322,a,DNF,FALSE,2304,1913,137,12:01:37,42390.07,1451.06,16,6,2026-08-28T17:52:31.100Z
2679,Patricia KEENE,F,70,70-74W,GB,Burnham Joggers,318,hd,DNF,FALSE,2396,416,1,04:27:35,16055.578,NA,6,2,2026-08-28T17:53:00.290Z
2680,Veselin KARAIVANOV,H,64,60-64M,BG,NA,307,hd,DNF,FALSE,2242,1860,43,15:31:49,55909.167,762.88,22,8,2026-08-28T17:51:00.460Z
2681,Bruce NGUYEN,H,51,50-54M,US,NA,NA,a,DNF,FALSE,2322,1928,247,08:14:44,29683.43,NA,12,4,2026-08-28T17:51:04.570Z
2682,Erez GOLDSCHMIDT,H,54,50-54M,IL,NA,NA,f,Finisher,TRUE,1262,1078,104,42:30:00,152999.51,13197.599999999999,200,26,2026-08-28T17:51:49.530Z
2684,Horacio IBARRECHE,H,46,45-49M,AR,Grupo de Entrenamiento TT,541,f,Finisher,TRUE,1232,1052,200,42:10:48,151847.78,7093.670000000001,200,26,2026-08-28T17:52:40.600Z
2685,Xyrus FERRIOL,H,47,45-49M,US,Ferriol,NA,hd,DNF,FALSE,1992,1660,318,23:31:33,81860.21,9633.43,40,15,2026-08-28T17:52:10.730Z
2686,Pierre Yves BAKALEMIAN,H,55,55-59M,FR,NA,NA,np,Other,FALSE,NA,NA,NA,00:00:00,0,NA,NA,0,2026-08-28T17:48:12.000Z
2687,Dmitry YAKOVLEV,H,35,35-39M,US,NA,NA,f,Finisher,TRUE,1522,1288,244,44:33:22,160402.04,16509.989999999998,200,26,2026-08-28T17:50:59.230Z
2688,Patty BRYANT,F,67,65-69W,US,Santa Barbara running and racing,NA,a,DNF,FALSE,1898,319,3,25:30:42,91841.98,6331.84,44,16,2026-08-28T17:51:12.020Z
2689,Daniel CURTIS,H,38,35-39M,US,NA,NA,f,Finisher,TRUE,804,687,155,37:48:56,136136.15,13292.19,200,26,2026-08-28T17:51:00.260Z
2690,Jono LINEEN,H,63,60-64M,AU,NA,NA,hd,DNF,FALSE,2097,1746,37,18:25:46,66346.19,884.92,30,12,2026-08-28T17:52:28.680Z
2691,Nicholas JONES,H,40,40-44M,GB,NA,NA,f,Finisher,TRUE,1385,1174,279,43:31:41,156700.91,14992.8,200,26,2026-08-28T17:50:18.830Z
2692,Richard KEANE,H,33,20-34M,IE,NA,NA,f,Finisher,TRUE,926,791,210,38:50:19,139818.7,11333.87,200,26,2026-08-28T17:51:56.910Z
2693,Xiaohua WANG,H,51,50-54M,CN,Myself,NA,np,Other,FALSE,NA,NA,NA,00:00:00,0,NA,NA,0,2026-08-28T17:48:12.000Z
2694,Jimmie PRESLEY,H,52,50-54M,US,NA,555,f,Finisher,TRUE,1650,1391,169,45:26:02,163561.56,14890.830000000004,200,26,2026-08-28T17:49:12.560Z
2695,Russ PLATT,H,61,60-64M,GB,Knutsford Runners,NA,hd,DNF,FALSE,2004,1671,34,23:38:12,85091.73,3725.8500000000004,40,15,2026-08-28T17:50:30.580Z
2696,Jeremy CAMPELS,H,40,40-44M,FR,NA,NA,hd,DNF,FALSE,1990,1658,375,23:30:00,84599.99,3929.4,40,15,2026-08-28T17:52:27.240Z
2697,Damien STEWART,H,47,45-49M,AU,NA,NA,hd,DNF,FALSE,2251,1867,346,15:49:08,56948.174,1201.21,22,8,2026-08-28T17:52:42.600Z
2698,Cyril GAUTHIER,H,59,55-59M,FR,NA,NA,np,Other,FALSE,NA,NA,NA,00:00:00,0,NA,NA,0,2026-08-28T17:48:12.000Z
2700,Vincent BIVILLE,H,44,40-44M,FR,Sébio,568,f,Finisher,TRUE,696,593,142,36:43:50,132229.96,5898.2699999999995,200,25,2026-08-28T17:52:40.140Z
